{
	"credit": "Made with Blockbench",
	"textures": {
		"1": "kirby/warp_star",
		"1_0": "kirby/kirby_base",
		"particle": "kirby/kirby_base"
	},
	"elements": [
		{
			"from": [-1, -9, 0],
			"to": [16, -4, 15],
			"faces": {
				"north": {"uv": [4, 5, 5, 6], "texture": "#1"},
				"east": {"uv": [4, 5, 6, 6], "rotation": 180, "texture": "#1"},
				"south": {"uv": [8, 13, 9, 14], "texture": "#1"},
				"west": {"uv": [4, 5, 5, 6], "rotation": 180, "texture": "#1"},
				"up": {"uv": [4, 5, 12, 14], "texture": "#1"},
				"down": {"uv": [4, 5, 12, 14], "texture": "#1"}
			}
		},
		{
			"from": [2, -9, -5],
			"to": [13, -4, 0],
			"faces": {
				"north": {"uv": [6, 4, 7, 5], "rotation": 180, "texture": "#1"},
				"east": {"uv": [6, 3, 7, 5], "texture": "#1"},
				"south": {"uv": [6, 3, 10, 5], "rotation": 180, "texture": "#1"},
				"west": {"uv": [6, 3, 7, 5], "texture": "#1"},
				"up": {"uv": [6, 3, 10, 5], "texture": "#1"},
				"down": {"uv": [6, 3, 10, 5], "texture": "#1"}
			}
		},
		{
			"from": [5, -9, -11],
			"to": [10, -4, -5],
			"faces": {
				"north": {"uv": [7, 1, 9, 3], "rotation": 180, "texture": "#1"},
				"east": {"uv": [7, 1, 9, 3], "texture": "#1"},
				"south": {"uv": [7, 1, 9, 3], "rotation": 180, "texture": "#1"},
				"west": {"uv": [7, 1, 9, 3], "texture": "#1"},
				"up": {"uv": [7, 1, 9, 3], "texture": "#1"},
				"down": {"uv": [7, 1, 9, 3], "texture": "#1"}
			}
		},
		{
			"from": [16, -9, 0],
			"to": [20, -4, 7],
			"faces": {
				"north": {"uv": [2, 5, 3, 6], "rotation": 180, "texture": "#1"},
				"east": {"uv": [2, 5, 4, 6], "texture": "#1"},
				"south": {"uv": [2, 5, 3, 6], "rotation": 180, "texture": "#1"},
				"west": {"uv": [2, 5, 4, 9], "texture": "#1"},
				"up": {"uv": [2, 5, 4, 9], "texture": "#1"},
				"down": {"uv": [2, 5, 4, 9], "texture": "#1"}
			}
		},
		{
			"from": [-5, -9, 0],
			"to": [-1, -4, 7],
			"faces": {
				"north": {"uv": [12, 5, 13, 6], "rotation": 180, "texture": "#1"},
				"east": {"uv": [12, 5, 14, 9], "texture": "#1"},
				"south": {"uv": [12, 5, 14, 9], "rotation": 180, "texture": "#1"},
				"west": {"uv": [13, 5, 14, 6], "texture": "#1"},
				"up": {"uv": [12, 5, 14, 9], "texture": "#1"},
				"down": {"uv": [12, 5, 14, 9], "texture": "#1"}
			}
		},
		{
			"from": [16, -9, 7],
			"to": [18, -4, 9],
			"faces": {
				"north": {"uv": [3, 9, 4, 10], "rotation": 180, "texture": "#1"},
				"east": {"uv": [3, 9, 4, 10], "texture": "#1"},
				"south": {"uv": [3, 9, 4, 10], "rotation": 180, "texture": "#1"},
				"west": {"uv": [3, 9, 4, 10], "texture": "#1"},
				"up": {"uv": [3, 9, 4, 10], "texture": "#1"},
				"down": {"uv": [3, 9, 4, 10], "texture": "#1"}
			}
		},
		{
			"from": [-3, -9, 7],
			"to": [-1, -4, 9],
			"faces": {
				"north": {"uv": [3, 9, 4, 10], "rotation": 180, "texture": "#1"},
				"east": {"uv": [3, 9, 4, 10], "texture": "#1"},
				"south": {"uv": [3, 9, 4, 10], "rotation": 180, "texture": "#1"},
				"west": {"uv": [3, 9, 4, 10], "texture": "#1"},
				"up": {"uv": [3, 9, 4, 10], "texture": "#1"},
				"down": {"uv": [3, 9, 4, 10], "texture": "#1"}
			}
		},
		{
			"from": [20, -9, 2],
			"to": [22, -4, 5],
			"faces": {
				"north": {"uv": [1, 6, 2, 8], "rotation": 180, "texture": "#1"},
				"east": {"uv": [1, 6, 2, 8], "texture": "#1"},
				"south": {"uv": [1, 6, 2, 8], "rotation": 180, "texture": "#1"},
				"west": {"uv": [1, 6, 2, 8], "texture": "#1"},
				"up": {"uv": [1, 6, 2, 8], "texture": "#1"},
				"down": {"uv": [1, 6, 2, 8], "texture": "#1"}
			}
		},
		{
			"from": [-7, -9, 2],
			"to": [-5, -4, 5],
			"faces": {
				"north": {"uv": [1, 6, 2, 8], "rotation": 180, "texture": "#1"},
				"east": {"uv": [1, 6, 2, 8], "texture": "#1"},
				"south": {"uv": [1, 6, 2, 8], "rotation": 180, "texture": "#1"},
				"west": {"uv": [1, 6, 2, 8], "texture": "#1"},
				"up": {"uv": [1, 6, 2, 8], "texture": "#1"},
				"down": {"uv": [1, 6, 2, 8], "texture": "#1"}
			}
		},
		{
			"from": [16, -9, 14],
			"to": [20, -4, 21],
			"faces": {
				"north": {"uv": [2, 15, 3, 16], "rotation": 180, "texture": "#1"},
				"east": {"uv": [2, 15, 4, 16], "texture": "#1"},
				"south": {"uv": [2, 15, 4, 16], "rotation": 180, "texture": "#1"},
				"west": {"uv": [2, 13, 4, 16], "texture": "#1"},
				"up": {"uv": [2, 13, 4, 16], "texture": "#1"},
				"down": {"uv": [2, 13, 4, 16], "texture": "#1"}
			}
		},
		{
			"from": [16, -9, 12],
			"to": [18, -4, 14],
			"faces": {
				"north": {"uv": [3, 9, 4, 10], "rotation": 180, "texture": "#1"},
				"east": {"uv": [3, 9, 4, 10], "texture": "#1"},
				"south": {"uv": [3, 9, 4, 10], "rotation": 180, "texture": "#1"},
				"west": {"uv": [3, 9, 4, 10], "texture": "#1"},
				"up": {"uv": [3, 9, 4, 10], "texture": "#1"},
				"down": {"uv": [3, 9, 4, 10], "texture": "#1"}
			}
		},
		{
			"from": [-3, -9, 12],
			"to": [-1, -4, 14],
			"faces": {
				"north": {"uv": [3, 9, 4, 10], "rotation": 180, "texture": "#1"},
				"east": {"uv": [3, 9, 4, 10], "texture": "#1"},
				"south": {"uv": [3, 9, 4, 10], "rotation": 180, "texture": "#1"},
				"west": {"uv": [3, 9, 4, 10], "texture": "#1"},
				"up": {"uv": [3, 9, 4, 10], "texture": "#1"},
				"down": {"uv": [3, 9, 4, 10], "texture": "#1"}
			}
		},
		{
			"from": [-5, -9, 14],
			"to": [-1, -4, 21],
			"faces": {
				"north": {"uv": [13, 15, 14, 16], "rotation": 180, "texture": "#1"},
				"east": {"uv": [12, 13, 14, 16], "texture": "#1"},
				"south": {"uv": [13, 15, 14, 16], "rotation": 180, "texture": "#1"},
				"west": {"uv": [13, 15, 14, 16], "texture": "#1"},
				"up": {"uv": [12, 13, 14, 16], "texture": "#1"},
				"down": {"uv": [12, 13, 14, 16], "texture": "#1"}
			}
		},
		{
			"from": [14, -9, 14],
			"to": [16, -4, 21],
			"faces": {
				"north": {"uv": [4, 13, 5, 16], "rotation": 180, "texture": "#1"},
				"east": {"uv": [4, 13, 5, 16], "texture": "#1"},
				"south": {"uv": [4, 15, 5, 16], "rotation": 180, "texture": "#1"},
				"west": {"uv": [4, 15, 5, 16], "texture": "#1"},
				"up": {"uv": [4, 13, 5, 16], "texture": "#1"},
				"down": {"uv": [4, 13, 5, 16], "texture": "#1"}
			}
		},
		{
			"from": [-1, -9, 14],
			"to": [1, -4, 21],
			"faces": {
				"north": {"uv": [11, 13, 12, 16], "rotation": 180, "texture": "#1"},
				"east": {"uv": [11, 15, 12, 16], "texture": "#1"},
				"south": {"uv": [11, 15, 12, 16], "rotation": 180, "texture": "#1"},
				"west": {"uv": [11, 13, 12, 16], "texture": "#1"},
				"up": {"uv": [11, 13, 12, 16], "texture": "#1"},
				"down": {"uv": [11, 13, 12, 16], "texture": "#1"}
			}
		},
		{
			"from": [12, -9, 15],
			"to": [14, -4, 18],
			"faces": {
				"north": {"uv": [5, 14, 6, 15], "rotation": 180, "texture": "#1"},
				"east": {"uv": [5, 14, 6, 15], "texture": "#1"},
				"south": {"uv": [5, 14, 6, 15], "rotation": 180, "texture": "#1"},
				"west": {"uv": [5, 14, 6, 15], "texture": "#1"},
				"up": {"uv": [5, 14, 6, 15], "texture": "#1"},
				"down": {"uv": [5, 14, 6, 15], "texture": "#1"}
			}
		},
		{
			"from": [1, -9, 15],
			"to": [3, -4, 18],
			"faces": {
				"north": {"uv": [5, 14, 6, 15], "rotation": 180, "texture": "#1"},
				"east": {"uv": [5, 14, 6, 15], "texture": "#1"},
				"south": {"uv": [5, 14, 6, 15], "rotation": 180, "texture": "#1"},
				"west": {"uv": [5, 14, 6, 15], "texture": "#1"},
				"up": {"uv": [5, 14, 6, 15], "texture": "#1"},
				"down": {"uv": [5, 14, 6, 15], "texture": "#1"}
			}
		},
		{
			"from": [-1, -4, 0],
			"to": [16, -3, 15],
			"faces": {
				"north": {"uv": [4, 5, 5, 6], "rotation": 180, "texture": "#1"},
				"east": {"uv": [4, 5, 5, 6], "rotation": 180, "texture": "#1"},
				"south": {"uv": [8, 13, 9, 14], "rotation": 180, "texture": "#1"},
				"west": {"uv": [4, 5, 6, 6], "texture": "#1"},
				"up": {"uv": [4, 5, 12, 14], "texture": "#1"},
				"down": {"uv": [4, 5, 12, 14], "rotation": 180, "texture": "#1"}
			}
		},
		{
			"from": [2, -4, -5],
			"to": [13, -3, 0],
			"faces": {
				"north": {"uv": [6, 4, 7, 5], "texture": "#1"},
				"east": {"uv": [6, 3, 7, 5], "texture": "#1"},
				"south": {"uv": [6, 3, 10, 5], "texture": "#1"},
				"west": {"uv": [6, 3, 7, 5], "rotation": 180, "texture": "#1"},
				"up": {"uv": [6, 3, 10, 5], "texture": "#1"},
				"down": {"uv": [6, 3, 10, 5], "rotation": 180, "texture": "#1"}
			}
		},
		{
			"from": [5, -4, -11],
			"to": [10, -3, -5],
			"faces": {
				"north": {"uv": [7, 1, 9, 3], "texture": "#1"},
				"east": {"uv": [7, 1, 9, 3], "texture": "#1"},
				"south": {"uv": [7, 1, 9, 3], "texture": "#1"},
				"west": {"uv": [7, 1, 9, 3], "rotation": 180, "texture": "#1"},
				"up": {"uv": [7, 1, 9, 3], "texture": "#1"},
				"down": {"uv": [7, 1, 9, 3], "rotation": 180, "texture": "#1"}
			}
		},
		{
			"from": [-5, -4, 0],
			"to": [-1, -3, 7],
			"faces": {
				"north": {"uv": [2, 5, 3, 6], "texture": "#1"},
				"east": {"uv": [2, 5, 4, 9], "texture": "#1"},
				"south": {"uv": [2, 5, 3, 6], "texture": "#1"},
				"west": {"uv": [2, 5, 4, 6], "rotation": 180, "texture": "#1"},
				"up": {"uv": [2, 5, 4, 9], "texture": "#1"},
				"down": {"uv": [2, 5, 4, 9], "rotation": 180, "texture": "#1"}
			}
		},
		{
			"from": [16, -4, 0],
			"to": [20, -3, 7],
			"faces": {
				"north": {"uv": [12, 5, 13, 6], "texture": "#1"},
				"east": {"uv": [13, 5, 14, 6], "texture": "#1"},
				"south": {"uv": [12, 5, 14, 9], "texture": "#1"},
				"west": {"uv": [12, 5, 14, 9], "rotation": 180, "texture": "#1"},
				"up": {"uv": [12, 5, 14, 9], "texture": "#1"},
				"down": {"uv": [12, 5, 14, 9], "rotation": 180, "texture": "#1"}
			}
		},
		{
			"from": [-3, -4, 7],
			"to": [-1, -3, 9],
			"faces": {
				"north": {"uv": [3, 9, 4, 10], "texture": "#1"},
				"east": {"uv": [3, 9, 4, 10], "texture": "#1"},
				"south": {"uv": [3, 9, 4, 10], "texture": "#1"},
				"west": {"uv": [3, 9, 4, 10], "rotation": 180, "texture": "#1"},
				"up": {"uv": [3, 9, 4, 10], "texture": "#1"},
				"down": {"uv": [3, 9, 4, 10], "rotation": 180, "texture": "#1"}
			}
		},
		{
			"from": [16, -4, 7],
			"to": [18, -3, 9],
			"faces": {
				"north": {"uv": [3, 9, 4, 10], "texture": "#1"},
				"east": {"uv": [3, 9, 4, 10], "texture": "#1"},
				"south": {"uv": [3, 9, 4, 10], "texture": "#1"},
				"west": {"uv": [3, 9, 4, 10], "rotation": 180, "texture": "#1"},
				"up": {"uv": [3, 9, 4, 10], "texture": "#1"},
				"down": {"uv": [3, 9, 4, 10], "rotation": 180, "texture": "#1"}
			}
		},
		{
			"from": [-7, -4, 2],
			"to": [-5, -3, 5],
			"faces": {
				"north": {"uv": [1, 6, 2, 8], "texture": "#1"},
				"east": {"uv": [1, 6, 2, 8], "texture": "#1"},
				"south": {"uv": [1, 6, 2, 8], "texture": "#1"},
				"west": {"uv": [1, 6, 2, 8], "rotation": 180, "texture": "#1"},
				"up": {"uv": [1, 6, 2, 8], "texture": "#1"},
				"down": {"uv": [1, 6, 2, 8], "rotation": 180, "texture": "#1"}
			}
		},
		{
			"from": [20, -4, 2],
			"to": [22, -3, 5],
			"faces": {
				"north": {"uv": [1, 6, 2, 8], "texture": "#1"},
				"east": {"uv": [1, 6, 2, 8], "texture": "#1"},
				"south": {"uv": [1, 6, 2, 8], "texture": "#1"},
				"west": {"uv": [1, 6, 2, 8], "rotation": 180, "texture": "#1"},
				"up": {"uv": [1, 6, 2, 8], "texture": "#1"},
				"down": {"uv": [1, 6, 2, 8], "rotation": 180, "texture": "#1"}
			}
		},
		{
			"from": [-5, -4, 14],
			"to": [-1, -3, 21],
			"faces": {
				"north": {"uv": [2, 15, 3, 16], "texture": "#1"},
				"east": {"uv": [2, 13, 4, 16], "texture": "#1"},
				"south": {"uv": [2, 15, 4, 16], "texture": "#1"},
				"west": {"uv": [2, 15, 4, 16], "rotation": 180, "texture": "#1"},
				"up": {"uv": [2, 13, 4, 16], "texture": "#1"},
				"down": {"uv": [2, 13, 4, 16], "rotation": 180, "texture": "#1"}
			}
		},
		{
			"from": [-3, -4, 12],
			"to": [-1, -3, 14],
			"faces": {
				"north": {"uv": [3, 9, 4, 10], "texture": "#1"},
				"east": {"uv": [3, 9, 4, 10], "texture": "#1"},
				"south": {"uv": [3, 9, 4, 10], "texture": "#1"},
				"west": {"uv": [3, 9, 4, 10], "rotation": 180, "texture": "#1"},
				"up": {"uv": [3, 9, 4, 10], "texture": "#1"},
				"down": {"uv": [3, 9, 4, 10], "rotation": 180, "texture": "#1"}
			}
		},
		{
			"from": [16, -4, 12],
			"to": [18, -3, 14],
			"faces": {
				"north": {"uv": [3, 9, 4, 10], "texture": "#1"},
				"east": {"uv": [3, 9, 4, 10], "texture": "#1"},
				"south": {"uv": [3, 9, 4, 10], "texture": "#1"},
				"west": {"uv": [3, 9, 4, 10], "rotation": 180, "texture": "#1"},
				"up": {"uv": [3, 9, 4, 10], "texture": "#1"},
				"down": {"uv": [3, 9, 4, 10], "rotation": 180, "texture": "#1"}
			}
		},
		{
			"from": [16, -4, 14],
			"to": [20, -3, 21],
			"faces": {
				"north": {"uv": [13, 15, 14, 16], "texture": "#1"},
				"east": {"uv": [13, 15, 14, 16], "texture": "#1"},
				"south": {"uv": [13, 15, 14, 16], "texture": "#1"},
				"west": {"uv": [12, 13, 14, 16], "rotation": 180, "texture": "#1"},
				"up": {"uv": [12, 13, 14, 16], "texture": "#1"},
				"down": {"uv": [12, 13, 14, 16], "rotation": 180, "texture": "#1"}
			}
		},
		{
			"from": [-1, -4, 14],
			"to": [1, -3, 21],
			"faces": {
				"north": {"uv": [4, 13, 5, 16], "texture": "#1"},
				"east": {"uv": [4, 15, 5, 16], "texture": "#1"},
				"south": {"uv": [4, 15, 5, 16], "texture": "#1"},
				"west": {"uv": [4, 13, 5, 16], "rotation": 180, "texture": "#1"},
				"up": {"uv": [4, 13, 5, 16], "texture": "#1"},
				"down": {"uv": [4, 13, 5, 16], "rotation": 180, "texture": "#1"}
			}
		},
		{
			"from": [14, -4, 14],
			"to": [16, -3, 21],
			"faces": {
				"north": {"uv": [11, 13, 12, 16], "texture": "#1"},
				"east": {"uv": [11, 13, 12, 16], "texture": "#1"},
				"south": {"uv": [11, 15, 12, 16], "texture": "#1"},
				"west": {"uv": [11, 15, 12, 16], "rotation": 180, "texture": "#1"},
				"up": {"uv": [11, 13, 12, 16], "texture": "#1"},
				"down": {"uv": [11, 13, 12, 16], "rotation": 180, "texture": "#1"}
			}
		},
		{
			"from": [1, -4, 15],
			"to": [3, -3, 18],
			"faces": {
				"north": {"uv": [5, 14, 6, 15], "texture": "#1"},
				"east": {"uv": [5, 14, 6, 15], "texture": "#1"},
				"south": {"uv": [5, 14, 6, 15], "texture": "#1"},
				"west": {"uv": [5, 14, 6, 15], "rotation": 180, "texture": "#1"},
				"up": {"uv": [5, 14, 6, 15], "texture": "#1"},
				"down": {"uv": [5, 14, 6, 15], "rotation": 180, "texture": "#1"}
			}
		},
		{
			"from": [12, -4, 15],
			"to": [14, -3, 18],
			"faces": {
				"north": {"uv": [5, 14, 6, 15], "texture": "#1"},
				"east": {"uv": [5, 14, 6, 15], "texture": "#1"},
				"south": {"uv": [5, 14, 6, 15], "texture": "#1"},
				"west": {"uv": [5, 14, 6, 15], "rotation": 180, "texture": "#1"},
				"up": {"uv": [5, 14, 6, 15], "texture": "#1"},
				"down": {"uv": [5, 14, 6, 15], "rotation": 180, "texture": "#1"}
			}
		},
		{
			"from": [10, -3, 0],
			"to": [15, 0, 7],
			"faces": {
				"north": {"uv": [9, 7, 12, 10], "texture": "#1_0"},
				"east": {"uv": [9, 7, 12, 10], "texture": "#1_0"},
				"south": {"uv": [9, 7, 12, 10], "texture": "#1_0"},
				"west": {"uv": [9, 7, 12, 10], "texture": "#1_0"},
				"up": {"uv": [9, 7, 12, 10], "texture": "#1_0"},
				"down": {"uv": [9, 7, 12, 10], "texture": "#1_0"}
			}
		},
		{
			"from": [1, -3, 0],
			"to": [6, 0, 7],
			"faces": {
				"north": {"uv": [9, 6, 12, 9], "texture": "#1_0"},
				"east": {"uv": [9, 6, 12, 9], "texture": "#1_0"},
				"south": {"uv": [9, 6, 12, 9], "texture": "#1_0"},
				"west": {"uv": [9, 6, 12, 9], "texture": "#1_0"},
				"up": {"uv": [9, 6, 12, 9], "texture": "#1_0"},
				"down": {"uv": [9, 6, 12, 9], "texture": "#1_0"}
			}
		},
		{
			"from": [4, -3, -3],
			"to": [6, -1, 0],
			"faces": {
				"north": {"uv": [9, 6, 12, 9], "texture": "#1_0"},
				"east": {"uv": [9, 6, 12, 9], "texture": "#1_0"},
				"south": {"uv": [9, 6, 12, 9], "texture": "#1_0"},
				"west": {"uv": [9, 6, 12, 9], "texture": "#1_0"},
				"up": {"uv": [9, 6, 12, 9], "texture": "#1_0"},
				"down": {"uv": [9, 6, 12, 9], "texture": "#1_0"}
			}
		},
		{
			"from": [10, -3, -3],
			"to": [12, -1, 0],
			"faces": {
				"north": {"uv": [9, 6, 12, 9], "texture": "#1_0"},
				"east": {"uv": [9, 6, 12, 9], "texture": "#1_0"},
				"south": {"uv": [9, 6, 12, 9], "texture": "#1_0"},
				"west": {"uv": [9, 6, 12, 9], "texture": "#1_0"},
				"up": {"uv": [9, 6, 12, 9], "texture": "#1_0"},
				"down": {"uv": [9, 6, 12, 9], "texture": "#1_0"}
			}
		},
		{
			"from": [3, -3, -3],
			"to": [4, -2, 0],
			"faces": {
				"north": {"uv": [9, 6, 12, 9], "texture": "#1_0"},
				"east": {"uv": [9, 6, 12, 9], "texture": "#1_0"},
				"south": {"uv": [9, 6, 12, 9], "texture": "#1_0"},
				"west": {"uv": [9, 6, 12, 9], "texture": "#1_0"},
				"up": {"uv": [9, 6, 12, 9], "texture": "#1_0"},
				"down": {"uv": [9, 6, 12, 9], "texture": "#1_0"}
			}
		},
		{
			"from": [1, -3, -1],
			"to": [2, -2, 0],
			"faces": {
				"north": {"uv": [9, 6, 12, 9], "texture": "#1_0"},
				"east": {"uv": [9, 6, 12, 9], "texture": "#1_0"},
				"south": {"uv": [9, 6, 12, 9], "texture": "#1_0"},
				"west": {"uv": [9, 6, 12, 9], "texture": "#1_0"},
				"up": {"uv": [9, 6, 12, 9], "texture": "#1_0"},
				"down": {"uv": [9, 6, 12, 9], "texture": "#1_0"}
			}
		},
		{
			"from": [2, -3, -2],
			"to": [3, -2, 0],
			"faces": {
				"north": {"uv": [9, 6, 12, 9], "texture": "#1_0"},
				"east": {"uv": [9, 6, 12, 9], "texture": "#1_0"},
				"south": {"uv": [9, 6, 12, 9], "texture": "#1_0"},
				"west": {"uv": [9, 6, 12, 9], "texture": "#1_0"},
				"up": {"uv": [9, 6, 12, 9], "texture": "#1_0"},
				"down": {"uv": [9, 6, 12, 9], "texture": "#1_0"}
			}
		},
		{
			"from": [12, -3, -3],
			"to": [13, -2, 0],
			"faces": {
				"north": {"uv": [9, 6, 12, 9], "texture": "#1_0"},
				"east": {"uv": [9, 6, 12, 9], "texture": "#1_0"},
				"south": {"uv": [9, 6, 12, 9], "texture": "#1_0"},
				"west": {"uv": [9, 6, 12, 9], "texture": "#1_0"},
				"up": {"uv": [9, 6, 12, 9], "texture": "#1_0"},
				"down": {"uv": [9, 6, 12, 9], "texture": "#1_0"}
			}
		},
		{
			"from": [13, -3, -2],
			"to": [14, -2, 0],
			"faces": {
				"north": {"uv": [9, 6, 12, 9], "texture": "#1_0"},
				"east": {"uv": [9, 6, 12, 9], "texture": "#1_0"},
				"south": {"uv": [9, 6, 12, 9], "texture": "#1_0"},
				"west": {"uv": [9, 6, 12, 9], "texture": "#1_0"},
				"up": {"uv": [9, 6, 12, 9], "texture": "#1_0"},
				"down": {"uv": [9, 6, 12, 9], "texture": "#1_0"}
			}
		},
		{
			"from": [14, -3, -1],
			"to": [15, -2, 0],
			"faces": {
				"north": {"uv": [9, 6, 12, 9], "texture": "#1_0"},
				"east": {"uv": [9, 6, 12, 9], "texture": "#1_0"},
				"south": {"uv": [9, 6, 12, 9], "texture": "#1_0"},
				"west": {"uv": [9, 6, 12, 9], "texture": "#1_0"},
				"up": {"uv": [9, 6, 12, 9], "texture": "#1_0"},
				"down": {"uv": [9, 6, 12, 9], "texture": "#1_0"}
			}
		}
	],
	"display": {
		"head": {
			"scale": [1.9, 1.9, 1.9],
			"translation": [0, -10.5, 0]
		}
	},
	"groups": [
		{
			"name": "group",
			"children": []
		},
		{
			"name": "group",
			"children": []
		},
		{
			"name": "group",
			"children": []
		},
		{
			"name": "group",
			"children": [0, 1, 2, 3, 4, 5, 6, 7, 8, 9, 10, 11, 12, 13, 14, 15, 16]
		},
		{
			"name": "group",
			"children": [17, 18, 19, 20, 21, 22, 23, 24, 25, 26, 27, 28, 29, 30, 31, 32, 33]
		},
		{
			"name": "horror_kirby_shoes_idle",
			"children": [34, 35, 36, 37, 38, 39, 40, 41, 42, 43]
		}
	]
}