{
	"credit": "Made with Blockbench",
	"textures": {
		"0": "kirby/kirby_base",
		"particle": "kirby/kirby_base"
	},
	"elements": [
		{
			"from": [10.1, -3, 0],
			"to": [15.1, 0, 7],
			"rotation": {"angle": -22.5, "axis": "x", "origin": [8, 8, 8]},
			"faces": {
				"north": {"uv": [9, 4, 12, 7], "texture": "#0"},
				"east": {"uv": [9, 4, 12, 7], "texture": "#0"},
				"south": {"uv": [9, 4, 12, 7], "texture": "#0"},
				"west": {"uv": [9, 4, 12, 7], "texture": "#0"},
				"up": {"uv": [9, 4, 12, 7], "texture": "#0"},
				"down": {"uv": [9, 4, 12, 7], "texture": "#0"}
			}
		},
		{
			"from": [0.9, -3, 0],
			"to": [5.9, 0, 7],
			"rotation": {"angle": -22.5, "axis": "x", "origin": [8, 8, 8]},
			"faces": {
				"north": {"uv": [9, 4, 12, 7], "texture": "#0"},
				"east": {"uv": [9, 4, 12, 7], "texture": "#0"},
				"south": {"uv": [9, 4, 12, 7], "texture": "#0"},
				"west": {"uv": [9, 4, 12, 7], "texture": "#0"},
				"up": {"uv": [9, 4, 12, 7], "texture": "#0"},
				"down": {"uv": [9, 4, 12, 7], "texture": "#0"}
			}
		},
		{
			"from": [10.1, -3, -3],
			"to": [12.1, -1, 0],
			"rotation": {"angle": -22.5, "axis": "x", "origin": [8, 8, 8]},
			"faces": {
				"north": {"uv": [9, 4, 12, 7], "texture": "#0"},
				"east": {"uv": [9, 4, 12, 7], "texture": "#0"},
				"south": {"uv": [9, 4, 12, 7], "texture": "#0"},
				"west": {"uv": [9, 4, 12, 7], "texture": "#0"},
				"up": {"uv": [9, 4, 12, 7], "texture": "#0"},
				"down": {"uv": [9, 4, 12, 7], "texture": "#0"}
			}
		},
		{
			"from": [4.1, -3, -3],
			"to": [6.1, -1, 0],
			"rotation": {"angle": -22.5, "axis": "x", "origin": [8, 8, 8]},
			"faces": {
				"north": {"uv": [9, 4, 12, 7], "texture": "#0"},
				"east": {"uv": [9, 4, 12, 7], "texture": "#0"},
				"south": {"uv": [9, 4, 12, 7], "texture": "#0"},
				"west": {"uv": [9, 4, 12, 7], "texture": "#0"},
				"up": {"uv": [9, 4, 12, 7], "texture": "#0"},
				"down": {"uv": [9, 4, 12, 7], "texture": "#0"}
			}
		},
		{
			"from": [3.1, -3, -3],
			"to": [4.1, -2, 0],
			"rotation": {"angle": -22.5, "axis": "x", "origin": [8, 8, 8]},
			"faces": {
				"north": {"uv": [9, 4, 12, 7], "texture": "#0"},
				"east": {"uv": [9, 4, 12, 7], "texture": "#0"},
				"south": {"uv": [9, 4, 12, 7], "texture": "#0"},
				"west": {"uv": [9, 4, 12, 7], "texture": "#0"},
				"up": {"uv": [9, 4, 12, 7], "texture": "#0"},
				"down": {"uv": [9, 4, 12, 7], "texture": "#0"}
			}
		},
		{
			"from": [12.1, -3, -3],
			"to": [13.1, -2, 0],
			"rotation": {"angle": -22.5, "axis": "x", "origin": [8, 8, 8]},
			"faces": {
				"north": {"uv": [9, 4, 12, 7], "texture": "#0"},
				"east": {"uv": [9, 4, 12, 7], "texture": "#0"},
				"south": {"uv": [9, 4, 12, 7], "texture": "#0"},
				"west": {"uv": [9, 4, 12, 7], "texture": "#0"},
				"up": {"uv": [9, 4, 12, 7], "texture": "#0"},
				"down": {"uv": [9, 4, 12, 7], "texture": "#0"}
			}
		},
		{
			"from": [13.1, -3, -2],
			"to": [14.1, -2, 0],
			"rotation": {"angle": -22.5, "axis": "x", "origin": [8, 8, 8]},
			"faces": {
				"north": {"uv": [9, 4, 12, 7], "texture": "#0"},
				"east": {"uv": [9, 4, 12, 7], "texture": "#0"},
				"south": {"uv": [9, 4, 12, 7], "texture": "#0"},
				"west": {"uv": [9, 4, 12, 7], "texture": "#0"},
				"up": {"uv": [9, 4, 12, 7], "texture": "#0"},
				"down": {"uv": [9, 4, 12, 7], "texture": "#0"}
			}
		},
		{
			"from": [14.1, -3, -1],
			"to": [15.1, -2, 0],
			"rotation": {"angle": -22.5, "axis": "x", "origin": [8, 8, 8]},
			"faces": {
				"north": {"uv": [9, 4, 12, 7], "texture": "#0"},
				"east": {"uv": [9, 4, 12, 7], "texture": "#0"},
				"south": {"uv": [9, 4, 12, 7], "texture": "#0"},
				"west": {"uv": [9, 4, 12, 7], "texture": "#0"},
				"up": {"uv": [9, 4, 12, 7], "texture": "#0"},
				"down": {"uv": [9, 4, 12, 7], "texture": "#0"}
			}
		},
		{
			"from": [1.1, -3, -1],
			"to": [2.1, -2, 0],
			"rotation": {"angle": -22.5, "axis": "x", "origin": [8, 8, 8]},
			"faces": {
				"north": {"uv": [9, 4, 12, 7], "texture": "#0"},
				"east": {"uv": [9, 4, 12, 7], "texture": "#0"},
				"south": {"uv": [9, 4, 12, 7], "texture": "#0"},
				"west": {"uv": [9, 4, 12, 7], "texture": "#0"},
				"up": {"uv": [9, 4, 12, 7], "texture": "#0"},
				"down": {"uv": [9, 4, 12, 7], "texture": "#0"}
			}
		},
		{
			"from": [2.1, -3, -2],
			"to": [3.1, -2, 0],
			"rotation": {"angle": -22.5, "axis": "x", "origin": [8, 8, 8]},
			"faces": {
				"north": {"uv": [9, 4, 12, 7], "texture": "#0"},
				"east": {"uv": [9, 4, 12, 7], "texture": "#0"},
				"south": {"uv": [9, 4, 12, 7], "texture": "#0"},
				"west": {"uv": [9, 4, 12, 7], "texture": "#0"},
				"up": {"uv": [9, 4, 12, 7], "texture": "#0"},
				"down": {"uv": [9, 4, 12, 7], "texture": "#0"}
			}
		}
	],
	"display": {
		"head": {
			"scale": [1.9, 1.9, 1.9],
			"translation": [0, -10.5, 0]
		}
	}
}