{
	"credit": "Made with Blockbench",
	"textures": {
		"0": "kirby/kirby_base",
		"particle": "kirby/kirby_base"
	},
	"elements": [
		{
			"from": [10, -3, 0],
			"to": [15, 0, 7],
			"faces": {
				"north": {"uv": [9, 7, 12, 10], "texture": "#0"},
				"east": {"uv": [9, 7, 12, 10], "texture": "#0"},
				"south": {"uv": [9, 7, 12, 10], "texture": "#0"},
				"west": {"uv": [9, 7, 12, 10], "texture": "#0"},
				"up": {"uv": [9, 7, 12, 10], "texture": "#0"},
				"down": {"uv": [9, 7, 12, 10], "texture": "#0"}
			}
		},
		{
			"from": [1, -3, 0],
			"to": [6, 0, 7],
			"faces": {
				"north": {"uv": [9, 6, 12, 9], "texture": "#0"},
				"east": {"uv": [9, 6, 12, 9], "texture": "#0"},
				"south": {"uv": [9, 6, 12, 9], "texture": "#0"},
				"west": {"uv": [9, 6, 12, 9], "texture": "#0"},
				"up": {"uv": [9, 6, 12, 9], "texture": "#0"},
				"down": {"uv": [9, 6, 12, 9], "texture": "#0"}
			}
		},
		{
			"from": [4, -3, -3],
			"to": [6, -1, 0],
			"faces": {
				"north": {"uv": [9, 6, 12, 9], "texture": "#0"},
				"east": {"uv": [9, 6, 12, 9], "texture": "#0"},
				"south": {"uv": [9, 6, 12, 9], "texture": "#0"},
				"west": {"uv": [9, 6, 12, 9], "texture": "#0"},
				"up": {"uv": [9, 6, 12, 9], "texture": "#0"},
				"down": {"uv": [9, 6, 12, 9], "texture": "#0"}
			}
		},
		{
			"from": [10, -3, -3],
			"to": [12, -1, 0],
			"faces": {
				"north": {"uv": [9, 6, 12, 9], "texture": "#0"},
				"east": {"uv": [9, 6, 12, 9], "texture": "#0"},
				"south": {"uv": [9, 6, 12, 9], "texture": "#0"},
				"west": {"uv": [9, 6, 12, 9], "texture": "#0"},
				"up": {"uv": [9, 6, 12, 9], "texture": "#0"},
				"down": {"uv": [9, 6, 12, 9], "texture": "#0"}
			}
		},
		{
			"from": [3, -3, -3],
			"to": [4, -2, 0],
			"faces": {
				"north": {"uv": [9, 6, 12, 9], "texture": "#0"},
				"east": {"uv": [9, 6, 12, 9], "texture": "#0"},
				"south": {"uv": [9, 6, 12, 9], "texture": "#0"},
				"west": {"uv": [9, 6, 12, 9], "texture": "#0"},
				"up": {"uv": [9, 6, 12, 9], "texture": "#0"},
				"down": {"uv": [9, 6, 12, 9], "texture": "#0"}
			}
		},
		{
			"from": [1, -3, -1],
			"to": [2, -2, 0],
			"faces": {
				"north": {"uv": [9, 6, 12, 9], "texture": "#0"},
				"east": {"uv": [9, 6, 12, 9], "texture": "#0"},
				"south": {"uv": [9, 6, 12, 9], "texture": "#0"},
				"west": {"uv": [9, 6, 12, 9], "texture": "#0"},
				"up": {"uv": [9, 6, 12, 9], "texture": "#0"},
				"down": {"uv": [9, 6, 12, 9], "texture": "#0"}
			}
		},
		{
			"from": [2, -3, -2],
			"to": [3, -2, 0],
			"faces": {
				"north": {"uv": [9, 6, 12, 9], "texture": "#0"},
				"east": {"uv": [9, 6, 12, 9], "texture": "#0"},
				"south": {"uv": [9, 6, 12, 9], "texture": "#0"},
				"west": {"uv": [9, 6, 12, 9], "texture": "#0"},
				"up": {"uv": [9, 6, 12, 9], "texture": "#0"},
				"down": {"uv": [9, 6, 12, 9], "texture": "#0"}
			}
		},
		{
			"from": [12, -3, -3],
			"to": [13, -2, 0],
			"faces": {
				"north": {"uv": [9, 6, 12, 9], "texture": "#0"},
				"east": {"uv": [9, 6, 12, 9], "texture": "#0"},
				"south": {"uv": [9, 6, 12, 9], "texture": "#0"},
				"west": {"uv": [9, 6, 12, 9], "texture": "#0"},
				"up": {"uv": [9, 6, 12, 9], "texture": "#0"},
				"down": {"uv": [9, 6, 12, 9], "texture": "#0"}
			}
		},
		{
			"from": [13, -3, -2],
			"to": [14, -2, 0],
			"faces": {
				"north": {"uv": [9, 6, 12, 9], "texture": "#0"},
				"east": {"uv": [9, 6, 12, 9], "texture": "#0"},
				"south": {"uv": [9, 6, 12, 9], "texture": "#0"},
				"west": {"uv": [9, 6, 12, 9], "texture": "#0"},
				"up": {"uv": [9, 6, 12, 9], "texture": "#0"},
				"down": {"uv": [9, 6, 12, 9], "texture": "#0"}
			}
		},
		{
			"from": [14, -3, -1],
			"to": [15, -2, 0],
			"faces": {
				"north": {"uv": [9, 6, 12, 9], "texture": "#0"},
				"east": {"uv": [9, 6, 12, 9], "texture": "#0"},
				"south": {"uv": [9, 6, 12, 9], "texture": "#0"},
				"west": {"uv": [9, 6, 12, 9], "texture": "#0"},
				"up": {"uv": [9, 6, 12, 9], "texture": "#0"},
				"down": {"uv": [9, 6, 12, 9], "texture": "#0"}
			}
		}
	],
	"display": {
		"head": {
			"scale": [1.9, 1.9, 1.9],
			"translation": [0, -10.5, 0]
		}
	}
}