{
	"credit": "Made with Blockbench",
	"parent": "minecraft:block/slab_top",
	"textures": {
		"0": "chip/chip",
		"1": "chip/chip_bottom",
		"2": "chip/chip_top",
		"particle": "chip/chip"
	},
	"elements": [
		{
			"from": [0, 8, 0],
			"to": [16, 16, 16],
			"faces": {
				"north": {"uv": [0, 0, 16, 8], "texture": "#0"},
				"east": {"uv": [0, 0, 16, 8], "texture": "#0"},
				"south": {"uv": [0, 0, 16, 8], "texture": "#0"},
				"west": {"uv": [0, 0, 16, 8], "texture": "#0"},
				"up": {"uv": [0, 0, 16, 16], "texture": "#2"},
				"down": {"uv": [0, 0, 16, 16], "texture": "#1"}
			}
		},
		{
			"from": [0, 0, 0],
			"to": [4, 8, 16],
			"rotation": {"angle": 0, "axis": "y", "origin": [2, 4, 8]},
			"faces": {
				"north": {"uv": [12, 8, 16, 16], "texture": "#0"},
				"east": {"uv": [0, 4, 16, 12], "texture": "#1"},
				"south": {"uv": [0, 8, 4, 16], "texture": "#0"},
				"west": {"uv": [0, 8, 16, 16], "texture": "#0"},
				"up": {"uv": [0, 8, 16, 16], "texture": "#0"},
				"down": {"uv": [0, 0, 4, 16], "texture": "#2"}
			}
		},
		{
			"from": [4, 0, 0],
			"to": [12, 8, 4],
			"rotation": {"angle": 0, "axis": "y", "origin": [4, 4, 2]},
			"faces": {
				"north": {"uv": [4, 8, 12, 16], "texture": "#0"},
				"east": {"uv": [12, 8, 16, 16], "texture": "#0"},
				"south": {"uv": [4, 4, 12, 12], "texture": "#1"},
				"west": {"uv": [0, 8, 4, 16], "texture": "#0"},
				"up": {"uv": [0, 8, 16, 16], "rotation": 90, "texture": "#0"},
				"down": {"uv": [0, 4, 4, 11], "rotation": 270, "texture": "#2"}
			}
		},
		{
			"from": [4, 0, 12],
			"to": [12, 8, 16],
			"rotation": {"angle": 0, "axis": "y", "origin": [8, 4, 14]},
			"faces": {
				"north": {"uv": [4, 4, 12, 12], "texture": "#1"},
				"east": {"uv": [0, 8, 4, 16], "texture": "#0"},
				"south": {"uv": [4, 8, 12, 16], "texture": "#0"},
				"west": {"uv": [12, 8, 16, 16], "texture": "#0"},
				"up": {"uv": [0, 8, 16, 16], "rotation": 270, "texture": "#0"},
				"down": {"uv": [0, 4, 4, 11], "rotation": 90, "texture": "#2"}
			}
		},
		{
			"from": [12, 0, 0],
			"to": [16, 8, 16],
			"rotation": {"angle": 0, "axis": "y", "origin": [14, 4, 8]},
			"faces": {
				"north": {"uv": [0, 8, 4, 16], "texture": "#0"},
				"east": {"uv": [0, 8, 16, 16], "texture": "#0"},
				"south": {"uv": [12, 8, 16, 16], "texture": "#0"},
				"west": {"uv": [0, 4, 16, 12], "texture": "#1"},
				"up": {"uv": [0, 8, 16, 16], "rotation": 180, "texture": "#0"},
				"down": {"uv": [0, 0, 4, 16], "rotation": 180, "texture": "#2"}
			}
		}
	]
}