{
    "parent": "item/generated",
    "textures": {
        "layer0": "item/stick"
  },
	"overrides": [
        {"predicate": {"custom_model_data": 1},"model": "item/sabers/hilt"},
        {"predicate": {"custom_model_data": 2},"model": "item/sabers/hilt"},
        {"predicate": {"custom_model_data": 3},"model": "item/sabers/hilt"},
        {"predicate": {"custom_model_data": 4},"model": "item/sabers/hilt"},
        {"predicate": {"custom_model_data": 5},"model": "item/sabers/hilt"},
        {"predicate": {"custom_model_data": 6},"model": "item/sabers/hilt"},
        {"predicate": {"custom_model_data": 7},"model": "item/sabers/hilt"}		
		
		

    ]	
}
