{
    "parent": "item/handheld",
    "textures": {
        "layer0": "item/wooden_sword"
  },
	"overrides": [
        {"predicate": {"custom_model_data": 1},"model": "item/sabers/green_0"},
        {"predicate": {"custom_model_data": 2},"model": "item/sabers/blue_0"},
        {"predicate": {"custom_model_data": 3},"model": "item/sabers/red_0"},
        {"predicate": {"custom_model_data": 4},"model": "item/sabers/purple_0"},
        {"predicate": {"custom_model_data": 5},"model": "item/sabers/white_0"},
        {"predicate": {"custom_model_data": 6},"model": "item/sabers/yellow_0"},
        {"predicate": {"custom_model_data": 7},"model": "item/sabers/orange_0"}	

    ]	
}
