{
	"comment": "Designed by FirecatHD",
	"textures": {
		"particle": "items/ssg08_slashed",
		"texture": "items/ssg08_slashed"
	},
	"elements": [ 
	{
		"from": [ -0.76, 8.52, 8.24 ],
		"to": [ 9.68, 9.36, 9.2 ],
		"faces": {
			"down":  { "uv": [ 0.25, 15.625, 0.625, 16 ], "texture": "#texture" },
			"up":    { "uv": [ 0.25, 15.625, 0.625, 16 ], "texture": "#texture" },
			"north": { "uv": [ 0.8125, 15.75, 1.125, 16 ], "texture": "#texture" },
			"south": { "uv": [ 0.8125, 15.75, 1.125, 16 ], "texture": "#texture" },
			"west":  { "uv": [ 1.5, 15.625, 1.75, 16 ], "texture": "#texture" },
			"east":  { "uv": [ 1.5, 15.625, 1.75, 16 ], "texture": "#texture" }
		}
	},
	{
		"from": [ -9.8125, 9.375, 8.4375 ],
		"to": [ 12.4375, 9.8125, 8.9175 ],
		"faces": {
			"down":  { "uv": [ 16, 8.5, 5.5625, 8.25 ], "texture": "#texture" },
			"up":    { "uv": [ 0, 8.25, 10.4375, 8.5 ], "texture": "#texture" },
			"north": { "uv": [ 7.5, 6.875, 9.0625, 8.125 ], "texture": "#texture" },
			"south": { "uv": [ 7.5, 6.875, 9.0625, 8.125 ], "texture": "#texture" },
			"west":  { "uv": [ 8.25, 7.75, 8.5, 8 ], "texture": "#texture" },
			"east":  { "uv": [ 7.5, 7.75, 7.75, 8 ], "texture": "#texture" }
		}
	},
	{
		"from": [ -0.76, 8.04, 8.24 ],
		"to": [ 5.72, 8.28, 9.2 ],
		"faces": {
			"down":  { "uv": [ 12.5625, 8.625, 9.1875, 8.125 ], "texture": "#texture" },
			"up":    { "uv": [ 3.4375, 8.125, 6.8125, 8.625 ], "texture": "#texture" },
			"north": { "uv": [ 9.1875, 8.5625, 12.5625, 8.6875 ], "texture": "#texture" },
			"south": { "uv": [ 3.4375, 8.5625, 6.8125, 8.6875 ], "texture": "#texture" },
			"west":  { "uv": [ 8.125, 8.5625, 8.625, 8.6875 ], "texture": "#texture" },
			"east":  { "uv": [ 7.375, 8.5625, 7.875, 8.6875 ], "texture": "#texture" }
		}
	},
	{
		"from": [ 13.0568, 8.15921, 8.3528 ],
		"to": [ 14.8208, 9.45281, 9.0584 ],
		"rotation": { "origin": [ 13.0568, 9.45281, 8.3528 ], "axis": "z", "angle": -22.5 },
		"faces": {
			"down":  { "uv": [ 3.875, 8.875, 1.25, 8.125 ], "texture": "#texture" },
			"up":    { "uv": [ 12.125, 8.125, 14.75, 8.875 ], "texture": "#texture" },
			"north": { "uv": [ 1.25, 7.5, 3.875, 9.125 ], "texture": "#texture" },
			"south": { "uv": [ 12.125, 7.5, 14.75, 9.125 ], "texture": "#texture" },
			"west":  { "uv": [ 8.125, 7.5, 8.875, 9.125 ], "texture": "#texture" },
			"east":  { "uv": [ 7.125, 7.5, 7.875, 9.125 ], "texture": "#texture" }
		}
	},
	{
		"from": [ 6.44, 6.2075, 8.36 ],
		"to": [ 10.7525, 8.52, 9.08 ],
		"faces": {
			"down":  { "uv": [ 8.8125, 8.5625, 6.625, 8.1875 ], "texture": "#texture" },
			"up":    { "uv": [ 7.1875, 8.1875, 9.375, 8.5625 ], "texture": "#texture" },
			"north": { "uv": [ 2.25, 6.8125, 11.75, 14.1875 ], "texture": "#texture" },
			"south": { "uv": [ 2.25, 6.8125, 11.75, 14.1875 ], "texture": "#texture" },
			"west":  { "uv": [ 8.1875, 8.4375, 8.5625, 9.625 ], "texture": "#texture" },
			"east":  { "uv": [ 7.4375, 8.4375, 7.8125, 9.625 ], "texture": "#texture" }
		}
	},
	{
		"from": [ 9.6875, 8.6031, 8.2275 ],
		"to": [ 11.625, 9.3375, 9.2067 ],
		"rotation": { "origin": [ 9.6875, 9.3375, 8.2275 ], "axis": "z", "angle": -45 },
		"faces": {
			"down":  { "uv": [ 0.25, 15.625, 0.625, 16 ], "texture": "#texture" },
			"up":    { "uv": [ 0.25, 15.625, 0.625, 16 ], "texture": "#texture" },
			"north": { "uv": [ 0.8125, 15.75, 1.125, 16 ], "texture": "#texture" },
			"south": { "uv": [ 0.8125, 15.75, 1.125, 16 ], "texture": "#texture" },
			"west":  { "uv": [ 1.5, 15.625, 1.75, 16 ], "texture": "#texture" },
			"east":  { "uv": [ 1.5, 15.625, 1.75, 16 ], "texture": "#texture" }
		}
	},
	{
		"from": [ 5.5, 5.98, 8.3125 ],
		"to": [ 7.66, 8.5, 9.0325 ],
		"rotation": { "origin": [ 5.5, 8.5, 8.3125 ], "axis": "z", "angle": 22.5 },
		"faces": {
			"down":  { "uv": [ 9.125, 8.75, 6.625, 8.25 ], "texture": "#texture" },
			"up":    { "uv": [ 6.875, 8.25, 9.375, 8.75 ], "texture": "#texture" },
			"north": { "uv": [ 6.625, 8.375, 9.125, 9.875 ], "texture": "#texture" },
			"south": { "uv": [ 6.875, 8.375, 9.375, 9.875 ], "texture": "#texture" },
			"west":  { "uv": [ 8.25, 8.375, 8.75, 9.875 ], "texture": "#texture" },
			"east":  { "uv": [ 7.25, 8.375, 7.75, 9.875 ], "texture": "#texture" }
		}
	},
	{
		"from": [ 10.52, 7.44, 8.24 ],
		"to": [ 24.08, 8.16, 9.2 ],
		"faces": {
			"down":  { "uv": [ 0.25, 15.625, 0.625, 16 ], "texture": "#texture" },
			"up":    { "uv": [ 0.25, 15.625, 0.625, 16 ], "texture": "#texture" },
			"north": { "uv": [ 0.8125, 15.75, 1.125, 16 ], "texture": "#texture" },
			"south": { "uv": [ 0.8125, 15.75, 1.125, 16 ], "texture": "#texture" },
			"west":  { "uv": [ 1.5, 15.625, 1.75, 16 ], "texture": "#texture" },
			"east":  { "uv": [ 1.5, 15.625, 1.75, 16 ], "texture": "#texture" }
		}
	},
	{
		"from": [ 9.56, 8.52, 8.36 ],
		"to": [ 13.16, 9.36, 9.08 ],
		"faces": {
			"down":  { "uv": [ 7.1875, 8.5625, 5.3125, 8.1875 ], "texture": "#texture" },
			"up":    { "uv": [ 8.8125, 8.1875, 10.6875, 8.5625 ], "texture": "#texture" },
			"north": { "uv": [ 5.3125, 8, 7.1875, 8.4375 ], "texture": "#texture" },
			"south": { "uv": [ 8.8125, 8, 10.6875, 8.4375 ], "texture": "#texture" },
			"west":  { "uv": [ 8.1875, 8, 8.5625, 8.4375 ], "texture": "#texture" },
			"east":  { "uv": [ 7.4375, 8, 7.8125, 8.4375 ], "texture": "#texture" }
		}
},
{
    "from": [ 10.28, 8.16, 8.36 ],
    "to": [ 13.4, 8.76, 9.08 ],
    "faces": {
        "down":  { "uv": [ 6.8125, 8.5625, 5.1875, 8.1875 ], "texture": "#texture" },
        "up":    { "uv": [ 9.1875, 8.1875, 10.8125, 8.5625 ], "texture": "#texture" },
        "north": { "uv": [ 5.1875, 8.3125, 6.8125, 8.625 ], "texture": "#texture" },
        "south": { "uv": [ 9.1875, 8.3125, 10.8125, 8.625 ], "texture": "#texture" },
        "west":  { "uv": [ 8.1875, 8.3125, 8.5625, 8.625 ], "texture": "#texture" },
        "east":  { "uv": [ 7.4375, 8.3125, 7.8125, 8.625 ], "texture": "#texture" }
    }
},
{
    "from": [ 14.6, 8.04, 8.36 ],
    "to": [ 16.04, 8.76, 9.08 ],
    "rotation": { "origin": [ 14.6, 8.76, 8.36 ], "axis": "z", "angle": -22.5 },
    "faces": {
        "down":  { "uv": [ 3.875, 8.875, 1.25, 8.125 ], "texture": "#texture" },
        "up":    { "uv": [ 12.125, 8.125, 14.75, 8.875 ], "texture": "#texture" },
        "north": { "uv": [ 1.25, 7.5, 3.875, 9.125 ], "texture": "#texture" },
        "south": { "uv": [ 12.125, 7.5, 14.75, 9.125 ], "texture": "#texture" },
        "west":  { "uv": [ 8.125, 7.5, 8.875, 9.125 ], "texture": "#texture" },
        "east":  { "uv": [ 7.125, 7.5, 7.875, 9.125 ], "texture": "#texture" }
    }
},
{
    "from": [ 10.6875, 6.195, 8.3125 ],
    "to": [ 12.1275, 7.875, 9.0325 ],
    "faces": {
        "down":  { "uv": [ 6.5625, 8.5625, 6.0625, 8.1875 ], "texture": "#texture" },
        "up":    { "uv": [ 9.4375, 8.1875, 9.9375, 8.5625 ], "texture": "#texture" },
        "north": { "uv": [ 6.0625, 8.625, 6.5625, 9.6875 ], "texture": "#texture" },
        "south": { "uv": [ 9.4375, 8.625, 9.9375, 9.6875 ], "texture": "#texture" },
        "west":  { "uv": [ 8.1875, 8.625, 8.5625, 9.6875 ], "texture": "#texture" },
        "east":  { "uv": [ 7.4375, 8.625, 7.8125, 9.6875 ], "texture": "#texture" }
    }
},
{
    "from": [ 17.6, 6.6, 8.24 ],
    "to": [ 23.72, 7.44, 9.2 ],
    "faces": {
        "down":  { "uv": [ 3, 8.625, 0, 8.125 ], "texture": "#texture" },
        "up":    { "uv": [ 13, 8.125, 16, 8.625 ], "texture": "#texture" },
        "north": { "uv": [ 0.375, 10.0625, 3.375, 10.5 ], "texture": "#texture" },
        "south": { "uv": [ 0.375, 10.0625, 3.375, 10.5 ], "texture": "#texture" },
        "west":  { "uv": [ 8.125, 9, 8.625, 9.4375 ], "texture": "#texture" },
        "east":  { "uv": [ 7.375, 9, 7.875, 9.4375 ], "texture": "#texture" }
    }
},
{
    "from": [ 20.84, 5.16, 8 ],
    "to": [ 23.72, 9, 9.44 ],
    "faces": {
        "down":  { "uv": [ 1.3125, 8.75, 0, 8 ], "texture": "#texture" },
        "up":    { "uv": [ 14.6875, 8, 16, 8.75 ], "texture": "#texture" },
        "north": { "uv": [ 0, 8.1875, 1.3125, 10.1875 ], "texture": "#texture" },
        "south": { "uv": [ 14.6875, 8.1875, 16, 10.1875 ], "texture": "#texture" },
        "west":  { "uv": [ 8, 8.1875, 8.75, 10.1875 ], "texture": "#texture" },
        "east":  { "uv": [ 7.25, 8.1875, 8, 10.1875 ], "texture": "#texture" }
    }
},
{
    "from": [ 23.36, 5.04, 7.88 ],
    "to": [ 24.08, 9.12, 9.56 ],
    "faces": {
        "down":  { "uv": [ 0.25, 15.625, 0.625, 16 ], "texture": "#texture" },
        "up":    { "uv": [ 0.25, 15.625, 0.625, 16 ], "texture": "#texture" },
        "north": { "uv": [ 0.8125, 15.75, 1.125, 16 ], "texture": "#texture" },
        "south": { "uv": [ 0.8125, 15.75, 1.125, 16 ], "texture": "#texture" },
        "west":  { "uv": [ 1.5, 15.625, 1.75, 16 ], "texture": "#texture" },
        "east":  { "uv": [ 1.5, 15.625, 1.75, 16 ], "texture": "#texture" }
    }
},
{
    "from": [ 14.12, 6.24, 8.36 ],
    "to": [ 15.56, 7.56, 9.08 ],
    "faces": {
        "down":  { "uv": [ 0.25, 15.625, 0.625, 16 ], "texture": "#texture" },
        "up":    { "uv": [ 0.25, 15.625, 0.625, 16 ], "texture": "#texture" },
        "north": { "uv": [ 0.8125, 15.75, 1.125, 16 ], "texture": "#texture" },
        "south": { "uv": [ 0.8125, 15.75, 1.125, 16 ], "texture": "#texture" },
        "west":  { "uv": [ 1.5, 15.625, 1.75, 16 ], "texture": "#texture" },
        "east":  { "uv": [ 1.5, 15.625, 1.75, 16 ], "texture": "#texture" }
    }
},
{
    "from": [ 14.071, 3.45216, 8.35712 ],
    "to": [ 15.3805, 6.30912, 9.07136 ],
    "rotation": { "origin": [ 14.071, 6.30912, 8.35712 ], "axis": "z", "angle": 22.5 },
    "faces": {
        "down":  { "uv": [ 0.25, 15.625, 0.625, 16 ], "texture": "#texture" },
        "up":    { "uv": [ 0.25, 15.625, 0.625, 16 ], "texture": "#texture" },
        "north": { "uv": [ 0.8125, 15.75, 1.125, 16 ], "texture": "#texture" },
        "south": { "uv": [ 0.8125, 15.75, 1.125, 16 ], "texture": "#texture" },
        "west":  { "uv": [ 1.5, 15.625, 1.75, 16 ], "texture": "#texture" },
        "east":  { "uv": [ 1.5, 15.625, 1.75, 16 ], "texture": "#texture" }
    }
},
{
    "from": [ 14.96, 3.6, 8.36 ],
    "to": [ 15.44, 5.64, 9.08 ],
    "rotation": { "origin": [ 14.96, 5.64, 8.36 ], "axis": "z", "angle": 45 },
    "faces": {
        "down":  { "uv": [ 0.25, 15.625, 0.625, 16 ], "texture": "#texture" },
        "up":    { "uv": [ 0.25, 15.625, 0.625, 16 ], "texture": "#texture" },
        "north": { "uv": [ 0.8125, 15.75, 1.125, 16 ], "texture": "#texture" },
        "south": { "uv": [ 0.8125, 15.75, 1.125, 16 ], "texture": "#texture" },
        "west":  { "uv": [ 1.5, 15.625, 1.75, 16 ], "texture": "#texture" },
        "east":  { "uv": [ 1.5, 15.625, 1.75, 16 ], "texture": "#texture" }
    }
},
{
    "from": [ -0.76, 8.28, 8.24 ],
    "to": [ 0.32, 8.52, 9.2 ],
    "faces": {
        "down":  { "uv": [ 12.5625, 8.625, 12, 8.125 ], "texture": "#texture" },
        "up":    { "uv": [ 3.4375, 8.125, 4, 8.625 ], "texture": "#texture" },
        "north": { "uv": [ 12, 8.4375, 12.5625, 8.5625 ], "texture": "#texture" },
        "south": { "uv": [ 3.4375, 8.4375, 4, 8.5625 ], "texture": "#texture" },
        "west":  { "uv": [ 8.125, 8.4375, 8.625, 8.5625 ], "texture": "#texture" },
        "east":  { "uv": [ 7.375, 8.4375, 7.875, 8.5625 ], "texture": "#texture" }
    }
},
{
    "from": [ 1.16, 8.28, 8.24 ],
    "to": [ 1.76, 8.52, 9.2 ],
    "faces": {
        "down":  { "uv": [ 11.5625, 8.625, 11.25, 8.125 ], "texture": "#texture" },
        "up":    { "uv": [ 4.4375, 8.125, 4.75, 8.625 ], "texture": "#texture" },
        "north": { "uv": [ 11.25, 8.4375, 11.5625, 8.5625 ], "texture": "#texture" },
        "south": { "uv": [ 4.4375, 8.4375, 4.75, 8.5625 ], "texture": "#texture" },
        "west":  { "uv": [ 8.125, 8.4375, 8.625, 8.5625 ], "texture": "#texture" },
        "east":  { "uv": [ 7.375, 8.4375, 7.875, 8.5625 ], "texture": "#texture" }
    }
},
{
    "from": [ 3.8, 8.28, 8.24 ],
    "to": [ 4.4, 8.52, 9.2 ],
    "faces": {
        "down":  { "uv": [ 10.1875, 8.625, 9.875, 8.125 ], "texture": "#texture" },
        "up":    { "uv": [ 5.8125, 8.125, 6.125, 8.625 ], "texture": "#texture" },
        "north": { "uv": [ 9.875, 8.4375, 10.1875, 8.5625 ], "texture": "#texture" },
        "south": { "uv": [ 5.8125, 8.4375, 6.125, 8.5625 ], "texture": "#texture" },
        "west":  { "uv": [ 8.125, 8.4375, 8.625, 8.5625 ], "texture": "#texture" },
        "east":  { "uv": [ 7.375, 8.4375, 7.875, 8.5625 ], "texture": "#texture" }
    }
},
{
    "from": [ 5.24, 8.28, 8.24 ],
    "to": [ 5.84, 8.52, 9.2 ],
    "faces": {
        "down":  { "uv": [ 9.4375, 8.625, 9.125, 8.125 ], "texture": "#texture" },
        "up":    { "uv": [ 6.5625, 8.125, 6.875, 8.625 ], "texture": "#texture" },
        "north": { "uv": [ 9.125, 8.4375, 9.4375, 8.5625 ], "texture": "#texture" },
        "south": { "uv": [ 6.5625, 8.4375, 6.875, 8.5625 ], "texture": "#texture" },
        "west":  { "uv": [ 8.125, 8.4375, 8.625, 8.5625 ], "texture": "#texture" },
        "east":  { "uv": [ 7.375, 8.4375, 7.875, 8.5625 ], "texture": "#texture" }
    }
},
{
    "from": [ 12.56, 9.36, 8.48 ],
    "to": [ 14, 9.96, 8.96 ],
    "rotation": { "origin": [ 12.56, 9.96, 8.48 ], "axis": "z", "angle": -45 },
    "faces": {
        "down":  { "uv": [ 4.0625, 8.5, 3.3125, 8.25 ], "texture": "#texture" },
        "up":    { "uv": [ 11.9375, 8.25, 12.6875, 8.5 ], "texture": "#texture" },
        "north": { "uv": [ 3.3125, 6.4375, 4.0625, 6.75 ], "texture": "#texture" },
        "south": { "uv": [ 11.9375, 6.4375, 12.6875, 6.75 ], "texture": "#texture" },
        "west":  { "uv": [ 8.25, 6.4375, 8.5, 6.75 ], "texture": "#texture" },
        "east":  { "uv": [ 7.5, 6.4375, 7.75, 6.75 ], "texture": "#texture" }
    }
},
{
    "from": [ 18.92, 6.24, 8.48 ],
    "to": [ 19.76, 9.12, 8.96 ],
    "faces": {
        "down":  { "uv": [ 2.3125, 8.5, 1.875, 8.25 ], "texture": "#texture" },
        "up":    { "uv": [ 13.6875, 8.25, 14.125, 8.5 ], "texture": "#texture" },
        "north": { "uv": [ 1.875, 8.125, 2.3125, 9.625 ], "texture": "#texture" },
        "south": { "uv": [ 13.6875, 8.125, 14.125, 9.625 ], "texture": "#texture" },
        "west":  { "uv": [ 8.25, 8.125, 8.5, 9.625 ], "texture": "#texture" },
        "east":  { "uv": [ 7.5, 8.125, 7.75, 9.625 ], "texture": "#texture" }
    }
},
{
    "from": [ 17.24, 9.12, 8.36 ],
    "to": [ 20.6, 9.84, 9.08 ],
    "faces": {
        "down":  { "uv": [ 2.0625, 8.125, 12, 10.8125 ], "texture": "#texture" },
        "up":    { "uv": [ 2.0625, 8.125, 12, 10.8125 ], "texture": "#texture" },
        "north": { "uv": [ 1.4375, 7.75, 15.3125, 11.5625 ], "texture": "#texture" },
        "south": { "uv": [ 1.4375, 7.75, 15.3125, 11.5625 ], "texture": "#texture" },
        "west":  { "uv": [ 8.1875, 7.75, 14.6875, 13.125 ], "texture": "#texture" },
        "east":  { "uv": [ 8.1875, 7.75, 14.6875, 13.125 ], "texture": "#texture" }
    }
},
{
    "from": [ -1, 8.52, 8.6 ],
    "to": [ -0.76, 8.76, 8.84 ],
    "faces": {
        "down":  { "uv": [ 3, 8.625, 1.5625, 8.5 ], "texture": "#texture" },
        "up":    { "uv": [ 13, 8.5, 14.4375, 8.625 ], "texture": "#texture" },
        "north": { "uv": [ 1.5625, 10.125, 3, 10.25 ], "texture": "#texture" },
        "south": { "uv": [ 13, 10.125, 14.4375, 10.25 ], "texture": "#texture" },
        "west":  { "uv": [ 8.5, 10.125, 8.625, 10.25 ], "texture": "#texture" },
        "east":  { "uv": [ 7.375, 10.125, 7.5, 10.25 ], "texture": "#texture" }
    }
},
{
    "from": [ 22.04, 3.6, 8.48 ],
    "to": [ 22.28, 5.16, 8.96 ],
    "faces": {
        "down":  { "uv": [ 0.25, 15.625, 0.625, 16 ], "texture": "#texture" },
        "up":    { "uv": [ 0.25, 15.625, 0.625, 16 ], "texture": "#texture" },
        "north": { "uv": [ 0.8125, 15.75, 1.125, 16 ], "texture": "#texture" },
        "south": { "uv": [ 0.8125, 15.75, 1.125, 16 ], "texture": "#texture" },
        "west":  { "uv": [ 1.5, 15.625, 1.75, 16 ], "texture": "#texture" },
        "east":  { "uv": [ 1.5, 15.625, 1.75, 16 ], "texture": "#texture" }
    }
},
{
    "from": [ -2.2, 8.28, 8.48 ],
    "to": [ -0.88, 8.88, 8.96 ],
    "faces": {
        "down":  { "uv": [ 3.625, 8.25, 4.0625, 8.5 ], "texture": "#texture" },
        "up":    { "uv": [ 3.625, 8.25, 4.0625, 8.5 ], "texture": "#texture" },
        "north": { "uv": [ 12.875, 8.5625, 13.3125, 8.75 ], "texture": "#texture" },
        "south": { "uv": [ 12.875, 8.5625, 13.3125, 8.75 ], "texture": "#texture" },
        "west":  { "uv": [ 8.25, 8.5625, 8.5, 8.75 ], "texture": "#texture" },
        "east":  { "uv": [ 7.5, 8.5625, 7.75, 8.75 ], "texture": "#texture" }
    }
},
{
    "from": [ -2.2, 7.92, 8.48 ],
    "to": [ -1.36, 8.28, 8.96 ],
    "faces": {
        "down":  { "uv": [ 3.625, 8.25, 4.0625, 8.5 ], "texture": "#texture" },
        "up":    { "uv": [ 3.625, 8.25, 4.0625, 8.5 ], "texture": "#texture" },
        "north": { "uv": [ 12.875, 8.5625, 13.3125, 8.75 ], "texture": "#texture" },
        "south": { "uv": [ 12.875, 8.5625, 13.3125, 8.75 ], "texture": "#texture" },
        "west":  { "uv": [ 8.25, 8.5625, 8.5, 8.75 ], "texture": "#texture" },
        "east":  { "uv": [ 7.5, 8.5625, 7.75, 8.75 ], "texture": "#texture" }
    }
},
{
    "from": [ -3.04, 7.08, 8.24 ],
    "to": [ -1.12, 7.8, 9.2 ],
    "faces": {
        "down":  { "uv": [ 3.625, 8.25, 4.0625, 8.5 ], "texture": "#texture" },
        "up":    { "uv": [ 3.625, 8.25, 4.0625, 8.5 ], "texture": "#texture" },
        "north": { "uv": [ 12.875, 8.5625, 13.3125, 8.75 ], "texture": "#texture" },
        "south": { "uv": [ 12.875, 8.5625, 13.3125, 8.75 ], "texture": "#texture" },
        "west":  { "uv": [ 8.25, 8.5625, 8.5, 8.75 ], "texture": "#texture" },
        "east":  { "uv": [ 7.5, 8.5625, 7.75, 8.75 ], "texture": "#texture" }
    }
},
{
    "from": [ -2.32, 7.8, 8.6 ],
    "to": [ -1.24, 7.92, 8.84 ],
    "faces": {
        "down":  { "uv": [ 3.625, 8.25, 4.0625, 8.5 ], "texture": "#texture" },
        "up":    { "uv": [ 3.625, 8.25, 4.0625, 8.5 ], "texture": "#texture" },
        "north": { "uv": [ 12.875, 8.5625, 13.3125, 8.75 ], "texture": "#texture" },
        "south": { "uv": [ 12.875, 8.5625, 13.3125, 8.75 ], "texture": "#texture" },
        "west":  { "uv": [ 8.25, 8.5625, 8.5, 8.75 ], "texture": "#texture" },
        "east":  { "uv": [ 7.5, 8.5625, 7.75, 8.75 ], "texture": "#texture" }
    }
},
{
    "from": [ -6.28, 7.31, 9.2 ],
    "to": [ -3.3425, 7.56, 9.44 ],
    "faces": {
        "down":  { "uv": [ 15.4375, 8.75, 13.5625, 8.625 ], "texture": "#texture" },
        "up":    { "uv": [ 0.5625, 8.625, 2.4375, 8.75 ], "texture": "#texture" },
        "north": { "uv": [ 13.5625, 8.9375, 15.4375, 9.0625 ], "texture": "#texture" },
        "south": { "uv": [ 0.5625, 8.9375, 2.4375, 9.0625 ], "texture": "#texture" },
        "west":  { "uv": [ 8.625, 8.9375, 8.75, 9.0625 ], "texture": "#texture" },
        "east":  { "uv": [ 7.25, 8.9375, 7.375, 9.0625 ], "texture": "#texture" }
    }
},
{
    "from": [ -3.16, 7.2, 8 ],
    "to": [ -2.56, 7.68, 9.44 ],
    "faces": {
        "down":  { "uv": [ 0.25, 15.625, 0.625, 16 ], "texture": "#texture" },
        "up":    { "uv": [ 0.25, 15.625, 0.625, 16 ], "texture": "#texture" },
        "north": { "uv": [ 0.8125, 15.75, 1.125, 16 ], "texture": "#texture" },
        "south": { "uv": [ 0.8125, 15.75, 1.125, 16 ], "texture": "#texture" },
        "west":  { "uv": [ 1.5, 15.625, 1.75, 16 ], "texture": "#texture" },
        "east":  { "uv": [ 1.5, 15.625, 1.75, 16 ], "texture": "#texture" }
    }
},
{
    "from": [ -6.3125, 7.32, 8 ],
    "to": [ -3.25, 7.56, 8.1875 ],
    "faces": {
        "down":  { "uv": [ 15.4375, 8.125, 13.6875, 8 ], "texture": "#texture" },
        "up":    { "uv": [ 0.5625, 8, 2.3125, 8.125 ], "texture": "#texture" },
        "north": { "uv": [ 13.6875, 8.9375, 15.4375, 9.0625 ], "texture": "#texture" },
        "south": { "uv": [ 0.5625, 8.9375, 2.3125, 9.0625 ], "texture": "#texture" },
        "west":  { "uv": [ 8, 8.9375, 8.125, 9.0625 ], "texture": "#texture" },
        "east":  { "uv": [ 7.875, 8.9375, 8, 9.0625 ], "texture": "#texture" }
    }
},
{
    "from": [ -6.64, 7.2, 7.88 ],
    "to": [ -6.28, 7.68, 8.36 ],
    "faces": {
        "down":  { "uv": [ 0.25, 15.625, 0.625, 16 ], "texture": "#texture" },
        "up":    { "uv": [ 0.25, 15.625, 0.625, 16 ], "texture": "#texture" },
        "north": { "uv": [ 0.8125, 15.75, 1.125, 16 ], "texture": "#texture" },
        "south": { "uv": [ 0.8125, 15.75, 1.125, 16 ], "texture": "#texture" },
        "west":  { "uv": [ 1.5, 15.625, 1.75, 16 ], "texture": "#texture" },
        "east":  { "uv": [ 1.5, 15.625, 1.75, 16 ], "texture": "#texture" }
    }
},
{
    "from": [ -6.04, 7.2, 7.88 ],
    "to": [ -5.8, 7.68, 8.36 ],
    "faces": {
        "down":  { "uv": [ 0.25, 15.625, 0.625, 16 ], "texture": "#texture" },
        "up":    { "uv": [ 0.25, 15.625, 0.625, 16 ], "texture": "#texture" },
        "north": { "uv": [ 0.8125, 15.75, 1.125, 16 ], "texture": "#texture" },
        "south": { "uv": [ 0.8125, 15.75, 1.125, 16 ], "texture": "#texture" },
        "west":  { "uv": [ 1.5, 15.625, 1.75, 16 ], "texture": "#texture" },
        "east":  { "uv": [ 1.5, 15.625, 1.75, 16 ], "texture": "#texture" }
    }
},
{
    "from": [ -6.52, 7.248, 7.9376 ],
    "to": [ -5.44, 7.608, 8.2976 ],
    "faces": {
        "down":  { "uv": [ 0.25, 15.625, 0.625, 16 ], "texture": "#texture" },
        "up":    { "uv": [ 0.25, 15.625, 0.625, 16 ], "texture": "#texture" },
        "north": { "uv": [ 0.8125, 15.75, 1.125, 16 ], "texture": "#texture" },
        "south": { "uv": [ 0.8125, 15.75, 1.125, 16 ], "texture": "#texture" },
        "west":  { "uv": [ 1.5, 15.625, 1.75, 16 ], "texture": "#texture" },
        "east":  { "uv": [ 1.5, 15.625, 1.75, 16 ], "texture": "#texture" }
    }
},
{
    "from": [ -6.52, 7.248, 9.1424 ],
    "to": [ -5.44, 7.608, 9.5024 ],
    "faces": {
        "down":  { "uv": [ 0.25, 15.625, 0.625, 16 ], "texture": "#texture" },
        "up":    { "uv": [ 0.25, 15.625, 0.625, 16 ], "texture": "#texture" },
        "north": { "uv": [ 0.8125, 15.75, 1.125, 16 ], "texture": "#texture" },
        "south": { "uv": [ 0.8125, 15.75, 1.125, 16 ], "texture": "#texture" },
        "west":  { "uv": [ 1.5, 15.625, 1.75, 16 ], "texture": "#texture" },
        "east":  { "uv": [ 1.5, 15.625, 1.75, 16 ], "texture": "#texture" }
    }
},
{
    "from": [ -6.64, 7.2, 9.08 ],
    "to": [ -6.28, 7.68, 9.56 ],
    "faces": {
        "down":  { "uv": [ 0.25, 15.625, 0.625, 16 ], "texture": "#texture" },
        "up":    { "uv": [ 0.25, 15.625, 0.625, 16 ], "texture": "#texture" },
        "north": { "uv": [ 0.8125, 15.75, 1.125, 16 ], "texture": "#texture" },
        "south": { "uv": [ 0.8125, 15.75, 1.125, 16 ], "texture": "#texture" },
        "west":  { "uv": [ 1.5, 15.625, 1.75, 16 ], "texture": "#texture" },
        "east":  { "uv": [ 1.5, 15.625, 1.75, 16 ], "texture": "#texture" }
    }
},
{
    "from": [ -6.04, 7.2, 9.08 ],
    "to": [ -5.8, 7.68, 9.56 ],
    "faces": {
        "down":  { "uv": [ 0.25, 15.625, 0.625, 16 ], "texture": "#texture" },
        "up":    { "uv": [ 0.25, 15.625, 0.625, 16 ], "texture": "#texture" },
        "north": { "uv": [ 0.8125, 15.75, 1.125, 16 ], "texture": "#texture" },
        "south": { "uv": [ 0.8125, 15.75, 1.125, 16 ], "texture": "#texture" },
        "west":  { "uv": [ 1.5, 15.625, 1.75, 16 ], "texture": "#texture" },
        "east":  { "uv": [ 1.5, 15.625, 1.75, 16 ], "texture": "#texture" }
    }
},
{
    "from": [ -3.64, 7.248, 7.9376 ],
    "to": [ -3.16, 7.608, 8.2976 ],
    "faces": {
        "down":  { "uv": [ 0.25, 15.625, 0.625, 16 ], "texture": "#texture" },
        "up":    { "uv": [ 0.25, 15.625, 0.625, 16 ], "texture": "#texture" },
        "north": { "uv": [ 0.8125, 15.75, 1.125, 16 ], "texture": "#texture" },
        "south": { "uv": [ 0.8125, 15.75, 1.125, 16 ], "texture": "#texture" },
        "west":  { "uv": [ 1.5, 15.625, 1.75, 16 ], "texture": "#texture" },
        "east":  { "uv": [ 1.5, 15.625, 1.75, 16 ], "texture": "#texture" }
    }
},
{
    "from": [ -3.64, 7.248, 9.1424 ],
    "to": [ -3.16, 7.608, 9.5024 ],
    "faces": {
        "down":  { "uv": [ 0.25, 15.625, 0.625, 16 ], "texture": "#texture" },
        "up":    { "uv": [ 0.25, 15.625, 0.625, 16 ], "texture": "#texture" },
        "north": { "uv": [ 0.8125, 15.75, 1.125, 16 ], "texture": "#texture" },
        "south": { "uv": [ 0.8125, 15.75, 1.125, 16 ], "texture": "#texture" },
        "west":  { "uv": [ 1.5, 15.625, 1.75, 16 ], "texture": "#texture" },
        "east":  { "uv": [ 1.5, 15.625, 1.75, 16 ], "texture": "#texture" }
    }
},
{
    "from": [ 17.72, 6.6, 8.6 ],
    "to": [ 21.22, 6.72, 8.84 ],
    "rotation": { "origin": [ 17.72, 6.72, 8.6 ], "axis": "z", "angle": -22.5 },
    "faces": {
        "down":  { "uv": [ 0.25, 15.625, 0.625, 16 ], "texture": "#texture" },
        "up":    { "uv": [ 0.25, 15.625, 0.625, 16 ], "texture": "#texture" },
        "north": { "uv": [ 0.8125, 15.75, 1.125, 16 ], "texture": "#texture" },
        "south": { "uv": [ 0.8125, 15.75, 1.125, 16 ], "texture": "#texture" },
        "west":  { "uv": [ 1.5, 15.625, 1.75, 16 ], "texture": "#texture" },
        "east":  { "uv": [ 1.5, 15.625, 1.75, 16 ], "texture": "#texture" }
    }
},
{
    "from": [ 18.875, 6.1825, 8.4375 ],
    "to": [ 19.715, 9.0625, 8.9175 ],
    "faces": {
        "down":  { "uv": [ 0.5625, 7.1875, 1.5625, 8.0625 ], "texture": "#texture" },
        "up":    { "uv": [ 0.5625, 7.1875, 1.5625, 8.0625 ], "texture": "#texture" },
        "north": { "uv": [ 0.625, 9.1875, 1.875, 10.125 ], "texture": "#texture" },
        "south": { "uv": [ 0.625, 9.1875, 1.875, 10.125 ], "texture": "#texture" },
        "west":  { "uv": [ 0, 0, 0, 0.5 ], "texture": "#texture" },
        "east":  { "uv": [ 0, 0, 0, 0.5 ], "texture": "#texture" }
    }
},
{
    "from": [ 21.8, 3.48, 8.36 ],
    "to": [ 22.52, 3.96, 9.08 ],
    "faces": {
        "down":  { "uv": [ 0.25, 15.625, 0.625, 16 ], "texture": "#texture" },
        "up":    { "uv": [ 0.25, 15.625, 0.625, 16 ], "texture": "#texture" },
        "north": { "uv": [ 0.8125, 15.75, 1.125, 16 ], "texture": "#texture" },
        "south": { "uv": [ 0.8125, 15.75, 1.125, 16 ], "texture": "#texture" },
        "west":  { "uv": [ 1.5, 15.625, 1.75, 16 ], "texture": "#texture" },
        "east":  { "uv": [ 1.5, 15.625, 1.75, 16 ], "texture": "#texture" }
    }
},
{
    "from": [ 5.6, 9.36, 8.36 ],
    "to": [ 12.56, 9.96, 9.08 ],
    "faces": {
        "down":  { "uv": [ 9.25, 8.5625, 5.625, 8.1875 ], "texture": "#texture" },
        "up":    { "uv": [ 6.75, 8.1875, 10.375, 8.5625 ], "texture": "#texture" },
        "north": { "uv": [ 5.625, 7.6875, 15.125, 11 ], "texture": "#texture" },
        "south": { "uv": [ 5.625, 7.6875, 15.125, 11 ], "texture": "#texture" },
        "west":  { "uv": [ 8.1875, 7.6875, 8.5625, 8 ], "texture": "#texture" },
        "east":  { "uv": [ 7.4375, 7.6875, 7.8125, 8 ], "texture": "#texture" }
    }
},
{
    "from": [ -9.88, 9.24, 8.36 ],
    "to": [ -8.32, 9.96, 9.08 ],
    "faces": {
        "down":  { "uv": [ 0.25, 15.625, 0.625, 16 ], "texture": "#texture" },
        "up":    { "uv": [ 0.25, 15.625, 0.625, 16 ], "texture": "#texture" },
        "north": { "uv": [ 0.8125, 15.75, 1.125, 16 ], "texture": "#texture" },
        "south": { "uv": [ 0.8125, 15.75, 1.125, 16 ], "texture": "#texture" },
        "west":  { "uv": [ 1.5, 15.625, 1.75, 16 ], "texture": "#texture" },
        "east":  { "uv": [ 1.5, 15.625, 1.75, 16 ], "texture": "#texture" }
    }
},
{
    "from": [ -8.08, 9.24, 8.36 ],
    "to": [ -7.36, 9.96, 9.08 ],
    "faces": {
        "down":  { "uv": [ 0.25, 15.625, 0.625, 16 ], "texture": "#texture" },
        "up":    { "uv": [ 0.25, 15.625, 0.625, 16 ], "texture": "#texture" },
        "north": { "uv": [ 0.8125, 15.75, 1.125, 16 ], "texture": "#texture" },
        "south": { "uv": [ 0.8125, 15.75, 1.125, 16 ], "texture": "#texture" },
        "west":  { "uv": [ 1.5, 15.625, 1.75, 16 ], "texture": "#texture" },
        "east":  { "uv": [ 1.5, 15.625, 1.75, 16 ], "texture": "#texture" }
    }
},
{
    "from": [ 12.08, 6.24, 8.36 ],
    "to": [ 13.88, 6.48, 9.08 ],
    "faces": {
        "down":  { "uv": [ 0.25, 15.625, 0.625, 16 ], "texture": "#texture" },
        "up":    { "uv": [ 0.25, 15.625, 0.625, 16 ], "texture": "#texture" },
        "north": { "uv": [ 0.8125, 15.75, 1.125, 16 ], "texture": "#texture" },
        "south": { "uv": [ 0.8125, 15.75, 1.125, 16 ], "texture": "#texture" },
        "west":  { "uv": [ 1.5, 15.625, 1.75, 16 ], "texture": "#texture" },
        "east":  { "uv": [ 1.5, 15.625, 1.75, 16 ], "texture": "#texture" }
    }
},
{
    "from": [ 13.6592, 6.15837, 8.36 ],
    "to": [ 14.5967, 6.39837, 9.08 ],
    "rotation": { "origin": [ 13.6592, 6.39837, 8.36 ], "axis": "z", "angle": 45 },
    "faces": {
        "down":  { "uv": [ 0.25, 15.625, 0.625, 16 ], "texture": "#texture" },
        "up":    { "uv": [ 0.25, 15.625, 0.625, 16 ], "texture": "#texture" },
        "north": { "uv": [ 0.8125, 15.75, 1.125, 16 ], "texture": "#texture" },
        "south": { "uv": [ 0.8125, 15.75, 1.125, 16 ], "texture": "#texture" },
        "west":  { "uv": [ 1.5, 15.625, 1.75, 16 ], "texture": "#texture" },
        "east":  { "uv": [ 1.5, 15.625, 1.75, 16 ], "texture": "#texture" }
    }
},
{
    "from": [ 13.4375, 6.6025, 8.5625 ],
    "to": [ 13.6775, 7.5625, 8.8025 ],
    "rotation": { "origin": [ 13.4375, 7.5625, 8.5625 ], "axis": "z", "angle": -22.5 },
    "faces": {
        "down":  { "uv": [ 0.25, 15.625, 0.625, 16 ], "texture": "#texture" },
        "up":    { "uv": [ 0.25, 15.625, 0.625, 16 ], "texture": "#texture" },
        "north": { "uv": [ 0.8125, 15.75, 1.125, 16 ], "texture": "#texture" },
        "south": { "uv": [ 0.8125, 15.75, 1.125, 16 ], "texture": "#texture" },
        "west":  { "uv": [ 1.5, 15.625, 1.75, 16 ], "texture": "#texture" },
        "east":  { "uv": [ 1.5, 15.625, 1.75, 16 ], "texture": "#texture" }
    }
},
{
    "from": [ 7.64, 9.84, 8.48 ],
    "to": [ 11, 10.32, 8.96 ],
    "faces": {
        "down":  { "uv": [ 0.25, 15.625, 0.625, 16 ], "texture": "#texture" },
        "up":    { "uv": [ 0.25, 15.625, 0.625, 16 ], "texture": "#texture" },
        "north": { "uv": [ 0.8125, 15.75, 1.125, 16 ], "texture": "#texture" },
        "south": { "uv": [ 0.8125, 15.75, 1.125, 16 ], "texture": "#texture" },
        "west":  { "uv": [ 1.5, 15.625, 1.75, 16 ], "texture": "#texture" },
        "east":  { "uv": [ 1.5, 15.625, 1.75, 16 ], "texture": "#texture" }
    }
},
{
    "from": [ 10.52, 10.32, 8.48 ],
    "to": [ 11, 11.52, 8.96 ],
    "faces": {
        "down":  { "uv": [ 0.25, 15.625, 0.625, 16 ], "texture": "#texture" },
        "up":    { "uv": [ 0.25, 15.625, 0.625, 16 ], "texture": "#texture" },
        "north": { "uv": [ 0.8125, 15.75, 1.125, 16 ], "texture": "#texture" },
        "south": { "uv": [ 0.8125, 15.75, 1.125, 16 ], "texture": "#texture" },
        "west":  { "uv": [ 1.5, 15.625, 1.75, 16 ], "texture": "#texture" },
        "east":  { "uv": [ 1.5, 15.625, 1.75, 16 ], "texture": "#texture" }
    }
},
{
    "from": [ 7.64, 10.32, 8.48 ],
    "to": [ 8.12, 11.52, 8.96 ],
    "faces": {
        "down":  { "uv": [ 0.25, 15.625, 0.625, 16 ], "texture": "#texture" },
        "up":    { "uv": [ 0.25, 15.625, 0.625, 16 ], "texture": "#texture" },
        "north": { "uv": [ 0.8125, 15.75, 1.125, 16 ], "texture": "#texture" },
        "south": { "uv": [ 0.8125, 15.75, 1.125, 16 ], "texture": "#texture" },
        "west":  { "uv": [ 1.5, 15.625, 1.75, 16 ], "texture": "#texture" },
        "east":  { "uv": [ 1.5, 15.625, 1.75, 16 ], "texture": "#texture" }
    }
},
{
    "from": [ 5, 10.68, 8.36 ],
    "to": [ 13.52, 11.4, 9.08 ],
    "faces": {
        "down":  { "uv": [ 9.5625, 8.5625, 5.125, 8.1875 ], "texture": "#texture" },
        "up":    { "uv": [ 6.4375, 8.1875, 10.875, 8.5625 ], "texture": "#texture" },
        "north": { "uv": [ 5.125, 6.9375, 9.5625, 7.3125 ], "texture": "#texture" },
        "south": { "uv": [ 6.4375, 6.9375, 10.875, 7.3125 ], "texture": "#texture" },
        "west":  { "uv": [ 8.1875, 6.9375, 8.5625, 7.3125 ], "texture": "#texture" },
        "east":  { "uv": [ 7.4375, 6.9375, 7.8125, 7.3125 ], "texture": "#texture" }
    }
},
{
    "from": [ 4.64, 10.44, 8.24 ],
    "to": [ 6.44, 11.64, 9.2 ],
    "faces": {
        "down":  { "uv": [ 9.75, 8.6875, 8.8125, 8.0625 ], "texture": "#texture" },
        "up":    { "uv": [ 6.25, 8.0625, 7.1875, 8.6875 ], "texture": "#texture" },
        "north": { "uv": [ 8.8125, 6.875, 9.75, 7.375 ], "texture": "#texture" },
        "south": { "uv": [ 6.25, 6.875, 7.1875, 7.375 ], "texture": "#texture" },
        "west":  { "uv": [ 15.0625, 15.0625, 15.9375, 15.9375 ], "texture": "#texture" },
        "east":  { "uv": [ 7.4375, 7, 8.0625, 7.5 ], "texture": "#texture" }
    }
},
{
    "from": [ 2.48, 8.28, 8.24 ],
    "to": [ 3.08, 8.52, 9.2 ],
    "faces": {
        "down":  { "uv": [ 10.875, 8.625, 10.5625, 8.125 ], "texture": "#texture" },
        "up":    { "uv": [ 5.125, 8.125, 5.4375, 8.625 ], "texture": "#texture" },
        "north": { "uv": [ 10.5625, 8.4375, 10.875, 8.5625 ], "texture": "#texture" },
        "south": { "uv": [ 5.125, 8.4375, 5.4375, 8.5625 ], "texture": "#texture" },
        "west":  { "uv": [ 8.125, 8.4375, 8.625, 8.5625 ], "texture": "#texture" },
        "east":  { "uv": [ 7.375, 8.4375, 7.875, 8.5625 ], "texture": "#texture" }
    }
},
{
    "from": [ 6.32, 10.56, 8.24 ],
    "to": [ 7.4, 11.52, 9.2 ],
    "faces": {
        "down":  { "uv": [ 9.375, 8.8125, 8.8125, 8.625 ], "texture": "#texture" },
        "up":    { "uv": [ 6.625, 8.625, 7.1875, 8.8125 ], "texture": "#texture" },
        "north": { "uv": [ 8.8125, 6.4375, 9.375, 7.0625 ], "texture": "#texture" },
        "south": { "uv": [ 6.625, 6.4375, 7.1875, 7.0625 ], "texture": "#texture" },
        "west":  { "uv": [ 8.625, 6.4375, 8.8125, 7.0625 ], "texture": "#texture" },
        "east":  { "uv": [ 7.1875, 6.4375, 7.375, 7.0625 ], "texture": "#texture" }
    }
},
{
    "from": [ 4.64, 10.56, 8.12 ],
    "to": [ 6.44, 11.52, 9.32 ],
    "faces": {
        "down":  { "uv": [ 9.75, 8.6875, 8.8125, 8.0625 ], "texture": "#texture" },
        "up":    { "uv": [ 6.25, 8.0625, 7.1875, 8.6875 ], "texture": "#texture" },
        "north": { "uv": [ 8.8125, 6.875, 9.75, 7.375 ], "texture": "#texture" },
        "south": { "uv": [ 6.25, 6.875, 7.1875, 7.375 ], "texture": "#texture" },
        "west":  { "uv": [ 15.0625, 15.0625, 15.9375, 15.9375 ], "texture": "#texture" },
        "east":  { "uv": [ 7.4375, 7, 8.0625, 7.5 ], "texture": "#texture" }
    }
},
{
    "from": [ 12.08, 11.4, 8.36 ],
    "to": [ 14.12, 11.52, 9.08 ],
    "faces": {
        "down":  { "uv": [ 9.375, 8.8125, 8.8125, 8.625 ], "texture": "#texture" },
        "up":    { "uv": [ 6.625, 8.625, 7.1875, 8.8125 ], "texture": "#texture" },
        "north": { "uv": [ 8.8125, 6.4375, 9.375, 7.0625 ], "texture": "#texture" },
        "south": { "uv": [ 6.625, 6.4375, 7.1875, 7.0625 ], "texture": "#texture" },
        "west":  { "uv": [ 8.625, 6.4375, 8.8125, 7.0625 ], "texture": "#texture" },
        "east":  { "uv": [ 7.1875, 6.4375, 7.375, 7.0625 ], "texture": "#texture" }
    }
},
{
    "from": [ 12.08, 10.68, 8.36 ],
    "to": [ 13.88, 11.4, 9.08 ],
    "faces": {
        "down":  { "uv": [ 14.9375, 14.9375, 16, 16 ], "texture": "#texture" },
        "up":    { "uv": [ 14.9375, 14.9375, 16, 16 ], "texture": "#texture" },
        "north": { "uv": [ 15, 14.9375, 16, 16 ], "texture": "#texture" },
        "south": { "uv": [ 15, 14.9375, 16, 16 ], "texture": "#texture" },
        "west":  { "uv": [ 15, 14.9375, 16, 16 ], "texture": "#texture" },
        "east":  { "uv": [ 15, 14.9375, 16, 16 ], "texture": "#texture" }
    }
},
{
    "from": [ 12.08, 10.56, 8.36 ],
    "to": [ 14.12, 10.68, 9.08 ],
    "faces": {
        "down":  { "uv": [ 9.375, 8.8125, 8.8125, 8.625 ], "texture": "#texture" },
        "up":    { "uv": [ 6.625, 8.625, 7.1875, 8.8125 ], "texture": "#texture" },
        "north": { "uv": [ 8.8125, 6.4375, 9.375, 7.0625 ], "texture": "#texture" },
        "south": { "uv": [ 6.625, 6.4375, 7.1875, 7.0625 ], "texture": "#texture" },
        "west":  { "uv": [ 8.625, 6.4375, 8.8125, 7.0625 ], "texture": "#texture" },
        "east":  { "uv": [ 7.1875, 6.4375, 7.375, 7.0625 ], "texture": "#texture" }
    }
},
{
    "from": [ 12.08, 10.68, 8.24 ],
    "to": [ 14.12, 11.4, 8.36 ],
    "faces": {
        "down":  { "uv": [ 9.375, 8.8125, 8.8125, 8.625 ], "texture": "#texture" },
        "up":    { "uv": [ 6.625, 8.625, 7.1875, 8.8125 ], "texture": "#texture" },
        "north": { "uv": [ 8.8125, 6.4375, 9.375, 7.0625 ], "texture": "#texture" },
        "south": { "uv": [ 6.625, 6.4375, 7.1875, 7.0625 ], "texture": "#texture" },
        "west":  { "uv": [ 8.625, 6.4375, 8.8125, 7.0625 ], "texture": "#texture" },
        "east":  { "uv": [ 7.1875, 6.4375, 7.375, 7.0625 ], "texture": "#texture" }
    }
},
{
    "from": [ 12.08, 10.68, 9.08 ],
    "to": [ 14.12, 11.4, 9.2 ],
    "faces": {
        "down":  { "uv": [ 9.375, 8.8125, 8.8125, 8.625 ], "texture": "#texture" },
        "up":    { "uv": [ 6.625, 8.625, 7.1875, 8.8125 ], "texture": "#texture" },
        "north": { "uv": [ 8.8125, 6.4375, 9.375, 7.0625 ], "texture": "#texture" },
        "south": { "uv": [ 6.625, 6.4375, 7.1875, 7.0625 ], "texture": "#texture" },
        "west":  { "uv": [ 8.625, 6.4375, 8.8125, 7.0625 ], "texture": "#texture" },
        "east":  { "uv": [ 7.1875, 6.4375, 7.375, 7.0625 ], "texture": "#texture" }
    }
},
{
    "from": [ 9.0625, 10.8, 8.4375 ],
    "to": [ 9.5, 11.28, 9.375 ],
    "faces": {
        "down":  { "uv": [ 0.25, 15.625, 0.625, 16 ], "texture": "#texture" },
        "up":    { "uv": [ 0.25, 15.625, 0.625, 16 ], "texture": "#texture" },
        "north": { "uv": [ 0.8125, 15.75, 1.125, 16 ], "texture": "#texture" },
        "south": { "uv": [ 0.8125, 15.75, 1.125, 16 ], "texture": "#texture" },
        "west":  { "uv": [ 1.5, 15.625, 1.75, 16 ], "texture": "#texture" },
        "east":  { "uv": [ 1.5, 15.625, 1.75, 16 ], "texture": "#texture" }
    }
},
{
    "from": [ 8.96, 11.76, 8.36 ],
    "to": [ 9.68, 12, 9.08 ],
    "faces": {
        "down":  { "uv": [ 0.25, 15.625, 0.625, 16 ], "texture": "#texture" },
        "up":    { "uv": [ 0.25, 15.625, 0.625, 16 ], "texture": "#texture" },
        "north": { "uv": [ 0.8125, 15.75, 1.125, 16 ], "texture": "#texture" },
        "south": { "uv": [ 0.8125, 15.75, 1.125, 16 ], "texture": "#texture" },
        "west":  { "uv": [ 1.5, 15.625, 1.75, 16 ], "texture": "#texture" },
        "east":  { "uv": [ 1.5, 15.625, 1.75, 16 ], "texture": "#texture" }
    }
},
{
    "from": [ 9.08, 11.4, 8.48 ],
    "to": [ 9.56, 11.88, 8.96 ],
    "faces": {
        "down":  { "uv": [ 0.25, 15.625, 0.625, 16 ], "texture": "#texture" },
        "up":    { "uv": [ 0.25, 15.625, 0.625, 16 ], "texture": "#texture" },
        "north": { "uv": [ 0.8125, 15.75, 1.125, 16 ], "texture": "#texture" },
        "south": { "uv": [ 0.8125, 15.75, 1.125, 16 ], "texture": "#texture" },
        "west":  { "uv": [ 1.5, 15.625, 1.75, 16 ], "texture": "#texture" },
        "east":  { "uv": [ 1.5, 15.625, 1.75, 16 ], "texture": "#texture" }
    }
},
{
    "from": [ 8.96, 10.68, 9.2 ],
    "to": [ 9.8, 11.4, 9.44 ],
    "faces": {
        "down":  { "uv": [ 0.25, 15.625, 0.625, 16 ], "texture": "#texture" },
        "up":    { "uv": [ 0.25, 15.625, 0.625, 16 ], "texture": "#texture" },
        "north": { "uv": [ 0.8125, 15.75, 1.125, 16 ], "texture": "#texture" },
        "south": { "uv": [ 0.8125, 15.75, 1.125, 16 ], "texture": "#texture" },
        "west":  { "uv": [ 1.5, 15.625, 1.75, 16 ], "texture": "#texture" },
        "east":  { "uv": [ 1.5, 15.625, 1.75, 16 ], "texture": "#texture" }
    }
},
{
    "from": [ 10.75, 10.8, 8.375 ],
    "to": [ 11.23, 11.28, 9.335 ],
    "faces": {
        "down":  { "uv": [ 0.25, 15.625, 0.625, 16 ], "texture": "#texture" },
        "up":    { "uv": [ 0.25, 15.625, 0.625, 16 ], "texture": "#texture" },
        "north": { "uv": [ 0.8125, 15.75, 1.125, 16 ], "texture": "#texture" },
        "south": { "uv": [ 0.8125, 15.75, 1.125, 16 ], "texture": "#texture" },
        "west":  { "uv": [ 1.5, 15.625, 1.75, 16 ], "texture": "#texture" },
        "east":  { "uv": [ 1.5, 15.625, 1.75, 16 ], "texture": "#texture" }
    }
},
{
    "from": [ 17.24, 6.96, 8.6 ],
    "to": [ 17.6, 8.4, 8.84 ],
    "faces": {
        "down":  { "uv": [ 0.25, 15.625, 0.625, 16 ], "texture": "#texture" },
        "up":    { "uv": [ 0.25, 15.625, 0.625, 16 ], "texture": "#texture" },
        "north": { "uv": [ 0.8125, 15.75, 1.125, 16 ], "texture": "#texture" },
        "south": { "uv": [ 0.8125, 15.75, 1.125, 16 ], "texture": "#texture" },
        "west":  { "uv": [ 1.5, 15.625, 1.75, 16 ], "texture": "#texture" },
        "east":  { "uv": [ 1.5, 15.625, 1.75, 16 ], "texture": "#texture" }
    }
}
],
"display": {
    "thirdperson_righthand": {
        "rotation": [ 0, 270, 0 ],
        "translation": [ -0.4, 1, -2.1 ],
        "scale": [ 0.90, 0.90, 0.90 ]
    },
    "thirdperson_lefthand": {
        "rotation": [ 0, 90, 0 ],
        "translation": [ -0.4, 1, -2.1 ],
        "scale": [ 0.90, 0.90, 0.90 ]
    },
    "head": {
        "rotation": [ 0, 0, 0 ],
        "translation": [ 0, 0, 0 ],
        "scale": [ 1, 1, 1 ]
    },
    "ground": {
        "rotation": [ 0, 0, 0 ],
        "translation": [ 0, 0, 0 ],
        "scale": [ 0.90, 0.90, 0.90 ]
    },
    "fixed": {
        "rotation": [ 0, 0, 0 ],
        "translation": [ 0.1, 0.5, -0.8 ],
        "scale": [ 1, 1, 1 ]
    },
    "firstperson_righthand": {
        "rotation": [ 0, 270, 0 ],
        "translation": [ 1.1, 0.4, -0.9 ],
        "scale": [ 3, 3.15, 3 ]
    },
    "firstperson_lefthand": {
        "rotation": [ 0, 90, 0 ],
        "translation": [ 1.1, 0.4, -0.9 ],
        "scale": [ 3, 3.15, 3 ]
    },
    "gui": {
        "rotation": [ 0, 0, 0 ],
        "translation": [ 0, 0, 0 ],
        "scale": [ 0.6, 0.6, 0.6 ]
    }
}
}