{
	"credit": "Made with Blockbench",
	"textures": {
		"0": "custom/armslegs",
		"1": "custom/front",
		"2": "custom/back",
		"particle": "custom/armslegs"
	},
	"elements": [
		{
			"from": [7, 0, 4],
			"to": [8, 5, 5],
			"rotation": {"angle": 0, "axis": "y", "origin": [15, 8, 12]},
			"faces": {
				"north": {"uv": [0, 0, 1, 5], "texture": "#0"},
				"east": {"uv": [0, 0, 1, 5], "texture": "#0"},
				"south": {"uv": [0, 0, 1, 5], "texture": "#0"},
				"west": {"uv": [0, 0, 1, 5], "texture": "#0"},
				"up": {"uv": [0, 0, 1, 1], "texture": "#missing"},
				"down": {"uv": [0, 0, 1, 1], "texture": "#0"}
			}
		},
		{
			"from": [7, 0, 10],
			"to": [8, 5, 11],
			"rotation": {"angle": 0, "axis": "y", "origin": [15, 8, 18]},
			"faces": {
				"north": {"uv": [0, 0, 1, 5], "texture": "#0"},
				"east": {"uv": [0, 0, 1, 5], "texture": "#0"},
				"south": {"uv": [0, 0, 1, 5], "texture": "#0"},
				"west": {"uv": [0, 0, 1, 5], "texture": "#0"},
				"up": {"uv": [0, 0, 1, 1], "texture": "#missing"},
				"down": {"uv": [0, 0, 1, 1], "texture": "#0"}
			}
		},
		{
			"from": [7, 5, 2],
			"to": [8, 16, 13],
			"rotation": {"angle": 0, "axis": "y", "origin": [15, 13, 10]},
			"faces": {
				"north": {"uv": [0, 0, 1, 11], "texture": "#0"},
				"east": {"uv": [0, 0, 11, 11], "texture": "#2"},
				"south": {"uv": [0, 0, 1, 11], "texture": "#0"},
				"west": {"uv": [0, 0, 11, 11], "texture": "#1"},
				"up": {"uv": [0, 0, 1, 11], "texture": "#0"},
				"down": {"uv": [0, 0, 1, 11], "texture": "#0"}
			}
		},
		{
			"from": [7, 8, 13],
			"to": [8, 9, 18],
			"rotation": {"angle": 0, "axis": "y", "origin": [15, 16, 21]},
			"faces": {
				"north": {"uv": [0, 0, 1, 1], "texture": "#missing"},
				"east": {"uv": [0, 0, 5, 1], "texture": "#0"},
				"south": {"uv": [0, 0, 1, 1], "texture": "#0"},
				"west": {"uv": [0, 0, 5, 1], "texture": "#0"},
				"up": {"uv": [0, 0, 1, 5], "texture": "#0"},
				"down": {"uv": [0, 0, 1, 5], "texture": "#missing"}
			}
		},
		{
			"from": [7, 8, -3],
			"to": [8, 9, 2],
			"rotation": {"angle": 0, "axis": "y", "origin": [15, 16, 5]},
			"faces": {
				"north": {"uv": [0, 0, 1, 1], "texture": "#0"},
				"east": {"uv": [0, 0, 5, 1], "texture": "#0"},
				"south": {"uv": [0, 0, 1, 1], "texture": "#missing"},
				"west": {"uv": [0, 0, 5, 1], "texture": "#0"},
				"up": {"uv": [0, 0, 1, 5], "texture": "#0"},
				"down": {"uv": [0, 0, 1, 5], "texture": "#0"}
			}
		}
	],
	"display": {
		"head": {
			"rotation": [0, -91.75, 0],
			"translation": [0, -45.5, 0]
		}
	}
}