{
    "blend": {
        "func": "add",
        "srcrgb": "one",
        "dstrgb": "zero"
    },
    "vertex": "light",
    "fragment": "light_t",
    "attributes": [ "Position" ],
    "samplers": [
        { "name": "DiffuseSampler" },
        { "name": "DiffuseDepthSampler" },
        { "name": "CompareDepthSampler" },
        { "name": "ItemEntityDepthSampler" },
        { "name": "LightsCoordSampler" },
        { "name": "ColoredCentersSampler" }
    ],
    "uniforms": [
        { "name": "ProjMat",    "type": "matrix4x4", "count": 16, "values": [ 1.0, 0.0, 0.0, 0.0, 0.0, 1.0, 0.0, 0.0, 0.0, 0.0, 1.0, 0.0, 0.0, 0.0, 0.0, 1.0 ] },
        { "name": "InSize",     "type": "float",     "count": 2,  "values": [ 1.0, 1.0 ] },
        { "name": "Range",      "type": "float",     "count": 1,  "values": [ 1.0 ] },
        { "name": "FOV",        "type": "float",     "count": 1,  "values": [ 1.0 ] }
    ]
}
