{
	"credit": "Made with Blockbench",
	"textures": {
		"1": "custom/image/maindoorlocking"
	},
	"elements": [
		{
			"from": [-16, 0, 0],
			"to": [32, 27, 1],
			"faces": {
				"north": {"uv": [0, 0, 16, 16], "texture": "#missing"},
				"east": {"uv": [0, 0, 1, 16], "texture": "#missing"},
				"south": {"uv": [0, 0, 16, 16], "texture": "#1"},
				"west": {"uv": [0, 0, 1, 16], "texture": "#missing"},
				"up": {"uv": [0, 0, 16, 1], "texture": "#missing"},
				"down": {"uv": [0, 0, 16, 1], "texture": "#missing"}
			}
		}
	],
	"display": {
		"thirdperson_righthand": {
			"translation": [0, 0, 9.5]
		},
		"gui": {
			"translation": [-0.5, -1.25, 0],
			"scale": [0.33, 0.33, 0.33]
		},
		"head": {
			"translation": [0, -30.5, 0],
			"scale": [1.6, 1.6, 1.6]
		}
	}
}