{
	"credit": "Made with Blockbench",
	"textures": {
		"0": "custom/image/maindoorlocking",
		"particle": "custom/image/maindoorlocking"
	},
	"elements": [
		{
			"from": [-16, -16, 7],
			"to": [32, 15, 9],
			"rotation": {"angle": 0, "axis": "y", "origin": [8, -8, 15]},
			"faces": {
				"north": {"uv": [0, 0, 16, 16], "texture": "#0"},
				"east": {"uv": [0, 0, 2, 16], "texture": "#missing"},
				"south": {"uv": [0, 0, 16, 16], "texture": "#missing"},
				"west": {"uv": [0, 0, 2, 16], "texture": "#missing"},
				"up": {"uv": [0, 0, 16, 2], "texture": "#missing"},
				"down": {"uv": [0, 0, 16, 2], "texture": "#missing"}
			}
		}
	],
	"display": {
		"gui": {
			"rotation": [0, -180, 0],
			"translation": [-0.25, 30.75, 0],
			"scale": [4, 4, 4]
		}
	}
}