{
    "parent": "item/handheld_rod",
    "textures": {
        "layer0": "item/carrot_on_a_stick"
    },
    "overrides": [
        { "predicate": {"custom_model_data": 1}, "model": "item/models/bullet"},
		{ "predicate": {"custom_model_data": 2}, "model": "item/models/12ga_pump_shotgun"},
		{ "predicate": {"custom_model_data": 3}, "model": "item/models/44_magnum"},
		{ "predicate": {"custom_model_data": 4}, "model": "item/models/308_hunting_rifle"},
		{ "predicate": {"custom_model_data": 5}, "model": "item/models/ak_47"},
		{ "predicate": {"custom_model_data": 6}, "model": "item/models/ar_15"},
		{ "predicate": {"custom_model_data": 7}, "model": "item/models/awp_asiimov"},
		{ "predicate": {"custom_model_data": 8}, "model": "item/models/crossbow"},
		{ "predicate": {"custom_model_data": 9}, "model": "item/models/de_conspiracy"},
		{ "predicate": {"custom_model_data": 10}, "model": "item/models/flashbang"},
		{ "predicate": {"custom_model_data": 11}, "model": "item/models/glock_fade"},
		{ "predicate": {"custom_model_data": 12}, "model": "item/models/grenade"},
		{ "predicate": {"custom_model_data": 13}, "model": "item/models/heaven_guard"},
		{ "predicate": {"custom_model_data": 14}, "model": "item/models/knifet"},
		{ "predicate": {"custom_model_data": 15}, "model": "item/models/m4a4_asiimov"},
		{ "predicate": {"custom_model_data": 16}, "model": "item/models/other"},
		{ "predicate": {"custom_model_data": 17}, "model": "item/models/p90_asiimov"},
		{ "predicate": {"custom_model_data": 18}, "model": "item/models/sg553_ultraviolet"},
		{ "predicate": {"custom_model_data": 19}, "model": "item/models/splash"},
		{ "predicate": {"custom_model_data": 20}, "model": "item/models/ssg08_slashed"}
	]
}
