{
	"credit": "Made with Blockbench",
	"textures": {
		"0": "custom/faceduo",
		"1": "custom/nose",
		"particle": "custom/faceduo"
	},
	"elements": [
		{
			"from": [7, 0, 6],
			"to": [9, 1, 10],
			"faces": {
				"north": {"uv": [9, 12, 11, 13], "texture": "#0"},
				"east": {"uv": [7, 10, 11, 11], "texture": "#0"},
				"south": {"uv": [10, 10, 12, 11], "texture": "#0"},
				"west": {"uv": [6, 9, 10, 10], "texture": "#0"},
				"up": {"uv": [0, 0, 2, 4], "texture": "#0"},
				"down": {"uv": [10, 9, 12, 13], "texture": "#0"}
			}
		},
		{
			"from": [6, 1, 5],
			"to": [10, 2, 11],
			"faces": {
				"north": {"uv": [8, 11, 12, 12], "texture": "#0"},
				"east": {"uv": [7, 14, 13, 15], "texture": "#0"},
				"south": {"uv": [9, 9, 13, 10], "texture": "#0"},
				"west": {"uv": [7, 12, 13, 13], "texture": "#0"},
				"up": {"uv": [0, 0, 4, 6], "texture": "#0"},
				"down": {"uv": [10, 10, 14, 16], "texture": "#0"}
			}
		},
		{
			"from": [5, 2, 4],
			"to": [11, 12, 12],
			"faces": {
				"north": {"uv": [0, 6, 6, 16], "texture": "#0"},
				"east": {"uv": [0, 6, 8, 16], "texture": "#0"},
				"south": {"uv": [0, 6, 6, 16], "texture": "#0"},
				"west": {"uv": [1.6, 0, 14.4, 16], "texture": "#0"},
				"up": {"uv": [8, 8, 14, 16], "texture": "#0"},
				"down": {"uv": [6, 8, 12, 16], "texture": "#0"}
			}
		},
		{
			"from": [5, 12, 4],
			"to": [11, 13, 7],
			"faces": {
				"north": {"uv": [6, 7, 12, 8], "texture": "#0"},
				"east": {"uv": [7, 8, 10, 9], "texture": "#0"},
				"south": {"uv": [5, 9, 11, 10], "texture": "#0"},
				"west": {"uv": [5, 12, 8, 13], "texture": "#0"},
				"up": {"uv": [5, 10, 11, 13], "texture": "#0"},
				"down": {"uv": [0, 0, 6, 3], "texture": "#0"}
			}
		},
		{
			"from": [5, 12, 9],
			"to": [11, 13, 12],
			"faces": {
				"north": {"uv": [7, 11, 13, 12], "texture": "#0"},
				"east": {"uv": [6, 10, 9, 11], "texture": "#0"},
				"south": {"uv": [5, 9, 11, 10], "texture": "#0"},
				"west": {"uv": [8, 12, 11, 13], "texture": "#0"},
				"up": {"uv": [6, 8, 12, 11], "texture": "#0"},
				"down": {"uv": [0, 0, 6, 3], "texture": "#0"}
			}
		},
		{
			"from": [5, 13, 4],
			"to": [11, 14, 6],
			"faces": {
				"north": {"uv": [8, 13, 14, 14], "texture": "#0"},
				"east": {"uv": [9, 11, 11, 12], "texture": "#0"},
				"south": {"uv": [8, 9, 14, 10], "texture": "#0"},
				"west": {"uv": [8, 9, 10, 10], "texture": "#0"},
				"up": {"uv": [7, 8, 13, 10], "texture": "#0"},
				"down": {"uv": [0, 0, 6, 2], "texture": "#0"}
			}
		},
		{
			"from": [5, 13, 10],
			"to": [11, 14, 12],
			"faces": {
				"north": {"uv": [8, 14, 14, 15], "texture": "#0"},
				"east": {"uv": [10, 9, 12, 10], "texture": "#0"},
				"south": {"uv": [7, 9, 13, 10], "texture": "#0"},
				"west": {"uv": [6, 8, 8, 9], "texture": "#0"},
				"up": {"uv": [10, 14, 16, 16], "texture": "#0"},
				"down": {"uv": [0, 0, 6, 2], "texture": "#0"}
			}
		},
		{
			"from": [7, 4, 2],
			"to": [9, 9, 4],
			"faces": {
				"north": {"uv": [12, 11, 14, 16], "texture": "#0"},
				"east": {"uv": [10, 11, 12, 16], "texture": "#0"},
				"south": {"uv": [0, 0, 2, 5], "texture": "#0"},
				"west": {"uv": [9, 11, 11, 16], "texture": "#0"},
				"up": {"uv": [9, 11, 11, 13], "texture": "#0"},
				"down": {"uv": [11, 11, 13, 13], "texture": "#0"}
			}
		},
		{
			"from": [7, 5, 0],
			"to": [9, 9, 2],
			"faces": {
				"north": {"uv": [9, 12, 11, 16], "texture": "#0"},
				"east": {"uv": [14, 12, 16, 16], "texture": "#0"},
				"south": {"uv": [0, 0, 2, 4], "texture": "#0"},
				"west": {"uv": [14, 12, 16, 16], "texture": "#0"},
				"up": {"uv": [12, 14, 14, 16], "texture": "#0"},
				"down": {"uv": [10, 14, 12, 16], "texture": "#0"}
			}
		},
		{
			"from": [7, 6, -1],
			"to": [9, 10, 0],
			"faces": {
				"north": {"uv": [7, 11, 9, 15], "texture": "#0"},
				"east": {"uv": [10, 12, 11, 16], "texture": "#0"},
				"south": {"uv": [0, 0, 2, 4], "texture": "#0"},
				"west": {"uv": [0, 0, 1, 4], "texture": "#0"},
				"up": {"uv": [8, 13, 10, 14], "texture": "#0"},
				"down": {"uv": [5, 10, 7, 11], "texture": "#0"}
			}
		},
		{
			"from": [7, 9, 0],
			"to": [9, 10, 1],
			"faces": {
				"north": {"uv": [0, 0, 2, 1], "texture": "#0"},
				"east": {"uv": [0, 0, 1, 1], "texture": "#0"},
				"south": {"uv": [9, 11, 11, 12], "texture": "#0"},
				"west": {"uv": [0, 0, 1, 1], "texture": "#0"},
				"up": {"uv": [9, 13, 11, 14], "texture": "#0"},
				"down": {"uv": [0, 0, 2, 1], "texture": "#0"}
			}
		},
		{
			"from": [4, 7, 7.25],
			"to": [5, 9, 8.75],
			"faces": {
				"north": {"uv": [0, 0, 1, 2], "texture": "#1"},
				"east": {"uv": [0, 0, 2, 2], "texture": "#1"},
				"south": {"uv": [0, 0, 1, 2], "texture": "#1"},
				"west": {"uv": [0, 0, 2, 2], "texture": "#1"},
				"up": {"uv": [0, 0, 1, 2], "texture": "#1"},
				"down": {"uv": [0, 0, 1, 2], "texture": "#1"}
			}
		},
		{
			"from": [3, 7, 7.25],
			"to": [4, 8, 8.75],
			"faces": {
				"north": {"uv": [0, 0, 1, 1], "texture": "#1"},
				"east": {"uv": [0, 0, 2, 1], "texture": "#1"},
				"south": {"uv": [0, 0, 1, 1], "texture": "#1"},
				"west": {"uv": [0, 0, 2, 1], "texture": "#1"},
				"up": {"uv": [0, 0, 1, 2], "texture": "#1"},
				"down": {"uv": [0, 0, 1, 2], "texture": "#1"}
			}
		},
		{
			"from": [7, 4, 12],
			"to": [9, 9, 14],
			"faces": {
				"north": {"uv": [12, 11, 14, 16], "texture": "#0"},
				"east": {"uv": [10, 11, 12, 16], "texture": "#0"},
				"south": {"uv": [0, 0, 2, 5], "texture": "#0"},
				"west": {"uv": [9, 11, 11, 16], "texture": "#0"},
				"up": {"uv": [9, 11, 11, 13], "texture": "#0"},
				"down": {"uv": [11, 11, 13, 13], "texture": "#0"}
			}
		},
		{
			"from": [7, 5, 14],
			"to": [9, 9, 16],
			"faces": {
				"north": {"uv": [9, 12, 11, 16], "texture": "#0"},
				"east": {"uv": [14, 12, 16, 16], "texture": "#0"},
				"south": {"uv": [0, 0, 2, 4], "texture": "#0"},
				"west": {"uv": [14, 12, 16, 16], "texture": "#0"},
				"up": {"uv": [12, 14, 14, 16], "texture": "#0"},
				"down": {"uv": [10, 14, 12, 16], "texture": "#0"}
			}
		},
		{
			"from": [7, 6, 16],
			"to": [9, 10, 17],
			"faces": {
				"north": {"uv": [7, 11, 9, 15], "texture": "#0"},
				"east": {"uv": [10, 12, 11, 16], "texture": "#0"},
				"south": {"uv": [0, 0, 2, 4], "texture": "#0"},
				"west": {"uv": [0, 0, 1, 4], "texture": "#0"},
				"up": {"uv": [8, 13, 10, 14], "texture": "#0"},
				"down": {"uv": [5, 10, 7, 11], "texture": "#0"}
			}
		},
		{
			"from": [7, 9, 15],
			"to": [9, 10, 16],
			"faces": {
				"north": {"uv": [0, 0, 2, 1], "texture": "#0"},
				"east": {"uv": [0, 0, 1, 1], "texture": "#0"},
				"south": {"uv": [9, 11, 11, 12], "texture": "#0"},
				"west": {"uv": [0, 0, 1, 1], "texture": "#0"},
				"up": {"uv": [9, 13, 11, 14], "texture": "#0"},
				"down": {"uv": [0, 0, 2, 1], "texture": "#0"}
			}
		}
	],
	"display": {
		"thirdperson_righthand": {
			"rotation": [90, -72, 0],
			"translation": [-6, 5.5, 3],
			"scale": [2, 2, 2]
		},
		"thirdperson_lefthand": {
			"rotation": [90, 90, 0],
			"translation": [-6, -2.5, 11],
			"scale": [2, 2, 2]
		},
		"head": {
			"rotation": [0, -90, 0],
			"translation": [0, -80, 0],
			"scale": [4, 4, 4]
		}
	}
}