{
	"credit": "Made with Blockbench",
	"textures": {
		"0": "chip/red_chip",
		"particle": "chip/red_chip"
	},
	"elements": [
		{
			"from": [6, 3, 9],
			"to": [10, 7, 11],
			"rotation": {"angle": 0, "axis": "y", "origin": [7.5, 4.5, 10.5]},
			"faces": {
				"north": {"uv": [12, 9, 16, 11], "texture": "#0"},
				"east": {"uv": [11, 12, 9, 16], "texture": "#0"},
				"south": {"uv": [12, 12, 16, 16], "texture": "#0"},
				"west": {"uv": [9, 12, 11, 16], "texture": "#0"},
				"up": {"uv": [12, 9, 16, 11], "texture": "#0"},
				"down": {"uv": [12, 9, 16, 11], "texture": "#0"}
			}
		},
		{
			"from": [4, 1, 0.65],
			"to": [12, 9, 0.65],
			"rotation": {"angle": 0, "axis": "y", "origin": [8, 5, 0]},
			"faces": {
				"north": {"uv": [8, 0, 16, 8], "texture": "#0"},
				"east": {"uv": [10, 6, 14, 8], "texture": "#0"},
				"south": {"uv": [10, 6, 14, 8], "texture": "#0"},
				"west": {"uv": [10, 6, 14, 8], "texture": "#0"},
				"up": {"uv": [10, 6, 14, 8], "texture": "#0"},
				"down": {"uv": [10, 6, 14, 8], "texture": "#0"}
			}
		}
	],
	"gui_light": "front",
	"display": {
		"thirdperson_righthand": {
			"rotation": [0, -67, 0],
			"translation": [1.5, 3.25, -0.25]
		},
		"thirdperson_lefthand": {
			"rotation": [0, -67, 0],
			"translation": [1.5, 3.25, -0.25]
		},
		"firstperson_righthand": {
			"rotation": [-35, -36, 0],
			"translation": [1.25, 3.25, -2.25]
		},
		"firstperson_lefthand": {
			"rotation": [-35, -36, 0],
			"translation": [1.25, 3.25, -2.25]
		},
		"ground": {
			"rotation": [-90, 0, 0],
			"translation": [0, -3.25, 0]
		},
		"gui": {
			"translation": [0, 5.25, 0],
			"scale": [1.5, 1.5, 1.5]
		},
		"head": {
			"translation": [0, 4.5, 4.75],
			"scale": [1.58, 1.52, 1.52]
		},
		"fixed": {
			"rotation": [0, -180, 0],
			"translation": [-0.25, 4.25, 1.25],
			"scale": [1.5, 1.5, 1.5]
		}
	}
}