{
	"credit": "Made with Blockbench",
	"textures": {
		"1": "chip/headset",
		"particle": "skin/skin"
	},
	"elements": [
		{
			"name": "helmet1",
			"from": [3.4, 21.1, 3.4],
			"to": [12.6, 30.3, 12.6],
			"rotation": {"angle": 0, "axis": "y", "origin": [8, 6, 8]},
			"faces": {
				"north": {"uv": [4, 4, 8, 8], "texture": "#1"},
				"east": {"uv": [0, 4, 4, 8], "texture": "#1"},
				"south": {"uv": [12, 4, 16, 8], "texture": "#1"},
				"west": {"uv": [8, 4, 12, 8], "texture": "#1"},
				"up": {"uv": [4, 0, 8, 4], "texture": "#1"},
				"down": {"uv": [8, 0, 12, 4], "texture": "#1"}
			}
		},
		{
			"name": "helmet2",
			"from": [3.3, 21.2, 3.3],
			"to": [12.7, 30.6, 12.7],
			"rotation": {"angle": 0, "axis": "y", "origin": [8, 6, 8]},
			"faces": {
				"north": {"uv": [4, 12, 8, 16], "texture": "#1"},
				"east": {"uv": [0, 12, 4, 16], "texture": "#1"},
				"south": {"uv": [12, 12, 16, 16], "texture": "#1"},
				"west": {"uv": [8, 12, 12, 16], "texture": "#1"},
				"up": {"uv": [12, 12, 16, 16], "texture": "#1"},
				"down": {"uv": [12, 12, 16, 16], "texture": "#1"}
			}
		}
	],
	"gui_light": "front",
	"display": {
		"thirdperson_righthand": {
			"rotation": [0, 31, 0],
			"translation": [0, -9.5, 0],
			"scale": [0.5, 0.5, 0.5]
		},
		"thirdperson_lefthand": {
			"rotation": [0, 31, 0],
			"translation": [0, -9.5, 0],
			"scale": [0.5, 0.5, 0.5]
		},
		"firstperson_righthand": {
			"rotation": [10, 119, -1],
			"translation": [0, -5.25, 0],
			"scale": [0.5, 0.5, 0.5]
		},
		"firstperson_lefthand": {
			"rotation": [10, 119, -1],
			"translation": [0, -5.25, 0],
			"scale": [0.5, 0.5, 0.5]
		},
		"ground": {
			"translation": [0, -15.75, 0]
		},
		"gui": {
			"rotation": [0, -180, 0],
			"translation": [0, -19, 0]
		},
		"head": {
			"translation": [0, -29, 0],
			"scale": [1.6, 1.6, 1.6]
		},
		"fixed": {
			"translation": [0, -19, 0]
		}
	},
	"groups": [
		{
			"name": "steve",
			"origin": [8, 8, 8],
			"children": [0, 1]
		}
	]
}