{
	"credit": "Made with Blockbench",
	"textures": {
		"3": "hats/wood"
	},
	"elements": [
		{
			"from": [6, 12, 6.8],
			"to": [10, 22, 9.8],
			"faces": {
				"north": {"uv": [12, 0, 13, 3.75], "texture": "#3"},
				"east": {"uv": [12, 0, 13, 3.75], "texture": "#3"},
				"south": {"uv": [12, 0, 13, 3.75], "texture": "#3"},
				"west": {"uv": [12, 0, 13, 3.75], "texture": "#3"},
				"up": {"uv": [12, 0, 13, 0.5], "texture": "#3"},
				"down": {"uv": [12, 3, 13, 3.75], "texture": "#3"}
			}
		},
		{
			"from": [-1, -3, -1.2],
			"to": [17, 1, 16.8],
			"faces": {
				"north": {"uv": [3, 9.75, 6, 10.75], "texture": "#3"},
				"east": {"uv": [3, 9.75, 6, 10.75], "texture": "#3"},
				"south": {"uv": [3, 9.75, 6, 10.75], "texture": "#3"},
				"west": {"uv": [3, 9.75, 6, 10.75], "texture": "#3"},
				"up": {"uv": [3, 8, 6, 11], "texture": "#3"},
				"down": {"uv": [3, 8, 6, 11], "texture": "#3"}
			}
		}
	],
	"display": {
		"head": {
			"translation": [0, -10.5, 0],
			"scale": [1.9, 1.9, 1.9]
		}
	},
	"groups": [
		{
			"name": "Mask",
			"origin": [8, 8, 8],
			"children": [0, 1]
		}
	]
}