{
	"credit": "Made with Blockbench",
	"textures": {
		"3": "hats/arrow"
	},
	"elements": [
		{
			"from": [2, 16.1, -8],
			"to": [14, 16.1, 20],
			"faces": {
				"north": {"uv": [6.5, 5.5, 7.5, 6.5], "rotation": 90, "texture": "#3"},
				"east": {"uv": [6.5, 5.5, 7.5, 6.5], "rotation": 90, "texture": "#3"},
				"south": {"uv": [6.5, 5.5, 7.5, 6.5], "rotation": 90, "texture": "#3"},
				"west": {"uv": [6.5, 5.5, 7.5, 6.5], "rotation": 90, "texture": "#3"},
				"up": {"uv": [0, 0, 8, 2.5], "rotation": 270, "texture": "#3"},
				"down": {"uv": [6.5, 5.5, 7.5, 6.5], "rotation": 270, "texture": "#3"}
			}
		},
		{
			"from": [2, 10.1, 17],
			"to": [14, 22.1, 17],
			"faces": {
				"north": {"uv": [0, 2.5, 2.5, 5], "rotation": 270, "texture": "#3"},
				"east": {"uv": [0, 2.5, 2.5, 5], "rotation": 270, "texture": "#3"},
				"south": {"uv": [0, 2.5, 2.5, 5], "rotation": 270, "texture": "#3"},
				"west": {"uv": [0, 2.5, 2.5, 5], "rotation": 270, "texture": "#3"},
				"up": {"uv": [0, 2.5, 2.5, 5], "rotation": 270, "texture": "#3"},
				"down": {"uv": [0, 2.5, 2.5, 5], "rotation": 270, "texture": "#3"}
			}
		},
		{
			"from": [4, 12.1, 15],
			"to": [12, 20.1, 15],
			"faces": {
				"north": {"uv": [0, 2.5, 2.5, 5], "rotation": 270, "texture": "#3"},
				"east": {"uv": [0, 2.5, 2.5, 5], "rotation": 270, "texture": "#3"},
				"south": {"uv": [0, 2.5, 2.5, 5], "rotation": 270, "texture": "#3"},
				"west": {"uv": [0, 2.5, 2.5, 5], "rotation": 270, "texture": "#3"},
				"up": {"uv": [0, 2.5, 2.5, 5], "rotation": 270, "texture": "#3"},
				"down": {"uv": [0, 2.5, 2.5, 5], "rotation": 270, "texture": "#3"}
			}
		}
	],
	"display": {
		"head": {
			"translation": [0, -10.5, 0],
			"scale": [1.9, 1.9, 1.9]
		}
	},
	"groups": [
		{
			"name": "Mask",
			"origin": [8, 8, 8],
			"children": [0, 1, 2]
		}
	]
}