{
	"credit": "Made with Blockbench",
	"textures": {
		"3": "hats/axolotl"
	},
	"elements": [
		{
			"from": [10, 4, -0.09],
			"to": [21, 22.2, -0.09],
			"rotation": {"angle": 0, "axis": "y", "origin": [13, 9, 8]},
			"faces": {
				"north": {"uv": [0, 12, 3, 16], "texture": "#3"},
				"east": {"uv": [0, 12, 3, 16], "texture": "#3"},
				"south": {"uv": [3, 12, 0, 16], "texture": "#3"},
				"west": {"uv": [0, 12, 3, 16], "texture": "#3"},
				"up": {"uv": [0, 12, 3, 16], "texture": "#3"},
				"down": {"uv": [0, 12, 3, 16], "texture": "#3"}
			}
		},
		{
			"from": [-5, 4, -0.09],
			"to": [6, 22.2, -0.09],
			"rotation": {"angle": 0, "axis": "y", "origin": [-1.5, 15.1, -0.09]},
			"faces": {
				"north": {"uv": [3, 12, 0, 16], "texture": "#3"},
				"east": {"uv": [0, 12, 3, 16], "texture": "#3"},
				"south": {"uv": [0, 12, 3, 16], "texture": "#3"},
				"west": {"uv": [0, 12, 3, 16], "texture": "#3"},
				"up": {"uv": [0, 12, 3, 16], "rotation": 180, "texture": "#3"},
				"down": {"uv": [0, 12, 3, 16], "rotation": 180, "texture": "#3"}
			}
		},
		{
			"from": [8, 4, 8.91],
			"to": [8, 16.2, 31],
			"rotation": {"angle": 22.5, "axis": "x", "origin": [8, 10.1, 19.955]},
			"faces": {
				"north": {"uv": [9.5, 10.5, 15, 13], "texture": "#3"},
				"east": {"uv": [9.5, 10.5, 15, 13], "texture": "#3"},
				"south": {"uv": [9.5, 10.5, 15, 13], "texture": "#3"},
				"west": {"uv": [15, 10.5, 9.5, 13], "texture": "#3"},
				"up": {"uv": [9.5, 10.5, 15, 13], "texture": "#3"},
				"down": {"uv": [9.5, 10.5, 15, 13], "texture": "#3"}
			}
		}
	],
	"display": {
		"head": {
			"translation": [0, -10.5, 0],
			"scale": [1.9, 1.9, 1.9]
		}
	},
	"groups": [
		{
			"name": "Mask",
			"origin": [8, 8, 8],
			"children": [0, 1, 2]
		}
	]
}