{
	"credit": "Made with Blockbench",
	"textures": {
		"3": "hats/bat"
	},
	"elements": [
		{
			"from": [13, 8, 7],
			"to": [22, 17, 7],
			"faces": {
				"north": {"uv": [10.75, 0.25, 13.25, 4], "texture": "#3"},
				"east": {"uv": [10.75, 0.25, 13.25, 4], "texture": "#3"},
				"south": {"uv": [13.25, 0.25, 10.75, 4], "texture": "#3"},
				"west": {"uv": [10.75, 0.25, 13.25, 4], "texture": "#3"},
				"up": {"uv": [10.75, 0.25, 13.25, 4], "texture": "#3"},
				"down": {"uv": [10.75, 0.25, 13.25, 4], "texture": "#3"}
			}
		},
		{
			"from": [22, 8, 7],
			"to": [30, 17, 7],
			"faces": {
				"north": {"uv": [6.25, 4, 8.25, 7.75], "texture": "#3"},
				"east": {"uv": [6.25, 4, 8.25, 7.75], "texture": "#3"},
				"south": {"uv": [8.25, 4, 6.25, 7.75], "texture": "#3"},
				"west": {"uv": [6.25, 4, 8.25, 7.75], "texture": "#3"},
				"up": {"uv": [6.25, 4, 8.25, 7.75], "texture": "#3"},
				"down": {"uv": [6.25, 4, 8.25, 7.75], "texture": "#3"}
			}
		},
		{
			"from": [-5, 8, 7],
			"to": [4, 17, 7],
			"faces": {
				"north": {"uv": [13.25, 0.25, 10.75, 4], "texture": "#3"},
				"east": {"uv": [10.75, 0.25, 13.25, 4], "texture": "#3"},
				"south": {"uv": [10.75, 0.25, 13.25, 4], "texture": "#3"},
				"west": {"uv": [10.75, 0.25, 13.25, 4], "texture": "#3"},
				"up": {"uv": [10.75, 0.25, 13.25, 4], "texture": "#3"},
				"down": {"uv": [10.75, 0.25, 13.25, 4], "texture": "#3"}
			}
		},
		{
			"from": [-13, 8, 7],
			"to": [-5, 17, 7],
			"faces": {
				"north": {"uv": [8.25, 4, 6.25, 7.75], "texture": "#3"},
				"east": {"uv": [6.25, 4, 8.25, 7.75], "texture": "#3"},
				"south": {"uv": [6.25, 4, 8.25, 7.75], "texture": "#3"},
				"west": {"uv": [6.25, 4, 8.25, 7.75], "texture": "#3"},
				"up": {"uv": [6.25, 4, 8.25, 7.75], "texture": "#3"},
				"down": {"uv": [6.25, 4, 8.25, 7.75], "texture": "#3"}
			}
		},
		{
			"from": [10, 15, 3],
			"to": [14, 19, 4],
			"faces": {
				"north": {"uv": [6.25, 0, 7, 1.25], "texture": "#3"},
				"east": {"uv": [6, 0.5, 6.75, 1.25], "texture": "#3"},
				"south": {"uv": [7.25, 0.25, 8, 1.25], "texture": "#3"},
				"west": {"uv": [6, 0.25, 6.75, 1.25], "texture": "#3"},
				"up": {"uv": [6.25, 0, 7, 0.75], "texture": "#3"},
				"down": {"uv": [6, 0.25, 6.75, 1.25], "texture": "#3"}
			}
		},
		{
			"from": [2, 15, 3],
			"to": [6, 19, 4],
			"faces": {
				"north": {"uv": [6.25, 0, 7, 1.25], "texture": "#3"},
				"east": {"uv": [6, 0.25, 6.75, 1.25], "texture": "#3"},
				"south": {"uv": [7.25, 0.5, 8, 1.25], "texture": "#3"},
				"west": {"uv": [6, 0.5, 6.75, 1.25], "texture": "#3"},
				"up": {"uv": [6.25, 0, 7, 0.75], "rotation": 180, "texture": "#3"},
				"down": {"uv": [6, 0.25, 6.75, 1.25], "rotation": 180, "texture": "#3"}
			}
		}
	],
	"display": {
		"head": {
			"translation": [0, -10.5, 0],
			"scale": [1.9, 1.9, 1.9]
		}
	},
	"groups": [
		{
			"name": "Mask",
			"origin": [8, 8, 8],
			"children": [0, 1, 2, 3, 4, 5]
		}
	]
}