{
	"credit": "Made with Blockbench",
	"textures": {
		"0": "hats/bee",
		"particle": "hats/bee"
	},
	"elements": [
		{
			"from": [8.8, 7, -1.2],
			"to": [14.8, 13, -0.2],
			"rotation": {"angle": 0, "axis": "y", "origin": [7, 9, 8]},
			"faces": {
				"north": {"uv": [2.25, 3.25, 3, 4], "texture": "#0"},
				"east": {"uv": [2.25, 3.5, 2.75, 4], "texture": "#0"},
				"south": {"uv": [2.25, 3.5, 2.75, 4], "texture": "#0"},
				"west": {"uv": [2.25, 3.5, 2.75, 4], "texture": "#0"},
				"up": {"uv": [2.25, 3.5, 2.75, 4], "texture": "#0"},
				"down": {"uv": [2.25, 3.5, 2.75, 4], "texture": "#0"}
			}
		},
		{
			"from": [-2.2, -1, 1.8],
			"to": [17.8, 17, 17.8],
			"faces": {
				"north": {"uv": [1.5, 2.5, 2.25, 3.25], "texture": "#0"},
				"east": {"uv": [0, 2.5, 2, 4.25], "texture": "#0"},
				"south": {"uv": [6.5, 2.5, 8.25, 4.25], "texture": "#0"},
				"west": {"uv": [4.75, 2.5, 6.75, 4.25], "texture": "#0"},
				"up": {"uv": [6.75, 5.5, 8.5, 7.5], "texture": "#0"},
				"down": {"uv": [4.25, 0, 6, 2], "texture": "#0"}
			}
		},
		{
			"from": [16.8, 15, 2.8],
			"to": [27.8, 15, 13.8],
			"rotation": {"angle": 22.5, "axis": "z", "origin": [18.3, 15, 8.3]},
			"faces": {
				"north": {"uv": [3.75, 6, 2, 4.5], "texture": "#0"},
				"east": {"uv": [3.75, 6, 2, 4.5], "texture": "#0"},
				"south": {"uv": [3.75, 6, 2, 4.5], "texture": "#0"},
				"west": {"uv": [3.75, 6, 2, 4.5], "texture": "#0"},
				"up": {"uv": [3.75, 6, 2, 4.5], "texture": "#0"},
				"down": {"uv": [3.75, 4.5, 2, 6], "texture": "#0"}
			}
		},
		{
			"from": [-12.2, 15, 2.8],
			"to": [-1.2, 15, 13.8],
			"rotation": {"angle": -22.5, "axis": "z", "origin": [-2.7, 15, 8.3]},
			"faces": {
				"north": {"uv": [2, 6, 3.75, 4.5], "texture": "#0"},
				"east": {"uv": [2, 6, 3.75, 4.5], "texture": "#0"},
				"south": {"uv": [2, 6, 3.75, 4.5], "texture": "#0"},
				"west": {"uv": [2, 6, 3.75, 4.5], "texture": "#0"},
				"up": {"uv": [2, 6, 3.75, 4.5], "texture": "#0"},
				"down": {"uv": [2, 4.5, 3.75, 6], "texture": "#0"}
			}
		},
		{
			"from": [7, 6, 17.8],
			"to": [9, 8, 22.8],
			"faces": {
				"north": {"uv": [9.25, 2, 11, 3.75], "texture": "#0"},
				"east": {"uv": [9.25, 2, 11, 3.75], "texture": "#0"},
				"south": {"uv": [9.25, 2, 11, 3.75], "texture": "#0"},
				"west": {"uv": [9.25, 2, 11, 3.75], "texture": "#0"},
				"up": {"uv": [9.25, 2, 11, 3.75], "texture": "#0"},
				"down": {"uv": [9.25, 2, 11, 3.75], "texture": "#0"}
			}
		},
		{
			"from": [1.2, 7, -1.2],
			"to": [7.2, 13, -0.2],
			"rotation": {"angle": 0, "axis": "y", "origin": [9, 9, 8]},
			"faces": {
				"north": {"uv": [3.75, 3.25, 4.5, 4], "texture": "#0"},
				"east": {"uv": [2.25, 3.5, 2.75, 4], "texture": "#0"},
				"south": {"uv": [2.25, 3.5, 2.75, 4], "texture": "#0"},
				"west": {"uv": [2.25, 3.5, 2.75, 4], "texture": "#0"},
				"up": {"uv": [2.25, 3.5, 2.75, 4], "texture": "#0"},
				"down": {"uv": [2.25, 3.5, 2.75, 4], "texture": "#0"}
			}
		}
	],
	"display": {
		"head": {
			"translation": [0, -10.5, 0],
			"scale": [1.9, 1.9, 1.9]
		}
	},
	"groups": [
		{
			"name": "Mask",
			"origin": [8, 8, 8],
			"children": [0, 1, 2, 3, 4, 5]
		}
	]
}