{
	"credit": "Made with Blockbench",
	"textures": {
		"3": "hats/blaze"
	},
	"elements": [
		{
			"from": [0.1, 0.1, 0.9],
			"to": [15.9, 15.2, 16.9],
			"faces": {
				"north": {"uv": [7.5, 4, 12, 8], "texture": "#3"},
				"east": {"uv": [7.5, 4, 12, 8], "texture": "#3"},
				"south": {"uv": [7.5, 4, 12, 8], "texture": "#3"},
				"west": {"uv": [7.5, 4, 12, 8], "texture": "#3"},
				"up": {"uv": [4, 0, 8, 4], "texture": "#3"},
				"down": {"uv": [8, 0, 12, 4], "texture": "#3"}
			}
		},
		{
			"from": [17.1, 0.1, 13.9],
			"to": [19.9, 15.2, 16.9],
			"faces": {
				"north": {"uv": [7, 0, 8, 4], "texture": "#3"},
				"east": {"uv": [7, 0, 8, 4], "texture": "#3"},
				"south": {"uv": [7, 0, 8, 4], "texture": "#3"},
				"west": {"uv": [7, 0, 8, 4], "texture": "#3"},
				"up": {"uv": [7, 0, 8, 4], "texture": "#3"},
				"down": {"uv": [7, 0, 8, 4], "texture": "#3"}
			}
		},
		{
			"from": [17.1, 5.1, 0.9],
			"to": [19.9, 20.2, 3.9],
			"faces": {
				"north": {"uv": [7, 0, 8, 4], "texture": "#3"},
				"east": {"uv": [7, 0, 8, 4], "texture": "#3"},
				"south": {"uv": [7, 0, 8, 4], "texture": "#3"},
				"west": {"uv": [7, 0, 8, 4], "texture": "#3"},
				"up": {"uv": [7, 0, 8, 4], "texture": "#3"},
				"down": {"uv": [7, 0, 8, 4], "texture": "#3"}
			}
		},
		{
			"from": [-3.9, 4.1, 11.9],
			"to": [-1.1, 19.2, 14.9],
			"faces": {
				"north": {"uv": [7, 0, 8, 4], "texture": "#3"},
				"east": {"uv": [7, 0, 8, 4], "texture": "#3"},
				"south": {"uv": [7, 0, 8, 4], "texture": "#3"},
				"west": {"uv": [7, 0, 8, 4], "texture": "#3"},
				"up": {"uv": [7, 0, 8, 4], "texture": "#3"},
				"down": {"uv": [7, 0, 8, 4], "texture": "#3"}
			}
		},
		{
			"from": [-3.9, -1.9, 2.9],
			"to": [-1.1, 13.2, 5.9],
			"faces": {
				"north": {"uv": [7, 0, 8, 4], "texture": "#3"},
				"east": {"uv": [7, 0, 8, 4], "texture": "#3"},
				"south": {"uv": [7, 0, 8, 4], "texture": "#3"},
				"west": {"uv": [7, 0, 8, 4], "texture": "#3"},
				"up": {"uv": [7, 0, 8, 4], "texture": "#3"},
				"down": {"uv": [7, 0, 8, 4], "texture": "#3"}
			}
		},
		{
			"from": [1.1, -0.9, 18.9],
			"to": [3.9, 14.2, 21.9],
			"faces": {
				"north": {"uv": [7, 0, 8, 4], "texture": "#3"},
				"east": {"uv": [7, 0, 8, 4], "texture": "#3"},
				"south": {"uv": [7, 0, 8, 4], "texture": "#3"},
				"west": {"uv": [7, 0, 8, 4], "texture": "#3"},
				"up": {"uv": [7, 0, 8, 4], "texture": "#3"},
				"down": {"uv": [7, 0, 8, 4], "texture": "#3"}
			}
		}
	],
	"display": {
		"head": {
			"scale": [1.9, 1.9, 1.9],
			"translation": [0, -10.5, 0]
		}
	},
	"groups": [
		{
			"name": "Mask",
			"children": [0, 1, 2, 3, 4, 5]
		}
	]
}