{
	"credit": "Made with Blockbench",
	"textures": {
		"0": "hats/boats/dark_oak",
		"particle": "hats/boats/dark_oak"
	},
	"elements": [
		{
			"from": [-2, -3, -4],
			"to": [18, 4.1, 20],
			"faces": {
				"north": {"uv": [3, 1, 11, 5], "texture": "#0"},
				"east": {"uv": [3, 1, 11, 5], "texture": "#0"},
				"south": {"uv": [3, 1, 11, 5], "texture": "#0"},
				"west": {"uv": [3, 1, 11, 5], "texture": "#0"},
				"up": {"uv": [1, 10.5, 9, 15.5], "texture": "#0"},
				"down": {"uv": [3, 1, 11, 9], "texture": "#0"}
			}
		},
		{
			"from": [1, -3, -6],
			"to": [16, 3.1, -4],
			"faces": {
				"north": {"uv": [3, 1, 11, 5], "texture": "#0"},
				"east": {"uv": [3, 1, 4, 5], "texture": "#0"},
				"south": {"uv": [3, 1, 11, 5], "texture": "#0"},
				"west": {"uv": [10.5, 1, 11.5, 5], "texture": "#0"},
				"up": {"uv": [3, 1, 11, 2], "texture": "#0"},
				"down": {"uv": [3, 1, 11, 9], "texture": "#0"}
			}
		}
	],
	"display": {
		"head": {
			"scale": [1.9, 1.9, 1.9],
			"translation": [0, -10.5, 0]
		}
	},
	"groups": [
		{
			"name": "Mask",
			"children": [0, 1]
		}
	]
}