{
	"credit": "Made with Blockbench",
	"textures": {
		"0": "hats/cats/ocelot",
		"particle": "hats/cats/ocelot"
	},
	"elements": [
		{
			"from": [6, 6, -2.2],
			"to": [10, 8, -0.2],
			"faces": {
				"north": {"uv": [0.5, 13, 3, 14], "texture": "#0"},
				"east": {"uv": [2.5, 0, 5, 2.5], "texture": "#0"},
				"south": {"uv": [2.5, 0, 5, 2.5], "texture": "#0"},
				"west": {"uv": [2.5, 0, 5, 2.5], "texture": "#0"},
				"up": {"uv": [2.5, 0, 5, 2.5], "texture": "#0"},
				"down": {"uv": [2.5, 0, 5, 2.5], "texture": "#0"}
			}
		},
		{
			"from": [12, 15, 3.8],
			"to": [13, 17, 7.8],
			"faces": {
				"north": {"uv": [5.5, 7.5, 6.5, 8.5], "texture": "#0"},
				"east": {"uv": [7, 9.5, 8, 10.5], "texture": "#0"},
				"south": {"uv": [2.5, 0, 5, 2.5], "texture": "#0"},
				"west": {"uv": [2.5, 0, 5, 2.5], "texture": "#0"},
				"up": {"uv": [2.5, 0, 5, 2.5], "texture": "#0"},
				"down": {"uv": [2.5, 0, 5, 2.5], "texture": "#0"}
			}
		},
		{
			"from": [3, 15, 3.8],
			"to": [4, 17, 7.8],
			"faces": {
				"north": {"uv": [2.5, 0, 5, 2.5], "texture": "#0"},
				"east": {"uv": [2.5, 0, 5, 2.5], "texture": "#0"},
				"south": {"uv": [5.5, 7.5, 6.5, 8.5], "texture": "#0"},
				"west": {"uv": [7, 9.5, 8, 10.5], "texture": "#0"},
				"up": {"uv": [2.5, 0, 5, 2.5], "rotation": 180, "texture": "#0"},
				"down": {"uv": [2.5, 0, 5, 2.5], "rotation": 180, "texture": "#0"}
			}
		},
		{
			"from": [8, 7, 13.8],
			"to": [9, 8, 22.8],
			"faces": {
				"north": {"uv": [2.5, 0, 5, 2.5], "texture": "#0"},
				"east": {"uv": [2.5, 0, 5, 1], "texture": "#0"},
				"south": {"uv": [2.5, 0, 5, 2.5], "texture": "#0"},
				"west": {"uv": [2.5, 0, 5, 1], "texture": "#0"},
				"up": {"uv": [2.5, 0, 3.5, 2.5], "texture": "#0"},
				"down": {"uv": [2.5, 0, 3.5, 2.5], "texture": "#0"}
			}
		},
		{
			"from": [8, 7, 22.8],
			"to": [9, 8, 23.8],
			"faces": {
				"north": {"uv": [7, 9.5, 8, 10.5], "texture": "#0"},
				"east": {"uv": [7, 9.5, 8, 10.5], "texture": "#0"},
				"south": {"uv": [7, 9.5, 8, 10.5], "texture": "#0"},
				"west": {"uv": [7, 9.5, 8, 10.5], "texture": "#0"},
				"up": {"uv": [7, 9.5, 8, 10.5], "texture": "#0"},
				"down": {"uv": [7, 9.5, 8, 10.5], "texture": "#0"}
			}
		}
	],
	"display": {
		"head": {
			"scale": [1.9, 1.9, 1.9],
			"translation": [0, -10.5, 0]
		}
	},
	"groups": [
		{
			"name": "Mask",
			"children": [0, 1, 2, 3, 4]
		}
	]
}