{
	"credit": "Made with Blockbench",
	"textures": {
		"3": "hats/chicken"
	},
	"elements": [
		{
			"from": [4.9, 4, -4.1],
			"to": [11.1, 6.2, -1.1],
			"faces": {
				"north": {"uv": [8, 1, 10, 2], "texture": "#3"},
				"east": {"uv": [8, 1, 10, 2], "texture": "#3"},
				"south": {"uv": [8, 1, 10, 2], "texture": "#3"},
				"west": {"uv": [8, 1, 10, 2], "texture": "#3"},
				"up": {"uv": [8, 0, 10, 1], "rotation": 180, "texture": "#3"},
				"down": {"uv": [11, 1, 12, 2], "rotation": 180, "texture": "#3"}
			}
		},
		{
			"from": [6.5, 2, -3.1],
			"to": [9.7, 4.2, -1.1],
			"faces": {
				"north": {"uv": [8, 2.5, 10, 3.5], "rotation": 180, "texture": "#3"},
				"east": {"uv": [8, 2.5, 10, 3.5], "rotation": 180, "texture": "#3"},
				"south": {"uv": [8, 2.5, 10, 3.5], "rotation": 180, "texture": "#3"},
				"west": {"uv": [8, 2.5, 10, 3.5], "rotation": 180, "texture": "#3"},
				"up": {"uv": [8, 2.5, 10, 3.5], "rotation": 180, "texture": "#3"},
				"down": {"uv": [8, 2.5, 10, 3.5], "rotation": 180, "texture": "#3"}
			}
		},
		{
			"from": [13.9, 10, 2.9],
			"to": [20.1, 12.2, 11.9],
			"faces": {
				"north": {"uv": [9, 7.5, 12, 11.5], "texture": "#3"},
				"east": {"uv": [9, 7.5, 12, 11.5], "texture": "#3"},
				"south": {"uv": [9, 7.5, 12, 11.5], "texture": "#3"},
				"west": {"uv": [9, 7.5, 12, 11.5], "texture": "#3"},
				"up": {"uv": [9, 7.5, 12, 11.5], "rotation": 180, "texture": "#3"},
				"down": {"uv": [9, 7.5, 12, 11.5], "rotation": 180, "texture": "#3"}
			}
		},
		{
			"from": [-4.1, 10, 2.9],
			"to": [2.1, 12.2, 11.9],
			"faces": {
				"north": {"uv": [9, 7.5, 12, 11.5], "texture": "#3"},
				"east": {"uv": [9, 7.5, 12, 11.5], "texture": "#3"},
				"south": {"uv": [9, 7.5, 12, 11.5], "texture": "#3"},
				"west": {"uv": [9, 7.5, 12, 11.5], "texture": "#3"},
				"up": {"uv": [9, 7.5, 12, 11.5], "rotation": 180, "texture": "#3"},
				"down": {"uv": [9, 7.5, 12, 11.5], "rotation": 180, "texture": "#3"}
			}
		}
	],
	"display": {
		"head": {
			"scale": [1.9, 1.9, 1.9],
			"translation": [0, -10.5, 0]
		}
	},
	"groups": [
		{
			"name": "Mask",
			"children": [0, 1, 2, 3]
		}
	]
}