{
	"credit": "Made with Blockbench",
	"textures": {
		"1": "hats/cod",
		"particle": "hats/cod"
	},
	"elements": [
		{
			"from": [0.9, 0.9, -0.09],
			"to": [15.1, 16.1, 17.91],
			"faces": {
				"north": {"uv": [3.5, 3.5, 7, 5.5], "texture": "#1"},
				"east": {"uv": [3.5, 3.5, 7, 5.5], "texture": "#1"},
				"south": {"uv": [3.5, 3.5, 7, 5.5], "texture": "#1"},
				"west": {"uv": [3.5, 3.5, 7, 5.5], "texture": "#1"},
				"up": {"uv": [3.5, 3.5, 7, 4.5], "rotation": 180, "texture": "#1"},
				"down": {"uv": [4.5, 0, 5.5, 1], "rotation": 180, "texture": "#1"}
			}
		},
		{
			"from": [8.1, 3.9, 17.9],
			"to": [8.1, 12.1, 26.9],
			"faces": {
				"north": {"uv": [13, 3.5, 16, 6], "texture": "#1"},
				"east": {"uv": [16, 3.5, 13, 6], "texture": "#1"},
				"south": {"uv": [13, 3.5, 16, 6], "texture": "#1"},
				"west": {"uv": [13, 3.5, 16, 6], "texture": "#1"},
				"up": {"uv": [13, 3.5, 16, 6], "texture": "#1"},
				"down": {"uv": [13, 3.5, 16, 6], "texture": "#1"}
			}
		},
		{
			"from": [8.1, 13.9, 1.9],
			"to": [8.1, 18.1, 15.9],
			"faces": {
				"north": {"uv": [13, 0, 16, 1], "texture": "#1"},
				"east": {"uv": [16, 0, 13, 1], "texture": "#1"},
				"south": {"uv": [13, 0, 16, 1], "texture": "#1"},
				"west": {"uv": [13, 0, 16, 1], "texture": "#1"},
				"up": {"uv": [13, 0, 16, 1], "texture": "#1"},
				"down": {"uv": [13, 0, 16, 1], "texture": "#1"}
			}
		}
	],
	"display": {
		"head": {
			"translation": [0, -10.5, 0],
			"scale": [1.9, 1.9, 1.9]
		}
	},
	"groups": [
		{
			"name": "Mask",
			"origin": [8, 8, 8],
			"children": [0, 1, 2]
		}
	]
}