{
	"credit": "Made with Blockbench",
	"textures": {
		"0": "hats/cows/mooshroom",
		"particle": "hats/cows/mooshroom"
	},
	"elements": [
		{
			"from": [3.9, 2, -2.2],
			"to": [12.1, 6, 0.8],
			"faces": {
				"north": {"uv": [3.5, 5.5, 6.5, 7], "texture": "#0"},
				"east": {"uv": [9, 8, 11, 10], "texture": "#0"},
				"south": {"uv": [9, 8, 11, 10], "texture": "#0"},
				"west": {"uv": [9, 8, 11, 10], "texture": "#0"},
				"up": {"uv": [9, 8, 11, 10], "texture": "#0"},
				"down": {"uv": [9, 8, 11, 10], "texture": "#0"}
			}
		},
		{
			"from": [14, 11, -0.2],
			"to": [16, 15, 1.8],
			"faces": {
				"north": {"uv": [12, 0.5, 13, 2], "texture": "#0"},
				"east": {"uv": [12, 0.5, 13, 2], "texture": "#0"},
				"south": {"uv": [12, 0.5, 13, 2], "texture": "#0"},
				"west": {"uv": [12, 0.5, 13, 2], "texture": "#0"},
				"up": {"uv": [12, 0.5, 13, 1.5], "texture": "#0"},
				"down": {"uv": [12, 0.5, 13, 2], "texture": "#0"}
			}
		},
		{
			"from": [3, 0, 14.8],
			"to": [13, 10, 17.8],
			"faces": {
				"north": {"uv": [4.75, 0.5, 5.5, 1.25], "texture": "#0"},
				"east": {"uv": [9.75, 8.5, 11.25, 12.75], "texture": "#0"},
				"south": {"uv": [11, 12.5, 15, 16], "texture": "#0"},
				"west": {"uv": [9.25, 9, 11.25, 13.25], "texture": "#0"},
				"up": {"uv": [5.25, 0, 6.25, 0.75], "texture": "#0"},
				"down": {"uv": [10, 8.5, 12, 11.25], "texture": "#0"}
			}
		},
		{
			"from": [0, 11, -0.2],
			"to": [2, 15, 1.8],
			"faces": {
				"north": {"uv": [12, 0.5, 13, 2], "texture": "#0"},
				"east": {"uv": [12, 0.5, 13, 2], "texture": "#0"},
				"south": {"uv": [12, 0.5, 13, 2], "texture": "#0"},
				"west": {"uv": [12, 0.5, 13, 2], "texture": "#0"},
				"up": {"uv": [12, 0.5, 13, 1.5], "texture": "#0"},
				"down": {"uv": [12, 0.5, 13, 2], "texture": "#0"}
			}
		}
	],
	"display": {
		"head": {
			"scale": [1.9, 1.9, 1.9],
			"translation": [0, -10.5, 0]
		}
	},
	"groups": [
		{
			"name": "Mask",
			"children": [0, 1, 2, 3]
		}
	]
}