{
	"credit": "Made with Blockbench",
	"textures": {
		"3": "hats/creeper"
	},
	"elements": [
		{
			"from": [1.9, 2, -2.1],
			"to": [14.1, 15.2, 8.9],
			"faces": {
				"north": {"uv": [4, 4, 8, 8], "texture": "#3"},
				"east": {"uv": [4, 0.5, 8.5, 5], "texture": "#3"},
				"south": {"uv": [4, 1.5, 5, 5], "texture": "#3"},
				"west": {"uv": [4, 1, 8.5, 5], "texture": "#3"},
				"up": {"uv": [4, 1.5, 7.5, 5], "rotation": 180, "texture": "#3"},
				"down": {"uv": [4, 1.5, 7.5, 5], "rotation": 180, "texture": "#3"}
			}
		},
		{
			"from": [13.9, -3, -0.1],
			"to": [19.1, 7.2, 3.9],
			"rotation": {"angle": -45, "axis": "y", "origin": [16.5, 4.1, 1.9]},
			"faces": {
				"north": {"uv": [2, 10, 3.5, 13], "texture": "#3"},
				"east": {"uv": [1.5, 10, 3, 13], "texture": "#3"},
				"south": {"uv": [2, 10, 4, 13], "texture": "#3"},
				"west": {"uv": [3, 10, 4.5, 13], "texture": "#3"},
				"up": {"uv": [2, 8, 4, 10], "rotation": 180, "texture": "#3"},
				"down": {"uv": [4, 8, 6, 10], "rotation": 180, "texture": "#3"}
			}
		},
		{
			"from": [-1.1, -3, -6.1],
			"to": [4.1, 7.2, -2.1],
			"rotation": {"angle": 22.5, "axis": "y", "origin": [14.5, 6.1, 1.9]},
			"faces": {
				"north": {"uv": [2, 10, 3.5, 13], "texture": "#3"},
				"east": {"uv": [1.5, 10, 3, 13], "texture": "#3"},
				"south": {"uv": [2, 10, 4, 13], "texture": "#3"},
				"west": {"uv": [3, 10, 4.5, 13], "texture": "#3"},
				"up": {"uv": [2, 8, 4, 10], "rotation": 180, "texture": "#3"},
				"down": {"uv": [4, 8, 6, 10], "rotation": 180, "texture": "#3"}
			}
		},
		{
			"from": [-0.5991, -3, 5.88382],
			"to": [3.4009, 7.2, 11.08382],
			"rotation": {"angle": 22.5, "axis": "y", "origin": [0.4009, 6.1, 13.48382]},
			"faces": {
				"north": {"uv": [1.5, 10, 3, 13], "texture": "#3"},
				"east": {"uv": [2, 10, 4, 13], "texture": "#3"},
				"south": {"uv": [3, 10, 4.5, 13], "texture": "#3"},
				"west": {"uv": [2, 10, 3.5, 13], "texture": "#3"},
				"up": {"uv": [2, 8, 4, 10], "rotation": 90, "texture": "#3"},
				"down": {"uv": [4, 8, 6, 10], "rotation": 270, "texture": "#3"}
			}
		},
		{
			"from": [11.4009, -3, 0.88382],
			"to": [15.4009, 7.2, 6.08382],
			"rotation": {"angle": -22.5, "axis": "y", "origin": [0.4009, 6.1, 13.48382]},
			"faces": {
				"north": {"uv": [3, 10, 4.5, 13], "texture": "#3"},
				"east": {"uv": [2, 10, 3.5, 13], "texture": "#3"},
				"south": {"uv": [1.5, 10, 3, 13], "texture": "#3"},
				"west": {"uv": [2, 10, 4, 13], "texture": "#3"},
				"up": {"uv": [2, 8, 4, 10], "rotation": 270, "texture": "#3"},
				"down": {"uv": [4, 8, 6, 10], "rotation": 90, "texture": "#3"}
			}
		}
	],
	"display": {
		"head": {
			"translation": [0, -10.5, 0],
			"scale": [1.9, 1.9, 1.9]
		}
	},
	"groups": [
		{
			"name": "Mask",
			"origin": [8, 8, 8],
			"children": [0, 1, 2, 3, 4]
		}
	]
}