{
	"credit": "Made with Blockbench",
	"textures": {
		"0": "hats/dolphin"
	},
	"elements": [
		{
			"from": [0.9, 4, 0.8],
			"to": [15.1, 16.1, 15.8],
			"faces": {
				"north": {"uv": [10.75, 0, 12.75, 3.25], "texture": "#0"},
				"east": {"uv": [10.75, 0, 12.75, 3.25], "texture": "#0"},
				"south": {"uv": [10.75, 0, 12.75, 3.25], "texture": "#0"},
				"west": {"uv": [10.75, 0, 12.75, 3.25], "texture": "#0"},
				"up": {"uv": [1.5, 0, 3.5, 2], "texture": "#0"},
				"down": {"uv": [10.75, 0, 12.75, 3.25], "texture": "#0"}
			}
		},
		{
			"from": [-7.1, 1, 1.8],
			"to": [1.1, 3.1, 9.8],
			"rotation": {"angle": 45, "axis": "z", "origin": [-3.5, 5.05, 4.8]},
			"faces": {
				"north": {"uv": [10.75, 1.25, 12.75, 3.25], "texture": "#0"},
				"east": {"uv": [10.75, 1.25, 12.75, 3.25], "texture": "#0"},
				"south": {"uv": [10.75, 1.25, 12.75, 3.25], "texture": "#0"},
				"west": {"uv": [10.75, 1.25, 12.75, 3.25], "texture": "#0"},
				"up": {"uv": [10.75, 1.25, 12.75, 3.25], "texture": "#0"},
				"down": {"uv": [10.75, 1.25, 12.75, 3.25], "texture": "#0"}
			}
		},
		{
			"from": [7.87487, 14.23223, 1.8],
			"to": [16.07487, 16.33223, 9.8],
			"rotation": {"angle": -45, "axis": "z", "origin": [-1.02513, 3.28223, 5.8]},
			"faces": {
				"north": {"uv": [10.75, 1.25, 12.75, 3.25], "texture": "#0"},
				"east": {"uv": [10.75, 1.25, 12.75, 3.25], "texture": "#0"},
				"south": {"uv": [10.75, 1.25, 12.75, 3.25], "texture": "#0"},
				"west": {"uv": [10.75, 1.25, 12.75, 3.25], "texture": "#0"},
				"up": {"uv": [10.75, 1.25, 12.75, 3.25], "texture": "#0"},
				"down": {"uv": [10.75, 1.25, 12.75, 3.25], "texture": "#0"}
			}
		},
		{
			"from": [6.55254, 12.52513, 13.8],
			"to": [9.75254, 23.62513, 21.8],
			"rotation": {"angle": 45, "axis": "x", "origin": [8.15254, 20.07513, 13.8]},
			"faces": {
				"north": {"uv": [10.75, 1.25, 12.75, 3.25], "texture": "#0"},
				"east": {"uv": [10.75, 1.25, 12.75, 3.25], "rotation": 180, "texture": "#0"},
				"south": {"uv": [10.75, 1.25, 12.75, 3.25], "texture": "#0"},
				"west": {"uv": [10.75, 1.25, 12.75, 3.25], "rotation": 180, "texture": "#0"},
				"up": {"uv": [10.75, 1.25, 12.75, 3.25], "rotation": 180, "texture": "#0"},
				"down": {"uv": [10.75, 1.25, 12.75, 3.25], "rotation": 180, "texture": "#0"}
			}
		},
		{
			"from": [4.9, 4, 15.8],
			"to": [11.1, 11.1, 22.8],
			"faces": {
				"north": {"uv": [10.75, 0, 12.75, 3.25], "texture": "#0"},
				"east": {"uv": [10.75, 0, 12.75, 3.25], "texture": "#0"},
				"south": {"uv": [10.75, 0, 12.75, 3.25], "texture": "#0"},
				"west": {"uv": [10.75, 0, 12.75, 3.25], "texture": "#0"},
				"up": {"uv": [10.75, 0, 12.75, 3.25], "texture": "#0"},
				"down": {"uv": [10.75, 0, 12.75, 3.25], "texture": "#0"}
			}
		},
		{
			"from": [0.9, 8, 19.8],
			"to": [15.1, 9.1, 28.8],
			"faces": {
				"north": {"uv": [10.75, 0, 12.75, 3.25], "texture": "#0"},
				"east": {"uv": [10.75, 0, 12.75, 3.25], "texture": "#0"},
				"south": {"uv": [10.75, 0, 12.75, 3.25], "texture": "#0"},
				"west": {"uv": [10.75, 0, 12.75, 3.25], "texture": "#0"},
				"up": {"uv": [6.25, 5, 9, 6.75], "rotation": 180, "texture": "#0"},
				"down": {"uv": [10.75, 0, 12.75, 3.25], "rotation": 180, "texture": "#0"}
			}
		}
	],
	"display": {
		"head": {
			"scale": [1.9, 1.9, 1.9],
			"translation": [0, -10.5, 0]
		}
	},
	"groups": [
		{
			"name": "Mask",
			"children": [0, 1, 2, 3, 4, 5]
		}
	]
}