{
	"credit": "Made with Blockbench",
	"textures": {
		"0": "hats/end_crystal"
	},
	"elements": [
		{
			"from": [0.9, 2, 0.8],
			"to": [15.1, 16.1, 13.8],
			"faces": {
				"north": {"uv": [10, 6, 12, 8], "texture": "#0"},
				"east": {"uv": [8, 6, 10, 8], "texture": "#0"},
				"south": {"uv": [10, 6, 12, 8], "texture": "#0"},
				"west": {"uv": [12, 6, 14, 8], "texture": "#0"},
				"up": {"uv": [10, 4, 12, 6], "texture": "#0"},
				"down": {"uv": [10, 6, 12, 8], "texture": "#0"}
			}
		},
		{
			"from": [-1.1, 0, -2.2],
			"to": [17.1, 19.1, 16.8],
			"faces": {
				"north": {"uv": [2, 6, 4, 8], "texture": "#0"},
				"east": {"uv": [2, 6, 4, 8], "texture": "#0"},
				"south": {"uv": [2, 6, 4, 8], "texture": "#0"},
				"west": {"uv": [2, 6, 4, 8], "texture": "#0"},
				"up": {"uv": [2, 6, 4, 8], "texture": "#0"},
				"down": {"uv": [2, 6, 4, 8], "texture": "#0"}
			}
		}
	],
	"display": {
		"head": {
			"scale": [1.9, 1.9, 1.9],
			"translation": [0, -10.5, 0]
		}
	},
	"groups": [
		{
			"name": "Mask",
			"children": [0, 1]
		}
	]
}