{
	"credit": "Made with Blockbench",
	"textures": {
		"0": "hats/enderman"
	},
	"elements": [
		{
			"from": [1.9, 9, -2],
			"to": [14.1, 22, 11],
			"faces": {
				"north": {"uv": [4, 4, 8, 8], "texture": "#0"},
				"east": {"uv": [0, 4, 4, 8], "texture": "#0"},
				"south": {"uv": [12, 4, 16, 8], "texture": "#0"},
				"west": {"uv": [8, 4, 12, 8], "texture": "#0"},
				"up": {"uv": [4, 0, 8, 4], "texture": "#0"},
				"down": {"uv": [4, 7.5, 8, 11.5], "texture": "#0"}
			}
		},
		{
			"from": [1.9, 0, -2],
			"to": [14.1, 13, 11],
			"faces": {
				"north": {"uv": [4, 12, 8, 16], "texture": "#0"},
				"east": {"uv": [0, 12, 4, 16], "texture": "#0"},
				"south": {"uv": [12, 12, 16, 16], "texture": "#0"},
				"west": {"uv": [8, 12, 12, 16], "texture": "#0"},
				"up": {"uv": [4, 0, 8, 4], "texture": "#0"},
				"down": {"uv": [8, 8, 12, 12], "texture": "#0"}
			}
		},
		{
			"from": [13.9, 5, -7],
			"to": [17.1, 8, 6],
			"rotation": {"angle": -45, "axis": "x", "origin": [16.5, 6.5, -0.5]},
			"faces": {
				"north": {"uv": [4, 2.5, 5, 4], "rotation": 180, "texture": "#0"},
				"east": {"uv": [4, 0, 5, 4], "rotation": 270, "texture": "#0"},
				"south": {"uv": [4, 2.5, 5, 4], "texture": "#0"},
				"west": {"uv": [4, 0, 5, 4], "rotation": 90, "texture": "#0"},
				"up": {"uv": [4, 0, 5, 4], "rotation": 180, "texture": "#0"},
				"down": {"uv": [4, 0, 5, 4], "texture": "#0"}
			}
		},
		{
			"from": [-1.1, 5, -7],
			"to": [2.1, 8, 6],
			"rotation": {"angle": -45, "axis": "x", "origin": [16.5, 6.5, -0.5]},
			"faces": {
				"north": {"uv": [4, 2.5, 5, 4], "rotation": 180, "texture": "#0"},
				"east": {"uv": [4, 0, 5, 4], "rotation": 270, "texture": "#0"},
				"south": {"uv": [4, 2.5, 5, 4], "texture": "#0"},
				"west": {"uv": [4, 0, 5, 4], "rotation": 90, "texture": "#0"},
				"up": {"uv": [4, 0, 5, 4], "rotation": 180, "texture": "#0"},
				"down": {"uv": [4, 0, 5, 4], "texture": "#0"}
			}
		}
	],
	"display": {
		"head": {
			"scale": [1.9, 1.9, 1.9],
			"translation": [0, -10.5, 0]
		}
	},
	"groups": [
		{
			"name": "Mask",
			"children": [0, 1, 2, 3]
		}
	]
}