{
	"credit": "Made with Blockbench",
	"textures": {
		"1": "hats/endermite"
	},
	"elements": [
		{
			"from": [3, 10, 0.9],
			"to": [13, 17, 7.9],
			"faces": {
				"north": {"uv": [4.5, 5, 9, 7], "rotation": 180, "texture": "#1"},
				"east": {"uv": [4.5, 5, 9, 7], "rotation": 180, "texture": "#1"},
				"south": {"uv": [4.5, 5, 9, 7], "rotation": 180, "texture": "#1"},
				"west": {"uv": [4.5, 5, 9, 7], "rotation": 180, "texture": "#1"},
				"up": {"uv": [4.5, 5, 9, 7], "rotation": 180, "texture": "#1"},
				"down": {"uv": [4.5, 5, 9, 7], "rotation": 180, "texture": "#1"}
			}
		},
		{
			"from": [4, 11, 7.9],
			"to": [12, 16.2, 13.9],
			"faces": {
				"north": {"uv": [4.5, 5, 9, 7], "texture": "#1"},
				"east": {"uv": [4.5, 5, 9, 7], "texture": "#1"},
				"south": {"uv": [4.5, 5, 9, 7], "texture": "#1"},
				"west": {"uv": [4.5, 5, 9, 7], "texture": "#1"},
				"up": {"uv": [4.5, 5, 9, 7], "rotation": 180, "texture": "#1"},
				"down": {"uv": [4.5, 5, 9, 7], "rotation": 180, "texture": "#1"}
			}
		},
		{
			"from": [6, 12, -1.1],
			"to": [10, 17, 0.9],
			"faces": {
				"north": {"uv": [1, 0.5, 3, 2.5], "texture": "#1"},
				"east": {"uv": [3, 2, 5, 4], "texture": "#1"},
				"south": {"uv": [3, 2, 5, 4], "texture": "#1"},
				"west": {"uv": [3, 2, 5, 4], "texture": "#1"},
				"up": {"uv": [3, 2, 5, 4], "rotation": 180, "texture": "#1"},
				"down": {"uv": [3, 2, 5, 4], "rotation": 180, "texture": "#1"}
			}
		}
	],
	"display": {
		"head": {
			"translation": [0, -10.5, 0],
			"scale": [1.9, 1.9, 1.9]
		}
	},
	"groups": [
		{
			"name": "Mask",
			"origin": [8, 8, 8],
			"children": [0, 1, 2]
		}
	]
}