{
	"credit": "Made with Blockbench",
	"textures": {
		"0": "hats/dragon"
	},
	"elements": [
		{
			"from": [3.9, 4, -7.2],
			"to": [12.1, 7.1, 1.8],
			"faces": {
				"north": {"uv": [5.5625, 1, 7, 3.875], "texture": "#0"},
				"east": {"uv": [5.5625, 1, 7, 3.875], "texture": "#0"},
				"south": {"uv": [5.5625, 1, 7, 3.875], "texture": "#0"},
				"west": {"uv": [5.5625, 1, 7, 3.875], "texture": "#0"},
				"up": {"uv": [5.5625, 1, 7, 3.875], "texture": "#0"},
				"down": {"uv": [5.5625, 1, 7, 3.875], "texture": "#0"}
			}
		},
		{
			"from": [3.9, 0.9, -6.8],
			"to": [12.1, 3.9, 1.2],
			"faces": {
				"north": {"uv": [5.5625, 1, 7, 3.875], "texture": "#0"},
				"east": {"uv": [5.5625, 1, 7, 3.875], "texture": "#0"},
				"south": {"uv": [5.5625, 1, 7, 3.875], "texture": "#0"},
				"west": {"uv": [5.5625, 1, 7, 3.875], "texture": "#0"},
				"up": {"uv": [5.5625, 1, 7, 3.875], "texture": "#0"},
				"down": {"uv": [5.5625, 1, 7, 3.875], "texture": "#0"}
			}
		},
		{
			"from": [4.9, 7, -6.2],
			"to": [6.1, 8.1, -4.2],
			"faces": {
				"north": {"uv": [5.5625, 1, 7, 3.875], "texture": "#0"},
				"east": {"uv": [5.5625, 1, 7, 3.875], "texture": "#0"},
				"south": {"uv": [5.5625, 1, 7, 3.875], "texture": "#0"},
				"west": {"uv": [5.5625, 1, 7, 3.875], "texture": "#0"},
				"up": {"uv": [5.5625, 1, 7, 3.875], "texture": "#0"},
				"down": {"uv": [5.5625, 1, 7, 3.875], "texture": "#0"}
			}
		},
		{
			"from": [9.9, 7, -6.2],
			"to": [11.1, 8.1, -4.2],
			"faces": {
				"north": {"uv": [5.5625, 1, 7, 3.875], "texture": "#0"},
				"east": {"uv": [5.5625, 1, 7, 3.875], "texture": "#0"},
				"south": {"uv": [5.5625, 1, 7, 3.875], "texture": "#0"},
				"west": {"uv": [5.5625, 1, 7, 3.875], "texture": "#0"},
				"up": {"uv": [5.5625, 1, 7, 3.875], "texture": "#0"},
				"down": {"uv": [5.5625, 1, 7, 3.875], "texture": "#0"}
			}
		},
		{
			"from": [11.9, 13, 0.8],
			"to": [13.1, 17.1, 4.8],
			"faces": {
				"north": {"uv": [8.6875, 5.8125, 10.125, 6.4375], "texture": "#0"},
				"east": {"uv": [8.6875, 5.8125, 10.125, 6.4375], "texture": "#0"},
				"south": {"uv": [8.6875, 5.8125, 10.125, 6.4375], "texture": "#0"},
				"west": {"uv": [8.6875, 5.8125, 10.125, 6.4375], "texture": "#0"},
				"up": {"uv": [8.6875, 5.8125, 10.125, 6.4375], "texture": "#0"},
				"down": {"uv": [8.6875, 5.8125, 10.125, 6.4375], "texture": "#0"}
			}
		},
		{
			"from": [2.9, 13, 0.8],
			"to": [4.1, 17.1, 4.8],
			"faces": {
				"north": {"uv": [8.6875, 5.8125, 10.125, 6.4375], "texture": "#0"},
				"east": {"uv": [8.6875, 5.8125, 10.125, 6.4375], "texture": "#0"},
				"south": {"uv": [8.6875, 5.8125, 10.125, 6.4375], "texture": "#0"},
				"west": {"uv": [8.6875, 5.8125, 10.125, 6.4375], "texture": "#0"},
				"up": {"uv": [8.6875, 5.8125, 10.125, 6.4375], "texture": "#0"},
				"down": {"uv": [8.6875, 5.8125, 10.125, 6.4375], "texture": "#0"}
			}
		},
		{
			"from": [7.5, 14, 8.8],
			"to": [8.7, 18.1, 12.8],
			"faces": {
				"north": {"uv": [8.6875, 5.8125, 10.125, 6.4375], "texture": "#0"},
				"east": {"uv": [8.6875, 5.8125, 10.125, 6.4375], "texture": "#0"},
				"south": {"uv": [8.6875, 5.8125, 10.125, 6.4375], "texture": "#0"},
				"west": {"uv": [8.6875, 5.8125, 10.125, 6.4375], "texture": "#0"},
				"up": {"uv": [8.6875, 5.8125, 10.125, 6.4375], "texture": "#0"},
				"down": {"uv": [8.6875, 5.8125, 10.125, 6.4375], "texture": "#0"}
			}
		},
		{
			"from": [7.5, 11, 12.8],
			"to": [8.7, 15.1, 16.8],
			"faces": {
				"north": {"uv": [8.6875, 5.8125, 10.125, 6.4375], "texture": "#0"},
				"east": {"uv": [8.6875, 5.8125, 10.125, 6.4375], "texture": "#0"},
				"south": {"uv": [8.6875, 5.8125, 10.125, 6.4375], "texture": "#0"},
				"west": {"uv": [8.6875, 5.8125, 10.125, 6.4375], "texture": "#0"},
				"up": {"uv": [8.6875, 5.8125, 10.125, 6.4375], "texture": "#0"},
				"down": {"uv": [8.6875, 5.8125, 10.125, 6.4375], "texture": "#0"}
			}
		},
		{
			"from": [7.5, 6, 14.8],
			"to": [8.7, 10.1, 18.8],
			"faces": {
				"north": {"uv": [8.6875, 5.8125, 10.125, 6.4375], "texture": "#0"},
				"east": {"uv": [8.6875, 5.8125, 10.125, 6.4375], "texture": "#0"},
				"south": {"uv": [8.6875, 5.8125, 10.125, 6.4375], "texture": "#0"},
				"west": {"uv": [8.6875, 5.8125, 10.125, 6.4375], "texture": "#0"},
				"up": {"uv": [8.6875, 5.8125, 10.125, 6.4375], "texture": "#0"},
				"down": {"uv": [8.6875, 5.8125, 10.125, 6.4375], "texture": "#0"}
			}
		},
		{
			"from": [3.9, 12.3, 9.8],
			"to": [12.1, 15.4, 17.8],
			"rotation": {"angle": 22.5, "axis": "x", "origin": [8, 14.55, 13.3]},
			"faces": {
				"north": {"uv": [5.5625, 1, 7, 3.875], "texture": "#0"},
				"east": {"uv": [5.5625, 1, 7, 3.875], "texture": "#0"},
				"south": {"uv": [5.5625, 1, 7, 3.875], "texture": "#0"},
				"west": {"uv": [5.5625, 1, 7, 3.875], "texture": "#0"},
				"up": {"uv": [5.5625, 1, 7, 3.875], "texture": "#0"},
				"down": {"uv": [5.5625, 1, 7, 3.875], "texture": "#0"}
			}
		},
		{
			"from": [4.9, 3.71194, 14.94406],
			"to": [11.1, 11.71194, 18.04406],
			"faces": {
				"north": {"uv": [5.5625, 1, 7, 3.875], "rotation": 180, "texture": "#0"},
				"east": {"uv": [5.5625, 1, 7, 3.875], "rotation": 270, "texture": "#0"},
				"south": {"uv": [5.5625, 1, 7, 3.875], "texture": "#0"},
				"west": {"uv": [5.5625, 1, 7, 3.875], "rotation": 90, "texture": "#0"},
				"up": {"uv": [5.5625, 1, 7, 3.875], "rotation": 180, "texture": "#0"},
				"down": {"uv": [5.5625, 1, 7, 3.875], "texture": "#0"}
			}
		},
		{
			"from": [3.9, 13.16194, 2.49406],
			"to": [12.1, 16.26194, 10.49406],
			"faces": {
				"north": {"uv": [5.5625, 1, 7, 3.875], "texture": "#0"},
				"east": {"uv": [5.5625, 1, 7, 3.875], "texture": "#0"},
				"south": {"uv": [5.5625, 1, 7, 3.875], "texture": "#0"},
				"west": {"uv": [5.5625, 1, 7, 3.875], "texture": "#0"},
				"up": {"uv": [5.5625, 1, 7, 3.875], "texture": "#0"},
				"down": {"uv": [5.5625, 1, 7, 3.875], "texture": "#0"}
			}
		},
		{
			"from": [3.9, 15, 0.49406],
			"to": [12.1, 17.1, 3.49406],
			"rotation": {"angle": -22.5, "axis": "x", "origin": [8, 14.71194, 6.49406]},
			"faces": {
				"north": {"uv": [5.5625, 1, 7, 3.875], "texture": "#0"},
				"east": {"uv": [5.5625, 1, 7, 3.875], "texture": "#0"},
				"south": {"uv": [5.5625, 1, 7, 3.875], "texture": "#0"},
				"west": {"uv": [5.5625, 1, 7, 3.875], "texture": "#0"},
				"up": {"uv": [5.5625, 1, 7, 3.875], "texture": "#0"},
				"down": {"uv": [5.5625, 1, 7, 3.875], "texture": "#0"}
			}
		},
		{
			"from": [-7.1, 10, 1.8],
			"to": [23.1, 13.1, 4.8],
			"faces": {
				"north": {"uv": [8.6875, 5.8125, 10.125, 6.4375], "texture": "#0"},
				"east": {"uv": [8.6875, 5.8125, 10.125, 6.4375], "texture": "#0"},
				"south": {"uv": [8.6875, 5.8125, 10.125, 6.4375], "texture": "#0"},
				"west": {"uv": [8.6875, 5.8125, 10.125, 6.4375], "texture": "#0"},
				"up": {"uv": [8.6875, 5.8125, 10.125, 6.4375], "texture": "#0"},
				"down": {"uv": [8.6875, 5.8125, 10.125, 6.4375], "texture": "#0"}
			}
		},
		{
			"from": [11, 12, 4.8],
			"to": [22.1, 12, 13.8],
			"faces": {
				"north": {"uv": [3.5, 5.5625, 6.9375, 9], "rotation": 180, "texture": "#0"},
				"east": {"uv": [3.5, 5.5625, 6.9375, 9], "rotation": 180, "texture": "#0"},
				"south": {"uv": [3.5, 5.5625, 6.9375, 9], "rotation": 180, "texture": "#0"},
				"west": {"uv": [3.5, 5.5625, 6.9375, 9], "rotation": 180, "texture": "#0"},
				"up": {"uv": [3.5, 5.5625, 6.9375, 9], "rotation": 180, "texture": "#0"},
				"down": {"uv": [3.5, 9, 6.9375, 5.5625], "rotation": 180, "texture": "#0"}
			}
		},
		{
			"from": [22, 12, 4.8],
			"to": [31.1, 12, 13.8],
			"faces": {
				"north": {"uv": [3.5625, 9, 7, 12.4375], "rotation": 180, "texture": "#0"},
				"east": {"uv": [3.5625, 9, 7, 12.4375], "rotation": 180, "texture": "#0"},
				"south": {"uv": [3.5625, 9, 7, 12.4375], "rotation": 180, "texture": "#0"},
				"west": {"uv": [3.5625, 9, 7, 12.4375], "rotation": 180, "texture": "#0"},
				"up": {"uv": [3.5625, 9, 7, 12.4375], "rotation": 180, "texture": "#0"},
				"down": {"uv": [3.5625, 12.4375, 7, 9], "rotation": 180, "texture": "#0"}
			}
		},
		{
			"from": [-7, 12, 4.8],
			"to": [4.1, 12, 13.8],
			"faces": {
				"north": {"uv": [3.5, 5.5625, 6.9375, 9], "texture": "#0"},
				"east": {"uv": [3.5, 5.5625, 6.9375, 9], "texture": "#0"},
				"south": {"uv": [3.5, 5.5625, 6.9375, 9], "texture": "#0"},
				"west": {"uv": [3.5, 5.5625, 6.9375, 9], "texture": "#0"},
				"up": {"uv": [3.5, 9, 6.9375, 5.5625], "texture": "#0"},
				"down": {"uv": [3.5, 5.5625, 6.9375, 9], "texture": "#0"}
			}
		},
		{
			"from": [-16, 12, 4.8],
			"to": [-6.9, 12, 13.8],
			"faces": {
				"north": {"uv": [3.5625, 9, 7, 12.4375], "texture": "#0"},
				"east": {"uv": [3.5625, 9, 7, 12.4375], "texture": "#0"},
				"south": {"uv": [3.5625, 9, 7, 12.4375], "texture": "#0"},
				"west": {"uv": [3.5625, 9, 7, 12.4375], "texture": "#0"},
				"up": {"uv": [3.5625, 12.4375, 7, 9], "texture": "#0"},
				"down": {"uv": [3.5625, 9, 7, 12.4375], "texture": "#0"}
			}
		},
		{
			"from": [22.9, 11, 3.8],
			"to": [30, 12.1, 4.8],
			"faces": {
				"north": {"uv": [8.6875, 5.8125, 10.125, 6.4375], "texture": "#0"},
				"east": {"uv": [8.6875, 5.8125, 10.125, 6.4375], "texture": "#0"},
				"south": {"uv": [8.6875, 5.8125, 10.125, 6.4375], "texture": "#0"},
				"west": {"uv": [8.6875, 5.8125, 10.125, 6.4375], "texture": "#0"},
				"up": {"uv": [8.6875, 5.8125, 10.125, 6.4375], "texture": "#0"},
				"down": {"uv": [8.6875, 5.8125, 10.125, 6.4375], "texture": "#0"}
			}
		},
		{
			"from": [-15.1, 11, 3.8],
			"to": [-6, 12.1, 4.8],
			"faces": {
				"north": {"uv": [8.6875, 5.8125, 10.125, 6.4375], "texture": "#0"},
				"east": {"uv": [8.6875, 5.8125, 10.125, 6.4375], "texture": "#0"},
				"south": {"uv": [8.6875, 5.8125, 10.125, 6.4375], "texture": "#0"},
				"west": {"uv": [8.6875, 5.8125, 10.125, 6.4375], "texture": "#0"},
				"up": {"uv": [8.6875, 5.8125, 10.125, 6.4375], "texture": "#0"},
				"down": {"uv": [8.6875, 5.8125, 10.125, 6.4375], "texture": "#0"}
			}
		}
	],
	"display": {
		"head": {
			"translation": [0, -10.5, 0],
			"scale": [1.9, 1.9, 1.9]
		}
	},
	"groups": [
		{
			"name": "Mask",
			"origin": [8, 8, 8],
			"children": [0, 1, 2, 3, 4, 5, 6, 7, 8, 9, 10, 11, 12, 13, 14, 15, 16, 17, 18, 19]
		}
	]
}