{
	"credit": "Made with Blockbench",
	"textures": {
		"3": "hats/ghast"
	},
	"elements": [
		{
			"from": [-2, 1, -2],
			"to": [18, 19.9, 16.1],
			"faces": {
				"north": {"uv": [5, 8, 12, 16], "texture": "#3"},
				"east": {"uv": [1.5, 8, 5.5, 16], "texture": "#3"},
				"south": {"uv": [0, 8, 6, 16], "texture": "#3"},
				"west": {"uv": [11.5, 8, 16, 16], "texture": "#3"},
				"up": {"uv": [4.5, 0, 12, 8], "rotation": 180, "texture": "#3"},
				"down": {"uv": [4.5, 8, 12, 16], "rotation": 180, "texture": "#3"}
			}
		},
		{
			"from": [3, 6, 14],
			"to": [6, 8.9, 29.1],
			"faces": {
				"north": {"uv": [4.5, 0, 6, 8], "rotation": 180, "texture": "#3"},
				"east": {"uv": [4.5, 0, 6, 8], "rotation": 180, "texture": "#3"},
				"south": {"uv": [4.5, 0, 6, 8], "rotation": 180, "texture": "#3"},
				"west": {"uv": [4.5, 0, 6, 8], "rotation": 180, "texture": "#3"},
				"up": {"uv": [4.5, 0, 6, 8], "rotation": 180, "texture": "#3"},
				"down": {"uv": [4.5, 0, 6, 8], "rotation": 180, "texture": "#3"}
			}
		},
		{
			"from": [10.9, 6, 14],
			"to": [13.9, 8.9, 29.1],
			"faces": {
				"north": {"uv": [4.5, 0, 6, 8], "rotation": 180, "texture": "#3"},
				"east": {"uv": [4.5, 0, 6, 8], "rotation": 180, "texture": "#3"},
				"south": {"uv": [4.5, 0, 6, 8], "rotation": 180, "texture": "#3"},
				"west": {"uv": [4.5, 0, 6, 8], "rotation": 180, "texture": "#3"},
				"up": {"uv": [4.5, 0, 6, 8], "rotation": 180, "texture": "#3"},
				"down": {"uv": [4.5, 0, 6, 8], "rotation": 180, "texture": "#3"}
			}
		},
		{
			"from": [6, 11, 14],
			"to": [9, 13.9, 29.1],
			"faces": {
				"north": {"uv": [4.5, 0, 6, 8], "rotation": 180, "texture": "#3"},
				"east": {"uv": [4.5, 0, 6, 8], "rotation": 180, "texture": "#3"},
				"south": {"uv": [4.5, 0, 6, 8], "rotation": 180, "texture": "#3"},
				"west": {"uv": [4.5, 0, 6, 8], "rotation": 180, "texture": "#3"},
				"up": {"uv": [4.5, 0, 6, 8], "rotation": 180, "texture": "#3"},
				"down": {"uv": [4.5, 0, 6, 8], "rotation": 180, "texture": "#3"}
			}
		},
		{
			"from": [7, 2, 14],
			"to": [10, 4.9, 29.1],
			"faces": {
				"north": {"uv": [4.5, 0, 6, 8], "rotation": 180, "texture": "#3"},
				"east": {"uv": [4.5, 0, 6, 8], "rotation": 180, "texture": "#3"},
				"south": {"uv": [4.5, 0, 6, 8], "rotation": 180, "texture": "#3"},
				"west": {"uv": [4.5, 0, 6, 8], "rotation": 180, "texture": "#3"},
				"up": {"uv": [4.5, 0, 6, 8], "rotation": 180, "texture": "#3"},
				"down": {"uv": [4.5, 0, 6, 8], "rotation": 180, "texture": "#3"}
			}
		}
	],
	"display": {
		"head": {
			"translation": [0, -10.5, 0],
			"scale": [1.9, 1.9, 1.9]
		}
	},
	"groups": [
		{
			"name": "Mask",
			"origin": [8, 8, 8],
			"children": [0, 1, 2, 3, 4]
		}
	]
}