{
	"credit": "Made with Blockbench",
	"textures": {
		"3": "hats/goat"
	},
	"elements": [
		{
			"from": [-2, -1, -0.09],
			"to": [18, 18.2, 17.91],
			"faces": {
				"north": {"uv": [3.75, 9.25, 6.25, 11.75], "texture": "#3"},
				"east": {"uv": [3.75, 9.25, 6.25, 11.75], "texture": "#3"},
				"south": {"uv": [3.75, 9.25, 6.25, 11.75], "texture": "#3"},
				"west": {"uv": [3.75, 9.25, 6.25, 11.75], "texture": "#3"},
				"up": {"uv": [6.5, 9.25, 8.75, 11.5], "texture": "#3"},
				"down": {"uv": [6.5, 9.25, 9, 11.25], "texture": "#3"}
			}
		},
		{
			"from": [10, 13, 0.91],
			"to": [14, 27.2, 4.91],
			"rotation": {"angle": 0, "axis": "y", "origin": [5, 15, 9]},
			"faces": {
				"north": {"uv": [9.75, 3.75, 10.25, 5.25], "texture": "#3"},
				"east": {"uv": [10.5, 3.75, 11, 5.25], "texture": "#3"},
				"south": {"uv": [9.75, 3.75, 10.25, 5.25], "texture": "#3"},
				"west": {"uv": [10.5, 3.75, 11, 5.25], "texture": "#3"},
				"up": {"uv": [9.75, 3.75, 10.25, 4.25], "texture": "#3"},
				"down": {"uv": [10.5, 3.75, 11, 5.25], "texture": "#3"}
			}
		},
		{
			"from": [2, 13, 0.91],
			"to": [6, 27.2, 4.91],
			"rotation": {"angle": 0, "axis": "y", "origin": [4, 20.1, 2.91]},
			"faces": {
				"north": {"uv": [9.75, 3.75, 10.25, 5.25], "texture": "#3"},
				"east": {"uv": [10.5, 3.75, 11, 5.25], "texture": "#3"},
				"south": {"uv": [9.75, 3.75, 10.25, 5.25], "texture": "#3"},
				"west": {"uv": [10.5, 3.75, 11, 5.25], "texture": "#3"},
				"up": {"uv": [9.75, 3.75, 10.25, 4.25], "texture": "#3"},
				"down": {"uv": [10.5, 3.75, 11, 5.25], "texture": "#3"}
			}
		},
		{
			"from": [8, -6.4, -7.69],
			"to": [8, 2.6, 2.51],
			"rotation": {"angle": -22.5, "axis": "x", "origin": [8, -1.9, -2.59]},
			"faces": {
				"north": {"uv": [6.5, 2.75, 7.5, 4.25], "rotation": 180, "texture": "#3"},
				"east": {"uv": [6.5, 2.75, 7.5, 4.25], "rotation": 270, "texture": "#3"},
				"south": {"uv": [6.5, 2.75, 7.5, 4.25], "texture": "#3"},
				"west": {"uv": [7.5, 2.75, 6.5, 4.25], "rotation": 90, "texture": "#3"},
				"up": {"uv": [6.5, 2.75, 7.5, 4.25], "rotation": 180, "texture": "#3"},
				"down": {"uv": [6.5, 2.75, 7.5, 4.25], "texture": "#3"}
			}
		}
	],
	"display": {
		"head": {
			"translation": [0, -10.5, 0],
			"scale": [1.9, 1.9, 1.9]
		}
	},
	"groups": [
		{
			"name": "Mask",
			"origin": [8, 8, 8],
			"children": [0, 1, 2, 3]
		}
	]
}