{
	"credit": "Made with Blockbench",
	"textures": {
		"0": "hats/guardian"
	},
	"elements": [
		{
			"from": [2.9, 6, -1.2],
			"to": [13.1, 15.1, 7.8],
			"faces": {
				"north": {"uv": [3.75, 4, 7.25, 7], "texture": "#0"},
				"east": {"uv": [10.75, 4, 14, 7], "texture": "#0"},
				"south": {"uv": [10.75, 4, 14, 7], "texture": "#0"},
				"west": {"uv": [10.75, 4, 14, 7], "texture": "#0"},
				"up": {"uv": [10.75, 4, 14, 7], "texture": "#0"},
				"down": {"uv": [10.75, 4, 14, 7], "texture": "#0"}
			}
		},
		{
			"from": [8.1, 3, 16.8],
			"to": [8.1, 12.1, 27.8],
			"faces": {
				"north": {"uv": [3.75, 4, 7.25, 7], "texture": "#0"},
				"east": {"uv": [6.25, 7, 8.5, 9.25], "texture": "#0"},
				"south": {"uv": [10.75, 4, 14, 7], "texture": "#0"},
				"west": {"uv": [14.25, 4, 15.75, 7], "texture": "#0"},
				"up": {"uv": [10.75, 4, 14, 7], "texture": "#0"},
				"down": {"uv": [10.75, 4, 14, 7], "texture": "#0"}
			}
		},
		{
			"from": [7.2, 9, -1.3],
			"to": [8.7, 10.5, -1.3],
			"faces": {
				"north": {"uv": [2.25, 0, 3, 0.75], "texture": "#0"},
				"east": {"uv": [2.25, 0, 3, 0.75], "texture": "#0"},
				"south": {"uv": [2.25, 0, 3, 0.75], "texture": "#0"},
				"west": {"uv": [2.25, 0, 3, 0.75], "texture": "#0"},
				"up": {"uv": [2.25, 0, 3, 0.75], "texture": "#0"},
				"down": {"uv": [2.25, 0, 3, 0.75], "texture": "#0"}
			}
		},
		{
			"from": [7.3, 14, -3.2],
			"to": [8.8, 21, -1.7],
			"rotation": {"angle": -45, "axis": "x", "origin": [8, 17.55, 0.8]},
			"faces": {
				"north": {"uv": [0.5, 0, 1.25, 2.75], "texture": "#0"},
				"east": {"uv": [0.5, 0, 1.25, 2.75], "texture": "#0"},
				"south": {"uv": [0.5, 0, 1.25, 2.75], "texture": "#0"},
				"west": {"uv": [0.5, 0, 1.25, 2.75], "texture": "#0"},
				"up": {"uv": [0.5, 0, 1.25, 0.75], "texture": "#0"},
				"down": {"uv": [0.5, 2, 1.25, 2.75], "texture": "#0"}
			}
		},
		{
			"from": [3.3, 15.71655, 3.78726],
			"to": [4.8, 22.71655, 5.28726],
			"rotation": {"angle": 45, "axis": "z", "origin": [8.05, 15.21655, -1.46274]},
			"faces": {
				"north": {"uv": [0.5, 0, 1.25, 2.75], "texture": "#0"},
				"east": {"uv": [0.5, 0, 1.25, 2.75], "texture": "#0"},
				"south": {"uv": [0.5, 0, 1.25, 2.75], "texture": "#0"},
				"west": {"uv": [0.5, 0, 1.25, 2.75], "texture": "#0"},
				"up": {"uv": [0.5, 0, 1.25, 0.75], "texture": "#0"},
				"down": {"uv": [0.5, 2, 1.25, 2.75], "texture": "#0"}
			}
		},
		{
			"from": [8.64315, 18.71655, 3.78726],
			"to": [10.14315, 25.71655, 5.28726],
			"rotation": {"angle": -45, "axis": "z", "origin": [2.39315, 15.21655, 4.53726]},
			"faces": {
				"north": {"uv": [0.5, 0, 1.25, 2.75], "texture": "#0"},
				"east": {"uv": [0.5, 0, 1.25, 2.75], "texture": "#0"},
				"south": {"uv": [0.5, 0, 1.25, 2.75], "texture": "#0"},
				"west": {"uv": [0.5, 0, 1.25, 2.75], "texture": "#0"},
				"up": {"uv": [0.5, 0, 1.25, 0.75], "texture": "#0"},
				"down": {"uv": [0.5, 2, 1.25, 2.75], "texture": "#0"}
			}
		},
		{
			"from": [7.3, 18.71655, 3.78726],
			"to": [8.8, 25.71655, 5.28726],
			"rotation": {"angle": 45, "axis": "x", "origin": [8.05, 15.21655, -1.46274]},
			"faces": {
				"north": {"uv": [0.5, 0, 1.25, 2.75], "texture": "#0"},
				"east": {"uv": [0.5, 0, 1.25, 2.75], "texture": "#0"},
				"south": {"uv": [0.5, 0, 1.25, 2.75], "texture": "#0"},
				"west": {"uv": [0.5, 0, 1.25, 2.75], "texture": "#0"},
				"up": {"uv": [0.5, 0, 1.25, 0.75], "texture": "#0"},
				"down": {"uv": [0.5, 2, 1.25, 2.75], "texture": "#0"}
			}
		},
		{
			"from": [3.3, 8.46655, -8.96274],
			"to": [4.8, 9.96655, -1.96274],
			"rotation": {"angle": 45, "axis": "y", "origin": [8.05, 15.21655, -1.46274]},
			"faces": {
				"north": {"uv": [0.5, 0, 1.25, 0.75], "rotation": 180, "texture": "#0"},
				"east": {"uv": [0.5, 0, 1.25, 2.75], "rotation": 90, "texture": "#0"},
				"south": {"uv": [0.5, 2, 1.25, 2.75], "texture": "#0"},
				"west": {"uv": [0.5, 0, 1.25, 2.75], "rotation": 270, "texture": "#0"},
				"up": {"uv": [0.5, 0, 1.25, 2.75], "texture": "#0"},
				"down": {"uv": [0.5, 0, 1.25, 2.75], "rotation": 180, "texture": "#0"}
			}
		},
		{
			"from": [9.64315, 8.46655, -12.96274],
			"to": [11.14315, 9.96655, -5.96274],
			"rotation": {"angle": -45, "axis": "y", "origin": [2.39315, 10.21655, -1.46274]},
			"faces": {
				"north": {"uv": [0.5, 0, 1.25, 0.75], "rotation": 180, "texture": "#0"},
				"east": {"uv": [0.5, 0, 1.25, 2.75], "rotation": 90, "texture": "#0"},
				"south": {"uv": [0.5, 2, 1.25, 2.75], "texture": "#0"},
				"west": {"uv": [0.5, 0, 1.25, 2.75], "rotation": 270, "texture": "#0"},
				"up": {"uv": [0.5, 0, 1.25, 2.75], "texture": "#0"},
				"down": {"uv": [0.5, 0, 1.25, 2.75], "rotation": 180, "texture": "#0"}
			}
		}
	],
	"display": {
		"head": {
			"scale": [1.9, 1.9, 1.9],
			"translation": [0, -10.5, 0]
		}
	},
	"groups": [
		{
			"name": "Mask",
			"children": [0, 1, 2, 3, 4, 5, 6, 7, 8]
		}
	]
}