{
	"credit": "Made with Blockbench",
	"textures": {
		"0": "hats/hoglin",
		"particle": "hats/hoglin"
	},
	"elements": [
		{
			"from": [4, 4, -2.2],
			"to": [12, 8, -0.2],
			"faces": {
				"north": {"uv": [2.625, 7.625, 4.125, 8.375], "texture": "#0"},
				"east": {"uv": [2.625, 6.875, 4.125, 7.625], "texture": "#0"},
				"south": {"uv": [2.625, 6.875, 4.125, 7.625], "texture": "#0"},
				"west": {"uv": [2.625, 6.875, 4.125, 7.625], "texture": "#0"},
				"up": {"uv": [2.625, 6.875, 4.125, 7.625], "texture": "#0"},
				"down": {"uv": [2.625, 6.875, 4.125, 7.625], "texture": "#0"}
			}
		},
		{
			"from": [13, 6, -8.2],
			"to": [15, 8, -0.2],
			"rotation": {"angle": 22.5, "axis": "x", "origin": [11, 7, -4.2]},
			"faces": {
				"north": {"uv": [0.75, 6, 1.25, 7.25], "texture": "#0"},
				"east": {"uv": [0.75, 6, 1.25, 7.25], "texture": "#0"},
				"south": {"uv": [0.75, 6, 1.25, 7.25], "texture": "#0"},
				"west": {"uv": [0.75, 6, 1.25, 7.25], "texture": "#0"},
				"up": {"uv": [0.75, 6, 1.25, 7.25], "texture": "#0"},
				"down": {"uv": [0.75, 6, 1.25, 7.25], "texture": "#0"}
			}
		},
		{
			"from": [1, 6, -8.2],
			"to": [3, 8, -0.2],
			"rotation": {"angle": 22.5, "axis": "x", "origin": [5, 7, -4.2]},
			"faces": {
				"north": {"uv": [0.75, 6, 1.25, 7.25], "texture": "#0"},
				"east": {"uv": [0.75, 6, 1.25, 7.25], "texture": "#0"},
				"south": {"uv": [0.75, 6, 1.25, 7.25], "texture": "#0"},
				"west": {"uv": [0.75, 6, 1.25, 7.25], "texture": "#0"},
				"up": {"uv": [0.75, 6, 1.25, 7.25], "texture": "#0"},
				"down": {"uv": [0.75, 6, 1.25, 7.25], "texture": "#0"}
			}
		},
		{
			"from": [7.5, 16, 1.8],
			"to": [7.5, 19, 11.8],
			"faces": {
				"north": {"uv": [0.75, 12.25, 5.625, 13.375], "texture": "#0"},
				"east": {"uv": [0.5, 10.875, 5.375, 12], "texture": "#0"},
				"south": {"uv": [0.75, 12.25, 5.625, 13.375], "texture": "#0"},
				"west": {"uv": [0.75, 12.25, 5.625, 13.375], "texture": "#0"},
				"up": {"uv": [0.75, 12.25, 5.625, 13.375], "texture": "#0"},
				"down": {"uv": [0.75, 12.25, 5.625, 13.375], "texture": "#0"}
			}
		}
	],
	"display": {
		"head": {
			"translation": [0, -10.5, 0],
			"scale": [1.9, 1.9, 1.9]
		}
	},
	"groups": [
		{
			"name": "Mask",
			"origin": [8, 8, 8],
			"children": [0, 1, 2, 3]
		}
	]
}