{
	"credit": "Made with Blockbench",
	"textures": {
		"3": "hats/horses/horse_skeleton"
	},
	"elements": [
		{
			"from": [17.1, 1, 2.8],
			"to": [17.1, 14, 14.8],
			"faces": {
				"north": {"uv": [0, 0, 16, 16], "texture": "#3"},
				"east": {"uv": [0, 13.5, 6.25, 16], "texture": "#3"},
				"south": {"uv": [0, 0, 16, 16], "texture": "#3"},
				"west": {"uv": [15, 0, 16, 0.75], "texture": "#3"},
				"up": {"uv": [0, 0, 16, 16], "texture": "#3"},
				"down": {"uv": [0, 0, 16, 16], "texture": "#3"}
			}
		},
		{
			"from": [-1.1, 1, 1.8],
			"to": [-1.1, 14, 14.8],
			"faces": {
				"north": {"uv": [0, 13.5, 6.25, 16], "texture": "#3"},
				"east": {"uv": [15.25, 0, 16, 0.75], "texture": "#3"},
				"south": {"uv": [0, 13.5, 6.25, 16], "texture": "#3"},
				"west": {"uv": [7.25, 13.5, 13.25, 16], "texture": "#3"},
				"up": {"uv": [0, 13.5, 6.25, 16], "texture": "#3"},
				"down": {"uv": [0, 13.5, 6.25, 16], "texture": "#3"}
			}
		},
		{
			"from": [4.9, 2, -5.2],
			"to": [11.9, 8, 3.8],
			"faces": {
				"north": {"uv": [1.5, 5, 3.5, 6.25], "texture": "#3"},
				"east": {"uv": [1.75, 3.25, 3, 5], "texture": "#3"},
				"south": {"uv": [1.75, 3.25, 3, 5], "texture": "#3"},
				"west": {"uv": [1.75, 3.25, 3, 5], "texture": "#3"},
				"up": {"uv": [1.75, 3.25, 3, 5], "texture": "#3"},
				"down": {"uv": [1.75, 3.25, 3, 5], "texture": "#3"}
			}
		}
	],
	"display": {
		"head": {
			"scale": [1.9, 1.9, 1.9],
			"translation": [0, -10.5, 0]
		}
	},
	"groups": [
		{
			"name": "Mask",
			"children": [0, 1, 2]
		}
	]
}