{
	"credit": "Made with Blockbench",
	"textures": {
		"0": "hats/horses/donkey"
	},
	"elements": [
		{
			"from": [4.9, 0, -2.2],
			"to": [11.1, 7, 0.8],
			"faces": {
				"north": {"uv": [1, 7.5, 2.5, 8.75], "texture": "#0"},
				"east": {"uv": [5.75, 9, 8, 12], "texture": "#0"},
				"south": {"uv": [5.75, 9, 8, 12], "texture": "#0"},
				"west": {"uv": [5.75, 9, 8, 12], "texture": "#0"},
				"up": {"uv": [5.75, 9, 8, 12], "texture": "#0"},
				"down": {"uv": [5.75, 9, 8, 12], "texture": "#0"}
			}
		},
		{
			"from": [9.9, 11, 1.8],
			"to": [12.1, 22, 3.8],
			"rotation": {"angle": -22.5, "axis": "x", "origin": [11, 16.5, 2.8]},
			"faces": {
				"north": {"uv": [0, 3, 1, 5], "texture": "#0"},
				"east": {"uv": [10.5, 10, 11.75, 13], "texture": "#0"},
				"south": {"uv": [10.5, 10, 11.75, 13], "texture": "#0"},
				"west": {"uv": [10.5, 10, 11.75, 13], "texture": "#0"},
				"up": {"uv": [10.5, 10, 11.75, 13], "texture": "#0"},
				"down": {"uv": [10.5, 10, 11.75, 13], "texture": "#0"}
			}
		},
		{
			"from": [3.9, 11, 1.8],
			"to": [6.1, 22, 3.8],
			"rotation": {"angle": -22.5, "axis": "x", "origin": [11, 16.5, 2.8]},
			"faces": {
				"north": {"uv": [0, 3, 1, 5], "texture": "#0"},
				"east": {"uv": [10.5, 10, 11.75, 13], "texture": "#0"},
				"south": {"uv": [10.5, 10, 11.75, 13], "texture": "#0"},
				"west": {"uv": [10.5, 10, 11.75, 13], "texture": "#0"},
				"up": {"uv": [10.5, 10, 11.75, 13], "texture": "#0"},
				"down": {"uv": [10.5, 10, 11.75, 13], "texture": "#0"}
			}
		}
	],
	"display": {
		"head": {
			"scale": [1.9, 1.9, 1.9],
			"translation": [0, -10.5, 0]
		}
	},
	"groups": [
		{
			"name": "Mask",
			"children": [0, 1, 2]
		}
	]
}