{
	"credit": "Made with Blockbench",
	"textures": {
		"0": "hats/horses/horse_chestnut",
		"particle": "hats/horses/horse_chestnut"
	},
	"elements": [
		{
			"from": [4.9, 0, -2.2],
			"to": [11.1, 7, 0.8],
			"faces": {
				"north": {"uv": [1.75, 5, 3.25, 6.25], "texture": "#0"},
				"east": {"uv": [5.75, 9, 8, 12], "texture": "#0"},
				"south": {"uv": [5.75, 9, 8, 12], "texture": "#0"},
				"west": {"uv": [5.75, 9, 8, 12], "texture": "#0"},
				"up": {"uv": [5.75, 9, 8, 12], "texture": "#0"},
				"down": {"uv": [5.75, 9, 8, 12], "texture": "#0"}
			}
		},
		{
			"from": [6.9, 11, -1.2],
			"to": [9.1, 19, 15.8],
			"faces": {
				"north": {"uv": [10.5, 10, 11.75, 13], "texture": "#0"},
				"east": {"uv": [10.5, 10, 11.75, 13], "texture": "#0"},
				"south": {"uv": [10.5, 10, 11.75, 13], "texture": "#0"},
				"west": {"uv": [10.5, 10, 11.75, 13], "texture": "#0"},
				"up": {"uv": [10.5, 10, 11.75, 13], "texture": "#0"},
				"down": {"uv": [10.5, 10, 11.75, 13], "texture": "#0"}
			}
		}
	],
	"display": {
		"head": {
			"scale": [1.9, 1.9, 1.9],
			"translation": [0, -10.5, 0]
		}
	},
	"groups": [
		{
			"name": "Mask",
			"children": [0, 1]
		}
	]
}