{
	"credit": "Made with Blockbench",
	"textures": {
		"3": "hats/beast"
	},
	"elements": [
		{
			"from": [5.9, 0, -3.2],
			"to": [10.1, 7.1, 1.8],
			"faces": {
				"north": {"uv": [6.125, 2, 8, 4.375], "texture": "#3"},
				"east": {"uv": [6.125, 2, 8, 4.375], "texture": "#3"},
				"south": {"uv": [6.125, 2, 8, 4.375], "texture": "#3"},
				"west": {"uv": [6.125, 2, 8, 4.375], "texture": "#3"},
				"up": {"uv": [6.125, 2, 8, 4.375], "texture": "#3"},
				"down": {"uv": [6.125, 2, 8, 4.375], "texture": "#3"}
			}
		},
		{
			"from": [0.9, 11, -1.2],
			"to": [15.1, 16.1, 9.8],
			"faces": {
				"north": {"uv": [1.5, 2.875, 4.375, 3.625], "texture": "#3"},
				"east": {"uv": [2, 2.625, 4, 3.25], "texture": "#3"},
				"south": {"uv": [2, 3.125, 4, 3.625], "texture": "#3"},
				"west": {"uv": [2, 2.75, 4, 3.25], "texture": "#3"},
				"up": {"uv": [2, 1.625, 4, 3.25], "texture": "#3"},
				"down": {"uv": [2, 3.125, 4, 3.625], "texture": "#3"}
			}
		},
		{
			"from": [13.9, 12.55, -3.75],
			"to": [16.1, 16.55, 8.35],
			"rotation": {"angle": 45, "axis": "x", "origin": [12.5, 19.55, -0.2]},
			"faces": {
				"north": {"uv": [9.5, 7.375, 10.125, 9.125], "rotation": 180, "texture": "#3"},
				"east": {"uv": [9.5, 7.375, 10.125, 9.125], "rotation": 90, "texture": "#3"},
				"south": {"uv": [9.5, 7.375, 10.125, 9.125], "texture": "#3"},
				"west": {"uv": [9.5, 7.375, 10.125, 9.125], "rotation": 270, "texture": "#3"},
				"up": {"uv": [9.5, 7.375, 10.125, 9.125], "texture": "#3"},
				"down": {"uv": [9.5, 7.375, 10.125, 9.125], "rotation": 180, "texture": "#3"}
			}
		},
		{
			"from": [-1.1, 12.55, -3.75],
			"to": [1.1, 16.55, 8.35],
			"rotation": {"angle": 45, "axis": "x", "origin": [12.5, 19.55, -0.2]},
			"faces": {
				"north": {"uv": [9.5, 7.375, 10.125, 9.125], "rotation": 180, "texture": "#3"},
				"east": {"uv": [9.5, 7.375, 10.125, 9.125], "rotation": 90, "texture": "#3"},
				"south": {"uv": [9.5, 7.375, 10.125, 9.125], "texture": "#3"},
				"west": {"uv": [9.5, 7.375, 10.125, 9.125], "rotation": 270, "texture": "#3"},
				"up": {"uv": [9.5, 7.375, 10.125, 9.125], "texture": "#3"},
				"down": {"uv": [9.5, 7.375, 10.125, 9.125], "rotation": 180, "texture": "#3"}
			}
		}
	],
	"display": {
		"head": {
			"scale": [1.9, 1.9, 1.9],
			"translation": [0, -10.5, 0]
		}
	},
	"groups": [
		{
			"name": "Mask",
			"children": [0, 1, 2, 3]
		}
	]
}