{
	"credit": "Made with Blockbench",
	"textures": {
		"0": "hats/iron_golem"
	},
	"elements": [
		{
			"from": [5.9, 2, -3.2],
			"to": [10.1, 8.1, 1.8],
			"faces": {
				"north": {"uv": [3.25, 0.25, 3.625, 0.75], "texture": "#0"},
				"east": {"uv": [3.25, 0.25, 3.625, 0.75], "texture": "#0"},
				"south": {"uv": [3.25, 0.25, 3.625, 0.75], "texture": "#0"},
				"west": {"uv": [3.25, 0.25, 3.625, 0.75], "texture": "#0"},
				"up": {"uv": [3.25, 0.25, 3.625, 0.75], "texture": "#0"},
				"down": {"uv": [3.25, 0.25, 3.625, 0.75], "texture": "#0"}
			}
		},
		{
			"from": [-1.5, -1.1, -0.09],
			"to": [17.7, 17, 15.91],
			"faces": {
				"north": {"uv": [1.25, 6.375, 3.75, 7.875], "texture": "#0"},
				"east": {"uv": [1.125, 6.375, 1.75, 7.625], "texture": "#0"},
				"south": {"uv": [2.75, 6.5, 3.5, 7.625], "texture": "#0"},
				"west": {"uv": [2.5, 6.5, 3.25, 7.75], "texture": "#0"},
				"up": {"uv": [1.375, 5, 3.5, 6.375], "texture": "#0"},
				"down": {"uv": [3.625, 5, 6, 6.25], "texture": "#0"}
			}
		}
	],
	"display": {
		"head": {
			"translation": [0, -10.5, 0],
			"scale": [1.9, 1.9, 1.9]
		}
	},
	"groups": [
		{
			"name": "Mask",
			"origin": [8, 8, 8],
			"children": [0, 1]
		}
	]
}