{
	"credit": "Made with Blockbench",
	"textures": {
		"0": "kirby/kirby_base",
		"1": "kirby/kirby_eyes",
		"2": "kirby/kirby_mouth",
		"particle": "kirby/kirby_base"
	},
	"elements": [
		{
			"from": [1, 0, 1],
			"to": [15, 14, 15],
			"faces": {
				"north": {"uv": [5, 2, 8, 5], "texture": "#0"},
				"east": {"uv": [5, 2, 8, 5], "texture": "#0"},
				"south": {"uv": [5, 2, 8, 5], "texture": "#0"},
				"west": {"uv": [5, 2, 8, 5], "texture": "#0"},
				"up": {"uv": [5, 2, 8, 5], "texture": "#0"},
				"down": {"uv": [5, 2, 8, 5], "texture": "#0"}
			}
		},
		{
			"from": [2, 1, 0],
			"to": [14, 13, 1],
			"faces": {
				"north": {"uv": [5, 2, 8, 5], "texture": "#0"},
				"east": {"uv": [5, 2, 8, 5], "texture": "#0"},
				"south": {"uv": [5, 2, 8, 5], "texture": "#0"},
				"west": {"uv": [5, 2, 8, 5], "texture": "#0"},
				"up": {"uv": [5, 2, 8, 5], "texture": "#0"},
				"down": {"uv": [5, 2, 8, 5], "texture": "#0"}
			}
		},
		{
			"from": [4, 3, -1],
			"to": [12, 12, 0],
			"faces": {
				"north": {"uv": [5, 2, 8, 5], "texture": "#0"},
				"east": {"uv": [5, 2, 8, 5], "texture": "#0"},
				"south": {"uv": [5, 2, 8, 5], "texture": "#0"},
				"west": {"uv": [5, 2, 8, 5], "texture": "#0"},
				"up": {"uv": [5, 2, 8, 5], "texture": "#0"},
				"down": {"uv": [5, 2, 8, 5], "texture": "#0"}
			}
		},
		{
			"from": [2, 1, 15],
			"to": [14, 13, 16],
			"faces": {
				"north": {"uv": [5, 2, 8, 5], "texture": "#0"},
				"east": {"uv": [5, 2, 8, 5], "texture": "#0"},
				"south": {"uv": [5, 2, 8, 5], "texture": "#0"},
				"west": {"uv": [5, 2, 8, 5], "texture": "#0"},
				"up": {"uv": [5, 2, 8, 5], "texture": "#0"},
				"down": {"uv": [5, 2, 8, 5], "texture": "#0"}
			}
		},
		{
			"from": [4, 3, 16],
			"to": [12, 11, 17],
			"faces": {
				"north": {"uv": [5, 2, 8, 5], "texture": "#0"},
				"east": {"uv": [5, 2, 8, 5], "texture": "#0"},
				"south": {"uv": [5, 2, 8, 5], "texture": "#0"},
				"west": {"uv": [5, 2, 8, 5], "texture": "#0"},
				"up": {"uv": [5, 2, 8, 5], "texture": "#0"},
				"down": {"uv": [5, 2, 8, 5], "texture": "#0"}
			}
		},
		{
			"from": [15, 1, 2],
			"to": [16, 13, 14],
			"faces": {
				"north": {"uv": [5, 2, 8, 5], "texture": "#0"},
				"east": {"uv": [5, 2, 8, 5], "texture": "#0"},
				"south": {"uv": [5, 2, 8, 5], "texture": "#0"},
				"west": {"uv": [5, 2, 8, 5], "texture": "#0"},
				"up": {"uv": [5, 2, 8, 5], "texture": "#0"},
				"down": {"uv": [5, 2, 8, 5], "texture": "#0"}
			}
		},
		{
			"from": [0, 1, 2],
			"to": [1, 13, 14],
			"faces": {
				"north": {"uv": [5, 2, 8, 5], "texture": "#0"},
				"east": {"uv": [5, 2, 8, 5], "texture": "#0"},
				"south": {"uv": [5, 2, 8, 5], "texture": "#0"},
				"west": {"uv": [5, 2, 8, 5], "texture": "#0"},
				"up": {"uv": [5, 2, 8, 5], "texture": "#0"},
				"down": {"uv": [5, 2, 8, 5], "texture": "#0"}
			}
		},
		{
			"from": [-1, 3, 4],
			"to": [0, 11, 12],
			"faces": {
				"north": {"uv": [5, 2, 8, 5], "texture": "#0"},
				"east": {"uv": [5, 2, 8, 5], "texture": "#0"},
				"south": {"uv": [5, 2, 8, 5], "texture": "#0"},
				"west": {"uv": [5, 2, 8, 5], "texture": "#0"},
				"up": {"uv": [5, 2, 8, 5], "texture": "#0"},
				"down": {"uv": [5, 2, 8, 5], "texture": "#0"}
			}
		},
		{
			"from": [16, 3, 4],
			"to": [17, 11, 12],
			"faces": {
				"north": {"uv": [5, 2, 8, 5], "texture": "#0"},
				"east": {"uv": [5, 2, 8, 5], "texture": "#0"},
				"south": {"uv": [5, 2, 8, 5], "texture": "#0"},
				"west": {"uv": [5, 2, 8, 5], "texture": "#0"},
				"up": {"uv": [5, 2, 8, 5], "texture": "#0"},
				"down": {"uv": [5, 2, 8, 5], "texture": "#0"}
			}
		},
		{
			"from": [2, 14, 2],
			"to": [14, 15, 14],
			"faces": {
				"north": {"uv": [5, 2, 8, 5], "texture": "#0"},
				"east": {"uv": [5, 2, 8, 5], "texture": "#0"},
				"south": {"uv": [5, 2, 8, 5], "texture": "#0"},
				"west": {"uv": [5, 2, 8, 5], "texture": "#0"},
				"up": {"uv": [5, 2, 8, 5], "texture": "#0"},
				"down": {"uv": [5, 2, 8, 5], "texture": "#0"}
			}
		},
		{
			"from": [4, 15, 4],
			"to": [12, 16, 12],
			"faces": {
				"north": {"uv": [5, 2, 8, 5], "texture": "#0"},
				"east": {"uv": [5, 2, 8, 5], "texture": "#0"},
				"south": {"uv": [5, 2, 8, 5], "texture": "#0"},
				"west": {"uv": [5, 2, 8, 5], "texture": "#0"},
				"up": {"uv": [5, 2, 8, 5], "texture": "#0"},
				"down": {"uv": [5, 2, 8, 5], "texture": "#0"}
			}
		},
		{
			"from": [2, -1, 2],
			"to": [14, 0, 14],
			"faces": {
				"north": {"uv": [5, 2, 8, 5], "texture": "#0"},
				"east": {"uv": [5, 2, 8, 5], "texture": "#0"},
				"south": {"uv": [5, 2, 8, 5], "texture": "#0"},
				"west": {"uv": [5, 2, 8, 5], "texture": "#0"},
				"up": {"uv": [5, 2, 8, 5], "texture": "#0"},
				"down": {"uv": [5, 2, 8, 5], "texture": "#0"}
			}
		},
		{
			"from": [4, -2, 4],
			"to": [12, -1, 12],
			"faces": {
				"north": {"uv": [5, 2, 8, 5], "texture": "#0"},
				"east": {"uv": [5, 2, 8, 5], "texture": "#0"},
				"south": {"uv": [5, 2, 8, 5], "texture": "#0"},
				"west": {"uv": [5, 2, 8, 5], "texture": "#0"},
				"up": {"uv": [5, 2, 8, 5], "texture": "#0"},
				"down": {"uv": [5, 2, 8, 5], "texture": "#0"}
			}
		},
		{
			"from": [13.3, 12.3, 2.1],
			"to": [15.8, 13.3, 13.9],
			"rotation": {"angle": -22.5, "axis": "z", "origin": [15.5, 12.5, 8]},
			"faces": {
				"north": {"uv": [5, 2, 8, 5], "texture": "#0"},
				"east": {"uv": [5, 2, 8, 5], "texture": "#0"},
				"south": {"uv": [5, 2, 8, 5], "texture": "#0"},
				"west": {"uv": [5, 2, 8, 5], "texture": "#0"},
				"up": {"uv": [5, 2, 8, 5], "texture": "#0"},
				"down": {"uv": [5, 2, 8, 5], "texture": "#0"}
			}
		},
		{
			"from": [1.3, 17.9, 2.1],
			"to": [3.8, 18.9, 13.9],
			"rotation": {"angle": 22.5, "axis": "z", "origin": [15.5, 12.5, 8]},
			"faces": {
				"north": {"uv": [5, 2, 8, 5], "texture": "#0"},
				"east": {"uv": [5, 2, 8, 5], "texture": "#0"},
				"south": {"uv": [5, 2, 8, 5], "texture": "#0"},
				"west": {"uv": [5, 2, 8, 5], "texture": "#0"},
				"up": {"uv": [5, 2, 8, 5], "texture": "#0"},
				"down": {"uv": [5, 2, 8, 5], "texture": "#0"}
			}
		},
		{
			"from": [2.7, 18.5, 2.1],
			"to": [4.2, 19.5, 13.9],
			"rotation": {"angle": 22.5, "axis": "z", "origin": [15.5, 12.5, 8]},
			"faces": {
				"north": {"uv": [5, 2, 8, 5], "texture": "#0"},
				"east": {"uv": [5, 2, 8, 5], "texture": "#0"},
				"south": {"uv": [5, 2, 8, 5], "texture": "#0"},
				"west": {"uv": [5, 2, 8, 5], "texture": "#0"},
				"up": {"uv": [5, 2, 8, 5], "texture": "#0"},
				"down": {"uv": [5, 2, 8, 5], "texture": "#0"}
			}
		},
		{
			"from": [-0.3, 16.5, 4.1],
			"to": [2.2, 17.5, 11.9],
			"rotation": {"angle": 22.5, "axis": "z", "origin": [15.5, 12.5, 8]},
			"faces": {
				"north": {"uv": [5, 2, 8, 5], "texture": "#0"},
				"east": {"uv": [5, 2, 8, 5], "texture": "#0"},
				"south": {"uv": [5, 2, 8, 5], "texture": "#0"},
				"west": {"uv": [5, 2, 8, 5], "texture": "#0"},
				"up": {"uv": [5, 2, 8, 5], "texture": "#0"},
				"down": {"uv": [5, 2, 8, 5], "texture": "#0"}
			}
		},
		{
			"from": [4, 19, 4.1],
			"to": [6.5, 20, 11.9],
			"rotation": {"angle": 22.5, "axis": "z", "origin": [15.5, 12.5, 8]},
			"faces": {
				"north": {"uv": [5, 2, 8, 5], "texture": "#0"},
				"east": {"uv": [5, 2, 8, 5], "texture": "#0"},
				"south": {"uv": [5, 2, 8, 5], "texture": "#0"},
				"west": {"uv": [5, 2, 8, 5], "texture": "#0"},
				"up": {"uv": [5, 2, 8, 5], "texture": "#0"},
				"down": {"uv": [5, 2, 8, 5], "texture": "#0"}
			}
		},
		{
			"from": [13, 12.8, 2.1],
			"to": [14.5, 13.8, 13.9],
			"rotation": {"angle": -22.5, "axis": "z", "origin": [15.5, 12.5, 8]},
			"faces": {
				"north": {"uv": [5, 2, 8, 5], "texture": "#0"},
				"east": {"uv": [5, 2, 8, 5], "texture": "#0"},
				"south": {"uv": [5, 2, 8, 5], "texture": "#0"},
				"west": {"uv": [5, 2, 8, 5], "texture": "#0"},
				"up": {"uv": [5, 2, 8, 5], "texture": "#0"},
				"down": {"uv": [5, 2, 8, 5], "texture": "#0"}
			}
		},
		{
			"from": [10.5, 13.2, 4.1],
			"to": [13, 14.2, 11.9],
			"rotation": {"angle": -22.5, "axis": "z", "origin": [15.5, 12.5, 8]},
			"faces": {
				"north": {"uv": [5, 2, 8, 5], "texture": "#0"},
				"east": {"uv": [5, 2, 8, 5], "texture": "#0"},
				"south": {"uv": [5, 2, 8, 5], "texture": "#0"},
				"west": {"uv": [5, 2, 8, 5], "texture": "#0"},
				"up": {"uv": [5, 2, 8, 5], "texture": "#0"},
				"down": {"uv": [5, 2, 8, 5], "texture": "#0"}
			}
		},
		{
			"from": [14.9, 10.8, 4.1],
			"to": [17.4, 11.8, 11.9],
			"rotation": {"angle": -22.5, "axis": "z", "origin": [15.5, 12.5, 8]},
			"faces": {
				"north": {"uv": [5, 2, 8, 5], "texture": "#0"},
				"east": {"uv": [5, 2, 8, 5], "texture": "#0"},
				"south": {"uv": [5, 2, 8, 5], "texture": "#0"},
				"west": {"uv": [5, 2, 8, 5], "texture": "#0"},
				"up": {"uv": [5, 2, 8, 5], "texture": "#0"},
				"down": {"uv": [5, 2, 8, 5], "texture": "#0"}
			}
		},
		{
			"from": [4.1, 10.9, 1],
			"to": [11.9, 11.9, 2],
			"rotation": {"angle": -22.5, "axis": "x", "origin": [8, 7, -0.5]},
			"faces": {
				"north": {"uv": [5, 2, 8, 5], "texture": "#0"},
				"east": {"uv": [5, 2, 8, 5], "texture": "#0"},
				"south": {"uv": [5, 2, 8, 5], "texture": "#0"},
				"west": {"uv": [5, 2, 8, 5], "texture": "#0"},
				"up": {"uv": [5, 2, 8, 5], "texture": "#0"},
				"down": {"uv": [5, 2, 8, 5], "texture": "#0"}
			}
		},
		{
			"from": [2.1, 11.3, 2.4],
			"to": [13.9, 12.3, 3.4],
			"rotation": {"angle": -22.5, "axis": "x", "origin": [8, 7, -0.5]},
			"faces": {
				"north": {"uv": [5, 2, 8, 5], "texture": "#0"},
				"east": {"uv": [5, 2, 8, 5], "texture": "#0"},
				"south": {"uv": [5, 2, 8, 5], "texture": "#0"},
				"west": {"uv": [5, 2, 8, 5], "texture": "#0"},
				"up": {"uv": [5, 2, 8, 5], "texture": "#0"},
				"down": {"uv": [5, 2, 8, 5], "texture": "#0"}
			}
		},
		{
			"from": [2.1, 11.9, 3.7],
			"to": [13.9, 12.9, 4.7],
			"rotation": {"angle": -22.5, "axis": "x", "origin": [8, 7, -0.5]},
			"faces": {
				"north": {"uv": [5, 2, 8, 5], "texture": "#0"},
				"east": {"uv": [5, 2, 8, 5], "texture": "#0"},
				"south": {"uv": [5, 2, 8, 5], "texture": "#0"},
				"west": {"uv": [5, 2, 8, 5], "texture": "#0"},
				"up": {"uv": [5, 2, 8, 5], "texture": "#0"},
				"down": {"uv": [5, 2, 8, 5], "texture": "#0"}
			}
		},
		{
			"from": [4.1, 12.5, 4.9],
			"to": [11.9, 13.5, 7.2],
			"rotation": {"angle": -22.5, "axis": "x", "origin": [8, 7, -0.5]},
			"faces": {
				"north": {"uv": [5, 2, 8, 5], "texture": "#0"},
				"east": {"uv": [5, 2, 8, 5], "texture": "#0"},
				"south": {"uv": [5, 2, 8, 5], "texture": "#0"},
				"west": {"uv": [5, 2, 8, 5], "texture": "#0"},
				"up": {"uv": [5, 2, 8, 5], "texture": "#0"},
				"down": {"uv": [5, 2, 8, 5], "texture": "#0"}
			}
		},
		{
			"from": [4.1, 16.4, 13],
			"to": [11.9, 17.4, 14],
			"rotation": {"angle": 22.5, "axis": "x", "origin": [8, 7, -0.5]},
			"faces": {
				"north": {"uv": [5, 2, 8, 5], "texture": "#0"},
				"east": {"uv": [5, 2, 8, 5], "texture": "#0"},
				"south": {"uv": [5, 2, 8, 5], "texture": "#0"},
				"west": {"uv": [5, 2, 8, 5], "texture": "#0"},
				"up": {"uv": [5, 2, 8, 5], "texture": "#0"},
				"down": {"uv": [5, 2, 8, 5], "texture": "#0"}
			}
		},
		{
			"from": [2.1, 17.8, 11.4],
			"to": [13.9, 18.8, 12.4],
			"rotation": {"angle": 22.5, "axis": "x", "origin": [8, 7, -0.5]},
			"faces": {
				"north": {"uv": [5, 2, 8, 5], "texture": "#0"},
				"east": {"uv": [5, 2, 8, 5], "texture": "#0"},
				"south": {"uv": [5, 2, 8, 5], "texture": "#0"},
				"west": {"uv": [5, 2, 8, 5], "texture": "#0"},
				"up": {"uv": [5, 2, 8, 5], "texture": "#0"},
				"down": {"uv": [5, 2, 8, 5], "texture": "#0"}
			}
		},
		{
			"from": [2.1, 18.3, 9.9],
			"to": [13.9, 19.3, 10.9],
			"rotation": {"angle": 22.5, "axis": "x", "origin": [8, 7, -0.5]},
			"faces": {
				"north": {"uv": [5, 2, 8, 5], "texture": "#0"},
				"east": {"uv": [5, 2, 8, 5], "texture": "#0"},
				"south": {"uv": [5, 2, 8, 5], "texture": "#0"},
				"west": {"uv": [5, 2, 8, 5], "texture": "#0"},
				"up": {"uv": [5, 2, 8, 5], "texture": "#0"},
				"down": {"uv": [5, 2, 8, 5], "texture": "#0"}
			}
		},
		{
			"from": [4.1, 19, 7.7],
			"to": [11.9, 20, 9.7],
			"rotation": {"angle": 22.5, "axis": "x", "origin": [8, 7, -0.5]},
			"faces": {
				"north": {"uv": [5, 2, 8, 5], "texture": "#0"},
				"east": {"uv": [5, 2, 8, 5], "texture": "#0"},
				"south": {"uv": [5, 2, 8, 5], "texture": "#0"},
				"west": {"uv": [5, 2, 8, 5], "texture": "#0"},
				"up": {"uv": [5, 2, 8, 5], "texture": "#0"},
				"down": {"uv": [5, 2, 8, 5], "texture": "#0"}
			}
		},
		{
			"from": [10, 7, -1.1],
			"to": [12, 12, -0.1],
			"faces": {
				"north": {"uv": [0, 0, 4, 9], "texture": "#1"},
				"east": {"uv": [5, 2, 8, 5], "texture": "#0"},
				"south": {"uv": [5, 2, 8, 5], "texture": "#0"},
				"west": {"uv": [5, 2, 8, 5], "texture": "#0"},
				"up": {"uv": [5, 2, 8, 5], "texture": "#0"},
				"down": {"uv": [5, 2, 8, 5], "texture": "#0"}
			}
		},
		{
			"from": [4, 7, -1.1],
			"to": [6, 12, -0.1],
			"faces": {
				"north": {"uv": [0, 0, 4, 9], "texture": "#1"},
				"east": {"uv": [5, 2, 8, 5], "texture": "#0"},
				"south": {"uv": [5, 2, 8, 5], "texture": "#0"},
				"west": {"uv": [5, 2, 8, 5], "texture": "#0"},
				"up": {"uv": [5, 2, 8, 5], "texture": "#0"},
				"down": {"uv": [5, 2, 8, 5], "texture": "#0"}
			}
		},
		{
			"from": [3, 5, -1.1],
			"to": [6, 7, -0.1],
			"faces": {
				"north": {"uv": [1, 11, 6, 14], "texture": "#0"},
				"east": {"uv": [5, 2, 8, 5], "texture": "#0"},
				"south": {"uv": [5, 2, 8, 5], "texture": "#0"},
				"west": {"uv": [5, 2, 8, 5], "texture": "#0"},
				"up": {"uv": [5, 2, 8, 5], "texture": "#0"},
				"down": {"uv": [5, 2, 8, 5], "texture": "#0"}
			}
		},
		{
			"from": [10, 5, -1.1],
			"to": [13, 7, -0.1],
			"faces": {
				"north": {"uv": [1, 11, 6, 14], "texture": "#0"},
				"east": {"uv": [5, 2, 8, 5], "texture": "#0"},
				"south": {"uv": [5, 2, 8, 5], "texture": "#0"},
				"west": {"uv": [5, 2, 8, 5], "texture": "#0"},
				"up": {"uv": [5, 2, 8, 5], "texture": "#0"},
				"down": {"uv": [5, 2, 8, 5], "texture": "#0"}
			}
		},
		{
			"from": [6, 4, -1.1],
			"to": [10, 6, -0.1],
			"faces": {
				"north": {"uv": [8, 0, 16, 3], "texture": "#2"},
				"east": {"uv": [5, 2, 8, 5], "texture": "#0"},
				"south": {"uv": [5, 2, 8, 5], "texture": "#0"},
				"west": {"uv": [5, 2, 8, 5], "texture": "#0"},
				"up": {"uv": [5, 2, 8, 5], "texture": "#0"},
				"down": {"uv": [5, 2, 8, 5], "texture": "#0"}
			}
		},
		{
			"from": [15, 5, 6],
			"to": [21, 9, 10],
			"rotation": {"angle": -22.5, "axis": "z", "origin": [19, 7, 8]},
			"faces": {
				"north": {"uv": [5, 2, 8, 5], "texture": "#0"},
				"east": {"uv": [5, 2, 8, 5], "texture": "#0"},
				"south": {"uv": [5, 2, 8, 5], "texture": "#0"},
				"west": {"uv": [5, 2, 8, 5], "texture": "#0"},
				"up": {"uv": [5, 2, 8, 5], "texture": "#0"},
				"down": {"uv": [5, 2, 8, 5], "texture": "#0"}
			}
		},
		{
			"from": [-3, 13, 6],
			"to": [3, 17, 10],
			"rotation": {"angle": 22.5, "axis": "z", "origin": [19, 7, 8]},
			"faces": {
				"north": {"uv": [5, 2, 8, 5], "texture": "#0"},
				"east": {"uv": [5, 2, 8, 5], "texture": "#0"},
				"south": {"uv": [5, 2, 8, 5], "texture": "#0"},
				"west": {"uv": [5, 2, 8, 5], "texture": "#0"},
				"up": {"uv": [5, 2, 8, 5], "texture": "#0"},
				"down": {"uv": [5, 2, 8, 5], "texture": "#0"}
			}
		}
	],
	"display": {
		"head": {
			"scale": [1.9, 1.9, 1.9],
			"translation": [0, -10.5, 0]
		}
	}
}