{
	"credit": "Made with Blockbench",
	"textures": {
		"0": "hats/llamas/creamy_llama",
		"particle": "hats/llamas/creamy_llama"
	},
	"elements": [
		{
			"from": [5, 2, -4.2],
			"to": [11, 8, 0.8],
			"faces": {
				"north": {"uv": [2, 2.25, 3.5, 3.25], "texture": "#0"},
				"east": {"uv": [2.25, 0, 3.25, 2], "texture": "#0"},
				"south": {"uv": [2.25, 0, 3.25, 2], "texture": "#0"},
				"west": {"uv": [2.25, 0, 3.25, 2], "texture": "#0"},
				"up": {"uv": [2.25, 0, 3.25, 2], "texture": "#0"},
				"down": {"uv": [2.25, 0, 3.25, 2], "texture": "#0"}
			}
		},
		{
			"from": [10, 14, 3.8],
			"to": [13, 19, 5.8],
			"faces": {
				"north": {"uv": [4.75, 0.5, 5.5, 1.25], "texture": "#0"},
				"east": {"uv": [5.25, 0, 6.25, 0.75], "texture": "#0"},
				"south": {"uv": [5.25, 0, 6.25, 0.75], "texture": "#0"},
				"west": {"uv": [5.25, 0, 6.25, 0.75], "texture": "#0"},
				"up": {"uv": [5.25, 0, 6.25, 0.75], "texture": "#0"},
				"down": {"uv": [5.25, 0, 6.25, 0.75], "texture": "#0"}
			}
		},
		{
			"from": [3, 14, 3.8],
			"to": [6, 19, 5.8],
			"faces": {
				"north": {"uv": [4.75, 0.5, 5.5, 1.25], "texture": "#0"},
				"east": {"uv": [5.25, 0, 6.25, 0.75], "texture": "#0"},
				"south": {"uv": [5.25, 0, 6.25, 0.75], "texture": "#0"},
				"west": {"uv": [5.25, 0, 6.25, 0.75], "texture": "#0"},
				"up": {"uv": [5.25, 0, 6.25, 0.75], "texture": "#0"},
				"down": {"uv": [5.25, 0, 6.25, 0.75], "texture": "#0"}
			}
		},
		{
			"from": [3, 1, 14.8],
			"to": [13, 13, 17.8],
			"faces": {
				"north": {"uv": [4.75, 0.5, 5.5, 1.25], "texture": "#0"},
				"east": {"uv": [5.25, 0, 6.25, 0.75], "texture": "#0"},
				"south": {"uv": [13, 0, 15.75, 2.5], "texture": "#0"},
				"west": {"uv": [5.25, 0, 6.25, 0.75], "texture": "#0"},
				"up": {"uv": [5.25, 0, 6.25, 0.75], "texture": "#0"},
				"down": {"uv": [5.25, 0, 6.25, 0.75], "texture": "#0"}
			}
		}
	],
	"display": {
		"head": {
			"scale": [1.9, 1.9, 1.9],
			"translation": [0, -10.5, 0]
		}
	},
	"groups": [
		{
			"name": "Mask",
			"children": [0, 1, 2, 3]
		}
	]
}