{
	"credit": "Made with Blockbench",
	"textures": {
		"3": "hats/minecart"
	},
	"elements": [
		{
			"from": [-2, -3, -4],
			"to": [18, 7.1, 20],
			"faces": {
				"north": {"uv": [3, 1, 11, 5], "texture": "#3"},
				"east": {"uv": [3, 1, 11, 5], "texture": "#3"},
				"south": {"uv": [3, 1, 11, 5], "texture": "#3"},
				"west": {"uv": [3, 1, 11, 5], "texture": "#3"},
				"up": {"uv": [5, 6, 15, 14], "texture": "#3"},
				"down": {"uv": [0, 6, 3, 13.5], "texture": "#3"}
			}
		}
	],
	"display": {
		"head": {
			"scale": [1.9, 1.9, 1.9],
			"translation": [0, -10.5, 0]
		}
	},
	"groups": [
		{
			"name": "Mask",
			"children": [0]
		}
	]
}