{
	"credit": "Made with Blockbench",
	"textures": {
		"0": "hats/pandas/panda"
	},
	"elements": [
		{
			"from": [6, 6, -2.2],
			"to": [10, 9, 3.8],
			"faces": {
				"north": {"uv": [12, 4.25, 13.25, 5.25], "texture": "#0"},
				"east": {"uv": [2.75, 2.25, 4.75, 4], "texture": "#0"},
				"south": {"uv": [2.25, 2.25, 5, 3.5], "texture": "#0"},
				"west": {"uv": [2.25, 3.75, 5.5, 4.75], "texture": "#0"},
				"up": {"uv": [2.75, 2.25, 4.5, 3.5], "texture": "#0"},
				"down": {"uv": [3.25, 2.75, 4.75, 3.75], "texture": "#0"}
			}
		},
		{
			"from": [8.3, 9, -1.2],
			"to": [9.3, 13, -0.2],
			"faces": {
				"north": {"uv": [12.5, 1, 13, 1.25], "texture": "#0"},
				"east": {"uv": [12.5, 1, 13, 1.25], "texture": "#0"},
				"south": {"uv": [12.5, 1, 13, 1.25], "texture": "#0"},
				"west": {"uv": [12.5, 1, 13, 1.25], "texture": "#0"},
				"up": {"uv": [12.5, 1, 13, 1.25], "texture": "#0"},
				"down": {"uv": [12.5, 1, 13, 1.25], "texture": "#0"}
			}
		},
		{
			"from": [6.7, 9, -1.2],
			"to": [7.7, 13, -0.2],
			"faces": {
				"north": {"uv": [12.25, 0, 13, 0.25], "texture": "#0"},
				"east": {"uv": [12.25, 0, 13, 0.25], "texture": "#0"},
				"south": {"uv": [12.25, 0, 13, 0.25], "texture": "#0"},
				"west": {"uv": [12.25, 0, 13, 0.25], "texture": "#0"},
				"up": {"uv": [12.25, 0, 13, 0.25], "texture": "#0"},
				"down": {"uv": [12.25, 0, 13, 0.25], "texture": "#0"}
			}
		},
		{
			"from": [9, 13, -1.2],
			"to": [12, 14, -0.2],
			"rotation": {"angle": 0, "axis": "y", "origin": [8, 9, 8]},
			"faces": {
				"north": {"uv": [12.5, 1, 13.25, 1.25], "texture": "#0"},
				"east": {"uv": [12.5, 1, 13.25, 1.25], "texture": "#0"},
				"south": {"uv": [12.5, 1, 13.25, 1.25], "texture": "#0"},
				"west": {"uv": [12.5, 1, 13.25, 1.25], "texture": "#0"},
				"up": {"uv": [12.5, 1, 13.25, 1.25], "texture": "#0"},
				"down": {"uv": [12.5, 1, 13.25, 1.25], "texture": "#0"}
			}
		},
		{
			"from": [4, 13, -1.2],
			"to": [7, 14, -0.2],
			"rotation": {"angle": 0, "axis": "y", "origin": [8, 9, 8]},
			"faces": {
				"north": {"uv": [12.25, 0.5, 12.75, 1], "texture": "#0"},
				"east": {"uv": [12.25, 0.5, 12.75, 1], "texture": "#0"},
				"south": {"uv": [12.25, 0.5, 12.75, 1], "texture": "#0"},
				"west": {"uv": [12.25, 0.5, 12.75, 1], "texture": "#0"},
				"up": {"uv": [12.25, 0.5, 12.75, 1], "texture": "#0"},
				"down": {"uv": [12.25, 0.5, 12.75, 1], "texture": "#0"}
			}
		},
		{
			"from": [3, 7, -1.2],
			"to": [5, 13, 3.8],
			"faces": {
				"north": {"uv": [12.25, 0.5, 12.75, 0.75], "texture": "#0"},
				"east": {"uv": [12.25, 0.5, 12.75, 0.75], "texture": "#0"},
				"south": {"uv": [12.25, 0.5, 12.75, 0.75], "texture": "#0"},
				"west": {"uv": [12.25, 0.5, 12.75, 0.75], "texture": "#0"},
				"up": {"uv": [12.25, 0.5, 12.75, 0.75], "texture": "#0"},
				"down": {"uv": [12.25, 0.5, 12.75, 0.75], "texture": "#0"}
			}
		},
		{
			"from": [11, 7, -1.2],
			"to": [13, 13, 3.8],
			"faces": {
				"north": {"uv": [12.25, 0.5, 12.75, 1], "texture": "#0"},
				"east": {"uv": [12.25, 0.5, 12.75, 1], "texture": "#0"},
				"south": {"uv": [12.25, 0.5, 12.75, 1], "texture": "#0"},
				"west": {"uv": [12.25, 0.5, 12.75, 1], "texture": "#0"},
				"up": {"uv": [12.25, 0.5, 12.75, 1], "texture": "#0"},
				"down": {"uv": [12.25, 0.5, 12.75, 1], "texture": "#0"}
			}
		},
		{
			"from": [13, 6, -1.2],
			"to": [14, 11, -0.2],
			"faces": {
				"north": {"uv": [11.5, 0.25, 12, 0.5], "texture": "#0"},
				"east": {"uv": [11.5, 0.25, 12, 0.5], "texture": "#0"},
				"south": {"uv": [11.5, 0.25, 12, 0.5], "texture": "#0"},
				"west": {"uv": [11.5, 0.25, 12, 0.5], "texture": "#0"},
				"up": {"uv": [11.5, 0.25, 12, 0.5], "texture": "#0"},
				"down": {"uv": [11.5, 0.25, 12, 0.5], "texture": "#0"}
			}
		},
		{
			"from": [2, 6, -1.2],
			"to": [3, 11, -0.2],
			"faces": {
				"north": {"uv": [12.5, 0.25, 13, 0.5], "texture": "#0"},
				"east": {"uv": [12.5, 0.25, 13, 0.5], "texture": "#0"},
				"south": {"uv": [12.5, 0.25, 13, 0.5], "texture": "#0"},
				"west": {"uv": [12.5, 0.25, 13, 0.5], "texture": "#0"},
				"up": {"uv": [12.5, 0.25, 13, 0.5], "texture": "#0"},
				"down": {"uv": [12.5, 0.25, 13, 0.5], "texture": "#0"}
			}
		},
		{
			"from": [-0.1, -2.1, 3.8],
			"to": [16.1, 16.9, 13.8],
			"faces": {
				"north": {"uv": [2.75, 2.25, 4.5, 3.5], "texture": "#0"},
				"east": {"uv": [2.75, 2.25, 4.5, 3.5], "texture": "#0"},
				"south": {"uv": [2.75, 2.25, 4.5, 3.5], "texture": "#0"},
				"west": {"uv": [2.75, 2.25, 4.5, 3.5], "texture": "#0"},
				"up": {"uv": [2.75, 2.25, 4.5, 3.5], "texture": "#0"},
				"down": {"uv": [2.75, 2.25, 4.5, 3.5], "texture": "#0"}
			}
		},
		{
			"from": [-0.1, -0.1, 13.8],
			"to": [16.1, 14.9, 17.8],
			"faces": {
				"north": {"uv": [7, 9.75, 8.75, 11], "texture": "#0"},
				"east": {"uv": [7, 9.75, 8.75, 11], "texture": "#0"},
				"south": {"uv": [7, 9.75, 8.75, 11], "texture": "#0"},
				"west": {"uv": [7, 9.75, 8.75, 11], "texture": "#0"},
				"up": {"uv": [7, 9.75, 8.75, 11], "texture": "#0"},
				"down": {"uv": [7, 9.75, 8.75, 11], "texture": "#0"}
			}
		}
	],
	"display": {
		"head": {
			"translation": [0, -10.5, 0],
			"scale": [1.9, 1.9, 1.9]
		}
	},
	"groups": [
		{
			"name": "Mask",
			"origin": [8, 8, 8],
			"children": [0, 1, 2, 3, 4, 5, 6, 7, 8, 9, 10]
		}
	]
}