{
	"credit": "Made with Blockbench",
	"textures": {
		"0": "hats/parrots/parrot_yellow_blue",
		"particle": "hats/parrots/parrot_yellow_blue"
	},
	"elements": [
		{
			"from": [8, 15, 4.8],
			"to": [8, 21, 10.8],
			"faces": {
				"north": {"uv": [11.5, 0.5, 13, 3], "texture": "#0"},
				"east": {"uv": [1, 11, 3, 13.5], "texture": "#0"},
				"south": {"uv": [11.5, 0.5, 13, 3], "texture": "#0"},
				"west": {"uv": [3.5, 11, 5, 13.5], "texture": "#0"},
				"up": {"uv": [11.5, 0.5, 13, 3], "texture": "#0"},
				"down": {"uv": [11.5, 0.5, 13, 3], "texture": "#0"}
			}
		},
		{
			"from": [5.5, 4, -4.2],
			"to": [10.5, 8, -0.2],
			"faces": {
				"north": {"uv": [6, 3.5, 7, 5], "texture": "#0"},
				"east": {"uv": [6, 3.5, 7, 5], "texture": "#0"},
				"south": {"uv": [6, 3.5, 7, 5], "texture": "#0"},
				"west": {"uv": [6, 3.5, 7, 5], "texture": "#0"},
				"up": {"uv": [6, 3.5, 7, 4.5], "texture": "#0"},
				"down": {"uv": [6, 4, 7, 5], "texture": "#0"}
			}
		},
		{
			"from": [14, 9, 5.3],
			"to": [22, 11, 10.3],
			"rotation": {"angle": -22.5, "axis": "z", "origin": [19, 12, 7.8]},
			"faces": {
				"north": {"uv": [11.5, 0.5, 13, 3], "texture": "#0"},
				"east": {"uv": [11.5, 0.5, 13, 3], "texture": "#0"},
				"south": {"uv": [11.5, 0.5, 13, 3], "texture": "#0"},
				"west": {"uv": [11.5, 0.5, 13, 3], "texture": "#0"},
				"up": {"uv": [11.5, 0.5, 13, 3], "rotation": 90, "texture": "#0"},
				"down": {"uv": [11.5, 0.5, 13, 3], "rotation": 270, "texture": "#0"}
			}
		},
		{
			"from": [-6, 9, 5.3],
			"to": [2, 11, 10.3],
			"rotation": {"angle": 22.5, "axis": "z", "origin": [-3, 12, 7.8]},
			"faces": {
				"north": {"uv": [11.5, 0.5, 13, 3], "texture": "#0"},
				"east": {"uv": [11.5, 0.5, 13, 3], "texture": "#0"},
				"south": {"uv": [11.5, 0.5, 13, 3], "texture": "#0"},
				"west": {"uv": [11.5, 0.5, 13, 3], "texture": "#0"},
				"up": {"uv": [11.5, 0.5, 13, 3], "rotation": 270, "texture": "#0"},
				"down": {"uv": [11.5, 0.5, 13, 3], "rotation": 90, "texture": "#0"}
			}
		}
	],
	"display": {
		"head": {
			"scale": [1.9, 1.9, 1.9],
			"translation": [0, -10.5, 0]
		}
	},
	"groups": [
		{
			"name": "Mask",
			"children": [0, 1, 2, 3]
		}
	]
}