{
	"credit": "Made with Blockbench",
	"textures": {
		"0": "hats/phantom"
	},
	"elements": [
		{
			"from": [9.9, 16, 3.8],
			"to": [32, 16.1, 12.8],
			"rotation": {"angle": 0, "axis": "y", "origin": [8, 9, 8]},
			"faces": {
				"north": {"uv": [6.25, 6, 12.75, 8.5], "rotation": 180, "texture": "#0"},
				"east": {"uv": [6.25, 6, 12.75, 8.5], "rotation": 180, "texture": "#0"},
				"south": {"uv": [6.25, 6, 12.75, 8.5], "rotation": 180, "texture": "#0"},
				"west": {"uv": [6.25, 6, 12.75, 8.5], "rotation": 180, "texture": "#0"},
				"up": {"uv": [6.25, 6, 12.75, 8.5], "rotation": 180, "texture": "#0"},
				"down": {"uv": [6.25, 8.5, 12.75, 6], "rotation": 180, "texture": "#0"}
			}
		},
		{
			"from": [-15.1, 16, 3.8],
			"to": [7, 16.1, 12.8],
			"rotation": {"angle": 0, "axis": "y", "origin": [8, 9, 8]},
			"faces": {
				"north": {"uv": [6.25, 6, 12.75, 8.5], "texture": "#0"},
				"east": {"uv": [6.25, 6, 12.75, 8.5], "texture": "#0"},
				"south": {"uv": [6.25, 6, 12.75, 8.5], "texture": "#0"},
				"west": {"uv": [6.25, 6, 12.75, 8.5], "texture": "#0"},
				"up": {"uv": [6.25, 8.5, 12.75, 6], "texture": "#0"},
				"down": {"uv": [6.25, 6, 12.75, 8.5], "texture": "#0"}
			}
		},
		{
			"from": [2.9, 11, -1.2],
			"to": [13, 16.1, 3.8],
			"faces": {
				"north": {"uv": [1.25, 1.25, 3, 2], "rotation": 180, "texture": "#0"},
				"east": {"uv": [0, 1.25, 1.25, 2], "rotation": 180, "texture": "#0"},
				"south": {"uv": [8, 3, 9.5, 4.75], "rotation": 180, "texture": "#0"},
				"west": {"uv": [3, 1.25, 4.25, 2], "rotation": 180, "texture": "#0"},
				"up": {"uv": [1.25, 0, 3, 1.25], "rotation": 180, "texture": "#0"},
				"down": {"uv": [8, 3, 9.5, 4.75], "rotation": 180, "texture": "#0"}
			}
		},
		{
			"from": [2.9, 11, 3.8],
			"to": [13, 16.1, 13.8],
			"faces": {
				"north": {"uv": [1.25, 1.25, 3, 2], "rotation": 180, "texture": "#0"},
				"east": {"uv": [0, 1.25, 1.25, 2], "rotation": 180, "texture": "#0"},
				"south": {"uv": [3.25, 0.5, 4.5, 1.5], "rotation": 180, "texture": "#0"},
				"west": {"uv": [3, 1.25, 4.25, 2], "rotation": 180, "texture": "#0"},
				"up": {"uv": [2.25, 2, 3.5, 4.25], "rotation": 180, "texture": "#0"},
				"down": {"uv": [8, 3, 9.5, 4.75], "rotation": 180, "texture": "#0"}
			}
		}
	],
	"display": {
		"head": {
			"translation": [0, -10.5, 0],
			"scale": [1.9, 1.9, 1.9]
		}
	},
	"groups": [
		{
			"name": "Mask",
			"origin": [8, 8, 8],
			"children": [0, 1, 2, 3]
		}
	]
}