{
	"credit": "Made with Blockbench",
	"textures": {
		"3": "hats/pig"
	},
	"elements": [
		{
			"from": [5, 2, -2.1],
			"to": [11, 7.2, 12.9],
			"faces": {
				"north": {"uv": [8, 8.5, 11, 10], "texture": "#3"},
				"east": {"uv": [0, 4, 4, 7], "texture": "#3"},
				"south": {"uv": [0, 4, 4, 7], "texture": "#3"},
				"west": {"uv": [0, 4, 4, 7], "texture": "#3"},
				"up": {"uv": [4, 0, 8, 4], "rotation": 180, "texture": "#3"},
				"down": {"uv": [8, 0, 12, 4], "rotation": 180, "texture": "#3"}
			}
		},
		{
			"from": [6, 7, -2.1],
			"to": [10, 8.2, 12.9],
			"faces": {
				"north": {"uv": [8.5, 8, 11, 9], "texture": "#3"},
				"east": {"uv": [0, 4, 4, 7], "texture": "#3"},
				"south": {"uv": [0, 4, 4, 7], "texture": "#3"},
				"west": {"uv": [0, 4, 4, 7], "texture": "#3"},
				"up": {"uv": [4, 0, 8, 4], "rotation": 180, "texture": "#3"},
				"down": {"uv": [8, 0, 12, 4], "rotation": 180, "texture": "#3"}
			}
		}
	],
	"display": {
		"head": {
			"scale": [1.9, 1.9, 1.9],
			"translation": [0, -10.5, 0]
		}
	},
	"groups": [
		{
			"name": "Mask",
			"children": [0, 1]
		}
	]
}