{
	"credit": "Made with Blockbench",
	"textures": {
		"3": "hats/piglin"
	},
	"elements": [
		{
			"from": [5, 2, -2.1],
			"to": [11, 7.2, 12.9],
			"faces": {
				"north": {"uv": [8, 0.5, 9, 1.5], "texture": "#3"},
				"east": {"uv": [7.75, 0.5, 9.25, 1.5], "texture": "#3"},
				"south": {"uv": [7.75, 0.5, 9.25, 1.5], "texture": "#3"},
				"west": {"uv": [7.75, 0.5, 9.25, 1.5], "texture": "#3"},
				"up": {"uv": [7.75, 0.5, 9.25, 1.5], "texture": "#3"},
				"down": {"uv": [7.75, 0.5, 9.25, 1.5], "texture": "#3"}
			}
		},
		{
			"from": [11, 2, -2.1],
			"to": [12.5, 5, -0.1],
			"faces": {
				"north": {"uv": [0.75, 0.25, 1.25, 0.75], "texture": "#3"},
				"east": {"uv": [0.75, 0.25, 1.25, 0.75], "texture": "#3"},
				"south": {"uv": [0.75, 0.25, 1.25, 0.75], "texture": "#3"},
				"west": {"uv": [0.75, 0.25, 1.25, 0.75], "texture": "#3"},
				"up": {"uv": [0.75, 0.25, 1.25, 0.75], "texture": "#3"},
				"down": {"uv": [0.75, 0.25, 1.25, 0.75], "texture": "#3"}
			}
		},
		{
			"from": [-2.63268, 13.32612, 2.9],
			"to": [2.36732, 14.82612, 7.9],
			"rotation": {"angle": 22.5, "axis": "z", "origin": [0.75, 15, 4.9]},
			"faces": {
				"north": {"uv": [1, 9.5, 1.75, 10.75], "rotation": 90, "texture": "#3"},
				"east": {"uv": [1, 9.5, 1.75, 10.75], "rotation": 90, "texture": "#3"},
				"south": {"uv": [1, 9.5, 1.75, 10.75], "rotation": 90, "texture": "#3"},
				"west": {"uv": [1, 9.5, 1.75, 10.75], "rotation": 90, "texture": "#3"},
				"up": {"uv": [1, 9.5, 1.75, 10.75], "rotation": 90, "texture": "#3"},
				"down": {"uv": [1, 9.5, 1.75, 10.75], "rotation": 90, "texture": "#3"}
			}
		},
		{
			"from": [13.13268, 13.32612, 2.9],
			"to": [18.13268, 14.82612, 7.9],
			"rotation": {"angle": -22.5, "axis": "z", "origin": [14.75, 15, 4.9]},
			"faces": {
				"north": {"uv": [1, 9.5, 1.75, 10.5], "rotation": 270, "texture": "#3"},
				"east": {"uv": [1, 9.5, 1.75, 10.5], "rotation": 270, "texture": "#3"},
				"south": {"uv": [1, 9.5, 1.75, 10.5], "rotation": 270, "texture": "#3"},
				"west": {"uv": [1, 9.5, 1.75, 10.5], "rotation": 270, "texture": "#3"},
				"up": {"uv": [1, 9.5, 1.75, 10.5], "rotation": 270, "texture": "#3"},
				"down": {"uv": [1, 9.5, 1.75, 10.5], "rotation": 270, "texture": "#3"}
			}
		},
		{
			"from": [3.5, 2, -2.1],
			"to": [5, 5, -0.1],
			"faces": {
				"north": {"uv": [0.75, 0.25, 1.25, 0.75], "texture": "#3"},
				"east": {"uv": [0.75, 0.25, 1.25, 0.75], "texture": "#3"},
				"south": {"uv": [0.75, 0.25, 1.25, 0.75], "texture": "#3"},
				"west": {"uv": [0.75, 0.25, 1.25, 0.75], "texture": "#3"},
				"up": {"uv": [0.75, 0.25, 1.25, 0.75], "texture": "#3"},
				"down": {"uv": [0.75, 0.25, 1.25, 0.75], "texture": "#3"}
			}
		},
		{
			"from": [6, 7.1, -2.1],
			"to": [10, 8.3, 12.9],
			"faces": {
				"north": {"uv": [8, 0.25, 8.75, 0.75], "texture": "#3"},
				"east": {"uv": [8, 0.25, 8.75, 0.75], "texture": "#3"},
				"south": {"uv": [8, 0.25, 8.75, 0.75], "texture": "#3"},
				"west": {"uv": [8, 0.25, 8.75, 0.75], "texture": "#3"},
				"up": {"uv": [8, 0.25, 8.75, 0.75], "texture": "#3"},
				"down": {"uv": [8, 0.25, 8.75, 0.75], "texture": "#3"}
			}
		}
	],
	"display": {
		"head": {
			"translation": [0, -10.5, 0],
			"scale": [1.9, 1.9, 1.9]
		}
	},
	"groups": [
		{
			"name": "Mask",
			"origin": [8, 8, 8],
			"children": [0, 1, 2, 3, 4, 5]
		}
	]
}