{
	"credit": "Made with Blockbench",
	"textures": {
		"3": "hats/polarbear"
	},
	"elements": [
		{
			"from": [3.9, 3, -5.1],
			"to": [12.1, 7.2, 6.9],
			"faces": {
				"north": {"uv": [1.5, 10.5, 4, 12], "texture": "#3"},
				"east": {"uv": [8.5, 4.5, 12, 6], "texture": "#3"},
				"south": {"uv": [3.5, 5.5, 7, 7], "texture": "#3"},
				"west": {"uv": [7, 3.5, 10.5, 5], "texture": "#3"},
				"up": {"uv": [0, 4.5, 3.5, 6], "rotation": 180, "texture": "#3"},
				"down": {"uv": [3.5, 5.5, 7, 7], "rotation": 180, "texture": "#3"}
			}
		},
		{
			"from": [9.9, 12, -1.1],
			"to": [13.1, 14.2, 7.9],
			"faces": {
				"north": {"uv": [3.5, 4, 5, 5], "texture": "#3"},
				"east": {"uv": [3.5, 4, 5, 5], "texture": "#3"},
				"south": {"uv": [3.5, 4, 5, 5], "texture": "#3"},
				"west": {"uv": [3.5, 4, 5, 5], "texture": "#3"},
				"up": {"uv": [3.5, 4, 5, 5], "rotation": 180, "texture": "#3"},
				"down": {"uv": [3.5, 4, 5, 5], "rotation": 180, "texture": "#3"}
			}
		},
		{
			"from": [2.9, 12, -1.1],
			"to": [6.1, 14.2, 8.9],
			"faces": {
				"north": {"uv": [5.5, 4, 7, 5], "texture": "#3"},
				"east": {"uv": [3.5, 4, 5, 5], "texture": "#3"},
				"south": {"uv": [3.5, 4, 5, 5], "texture": "#3"},
				"west": {"uv": [3.5, 4, 5, 5], "texture": "#3"},
				"up": {"uv": [3.5, 4, 5, 5], "rotation": 180, "texture": "#3"},
				"down": {"uv": [3.5, 4, 5, 5], "rotation": 180, "texture": "#3"}
			}
		},
		{
			"from": [10.9, 14, 2.9],
			"to": [15.1, 18.2, 3.9],
			"faces": {
				"north": {"uv": [0.5, 4, 3.5, 6.5], "texture": "#3"},
				"east": {"uv": [0.5, 4, 3.5, 6.5], "texture": "#3"},
				"south": {"uv": [0.5, 4, 3.5, 6.5], "texture": "#3"},
				"west": {"uv": [0.5, 4, 3.5, 6.5], "texture": "#3"},
				"up": {"uv": [0.5, 4, 3.5, 6.5], "rotation": 180, "texture": "#3"},
				"down": {"uv": [0.5, 4, 3.5, 6.5], "rotation": 180, "texture": "#3"}
			}
		},
		{
			"from": [0.9, 14, 2.9],
			"to": [5.1, 18.2, 3.9],
			"faces": {
				"north": {"uv": [0.5, 4, 3.5, 6.5], "texture": "#3"},
				"east": {"uv": [0.5, 4, 3.5, 6.5], "texture": "#3"},
				"south": {"uv": [0.5, 4, 3.5, 6.5], "texture": "#3"},
				"west": {"uv": [0.5, 4, 3.5, 6.5], "texture": "#3"},
				"up": {"uv": [0.5, 4, 3.5, 6.5], "rotation": 180, "texture": "#3"},
				"down": {"uv": [0.5, 4, 3.5, 6.5], "rotation": 180, "texture": "#3"}
			}
		}
	],
	"display": {
		"head": {
			"scale": [1.9, 1.9, 1.9],
			"translation": [0, -10.5, 0]
		}
	},
	"groups": [
		{
			"name": "Mask",
			"children": [0, 1, 2, 3, 4]
		}
	]
}