{
	"credit": "Made with Blockbench",
	"textures": {
		"5": "hats/pufferfish"
	},
	"elements": [
		{
			"from": [-1.1, -0.1, -0.09],
			"to": [17.1, 17.1, 17.91],
			"faces": {
				"north": {"uv": [4, 4, 8, 8], "texture": "#5"},
				"east": {"uv": [0, 4, 4, 8], "texture": "#5"},
				"south": {"uv": [12, 4, 16, 8], "texture": "#5"},
				"west": {"uv": [8, 4, 12, 8], "texture": "#5"},
				"up": {"uv": [4, 0, 8, 4], "rotation": 180, "texture": "#5"},
				"down": {"uv": [8, 0, 12, 4], "rotation": 180, "texture": "#5"}
			}
		},
		{
			"from": [-6.1, 12.9, 1.9],
			"to": [-0.9, 15.1, 6.9],
			"faces": {
				"north": {"uv": [13, 0, 14, 1], "rotation": 180, "texture": "#5"},
				"east": {"uv": [13, 0, 14, 1], "rotation": 180, "texture": "#5"},
				"south": {"uv": [13, 0, 14, 1], "rotation": 180, "texture": "#5"},
				"west": {"uv": [13, 0, 14, 1], "rotation": 180, "texture": "#5"},
				"up": {"uv": [13, 0, 14, 1], "rotation": 180, "texture": "#5"},
				"down": {"uv": [13, 0, 14, 1], "rotation": 180, "texture": "#5"}
			}
		},
		{
			"from": [16.9, 12.9, 1.9],
			"to": [22.1, 15.1, 6.9],
			"faces": {
				"north": {"uv": [13, 0, 14, 1], "rotation": 180, "texture": "#5"},
				"east": {"uv": [13, 0, 14, 1], "rotation": 180, "texture": "#5"},
				"south": {"uv": [13, 0, 14, 1], "rotation": 180, "texture": "#5"},
				"west": {"uv": [13, 0, 14, 1], "rotation": 180, "texture": "#5"},
				"up": {"uv": [13, 0, 14, 1], "rotation": 180, "texture": "#5"},
				"down": {"uv": [13, 0, 14, 1], "rotation": 180, "texture": "#5"}
			}
		},
		{
			"from": [-1.1, 18.1, -0.1],
			"to": [17.1, 18.1, 17.9],
			"faces": {
				"north": {"uv": [0.5, 8.5, 5, 12], "texture": "#5"},
				"east": {"uv": [0.5, 8.5, 5, 12], "texture": "#5"},
				"south": {"uv": [0.5, 8.5, 5, 12], "texture": "#5"},
				"west": {"uv": [0.5, 8.5, 5, 12], "texture": "#5"},
				"up": {"uv": [0.5, 8.5, 5, 12], "rotation": 180, "texture": "#5"},
				"down": {"uv": [6, 9, 7.5, 12], "rotation": 180, "texture": "#5"}
			}
		},
		{
			"from": [-1.1, 0.1, 18.9],
			"to": [17.1, 18.1, 18.9],
			"faces": {
				"north": {"uv": [6, 9, 7.5, 12], "texture": "#5"},
				"east": {"uv": [0.5, 8.5, 5, 12], "rotation": 270, "texture": "#5"},
				"south": {"uv": [0.5, 8.5, 5, 12], "rotation": 180, "texture": "#5"},
				"west": {"uv": [0.5, 8.5, 5, 12], "rotation": 90, "texture": "#5"},
				"up": {"uv": [0.5, 8.5, 5, 12], "rotation": 180, "texture": "#5"},
				"down": {"uv": [0.5, 8.5, 5, 12], "texture": "#5"}
			}
		},
		{
			"from": [-2, 0, -0.1],
			"to": [-2, 18.2, 17.9],
			"faces": {
				"north": {"uv": [0.5, 8.5, 5, 12], "rotation": 90, "texture": "#5"},
				"east": {"uv": [6, 9, 7.5, 12], "rotation": 90, "texture": "#5"},
				"south": {"uv": [0.5, 8.5, 5, 12], "rotation": 270, "texture": "#5"},
				"west": {"uv": [0.5, 8.5, 5, 12], "rotation": 270, "texture": "#5"},
				"up": {"uv": [0.5, 8.5, 5, 12], "rotation": 270, "texture": "#5"},
				"down": {"uv": [0.5, 8.5, 5, 12], "rotation": 270, "texture": "#5"}
			}
		},
		{
			"from": [18, 0, -0.1],
			"to": [18, 18.2, 17.9],
			"faces": {
				"north": {"uv": [0.5, 8.5, 5, 12], "rotation": 270, "texture": "#5"},
				"east": {"uv": [5, 8.5, 0.5, 12], "rotation": 270, "texture": "#5"},
				"south": {"uv": [0.5, 8.5, 5, 12], "rotation": 270, "texture": "#5"},
				"west": {"uv": [0.5, 8.5, 5, 12], "rotation": 270, "texture": "#5"},
				"up": {"uv": [0.5, 8.5, 5, 12], "rotation": 270, "texture": "#5"},
				"down": {"uv": [0.5, 8.5, 5, 12], "rotation": 270, "texture": "#5"}
			}
		}
	],
	"display": {
		"head": {
			"translation": [0, -10.5, 0],
			"scale": [1.9, 1.9, 1.9]
		}
	},
	"groups": [
		{
			"name": "Mask",
			"origin": [8, 8, 8],
			"children": [0, 1, 2, 3, 4, 5, 6]
		}
	]
}