{
	"credit": "Made with Blockbench",
	"textures": {
		"0": "hats/rabbits/gold",
		"particle": "hats/rabbits/gold"
	},
	"elements": [
		{
			"from": [6, 6, -1.2],
			"to": [10, 9, -1.2],
			"faces": {
				"north": {"uv": [0, 4.5, 2, 5.5], "texture": "#0"},
				"east": {"uv": [5, 0, 7, 2.5], "texture": "#0"},
				"south": {"uv": [0, 6, 1, 7], "texture": "#0"},
				"west": {"uv": [5, 0, 7, 2.5], "texture": "#0"},
				"up": {"uv": [5, 0, 7, 2.5], "texture": "#0"},
				"down": {"uv": [5, 0, 7, 2.5], "texture": "#0"}
			}
		},
		{
			"from": [10, 15, 3.8],
			"to": [13, 23, 5.8],
			"rotation": {"angle": 22.5, "axis": "y", "origin": [11.5, 19, 4.8]},
			"faces": {
				"north": {"uv": [10.5, 0.5, 11.5, 3], "texture": "#0"},
				"east": {"uv": [1.5, 7.5, 3.5, 10.5], "texture": "#0"},
				"south": {"uv": [11.5, 0, 12.5, 3], "texture": "#0"},
				"west": {"uv": [1.5, 7.5, 3.5, 10.5], "texture": "#0"},
				"up": {"uv": [1.5, 7.5, 3.5, 10.5], "texture": "#0"},
				"down": {"uv": [1.5, 7.5, 3.5, 10.5], "texture": "#0"}
			}
		},
		{
			"from": [3, 15, 3.8],
			"to": [6, 23, 5.8],
			"rotation": {"angle": -22.5, "axis": "y", "origin": [4.5, 19, 4.8]},
			"faces": {
				"north": {"uv": [13.5, 0.5, 14.5, 3], "texture": "#0"},
				"east": {"uv": [1.5, 7.5, 3.5, 10.5], "texture": "#0"},
				"south": {"uv": [11.5, 0, 12.5, 3], "texture": "#0"},
				"west": {"uv": [1.5, 7.5, 3.5, 10.5], "texture": "#0"},
				"up": {"uv": [1.5, 7.5, 3.5, 10.5], "texture": "#0"},
				"down": {"uv": [1.5, 7.5, 3.5, 10.5], "texture": "#0"}
			}
		}
	],
	"display": {
		"head": {
			"scale": [1.9, 1.9, 1.9],
			"translation": [0, -10.5, 0]
		}
	},
	"groups": [
		{
			"name": "Mask",
			"children": [0, 1, 2]
		}
	]
}