{
	"credit": "Made with Blockbench",
	"textures": {
		"3": "hats/salmon"
	},
	"elements": [
		{
			"from": [0.9, 0.9, -0.09],
			"to": [15.1, 16.1, 17.91],
			"faces": {
				"north": {"uv": [7, 4, 10.5, 6.5], "texture": "#3"},
				"east": {"uv": [7, 4, 10.5, 6.5], "texture": "#3"},
				"south": {"uv": [7, 4, 10.5, 6], "texture": "#3"},
				"west": {"uv": [7, 4, 10.5, 6.5], "texture": "#3"},
				"up": {"uv": [7, 4, 10.5, 6], "rotation": 180, "texture": "#3"},
				"down": {"uv": [7, 4, 10.5, 6], "rotation": 180, "texture": "#3"}
			}
		},
		{
			"from": [8.1, 3.9, 17.9],
			"to": [8.1, 12.1, 26.9],
			"faces": {
				"north": {"uv": [13, 8, 16, 10.5], "texture": "#3"},
				"east": {"uv": [16, 8, 13, 10.5], "texture": "#3"},
				"south": {"uv": [13, 8, 16, 10.5], "texture": "#3"},
				"west": {"uv": [13, 8, 16, 10.5], "texture": "#3"},
				"up": {"uv": [13, 8, 16, 10.5], "texture": "#3"},
				"down": {"uv": [13, 8, 16, 10.5], "texture": "#3"}
			}
		},
		{
			"from": [8.1, 15.9, 4.9],
			"to": [8.1, 21.1, 12.9],
			"faces": {
				"north": {"uv": [2.5, 1.5, 4, 3.5], "texture": "#3"},
				"east": {"uv": [4, 1.5, 2.5, 3.5], "texture": "#3"},
				"south": {"uv": [2.5, 1.5, 4, 3.5], "texture": "#3"},
				"west": {"uv": [2.5, 1.5, 4, 3.5], "texture": "#3"},
				"up": {"uv": [2.5, 1.5, 4, 3.5], "texture": "#3"},
				"down": {"uv": [2.5, 1.5, 4, 3.5], "texture": "#3"}
			}
		}
	],
	"display": {
		"head": {
			"translation": [0, -10.5, 0],
			"scale": [1.9, 1.9, 1.9]
		}
	},
	"groups": [
		{
			"name": "Mask",
			"origin": [8, 8, 8],
			"children": [0, 1, 2]
		}
	]
}