{
	"credit": "Made with Blockbench",
	"textures": {
		"3": "hats/sheep"
	},
	"elements": [
		{
			"from": [-2, -1, -0.09],
			"to": [18, 18.2, 17.91],
			"faces": {
				"north": {"uv": [4, 0, 8, 4], "texture": "#3"},
				"east": {"uv": [4, 0, 8, 4], "texture": "#3"},
				"south": {"uv": [4, 0, 8, 4], "texture": "#3"},
				"west": {"uv": [4, 0, 8, 4], "texture": "#3"},
				"up": {"uv": [4, 0, 8, 4], "rotation": 180, "texture": "#3"},
				"down": {"uv": [4, 0, 8, 4], "rotation": 180, "texture": "#3"}
			}
		}
	],
	"display": {
		"head": {
			"translation": [0, -10.5, 0],
			"scale": [1.9, 1.9, 1.9]
		}
	},
	"groups": [
		{
			"name": "Mask",
			"origin": [8, 8, 8],
			"children": [0]
		}
	]
}