{
	"credit": "Made with Blockbench",
	"textures": {
		"3": "hats/shulker/shulker"
	},
	"elements": [
		{
			"from": [-2, 6, -2.1],
			"to": [18, 21.2, 17.9],
			"faces": {
				"north": {"uv": [0, 4, 4, 7], "texture": "#3"},
				"east": {"uv": [0, 4, 4, 7], "texture": "#3"},
				"south": {"uv": [0, 4, 4, 7], "texture": "#3"},
				"west": {"uv": [0, 4, 4, 7], "texture": "#3"},
				"up": {"uv": [4, 0, 8, 4], "rotation": 180, "texture": "#3"},
				"down": {"uv": [8, 0, 12, 4], "rotation": 180, "texture": "#3"}
			}
		},
		{
			"from": [-2, -3, -2.1],
			"to": [18, 5.2, 17.9],
			"faces": {
				"north": {"uv": [0, 11, 4, 13], "texture": "#3"},
				"east": {"uv": [0, 11, 4, 13], "texture": "#3"},
				"south": {"uv": [0, 11, 4, 13], "texture": "#3"},
				"west": {"uv": [0, 11, 4, 13], "texture": "#3"},
				"up": {"uv": [0, 8, 4, 10], "rotation": 180, "texture": "#3"},
				"down": {"uv": [8, 7, 12, 11], "rotation": 180, "texture": "#3"}
			}
		}
	],
	"display": {
		"head": {
			"scale": [1.9, 1.9, 1.9],
			"translation": [0, -10.5, 0]
		}
	},
	"groups": [
		{
			"name": "Mask",
			"children": [0, 1]
		}
	]
}