{
	"credit": "Made with Blockbench",
	"textures": {
		"3": "hats/silverfish"
	},
	"elements": [
		{
			"from": [3, 10, 0.9],
			"to": [13, 17, 7.9],
			"faces": {
				"north": {"uv": [4.5, 6, 9, 8], "texture": "#3"},
				"east": {"uv": [4.5, 6, 9, 8], "texture": "#3"},
				"south": {"uv": [4.5, 6, 9, 8], "texture": "#3"},
				"west": {"uv": [4.5, 6, 9, 8], "texture": "#3"},
				"up": {"uv": [4.5, 6, 9, 8], "rotation": 180, "texture": "#3"},
				"down": {"uv": [4.5, 6, 9, 8], "rotation": 180, "texture": "#3"}
			}
		},
		{
			"from": [5, 11, 7.9],
			"to": [11, 16.1, 16.9],
			"faces": {
				"north": {"uv": [4.5, 6, 9, 8], "texture": "#3"},
				"east": {"uv": [4.5, 6, 9, 8], "texture": "#3"},
				"south": {"uv": [4.5, 6, 9, 8], "texture": "#3"},
				"west": {"uv": [4.5, 6, 9, 8], "texture": "#3"},
				"up": {"uv": [4.5, 6, 9, 8], "rotation": 180, "texture": "#3"},
				"down": {"uv": [4.5, 6, 9, 8], "rotation": 180, "texture": "#3"}
			}
		},
		{
			"from": [6, 9.55, 15.35],
			"to": [10, 17.55, 18.45],
			"rotation": {"angle": -22.5, "axis": "x", "origin": [8, 14.55, 19.9]},
			"faces": {
				"north": {"uv": [4.5, 4.5, 7.5, 6], "texture": "#3"},
				"east": {"uv": [4.5, 4.5, 7.5, 6], "rotation": 90, "texture": "#3"},
				"south": {"uv": [4.5, 4.5, 7.5, 6], "rotation": 180, "texture": "#3"},
				"west": {"uv": [4.5, 4.5, 7.5, 6], "rotation": 270, "texture": "#3"},
				"up": {"uv": [4.5, 4.5, 7.5, 6], "texture": "#3"},
				"down": {"uv": [4.5, 4.5, 7.5, 6], "rotation": 180, "texture": "#3"}
			}
		},
		{
			"from": [6, 12, -1.1],
			"to": [10, 16, 0.9],
			"faces": {
				"north": {"uv": [1, 2.5, 3, 4.5], "texture": "#3"},
				"east": {"uv": [1, 2.5, 3, 4.5], "texture": "#3"},
				"south": {"uv": [1, 2.5, 3, 4.5], "texture": "#3"},
				"west": {"uv": [1, 2.5, 3, 4.5], "texture": "#3"},
				"up": {"uv": [1, 2.5, 3, 4.5], "rotation": 180, "texture": "#3"},
				"down": {"uv": [1, 2.5, 3, 4.5], "rotation": 180, "texture": "#3"}
			}
		},
		{
			"from": [3, 16, 1.9],
			"to": [13, 20, 1.9],
			"faces": {
				"north": {"uv": [11.5, 2, 16, 4], "texture": "#3"},
				"east": {"uv": [11.5, 2, 16, 4], "texture": "#3"},
				"south": {"uv": [16, 2, 11.5, 4], "texture": "#3"},
				"west": {"uv": [11.5, 2, 16, 4], "texture": "#3"},
				"up": {"uv": [11.5, 2, 16, 4], "texture": "#3"},
				"down": {"uv": [11.5, 2, 16, 4], "texture": "#3"}
			}
		},
		{
			"from": [3, 16, 5.9],
			"to": [13, 20, 5.9],
			"faces": {
				"north": {"uv": [11.5, 2, 16, 4], "texture": "#3"},
				"east": {"uv": [11.5, 2, 16, 4], "texture": "#3"},
				"south": {"uv": [16, 2, 11.5, 4], "texture": "#3"},
				"west": {"uv": [11.5, 2, 16, 4], "texture": "#3"},
				"up": {"uv": [11.5, 2, 16, 4], "texture": "#3"},
				"down": {"uv": [11.5, 2, 16, 4], "texture": "#3"}
			}
		},
		{
			"from": [5, 15, 10.9],
			"to": [11, 19, 10.9],
			"faces": {
				"north": {"uv": [11.5, 2, 16, 4], "texture": "#3"},
				"east": {"uv": [11.5, 2, 16, 4], "texture": "#3"},
				"south": {"uv": [16, 2, 11.5, 4], "texture": "#3"},
				"west": {"uv": [11.5, 2, 16, 4], "texture": "#3"},
				"up": {"uv": [11.5, 2, 16, 4], "texture": "#3"},
				"down": {"uv": [11.5, 2, 16, 4], "texture": "#3"}
			}
		}
	],
	"display": {
		"head": {
			"translation": [0, -10.5, 0],
			"scale": [1.9, 1.9, 1.9]
		}
	},
	"groups": [
		{
			"name": "Mask",
			"origin": [8, 8, 8],
			"children": [0, 1, 2, 3, 4, 5, 6]
		}
	]
}