{
	"credit": "Made with Blockbench",
	"textures": {
		"1": "hats/skeleton",
		"4": "hats/wither_skeleton",
		"particle": "hats/skeleton"
	},
	"elements": [
		{
			"from": [3, 0, -1.2],
			"to": [13, 4, -0.2],
			"faces": {
				"north": {"uv": [9, 10, 15, 13.5], "texture": "#1"},
				"east": {"uv": [8, 10, 9, 13.5], "texture": "#1"},
				"south": {"uv": [12, 0, 16, 4], "texture": "#4"},
				"west": {"uv": [8, 10, 9, 13.5], "texture": "#1"},
				"up": {"uv": [12, 0, 16, 4], "texture": "#4"},
				"down": {"uv": [12, 0, 16, 4], "texture": "#4"}
			}
		},
		{
			"from": [2.9, 4, -1.2],
			"to": [13.1, 14, 7.8],
			"faces": {
				"north": {"uv": [4, 4, 8, 8], "texture": "#1"},
				"east": {"uv": [4, 4, 8, 8], "texture": "#1"},
				"south": {"uv": [4, 4, 8, 8], "texture": "#1"},
				"west": {"uv": [4, 4, 8, 8], "texture": "#1"},
				"up": {"uv": [4, 4, 8, 8], "texture": "#1"},
				"down": {"uv": [4, 4, 8, 8], "texture": "#1"}
			}
		}
	],
	"display": {
		"head": {
			"scale": [1.9, 1.9, 1.9],
			"translation": [0, -10.5, 0]
		}
	},
	"groups": [
		{
			"name": "Mask",
			"children": [0, 1]
		}
	]
}