{
	"credit": "Made with Blockbench",
	"textures": {
		"3": "hats/slime"
	},
	"elements": [
		{
			"from": [-2.1, 0, -0.09],
			"to": [17.9, 20, 19.91],
			"rotation": {"angle": 0, "axis": "y", "origin": [8, 8, 9]},
			"faces": {
				"north": {"uv": [4, 4, 8, 8], "rotation": 180, "texture": "#3"},
				"east": {"uv": [4, 4, 8, 8], "rotation": 180, "texture": "#3"},
				"south": {"uv": [4, 4, 8, 8], "rotation": 180, "texture": "#3"},
				"west": {"uv": [4, 4, 8, 8], "rotation": 180, "texture": "#3"},
				"up": {"uv": [4, 4, 8, 8], "rotation": 180, "texture": "#3"},
				"down": {"uv": [4, 4, 8, 8], "rotation": 180, "texture": "#3"}
			}
		}
	],
	"display": {
		"head": {
			"translation": [0, -10.5, 0],
			"scale": [1.9, 1.9, 1.9]
		}
	},
	"groups": [
		{
			"name": "Mask",
			"origin": [8, 8, 8],
			"children": [0]
		}
	]
}