{
	"credit": "Made with Blockbench",
	"textures": {
		"3": "hats/snow_golem"
	},
	"elements": [
		{
			"from": [-2, -3, -2.2],
			"to": [18, 4, 16.8],
			"faces": {
				"north": {"uv": [2.5, 6.5, 5, 9], "texture": "#3"},
				"east": {"uv": [2, 0, 4, 2], "texture": "#3"},
				"south": {"uv": [2, 0, 4, 2], "texture": "#3"},
				"west": {"uv": [2, 0, 4, 2], "texture": "#3"},
				"up": {"uv": [2, 0, 4, 2], "texture": "#3"},
				"down": {"uv": [2, 0, 4, 2], "texture": "#3"}
			}
		},
		{
			"from": [-2, 4, -2],
			"to": [0, 15, 0],
			"rotation": {"angle": 22.5, "axis": "z", "origin": [1, 9.5, -1.2]},
			"faces": {
				"north": {"uv": [9, 0, 10, 1], "texture": "#3"},
				"east": {"uv": [9, 0, 10, 1], "texture": "#3"},
				"south": {"uv": [9, 0, 10, 1], "texture": "#3"},
				"west": {"uv": [9, 0, 10, 1], "texture": "#3"},
				"up": {"uv": [9, 0, 10, 1], "texture": "#3"},
				"down": {"uv": [9, 0, 10, 1], "texture": "#3"}
			}
		},
		{
			"from": [15, 4, -1.2],
			"to": [17, 15, 0.8],
			"rotation": {"angle": -22.5, "axis": "x", "origin": [17, 9.5, 2.8]},
			"faces": {
				"north": {"uv": [9, 0, 10, 1], "texture": "#3"},
				"east": {"uv": [9, 0, 10, 1], "texture": "#3"},
				"south": {"uv": [9, 0, 10, 1], "texture": "#3"},
				"west": {"uv": [9, 0, 10, 1], "texture": "#3"},
				"up": {"uv": [9, 0, 10, 1], "texture": "#3"},
				"down": {"uv": [9, 0, 10, 1], "texture": "#3"}
			}
		}
	],
	"display": {
		"head": {
			"translation": [0, -10.5, 0],
			"scale": [1.9, 1.9, 1.9]
		}
	},
	"groups": [
		{
			"name": "Mask",
			"origin": [8, 8, 8],
			"children": [0, 1, 2]
		}
	]
}