{
	"credit": "Made with Blockbench",
	"textures": {
		"0": "hats/spiders/spider"
	},
	"elements": [
		{
			"from": [11.63223, 1.52513, -0.2],
			"to": [20.83223, 4.62513, 2.8],
			"rotation": {"angle": 45, "axis": "z", "origin": [15.73223, 1.07513, 1.3]},
			"faces": {
				"north": {"uv": [1.5, 1, 8.75, 2], "texture": "#0"},
				"east": {"uv": [1.5, 1, 2.75, 2], "rotation": 180, "texture": "#0"},
				"south": {"uv": [1.5, 1, 8.75, 2], "texture": "#0"},
				"west": {"uv": [7.5, 1, 8.75, 2], "rotation": 180, "texture": "#0"},
				"up": {"uv": [1.5, 1, 8.75, 2], "rotation": 180, "texture": "#0"},
				"down": {"uv": [1.5, 1, 8.75, 2], "rotation": 180, "texture": "#0"}
			}
		},
		{
			"from": [12.9, 1, 3.8],
			"to": [22.1, 4.1, 6.8],
			"rotation": {"angle": -45, "axis": "z", "origin": [17.5, 3.55, 2.3]},
			"faces": {
				"north": {"uv": [1.5, 1, 8.75, 2], "texture": "#0"},
				"east": {"uv": [1.5, 1, 2.75, 2], "texture": "#0"},
				"south": {"uv": [1.5, 1, 8.75, 2], "texture": "#0"},
				"west": {"uv": [7.5, 1, 8.75, 2], "texture": "#0"},
				"up": {"uv": [1.5, 1, 8.75, 2], "texture": "#0"},
				"down": {"uv": [1.5, 1, 8.75, 2], "texture": "#0"}
			}
		},
		{
			"from": [10.77868, 0.87868, 7.8],
			"to": [19.97868, 3.97868, 10.8],
			"rotation": {"angle": -22.5, "axis": "z", "origin": [15.37868, 1.42868, 9.3]},
			"faces": {
				"north": {"uv": [1.5, 1, 8.75, 2], "texture": "#0"},
				"east": {"uv": [1.5, 1, 2.75, 2], "rotation": 180, "texture": "#0"},
				"south": {"uv": [1.5, 1, 8.75, 2], "texture": "#0"},
				"west": {"uv": [7.5, 1, 8.75, 2], "rotation": 180, "texture": "#0"},
				"up": {"uv": [1.5, 1, 8.75, 2], "rotation": 180, "texture": "#0"},
				"down": {"uv": [1.5, 1, 8.75, 2], "rotation": 180, "texture": "#0"}
			}
		},
		{
			"from": [12.9, 1, 11.8],
			"to": [22.1, 4.1, 14.8],
			"rotation": {"angle": -45, "axis": "z", "origin": [17.5, 3.55, 2.3]},
			"faces": {
				"north": {"uv": [1.5, 1, 8.75, 2], "texture": "#0"},
				"east": {"uv": [1.5, 1, 2.75, 2], "texture": "#0"},
				"south": {"uv": [1.5, 1, 8.75, 2], "texture": "#0"},
				"west": {"uv": [7.5, 1, 8.75, 2], "texture": "#0"},
				"up": {"uv": [1.5, 1, 8.75, 2], "texture": "#0"},
				"down": {"uv": [1.5, 1, 8.75, 2], "texture": "#0"}
			}
		},
		{
			"from": [-4.92412, 1.52513, -0.2],
			"to": [4.27588, 4.62513, 2.8],
			"rotation": {"angle": -45, "axis": "z", "origin": [0.17588, 1.07513, 1.3]},
			"faces": {
				"north": {"uv": [1.5, 1, 8.75, 2], "texture": "#0"},
				"east": {"uv": [1.5, 1, 2.75, 2], "rotation": 180, "texture": "#0"},
				"south": {"uv": [1.5, 1, 8.75, 2], "texture": "#0"},
				"west": {"uv": [7.5, 1, 8.75, 2], "rotation": 180, "texture": "#0"},
				"up": {"uv": [1.5, 1, 8.75, 2], "rotation": 180, "texture": "#0"},
				"down": {"uv": [1.5, 1, 8.75, 2], "rotation": 180, "texture": "#0"}
			}
		},
		{
			"from": [0.63223, 12.52513, 3.8],
			"to": [8.83223, 15.62513, 6.8],
			"rotation": {"angle": 45, "axis": "z", "origin": [15.73223, 1.07513, 1.3]},
			"faces": {
				"north": {"uv": [1.5, 1, 8.75, 2], "texture": "#0"},
				"east": {"uv": [1.5, 1, 2.75, 2], "texture": "#0"},
				"south": {"uv": [1.5, 1, 8.75, 2], "texture": "#0"},
				"west": {"uv": [7.5, 1, 8.75, 2], "texture": "#0"},
				"up": {"uv": [1.5, 1, 8.75, 2], "texture": "#0"},
				"down": {"uv": [1.5, 1, 8.75, 2], "texture": "#0"}
			}
		},
		{
			"from": [-3.92412, 0.52513, 7.8],
			"to": [4.27588, 3.62513, 10.8],
			"rotation": {"angle": 22.5, "axis": "z", "origin": [0.17588, 1.07513, 9.3]},
			"faces": {
				"north": {"uv": [1.5, 1, 8.75, 2], "texture": "#0"},
				"east": {"uv": [1.5, 1, 2.75, 2], "rotation": 180, "texture": "#0"},
				"south": {"uv": [1.5, 1, 8.75, 2], "texture": "#0"},
				"west": {"uv": [7.5, 1, 8.75, 2], "rotation": 180, "texture": "#0"},
				"up": {"uv": [1.5, 1, 8.75, 2], "rotation": 180, "texture": "#0"},
				"down": {"uv": [1.5, 1, 8.75, 2], "rotation": 180, "texture": "#0"}
			}
		},
		{
			"from": [0.63223, 12.52513, 11.8],
			"to": [8.83223, 15.62513, 14.8],
			"rotation": {"angle": 45, "axis": "z", "origin": [15.73223, 1.07513, 1.3]},
			"faces": {
				"north": {"uv": [1.5, 1, 8.75, 2], "texture": "#0"},
				"east": {"uv": [1.5, 1, 2.75, 2], "texture": "#0"},
				"south": {"uv": [1.5, 1, 8.75, 2], "texture": "#0"},
				"west": {"uv": [7.5, 1, 8.75, 2], "texture": "#0"},
				"up": {"uv": [1.5, 1, 8.75, 2], "texture": "#0"},
				"down": {"uv": [1.5, 1, 8.75, 2], "texture": "#0"}
			}
		},
		{
			"from": [1.63223, -0.47487, -1.2],
			"to": [14.83223, 3.62513, 2.8],
			"faces": {
				"north": {"uv": [2, 8.5, 9.75, 10], "texture": "#0"},
				"east": {"uv": [1.5, 1, 2.75, 2], "texture": "#0"},
				"south": {"uv": [1.5, 1, 8.75, 2], "texture": "#0"},
				"west": {"uv": [7.5, 1, 8.75, 2], "texture": "#0"},
				"up": {"uv": [1.5, 1, 8.75, 2], "texture": "#0"},
				"down": {"uv": [1.5, 1, 8.75, 2], "texture": "#0"}
			}
		},
		{
			"from": [1.63223, 11.52513, -1.2],
			"to": [14.83223, 15.62513, 4.8],
			"faces": {
				"north": {"uv": [2, 6, 9.75, 7.5], "texture": "#0"},
				"east": {"uv": [4.5, 2, 7.75, 5.5], "texture": "#0"},
				"south": {"uv": [1.5, 1, 8.75, 2], "texture": "#0"},
				"west": {"uv": [8, 2, 11.75, 5.5], "texture": "#0"},
				"up": {"uv": [4, 2.5, 7.75, 5.5], "texture": "#0"},
				"down": {"uv": [1.5, 1, 8.75, 2], "texture": "#0"}
			}
		},
		{
			"from": [12.4, 3.52513, -1.2],
			"to": [14.6, 11.62513, 2.8],
			"faces": {
				"north": {"uv": [8, 2, 9.25, 5.5], "texture": "#0"},
				"east": {"uv": [8, 2, 9.25, 5.5], "texture": "#0"},
				"south": {"uv": [8, 2, 9.25, 5.5], "texture": "#0"},
				"west": {"uv": [8, 2, 9.25, 5.5], "texture": "#0"},
				"up": {"uv": [8, 2, 9.25, 5.5], "texture": "#0"},
				"down": {"uv": [8, 2, 9.25, 5.5], "texture": "#0"}
			}
		},
		{
			"from": [1.63223, 3.52513, -1.2],
			"to": [3.83223, 11.62513, 2.8],
			"faces": {
				"north": {"uv": [8, 2, 9.25, 5.5], "texture": "#0"},
				"east": {"uv": [8, 2, 9.25, 5.5], "texture": "#0"},
				"south": {"uv": [8, 2, 9.25, 5.5], "texture": "#0"},
				"west": {"uv": [8, 2, 9.25, 5.5], "texture": "#0"},
				"up": {"uv": [8, 2, 9.25, 5.5], "texture": "#0"},
				"down": {"uv": [8, 2, 9.25, 5.5], "texture": "#0"}
			}
		}
	],
	"display": {
		"head": {
			"translation": [0, -10.5, 0],
			"scale": [1.9, 1.9, 1.9]
		}
	},
	"groups": [
		{
			"name": "Mask",
			"origin": [8, 8, 8],
			"children": [0, 1, 2, 3, 4, 5, 6, 7, 8, 9, 10, 11]
		}
	]
}