{
	"credit": "Made with Blockbench",
	"textures": {
		"3": "hats/squid"
	},
	"elements": [
		{
			"from": [12.1, 1, -10],
			"to": [15.1, 4, 4],
			"rotation": {"angle": -22.5, "axis": "x", "origin": [13.6, 7.5, -3]},
			"faces": {
				"north": {"uv": [7.5, 7, 8.5, 15], "texture": "#3"},
				"east": {"uv": [7.5, 7, 8.5, 15], "texture": "#3"},
				"south": {"uv": [7.5, 7, 8.5, 15], "texture": "#3"},
				"west": {"uv": [7.5, 7, 8.5, 15], "texture": "#3"},
				"up": {"uv": [7.5, 7, 8.5, 15], "rotation": 180, "texture": "#3"},
				"down": {"uv": [7.5, 7, 8.5, 15], "rotation": 180, "texture": "#3"}
			}
		},
		{
			"from": [0.9, 1, -10],
			"to": [3.9, 4, 4],
			"rotation": {"angle": -22.5, "axis": "x", "origin": [13.6, 7.5, -3]},
			"faces": {
				"north": {"uv": [7.5, 7, 8.5, 15], "texture": "#3"},
				"east": {"uv": [7.5, 7, 8.5, 15], "texture": "#3"},
				"south": {"uv": [7.5, 7, 8.5, 15], "texture": "#3"},
				"west": {"uv": [7.5, 7, 8.5, 15], "texture": "#3"},
				"up": {"uv": [7.5, 7, 8.5, 15], "rotation": 180, "texture": "#3"},
				"down": {"uv": [7.5, 7, 8.5, 15], "rotation": 180, "texture": "#3"}
			}
		},
		{
			"from": [0.9, 10, -10],
			"to": [3.9, 13, 4],
			"rotation": {"angle": 22.5, "axis": "x", "origin": [13.6, 7.5, -3]},
			"faces": {
				"north": {"uv": [7.5, 7, 8.5, 15], "texture": "#3"},
				"east": {"uv": [7.5, 7, 8.5, 15], "texture": "#3"},
				"south": {"uv": [7.5, 7, 8.5, 15], "texture": "#3"},
				"west": {"uv": [7.5, 7, 8.5, 15], "texture": "#3"},
				"up": {"uv": [7.5, 7, 8.5, 15], "rotation": 180, "texture": "#3"},
				"down": {"uv": [7.5, 7, 8.5, 15], "rotation": 180, "texture": "#3"}
			}
		},
		{
			"from": [11.9, 10, -10],
			"to": [14.9, 13, 4],
			"rotation": {"angle": 22.5, "axis": "x", "origin": [13.6, 7.5, -3]},
			"faces": {
				"north": {"uv": [7.5, 7, 8.5, 15], "texture": "#3"},
				"east": {"uv": [7.5, 7, 8.5, 15], "texture": "#3"},
				"south": {"uv": [7.5, 7, 8.5, 15], "texture": "#3"},
				"west": {"uv": [7.5, 7, 8.5, 15], "texture": "#3"},
				"up": {"uv": [7.5, 7, 8.5, 15], "rotation": 180, "texture": "#3"},
				"down": {"uv": [7.5, 7, 8.5, 15], "rotation": 180, "texture": "#3"}
			}
		},
		{
			"from": [-1.1, 1, -0.01],
			"to": [16.9, 17, 1.99],
			"rotation": {"angle": 0, "axis": "y", "origin": [8, 8, 7]},
			"faces": {
				"north": {"uv": [8.5, 1.5, 13.5, 6.5], "texture": "#3"},
				"east": {"uv": [7.5, 7, 8.5, 15], "texture": "#3"},
				"south": {"uv": [7.5, 7, 8.5, 15], "texture": "#3"},
				"west": {"uv": [7.5, 7, 8.5, 15], "texture": "#3"},
				"up": {"uv": [7.5, 7, 8.5, 15], "rotation": 180, "texture": "#3"},
				"down": {"uv": [7.5, 7, 8.5, 15], "rotation": 180, "texture": "#3"}
			}
		},
		{
			"from": [-1.1, 3, 3.9],
			"to": [16.9, 17, 24.9],
			"rotation": {"angle": -22.5, "axis": "x", "origin": [7.9, 10.5, 8.4]},
			"faces": {
				"north": {"uv": [8, 7, 14, 15], "texture": "#3"},
				"east": {"uv": [8, 7, 14, 15], "rotation": 270, "texture": "#3"},
				"south": {"uv": [8, 7, 14, 15], "rotation": 180, "texture": "#3"},
				"west": {"uv": [8, 7, 14, 15], "rotation": 90, "texture": "#3"},
				"up": {"uv": [2, 7, 8, 15], "rotation": 180, "texture": "#3"},
				"down": {"uv": [8, 7, 14, 15], "texture": "#3"}
			}
		}
	],
	"display": {
		"head": {
			"translation": [0, -10.5, 0],
			"scale": [1.9, 1.9, 1.9]
		}
	},
	"groups": [
		{
			"name": "Mask",
			"origin": [8, 8, 8],
			"children": [0, 1, 2, 3, 4, 5]
		}
	]
}