{
	"credit": "Made with Blockbench",
	"textures": {
		"1": "hats/skeleton",
		"2": "hats/stray",
		"3": "hats/stray_overlay",
		"4": "hats/wither_skeleton",
		"particle": "hats/skeleton"
	},
	"elements": [
		{
			"from": [3, 0, -1.2],
			"to": [13, 4, -0.2],
			"faces": {
				"north": {"uv": [9, 10, 15, 13.5], "texture": "#2"},
				"east": {"uv": [8, 10, 9, 13.5], "texture": "#1"},
				"south": {"uv": [12, 0, 16, 4], "texture": "#4"},
				"west": {"uv": [8, 10, 9, 13.5], "texture": "#2"},
				"up": {"uv": [12, 0, 16, 4], "texture": "#4"},
				"down": {"uv": [12, 0, 16, 4], "texture": "#4"}
			}
		},
		{
			"from": [2.9, 4, -1.2],
			"to": [13.1, 14, 7.8],
			"faces": {
				"north": {"uv": [4, 4, 8, 8], "texture": "#2"},
				"east": {"uv": [4, 4, 8, 8], "texture": "#2"},
				"south": {"uv": [4, 4, 8, 8], "texture": "#2"},
				"west": {"uv": [4, 4, 8, 8], "texture": "#2"},
				"up": {"uv": [4, 4, 8, 8], "texture": "#2"},
				"down": {"uv": [4, 4, 8, 8], "texture": "#2"}
			}
		},
		{
			"from": [2.9, 4, -1.2],
			"to": [13.1, 14, -1.2],
			"faces": {
				"north": {"uv": [4, 4, 8, 8], "texture": "#3"},
				"east": {"uv": [4, 9, 8, 13], "texture": "#2"},
				"south": {"uv": [4, 8, 8, 12], "texture": "#2"},
				"west": {"uv": [4, 8.5, 8, 12.5], "texture": "#2"},
				"up": {"uv": [4, 8.5, 8, 12.5], "texture": "#2"},
				"down": {"uv": [4, 8, 8, 12], "texture": "#2"}
			}
		},
		{
			"from": [13.1, 4, -1.2],
			"to": [13.2, 14, 7.8],
			"faces": {
				"north": {"uv": [4, 4, 8, 8], "texture": "#2"},
				"east": {"uv": [0, 4, 4, 8], "texture": "#3"},
				"south": {"uv": [4, 4, 8, 8], "texture": "#2"},
				"west": {"uv": [4, 4, 8, 8], "texture": "#2"},
				"up": {"uv": [4, 4, 8, 8], "texture": "#2"},
				"down": {"uv": [4, 4, 8, 8], "texture": "#2"}
			}
		},
		{
			"from": [2.9, 4, -1.2],
			"to": [2.8, 14, 7.8],
			"faces": {
				"north": {"uv": [4, 4, 8, 8], "texture": "#2"},
				"east": {"uv": [4, 4, 8, 8], "texture": "#2"},
				"south": {"uv": [4, 4, 8, 8], "texture": "#2"},
				"west": {"uv": [7.5, 4, 11.5, 8], "texture": "#3"},
				"up": {"uv": [4, 4, 8, 8], "texture": "#2"},
				"down": {"uv": [4, 4, 8, 8], "texture": "#2"}
			}
		}
	],
	"display": {
		"head": {
			"scale": [1.9, 1.9, 1.9],
			"translation": [0, -10.5, 0]
		}
	},
	"groups": [
		{
			"name": "Mask",
			"children": [0, 1, 2, 3, 4]
		}
	]
}