{
	"credit": "Made with Blockbench",
	"textures": {
		"0": "hats/strider",
		"particle": "hats/strider"
	},
	"elements": [
		{
			"from": [21, -8.58579, 4.9],
			"to": [24, 5.61421, 7.9],
			"rotation": {"angle": 45, "axis": "z", "origin": [22.5, -2.9, 6.4]},
			"faces": {
				"north": {"uv": [0.375, 4.5, 0.875, 6.625], "texture": "#0"},
				"east": {"uv": [0.375, 4.5, 0.875, 6.625], "texture": "#0"},
				"south": {"uv": [0.375, 4.5, 0.875, 6.625], "texture": "#0"},
				"west": {"uv": [0.375, 4.5, 0.875, 6.625], "texture": "#0"},
				"up": {"uv": [2.5, 1.75, 3, 2.25], "texture": "#0"},
				"down": {"uv": [0.375, 6.125, 0.875, 6.625], "texture": "#0"}
			}
		},
		{
			"from": [-8, -7.58579, 4.9],
			"to": [-5, 6.61421, 7.9],
			"rotation": {"angle": -45, "axis": "z", "origin": [-6.5, -1.9, 6.4]},
			"faces": {
				"north": {"uv": [0.375, 4.625, 0.875, 6.625], "texture": "#0"},
				"east": {"uv": [0.375, 4.625, 0.875, 6.625], "texture": "#0"},
				"south": {"uv": [0.375, 4.625, 0.875, 6.625], "texture": "#0"},
				"west": {"uv": [0.375, 4.625, 0.875, 6.625], "texture": "#0"},
				"up": {"uv": [2.375, 1.75, 2.875, 2.375], "texture": "#0"},
				"down": {"uv": [0.375, 6.125, 0.875, 6.625], "texture": "#0"}
			}
		},
		{
			"from": [12.39, 13.27426, 2.4],
			"to": [20.39, 13.27426, 11.4],
			"rotation": {"angle": -22.5, "axis": "z", "origin": [16.77269, 12.35038, 6.9]},
			"faces": {
				"north": {"uv": [5.125, 4.125, 4, 7.375], "texture": "#0"},
				"east": {"uv": [5.125, 4.125, 4, 7.375], "texture": "#0"},
				"south": {"uv": [5.125, 4.125, 4, 7.375], "texture": "#0"},
				"west": {"uv": [5.125, 4.125, 4, 7.375], "texture": "#0"},
				"up": {"uv": [5.125, 4.125, 4, 7.375], "texture": "#0"},
				"down": {"uv": [5.125, 7.375, 4, 4.125], "texture": "#0"}
			}
		},
		{
			"from": [-3.47446, 20.16256, 2.4],
			"to": [4.52554, 20.16256, 11.4],
			"rotation": {"angle": 22.5, "axis": "z", "origin": [16.77269, 12.35038, 6.9]},
			"faces": {
				"north": {"uv": [4, 4.125, 5.125, 7.375], "texture": "#0"},
				"east": {"uv": [4, 4.125, 5.125, 7.375], "texture": "#0"},
				"south": {"uv": [4, 4.125, 5.125, 7.375], "texture": "#0"},
				"west": {"uv": [4, 4.125, 5.125, 7.375], "texture": "#0"},
				"up": {"uv": [4, 4.125, 5.125, 7.375], "texture": "#0"},
				"down": {"uv": [4, 7.375, 5.125, 4.125], "texture": "#0"}
			}
		}
	],
	"display": {
		"head": {
			"translation": [0, -10.5, 0],
			"scale": [1.9, 1.9, 1.9]
		}
	},
	"groups": [
		{
			"name": "Mask",
			"origin": [8, 8, 8],
			"children": [0, 1, 2, 3]
		}
	]
}