{
	"credit": "Made with Blockbench",
	"textures": {
		"3": "hats/trident"
	},
	"elements": [
		{
			"from": [2, 11, -1],
			"to": [15, 25, -1],
			"rotation": {"angle": -22.5, "axis": "x", "origin": [8.5, 16, -1]},
			"faces": {
				"north": {"uv": [9.5, 0.5, 12, 4], "texture": "#3"},
				"east": {"uv": [0, 5, 1.5, 7.5], "rotation": 270, "texture": "#3"},
				"south": {"uv": [3, 5.5, 4.5, 8], "texture": "#3"},
				"west": {"uv": [0, 5, 1.5, 7.5], "rotation": 90, "texture": "#3"},
				"up": {"uv": [0, 5, 1.5, 7.5], "texture": "#3"},
				"down": {"uv": [0, 5, 1.5, 7.5], "texture": "#3"}
			}
		},
		{
			"from": [7, 5, 16],
			"to": [9, 21, 18],
			"rotation": {"angle": 22.5, "axis": "x", "origin": [8, 15, 15]},
			"faces": {
				"north": {"uv": [0, 5, 1.5, 7.5], "rotation": 90, "texture": "#3"},
				"east": {"uv": [0, 5, 1.5, 7.5], "rotation": 90, "texture": "#3"},
				"south": {"uv": [0, 5, 1.5, 7.5], "rotation": 90, "texture": "#3"},
				"west": {"uv": [0, 5, 1.5, 7.5], "rotation": 90, "texture": "#3"},
				"up": {"uv": [0, 5, 1.5, 7.5], "rotation": 90, "texture": "#3"},
				"down": {"uv": [0, 5, 1.5, 7.5], "rotation": 90, "texture": "#3"}
			}
		}
	],
	"display": {
		"head": {
			"scale": [1.9, 1.9, 1.9],
			"translation": [0, -10.5, 0]
		}
	},
	"groups": [
		{
			"name": "Mask",
			"children": [0, 1]
		}
	]
}