{
	"credit": "Made with Blockbench",
	"textures": {
		"4": "hats/big_sea_turtle"
	},
	"elements": [
		{
			"from": [-3, 2, 0.8],
			"to": [19, 14, 18.8],
			"faces": {
				"north": {"uv": [3.25, 9.25, 8.25, 11], "texture": "#4"},
				"east": {"uv": [7.75, 9.25, 12.75, 10.75], "texture": "#4"},
				"south": {"uv": [8, 9.25, 12.75, 10.75], "texture": "#4"},
				"west": {"uv": [7.75, 9.25, 12.75, 10.75], "texture": "#4"},
				"up": {"uv": [9.25, 10.75, 14.25, 15.75], "texture": "#4"},
				"down": {"uv": [7.75, 1, 12.25, 5.5], "texture": "#4"}
			}
		},
		{
			"from": [13, 2, -1.2],
			"to": [17, 14, 0.8],
			"faces": {
				"north": {"uv": [3.5, 9.25, 4.25, 11], "texture": "#4"},
				"east": {"uv": [3.5, 9.25, 4.25, 11], "texture": "#4"},
				"south": {"uv": [3.5, 9.25, 4.25, 11], "texture": "#4"},
				"west": {"uv": [3.5, 9.25, 4.25, 11], "texture": "#4"},
				"up": {"uv": [3.75, 9.5, 4, 9.75], "texture": "#4"},
				"down": {"uv": [3.5, 10.75, 4.25, 11], "texture": "#4"}
			}
		},
		{
			"from": [-1, 2, -1.2],
			"to": [3, 14, 0.8],
			"rotation": {"angle": 0, "axis": "y", "origin": [1, 8, -0.2]},
			"faces": {
				"north": {"uv": [3.5, 9.25, 4.25, 11], "texture": "#4"},
				"east": {"uv": [3.5, 9.25, 4.25, 11], "texture": "#4"},
				"south": {"uv": [3.5, 9.25, 4.25, 11], "texture": "#4"},
				"west": {"uv": [3.5, 9.25, 4.25, 11], "texture": "#4"},
				"up": {"uv": [3.75, 9.5, 4, 10], "texture": "#4"},
				"down": {"uv": [3.5, 10.75, 4.25, 11], "texture": "#4"}
			}
		},
		{
			"from": [-0.5, 14, -1],
			"to": [16.5, 18, 17],
			"faces": {
				"north": {"uv": [3.25, 9.25, 8.25, 10], "texture": "#4"},
				"east": {"uv": [7.75, 9.25, 12.75, 10], "texture": "#4"},
				"south": {"uv": [7.75, 9.25, 12.75, 10], "texture": "#4"},
				"west": {"uv": [7.75, 9.25, 12.75, 10], "texture": "#4"},
				"up": {"uv": [9.25, 10.75, 14.25, 15.75], "texture": "#4"},
				"down": {"uv": [7.75, 1, 12.25, 5.5], "texture": "#4"}
			}
		}
	],
	"display": {
		"head": {
			"translation": [0, -10.5, 0],
			"scale": [1.9, 1.9, 1.9]
		}
	},
	"groups": [
		{
			"name": "Mask",
			"origin": [8, 8, 8],
			"children": [0, 1, 2, 3]
		},
		{
			"name": "kirby",
			"origin": [8, 8, 8],
			"children": []
		}
	]
}