{
	"credit": "Made with Blockbench",
	"textures": {
		"0": "hats/humanoid/vex"
	},
	"elements": [
		{
			"from": [1, 1, -2.2],
			"to": [15, 14, 0.8],
			"faces": {
				"north": {"uv": [2, 2, 4, 4], "texture": "#0"},
				"east": {"uv": [2, 0, 4, 2], "texture": "#0"},
				"south": {"uv": [2, 0, 4, 2], "texture": "#0"},
				"west": {"uv": [2, 0, 4, 2], "texture": "#0"},
				"up": {"uv": [2, 0, 4, 2], "texture": "#0"},
				"down": {"uv": [2, 0, 4, 2], "texture": "#0"}
			}
		},
		{
			"from": [-13, 11, 2.8],
			"to": [3, 11, 9.8],
			"faces": {
				"north": {"uv": [2, 2, 4, 4], "texture": "#0"},
				"east": {"uv": [2, 0, 4, 2], "texture": "#0"},
				"south": {"uv": [2, 0, 4, 2], "texture": "#0"},
				"west": {"uv": [2, 0, 4, 2], "texture": "#0"},
				"up": {"uv": [0, 8.25, 5.5, 11.25], "texture": "#0"},
				"down": {"uv": [0, 5, 2, 7], "texture": "#0"}
			}
		},
		{
			"from": [11, 11, 2.8],
			"to": [27, 11, 9.8],
			"faces": {
				"north": {"uv": [2, 2, 4, 4], "rotation": 180, "texture": "#0"},
				"east": {"uv": [2, 0, 4, 2], "rotation": 180, "texture": "#0"},
				"south": {"uv": [2, 0, 4, 2], "rotation": 180, "texture": "#0"},
				"west": {"uv": [2, 0, 4, 2], "texture": "#0"},
				"up": {"uv": [0, 5, 2, 7], "texture": "#0"},
				"down": {"uv": [0, 8.25, 5.5, 11.25], "rotation": 180, "texture": "#0"}
			}
		}
	],
	"display": {
		"head": {
			"scale": [1.9, 1.9, 1.9],
			"translation": [0, -10.5, 0]
		}
	},
	"groups": [
		{
			"name": "Mask",
			"children": [0, 1, 2]
		}
	]
}