{
	"credit": "Made with Blockbench",
	"textures": {
		"0": "hats/villagoids/witch"
	},
	"elements": [
		{
			"from": [5.9, 2, -3.2],
			"to": [10.1, 8.1, 1.8],
			"faces": {
				"north": {"uv": [6.5, 0.5, 7.25, 1.5], "texture": "#0"},
				"east": {"uv": [6.5, 0.5, 7.25, 1.5], "texture": "#0"},
				"south": {"uv": [6.5, 0.5, 7.25, 1.5], "texture": "#0"},
				"west": {"uv": [6.5, 0.5, 7.25, 1.5], "texture": "#0"},
				"up": {"uv": [6.5, 0.5, 7.25, 1.5], "texture": "#0"},
				"down": {"uv": [6.5, 0.5, 7.25, 1.5], "texture": "#0"}
			}
		},
		{
			"from": [1.5, -1, -0.2],
			"to": [14.7, 5.1, 0.8],
			"faces": {
				"north": {"uv": [1.25, 10.5, 3.75, 12.25], "texture": "#0"},
				"east": {"uv": [0.25, 10.5, 1, 12.25], "texture": "#0"},
				"south": {"uv": [1, 0.75, 1.75, 2], "texture": "#0"},
				"west": {"uv": [0.25, 10.5, 1, 12.25], "texture": "#0"},
				"up": {"uv": [0.25, 0.5, 1, 1.5], "texture": "#0"},
				"down": {"uv": [0.25, 0.5, 1.25, 1.5], "texture": "#0"}
			}
		},
		{
			"from": [2.9, 16, -0.2],
			"to": [13.1, 19.1, 12.8],
			"faces": {
				"north": {"uv": [8.75, 13, 11, 14], "texture": "#0"},
				"east": {"uv": [7.5, 13, 9.25, 14], "texture": "#0"},
				"south": {"uv": [8, 13, 8.75, 14], "texture": "#0"},
				"west": {"uv": [10.75, 13, 12.5, 14], "texture": "#0"},
				"up": {"uv": [8.25, 15.25, 10, 16], "texture": "#0"},
				"down": {"uv": [8.75, 15.25, 10.5, 16], "texture": "#0"}
			}
		},
		{
			"from": [0.9, 13, -1.2],
			"to": [15.1, 16, 13.8],
			"faces": {
				"north": {"uv": [8.5, 15.25, 10.75, 16], "texture": "#0"},
				"east": {"uv": [8.5, 15.25, 10.75, 16], "texture": "#0"},
				"south": {"uv": [8.5, 15.25, 10.75, 16], "texture": "#0"},
				"west": {"uv": [8.5, 15.25, 10.75, 16], "texture": "#0"},
				"up": {"uv": [8.5, 15.25, 10.75, 16], "texture": "#0"},
				"down": {"uv": [8.5, 15.25, 10.75, 16], "texture": "#0"}
			}
		},
		{
			"from": [4.9, 19, 1.8],
			"to": [11.1, 24.1, 10.8],
			"faces": {
				"north": {"uv": [8.5, 15, 10.75, 15.75], "texture": "#0"},
				"east": {"uv": [8.5, 15, 10.75, 15.75], "texture": "#0"},
				"south": {"uv": [8.5, 15, 10.75, 15.75], "texture": "#0"},
				"west": {"uv": [8.5, 15, 10.75, 15.75], "texture": "#0"},
				"up": {"uv": [8.5, 15, 10.75, 15.75], "texture": "#0"},
				"down": {"uv": [8.5, 15, 10.75, 15.75], "texture": "#0"}
			}
		}
	],
	"display": {
		"head": {
			"scale": [1.9, 1.9, 1.9],
			"translation": [0, -10.5, 0]
		}
	},
	"groups": [
		{
			"name": "Mask",
			"children": [0, 1, 2, 3, 4]
		}
	]
}