{
	"credit": "Made with Blockbench",
	"textures": {
		"0": "hats/villagoids/zombie_smith",
		"particle": "hats/villagoids/zombie_smith"
	},
	"elements": [
		{
			"from": [5.9, 2, -3.2],
			"to": [10.1, 8.1, 1.8],
			"faces": {
				"north": {"uv": [6.5, 0.5, 7.25, 1.5], "texture": "#0"},
				"east": {"uv": [6.5, 0.5, 7.25, 1.5], "texture": "#0"},
				"south": {"uv": [6.5, 0.5, 7.25, 1.5], "texture": "#0"},
				"west": {"uv": [6.5, 0.5, 7.25, 1.5], "texture": "#0"},
				"up": {"uv": [6.5, 0.5, 7.25, 1.5], "texture": "#0"},
				"down": {"uv": [6.5, 0.5, 7.25, 1.5], "texture": "#0"}
			}
		},
		{
			"from": [1.5, -1, -0.2],
			"to": [14.7, 5.1, 0.8],
			"faces": {
				"north": {"uv": [1.25, 10.5, 3.75, 12.25], "texture": "#0"},
				"east": {"uv": [0.25, 10.5, 1, 12.25], "texture": "#0"},
				"south": {"uv": [1, 0.75, 1.75, 2], "texture": "#0"},
				"west": {"uv": [0.25, 10.5, 1, 12.25], "texture": "#0"},
				"up": {"uv": [0.25, 0.25, 1, 1.5], "texture": "#0"},
				"down": {"uv": [0.25, 0.5, 1.25, 1.5], "texture": "#0"}
			}
		}
	],
	"display": {
		"head": {
			"scale": [1.9, 1.9, 1.9],
			"translation": [0, -10.5, 0]
		}
	},
	"groups": [
		{
			"name": "Mask",
			"children": [0, 1]
		}
	]
}