{
	"credit": "Made with Blockbench",
	"textures": {
		"3": "hats/warden"
	},
	"elements": [
		{
			"from": [-2, -1, -0.09],
			"to": [18, 18.2, 17.91],
			"faces": {
				"north": {"uv": [0, 11.75, 4, 15.75], "texture": "#3"},
				"east": {"uv": [4.25, 11.75, 6.75, 15.75], "texture": "#3"},
				"south": {"uv": [4.25, 11.75, 6.75, 15.75], "texture": "#3"},
				"west": {"uv": [4.25, 11.75, 6.75, 15.75], "texture": "#3"},
				"up": {"uv": [7, 12.5, 11, 15], "texture": "#3"},
				"down": {"uv": [4.25, 11.75, 6.75, 15.75], "texture": "#3"}
			}
		},
		{
			"from": [17, 9, 7.91],
			"to": [30, 23.2, 7.91],
			"rotation": {"angle": 0, "axis": "y", "origin": [21, 13, 8]},
			"faces": {
				"north": {"uv": [8.5, 8.25, 11, 10.75], "texture": "#3"},
				"east": {"uv": [8.5, 8.25, 11, 10.75], "texture": "#3"},
				"south": {"uv": [11, 8.25, 8.5, 10.75], "texture": "#3"},
				"west": {"uv": [8.5, 8.25, 11, 10.75], "texture": "#3"},
				"up": {"uv": [8.5, 8.25, 11, 10.75], "texture": "#3"},
				"down": {"uv": [8.5, 8.25, 11, 10.75], "texture": "#3"}
			}
		},
		{
			"from": [-14, 9, 7.91],
			"to": [-1, 23.2, 7.91],
			"rotation": {"angle": 0, "axis": "y", "origin": [-7.5, 16.1, 7.91]},
			"faces": {
				"north": {"uv": [11, 8.25, 8.5, 10.75], "texture": "#3"},
				"east": {"uv": [8.5, 8.25, 11, 10.75], "texture": "#3"},
				"south": {"uv": [8.5, 8.25, 11, 10.75], "texture": "#3"},
				"west": {"uv": [8.5, 8.25, 11, 10.75], "texture": "#3"},
				"up": {"uv": [8.5, 8.25, 11, 10.75], "rotation": 180, "texture": "#3"},
				"down": {"uv": [8.5, 8.25, 11, 10.75], "rotation": 180, "texture": "#3"}
			}
		}
	],
	"display": {
		"head": {
			"translation": [0, -10.5, 0],
			"scale": [1.9, 1.9, 1.9]
		}
	},
	"groups": [
		{
			"name": "Mask",
			"origin": [8, 8, 8],
			"children": [0, 1, 2]
		}
	]
}