{
	"credit": "Made with Blockbench",
	"textures": {
		"1": "hats/wither",
		"4": "hats/wither_skeleton"
	},
	"elements": [
		{
			"from": [3, 0, -1.2],
			"to": [13, 4, -0.2],
			"faces": {
				"north": {"uv": [9, 10, 15, 13.5], "texture": "#4"},
				"east": {"uv": [8, 10, 9, 13.5], "texture": "#4"},
				"south": {"uv": [12, 0, 16, 4], "texture": "#4"},
				"west": {"uv": [8, 10, 9, 13.5], "texture": "#4"},
				"up": {"uv": [12, 0, 16, 4], "texture": "#4"},
				"down": {"uv": [12, 0, 16, 4], "texture": "#4"}
			}
		},
		{
			"from": [2.9, 4, -1.2],
			"to": [13.1, 14, 7.8],
			"faces": {
				"north": {"uv": [2, 2, 4, 4], "texture": "#1"},
				"east": {"uv": [0, 2, 2, 4], "texture": "#1"},
				"south": {"uv": [6, 2, 8, 4], "texture": "#1"},
				"west": {"uv": [3.75, 2, 5.75, 4], "texture": "#1"},
				"up": {"uv": [2, 0, 4, 2], "texture": "#1"},
				"down": {"uv": [4, 0, 6, 2], "texture": "#1"}
			}
		},
		{
			"from": [-7.1, 2, -0.2],
			"to": [3.1, 12, 8.8],
			"rotation": {"angle": 22.5, "axis": "y", "origin": [-2, 9, 3.3]},
			"faces": {
				"north": {"uv": [2, 2, 4, 4], "texture": "#1"},
				"east": {"uv": [0, 2, 2, 4], "texture": "#1"},
				"south": {"uv": [6, 2, 8, 4], "texture": "#1"},
				"west": {"uv": [3.75, 2, 5.75, 4], "texture": "#1"},
				"up": {"uv": [2, 0, 4, 2], "texture": "#1"},
				"down": {"uv": [4, 0, 6, 2], "texture": "#1"}
			}
		},
		{
			"from": [10.9, 3, -8.2],
			"to": [21.1, 13, 0.8],
			"rotation": {"angle": -22.5, "axis": "y", "origin": [-2, 9, 3.3]},
			"faces": {
				"north": {"uv": [2, 2, 4, 4], "texture": "#1"},
				"east": {"uv": [0, 2, 2, 4], "texture": "#1"},
				"south": {"uv": [6, 2, 8, 4], "texture": "#1"},
				"west": {"uv": [3.75, 2, 5.75, 4], "texture": "#1"},
				"up": {"uv": [2, 0, 4, 2], "texture": "#1"},
				"down": {"uv": [4, 0, 6, 2], "texture": "#1"}
			}
		}
	],
	"display": {
		"head": {
			"scale": [1.9, 1.9, 1.9],
			"translation": [0, -10.5, 0]
		}
	},
	"groups": [
		{
			"name": "Mask",
			"children": [0, 1, 2, 3]
		}
	]
}