{
	"credit": "Made with Blockbench",
	"textures": {
		"3": "hats/wolf"
	},
	"elements": [
		{
			"from": [6, 4, -5.2],
			"to": [10, 8, 7.8],
			"faces": {
				"north": {"uv": [1.5, 7, 4, 8.5], "texture": "#3"},
				"east": {"uv": [0, 7, 1.5, 8.5], "texture": "#3"},
				"south": {"uv": [7, 2, 10, 5], "texture": "#3"},
				"west": {"uv": [4, 7, 6, 8.5], "texture": "#3"},
				"up": {"uv": [2, 0, 4, 2], "texture": "#3"},
				"down": {"uv": [6, 2.5, 8, 5], "texture": "#3"}
			}
		},
		{
			"from": [11, 15, 2.8],
			"to": [14, 18, 3.8],
			"faces": {
				"north": {"uv": [8.5, 7.5, 9.5, 8.5], "texture": "#3"},
				"east": {"uv": [5.5, 9, 6.5, 10], "texture": "#3"},
				"south": {"uv": [5.5, 9, 6.5, 10], "texture": "#3"},
				"west": {"uv": [5.5, 9, 6.5, 10], "texture": "#3"},
				"up": {"uv": [5.5, 9, 6.5, 10], "texture": "#3"},
				"down": {"uv": [5.5, 9, 6.5, 10], "texture": "#3"}
			}
		},
		{
			"from": [3, 15, 2.8],
			"to": [6, 18, 3.8],
			"faces": {
				"north": {"uv": [8.5, 7.5, 9.5, 8.5], "texture": "#3"},
				"east": {"uv": [5.5, 9, 6.5, 10], "texture": "#3"},
				"south": {"uv": [5.5, 9, 6.5, 10], "texture": "#3"},
				"west": {"uv": [5.5, 9, 6.5, 10], "texture": "#3"},
				"up": {"uv": [5.5, 9, 6.5, 10], "texture": "#3"},
				"down": {"uv": [5.5, 9, 6.5, 10], "texture": "#3"}
			}
		}
	],
	"display": {
		"head": {
			"scale": [1.9, 1.9, 1.9],
			"translation": [0, -10.5, 0]
		}
	},
	"groups": [
		{
			"name": "Mask",
			"children": [0, 1, 2]
		}
	]
}