{
    "credit": "Made with Blockbench", 
    "textures": {
        "main": "new_mobs/petrified_oak_slab"
    }, 
    "elements": [
        {
            "from": [ 10, 5, 4 ], 
            "to":   [ 32, 6, 16 ], 
            "rotation": { "angle": 0, "axis": "y", "origin": [21, 5.5, 10] }, 
            "faces": {
                "north": { "uv": [ 0.625, 1.375, 3, 1.5 ], "texture": "#main" }, 
                "east":  { "uv": [ 0.625, 0.25, 0.75, 1.5 ], "rotation":90, "texture": "#main" }, 
                "south": { "uv": [ 0.625, 0.25, 3, 0.375 ], "rotation":180, "texture": "#main" }, 
                "west":  { "uv": [ 2.875, 0.25, 3, 1.5 ], "rotation":90, "texture": "#main" }, 
                "up":    { "uv": [ 0.625, 0.25, 3, 1.5 ], "rotation":180, "texture": "#main" }, 
                "down":  { "uv": [ 0.625, 0.25, 3, 1.5 ], "rotation":180, "texture": "#main" }
            }
        }, 
        {
            "from": [ -16, 5, 4 ], 
            "to":   [ 6, 6, 16 ], 
            "rotation": { "angle": 0, "axis": "y", "origin": [-5, 5.5, 10] }, 
            "faces": {
                "north": { "uv": [ 0.625, 1.375, 3, 1.5 ], "texture": "#main" }, 
                "east":  { "uv": [ 0.625, 0.25, 0.75, 1.5 ], "rotation":90, "texture": "#main" }, 
                "south": { "uv": [ 0.625, 0.25, 3, 0.375 ], "rotation":180, "texture": "#main" }, 
                "west":  { "uv": [ 2.875, 0.25, 3, 1.5 ], "rotation":90, "texture": "#main" }, 
                "up":    { "uv": [ 0.625, 0.25, 3, 1.5 ], "rotation":180, "texture": "#main" }, 
                "down":  { "uv": [ 0.625, 0.25, 3, 1.5 ], "rotation":180, "texture": "#main" }
            }
        }, 
        {
            "from": [ 10, 5, 4 ], 
            "to":   [ 32, 6, 16 ], 
            "rotation": { "angle": -22.5, "axis": "z", "origin": [10, 5.5, 10] }, 
            "faces": {
                "north": { "uv": [ 4.625, 1.375, 7, 1.5 ], "texture": "#main" }, 
                "east":  { "uv": [ 4.625, 0.25, 4.75, 1.5 ], "rotation":90, "texture": "#main" }, 
                "south": { "uv": [ 4.625, 0.25, 7, 0.375 ], "rotation":180, "texture": "#main" }, 
                "west":  { "uv": [ 6.875, 0.25, 7, 1.5 ], "rotation":90, "texture": "#main" }, 
                "up":    { "uv": [ 4.625, 0.25, 7, 1.5 ], "rotation":180, "texture": "#main" }, 
                "down":  { "uv": [ 4.625, 0.25, 7, 1.5 ], "rotation":180, "texture": "#main" }
            }
        }, 
        {
            "from": [ -16, 5, 4 ], 
            "to":   [ 6, 6, 16 ], 
            "rotation": { "angle": 22.5, "axis": "z", "origin": [6, 5.5, 10] }, 
            "faces": {
                "north": { "uv": [ 4.625, 1.375, 7, 1.5 ], "texture": "#main" }, 
                "east":  { "uv": [ 4.625, 0.25, 4.75, 1.5 ], "rotation":90, "texture": "#main" }, 
                "south": { "uv": [ 4.625, 0.25, 7, 0.375 ], "rotation":180, "texture": "#main" }, 
                "west":  { "uv": [ 6.875, 0.25, 7, 1.5 ], "rotation":90, "texture": "#main" }, 
                "up":    { "uv": [ 4.625, 0.25, 7, 1.5 ], "rotation":180, "texture": "#main" }, 
                "down":  { "uv": [ 4.625, 0.25, 7, 1.5 ], "rotation":180, "texture": "#main" }
            }
        }, 
        {
            "from": [ 10, 5, 4 ], 
            "to":   [ 32, 6, 16 ], 
            "rotation": { "angle": -45, "axis": "z", "origin": [10, 5.5, 10] }, 
            "faces": {
                "north": { "uv": [ 8.625, 1.375, 11, 1.5 ], "texture": "#main" }, 
                "east":  { "uv": [ 8.625, 0.25, 8.75, 1.5 ], "rotation":90, "texture": "#main" }, 
                "south": { "uv": [ 8.625, 0.25, 11, 0.375 ], "rotation":180, "texture": "#main" }, 
                "west":  { "uv": [ 10.875, 0.25, 11, 1.5 ], "rotation":90, "texture": "#main" }, 
                "up":    { "uv": [ 8.625, 0.25, 11, 1.5 ], "rotation":180, "texture": "#main" }, 
                "down":  { "uv": [ 8.625, 0.25, 11, 1.5 ], "rotation":180, "texture": "#main" }
            }
        }, 
        {
            "from": [ -16, 5, 4 ], 
            "to":   [ 6, 6, 16 ], 
            "rotation": { "angle": 45, "axis": "z", "origin": [6, 5.5, 10] }, 
            "faces": {
                "north": { "uv": [ 8.625, 1.375, 11, 1.5 ], "texture": "#main" }, 
                "east":  { "uv": [ 8.625, 0.25, 8.75, 1.5 ], "rotation":90, "texture": "#main" }, 
                "south": { "uv": [ 8.625, 0.25, 11, 0.375 ], "rotation":180, "texture": "#main" }, 
                "west":  { "uv": [ 10.875, 0.25, 11, 1.5 ], "rotation":90, "texture": "#main" }, 
                "up":    { "uv": [ 8.625, 0.25, 11, 1.5 ], "rotation":180, "texture": "#main" }, 
                "down":  { "uv": [ 8.625, 0.25, 11, 1.5 ], "rotation":180, "texture": "#main" }
            }
        }, 
        {
            "from": [ 10, 5, 4 ], 
            "to":   [ 32, 6, 16 ], 
            "rotation": { "angle": 22.5, "axis": "z", "origin": [10, 5.5, 10] }, 
            "faces": {
                "north": { "uv": [ 12.625, 1.375, 15, 1.5 ], "texture": "#main" }, 
                "east":  { "uv": [ 12.625, 0.25, 12.75, 1.5 ], "rotation":90, "texture": "#main" }, 
                "south": { "uv": [ 12.625, 0.25, 15, 0.375 ], "rotation":180, "texture": "#main" }, 
                "west":  { "uv": [ 14.875, 0.25, 15, 1.5 ], "rotation":90, "texture": "#main" }, 
                "up":    { "uv": [ 12.625, 0.25, 15, 1.5 ], "rotation":180, "texture": "#main" }, 
                "down":  { "uv": [ 12.625, 0.25, 15, 1.5 ], "rotation":180, "texture": "#main" }
            }
        }, 
        {
            "from": [ -16, 5, 4 ], 
            "to":   [ 6, 6, 16 ], 
            "rotation": { "angle": -22.5, "axis": "z", "origin": [6, 5.5, 10] }, 
            "faces": {
                "north": { "uv": [ 12.625, 1.375, 15, 1.5 ], "texture": "#main" }, 
                "east":  { "uv": [ 12.625, 0.25, 12.75, 1.5 ], "rotation":90, "texture": "#main" }, 
                "south": { "uv": [ 12.625, 0.25, 15, 0.375 ], "rotation":180, "texture": "#main" }, 
                "west":  { "uv": [ 14.875, 0.25, 15, 1.5 ], "rotation":90, "texture": "#main" }, 
                "up":    { "uv": [ 12.625, 0.25, 15, 1.5 ], "rotation":180, "texture": "#main" }, 
                "down":  { "uv": [ 12.625, 0.25, 15, 1.5 ], "rotation":180, "texture": "#main" }
            }
        }, 
        {
            "from": [ 10, 5, 4 ], 
            "to":   [ 32, 6, 16 ], 
            "rotation": { "angle": 45, "axis": "z", "origin": [10, 5.5, 10] }, 
            "faces": {
                "north": { "uv": [ 0.625, 5.375, 3, 5.5 ], "texture": "#main" }, 
                "east":  { "uv": [ 0.625, 4.25, 0.75, 5.5 ], "rotation":90, "texture": "#main" }, 
                "south": { "uv": [ 0.625, 4.25, 3, 4.375 ], "rotation":180, "texture": "#main" }, 
                "west":  { "uv": [ 2.875, 4.25, 3, 5.5 ], "rotation":90, "texture": "#main" }, 
                "up":    { "uv": [ 0.625, 4.25, 3, 5.5 ], "rotation":180, "texture": "#main" }, 
                "down":  { "uv": [ 0.625, 4.25, 3, 5.5 ], "rotation":180, "texture": "#main" }
            }
        }, 
        {
            "from": [ -16, 5, 4 ], 
            "to":   [ 6, 6, 16 ], 
            "rotation": { "angle": -45, "axis": "z", "origin": [6, 5.5, 10] }, 
            "faces": {
                "north": { "uv": [ 0.625, 5.375, 3, 5.5 ], "texture": "#main" }, 
                "east":  { "uv": [ 0.625, 4.25, 0.75, 5.5 ], "rotation":90, "texture": "#main" }, 
                "south": { "uv": [ 0.625, 4.25, 3, 4.375 ], "rotation":180, "texture": "#main" }, 
                "west":  { "uv": [ 2.875, 4.25, 3, 5.5 ], "rotation":90, "texture": "#main" }, 
                "up":    { "uv": [ 0.625, 4.25, 3, 5.5 ], "rotation":180, "texture": "#main" }, 
                "down":  { "uv": [ 0.625, 4.25, 3, 5.5 ], "rotation":180, "texture": "#main" }
            }
        }
    ], 
    "display": {
        "head": {
            "translation": [ 0, -38.25, 0 ], 
            "scale": [ 1.5, 1.5, 1.49 ]
        }
    }, 
    "__comment": "Model animated using Fizzy's model animator - http://fizzy81.github.io/animated-models/"
}