{
	"credit": "Made with Blockbench",
	"textures": {
		"0": "new_mobs/sheep_wings",
		"particle": "new_mobs/sheep_wings"
	},
	"elements": [
		{
			"from": [10, 5, 4],
			"to": [32, 6, 16],
			"rotation": {"angle": -45, "axis": "z", "origin": [10, 5.5, 10]},
			"faces": {
				"north": {"uv": [2.5, 5.5, 12, 6], "texture": "#0"},
				"east": {"uv": [2.5, 1, 3, 6], "rotation": 90, "texture": "#0"},
				"south": {"uv": [2.5, 1, 12, 1.5], "rotation": 180, "texture": "#0"},
				"west": {"uv": [11.5, 1, 12, 6], "rotation": 90, "texture": "#0"},
				"up": {"uv": [2.5, 1, 12, 6], "rotation": 180, "texture": "#0"},
				"down": {"uv": [2.5, 1, 12, 6], "rotation": 180, "texture": "#0"}
			}
		},
		{
			"from": [-16, 5, 4],
			"to": [6, 6, 16],
			"rotation": {"angle": 45, "axis": "z", "origin": [6, 5.5, 10]},
			"faces": {
				"north": {"uv": [2.5, 5.5, 12, 6], "texture": "#0"},
				"east": {"uv": [2.5, 1, 3, 6], "rotation": 90, "texture": "#0"},
				"south": {"uv": [2.5, 1, 12, 1.5], "rotation": 180, "texture": "#0"},
				"west": {"uv": [11.5, 1, 12, 6], "rotation": 90, "texture": "#0"},
				"up": {"uv": [2.5, 1, 12, 6], "rotation": 180, "texture": "#0"},
				"down": {"uv": [2.5, 1, 12, 6], "rotation": 180, "texture": "#0"}
			}
		}
	],
	"display": {
		"head": {
			"translation": [0, -38.25, 0],
			"scale": [1.5, 1.5, 1.49]
		}
	}
}