{
    "tardis_land": {
        "sounds": [
            "custom/tardis_land"
        ]
    },
    "tardis_takeoff": {
        "sounds": [
            "custom/tardis_takeoff"
        ]
    },
    "tardis_rotor": {
        "sounds": [
            "custom/tardis_rotor"
        ]
    },
    "tardis_humn": {
        "sounds": [
            "custom/tardis_humn"
        ]
    },
    "tardis_humm": {
        "sounds": [
            "custom/tardis_humm"
        ]
    },
    "tardis_cloisterbell": {
        "sounds": [
            "custom/tardis_cloisterbell"
        ]
    }
}