{
    "targets": [
        "water",
        "translucent",
        "itemEntity",
        "particles",
        "clouds",
        "weather",
        "swap1",
        "swap2",
        "temporal"
    ],
    "passes": [
        {
            "name": "transparency",
            "intarget": "minecraft:main",
            "outtarget": "swap1",
            "auxtargets": [
                {
                    "name": "DiffuseDepthSampler",
                    "id": "minecraft:main:depth"
                },
                {
                    "name": "TranslucentSampler",
                    "id": "translucent"
                },
                {
                    "name": "TranslucentDepthSampler",
                    "id": "translucent:depth"
                },
                {
                    "name": "ItemEntitySampler",
                    "id": "itemEntity"
                },
                {
                    "name": "ItemEntityDepthSampler",
                    "id": "itemEntity:depth"
                },
                {
                    "name": "ParticlesSampler",
                    "id": "particles"
                },
                {
                    "name": "ParticlesDepthSampler",
                    "id": "particles:depth"
                },
                {
                    "name": "CloudsSampler",
                    "id": "clouds"
                },
                {
                    "name": "CloudsDepthSampler",
                    "id": "clouds:depth"
                },
                {
                    "name": "WeatherSampler",
                    "id": "weather"
                },
                {
                    "name": "WeatherDepthSampler",
                    "id": "weather:depth"
                }
            ]
        },
        {
            "name": "classify",
            "intarget": "itemEntity",
            "outtarget": "swap2",
            "auxtargets": [
                {
                    "name": "AuxSampler",
                    "id": "temporal"
                }
            ]
        },
        {
            "name": "blit",
            "intarget": "swap2",
            "outtarget": "temporal"
        },
        {
            "name": "zoom",
            "intarget": "swap1",
            "outtarget": "swap2",
            "auxtargets": [
                {
                    "name": "AuxSampler",
                    "id": "temporal"
                }
            ],
            "uniforms": [
                {
                    "name":"SubWindow",
                    "values": [ 0.42, 0.3, 0.00 ]
                }
            ]
        },
        {
            "name": "nvg",
            "intarget": "swap2",
            "outtarget": "swap1",
            "auxtargets": [
                {
                    "name": "AuxSampler",
                    "id": "temporal"
                },
                { 
                    "name" : "NoiseTex",
                    "id" : "noise" , 
                    "width" : 256 , 
                    "height" : 256 , 
                    "bilinear" : false 
                }
            ],
            "uniforms": [
                {
                    "name":"SubWindow",
                    "values": [ 0.42, 0.3, 0.00 ]
                }
            ]
        },
        {
            "name": "exposure",
            "intarget": "swap1",
            "outtarget": "swap2",
            "auxtargets": [
                {
                    "name": "AuxSampler",
                    "id": "temporal"
                }
            ]
        },
        {
            "name": "blit",
            "intarget": "swap2",
            "outtarget": "temporal"
        },
        {
            "name": "textoverlay",
            "intarget": "swap1",
            "outtarget": "swap2",
            "auxtargets": [
                {
                    "name": "DepthSampler",
                    "id": "minecraft:main:depth"
                },
                {
                    "name": "AuxSampler",
                    "id": "temporal"
                },
                { 
                    "name" : "NumberTex",
                    "id" : "numbers" , 
                    "width" : 1000 , 
                    "height" : 104 , 
                    "bilinear" : true 
                },
                { 
                    "name" : "ZoomTex",
                    "id" : "zoom" , 
                    "width" : 400 , 
                    "height" : 104 , 
                    "bilinear" : true 
                }
            ],
            "uniforms": [
                {
                    "name":"FontDim",
                    "values": [ 100.0, 104.0 ]
                },
                {
                    "name":"FontHeight",
                    "values": [ 0.017 ]
                }
            ]
        },
        {
            "name": "blit",
            "intarget": "swap2",
            "outtarget": "minecraft:main"
        }
    ]
}
