{
	"credit": "Made with Blockbench",
	"textures": {
		"0": "kirby/kirby_base",
		"1": "kirby/kirby_eyes",
		"2": "kirby/kirby_mouth",
		"particle": "kirby/kirby_base"
	},
	"elements": [
		{
			"from": [0, 0, 0],
			"to": [16, 16, 16],
			"rotation": {"angle": 0, "axis": "y", "origin": [7, 8, 8]},
			"faces": {
				"north": {"uv": [5, 2, 8, 5], "texture": "#0", "tintindex": 0},
				"east": {"uv": [5, 2, 8, 5], "texture": "#0", "tintindex": 0},
				"south": {"uv": [5, 2, 8, 5], "texture": "#0", "tintindex": 0},
				"west": {"uv": [5, 2, 8, 5], "texture": "#0", "tintindex": 0},
				"up": {"uv": [5, 2, 8, 5], "texture": "#0", "tintindex": 0},
				"down": {"uv": [5, 2, 8, 5], "texture": "#0", "tintindex": 0}
			}
		},
		{
			"from": [9, 9, -0.1],
			"to": [11, 10, 0.9],
			"rotation": {"angle": 0, "axis": "y", "origin": [7, 8, 8]},
			"faces": {
				"north": {"uv": [0, 3, 2, 6], "texture": "#1"},
				"east": {"uv": [5, 2, 8, 5], "texture": "#0", "tintindex": 0},
				"south": {"uv": [5, 2, 8, 5], "texture": "#0", "tintindex": 0},
				"west": {"uv": [5, 2, 8, 5], "texture": "#0", "tintindex": 0},
				"up": {"uv": [5, 2, 8, 5], "texture": "#0", "tintindex": 0},
				"down": {"uv": [5, 2, 8, 5], "texture": "#0", "tintindex": 0}
			}
		},
		{
			"from": [5, 9, -0.1],
			"to": [7, 10, 0.9],
			"rotation": {"angle": 0, "axis": "y", "origin": [9, 8, 8]},
			"faces": {
				"north": {"uv": [0, 3, 2, 7], "texture": "#1"},
				"east": {"uv": [5, 2, 8, 5], "texture": "#0", "tintindex": 0},
				"south": {"uv": [5, 2, 8, 5], "texture": "#0", "tintindex": 0},
				"west": {"uv": [5, 2, 8, 5], "texture": "#0", "tintindex": 0},
				"up": {"uv": [5, 2, 8, 5], "texture": "#0", "tintindex": 0},
				"down": {"uv": [5, 2, 8, 5], "texture": "#0", "tintindex": 0}
			}
		},
		{
			"from": [2, 5, -0.1],
			"to": [5, 6, 0.9],
			"rotation": {"angle": 0, "axis": "y", "origin": [7, 7, 8]},
			"faces": {
				"north": {"uv": [1, 12, 6, 14], "texture": "#0", "tintindex": 0},
				"east": {"uv": [5, 2, 8, 5], "texture": "#0", "tintindex": 0},
				"south": {"uv": [5, 2, 8, 5], "texture": "#0", "tintindex": 0},
				"west": {"uv": [5, 2, 8, 5], "texture": "#0", "tintindex": 0},
				"up": {"uv": [5, 2, 8, 5], "texture": "#0", "tintindex": 0},
				"down": {"uv": [5, 2, 8, 5], "texture": "#0", "tintindex": 0}
			}
		},
		{
			"from": [11, 5, -0.1],
			"to": [14, 6, 0.9],
			"rotation": {"angle": 0, "axis": "y", "origin": [9, 7, 8]},
			"faces": {
				"north": {"uv": [1, 12, 6, 14], "texture": "#0", "tintindex": 0},
				"east": {"uv": [5, 2, 8, 5], "texture": "#0", "tintindex": 0},
				"south": {"uv": [5, 2, 8, 5], "texture": "#0", "tintindex": 0},
				"west": {"uv": [5, 2, 8, 5], "texture": "#0", "tintindex": 0},
				"up": {"uv": [5, 2, 8, 5], "texture": "#0", "tintindex": 0},
				"down": {"uv": [5, 2, 8, 5], "texture": "#0", "tintindex": 0}
			}
		},
		{
			"from": [7, 4, -0.1],
			"to": [9, 5, 0.9],
			"faces": {
				"north": {"uv": [10, 1, 14, 3], "texture": "#2"},
				"east": {"uv": [5, 2, 8, 5], "texture": "#0", "tintindex": 0},
				"south": {"uv": [5, 2, 8, 5], "texture": "#0", "tintindex": 0},
				"west": {"uv": [5, 2, 8, 5], "texture": "#0", "tintindex": 0},
				"up": {"uv": [5, 2, 8, 5], "texture": "#0", "tintindex": 0},
				"down": {"uv": [5, 2, 8, 5], "texture": "#0", "tintindex": 0}
			}
		},
		{
			"from": [15, 5, 5],
			"to": [21, 10, 10],
			"rotation": {"angle": -22.5, "axis": "z", "origin": [19, 7, 8]},
			"faces": {
				"north": {"uv": [5, 2, 8, 5], "texture": "#0", "tintindex": 0},
				"east": {"uv": [5, 2, 8, 5], "texture": "#0", "tintindex": 0},
				"south": {"uv": [5, 2, 8, 5], "texture": "#0", "tintindex": 0},
				"west": {"uv": [5, 2, 8, 5], "texture": "#0", "tintindex": 0},
				"up": {"uv": [5, 2, 8, 5], "texture": "#0", "tintindex": 0},
				"down": {"uv": [5, 2, 8, 5], "texture": "#0", "tintindex": 0}
			}
		},
		{
			"from": [-3, 13, 5],
			"to": [3, 18, 10],
			"rotation": {"angle": 22.5, "axis": "z", "origin": [19, 7, 8]},
			"faces": {
				"north": {"uv": [5, 2, 8, 5], "texture": "#0", "tintindex": 0},
				"east": {"uv": [5, 2, 8, 5], "texture": "#0", "tintindex": 0},
				"south": {"uv": [5, 2, 8, 5], "texture": "#0", "tintindex": 0},
				"west": {"uv": [5, 2, 8, 5], "texture": "#0", "tintindex": 0},
				"up": {"uv": [5, 2, 8, 5], "texture": "#0", "tintindex": 0},
				"down": {"uv": [5, 2, 8, 5], "texture": "#0", "tintindex": 0}
			}
		}
	],
	"display": {
		"head": {
			"translation": [0, -10.5, 0],
			"scale": [1.9, 1.9, 1.9]
		}
	}
}