{
    "parent": "block/pink_wool",
    "overrides": [
        {"predicate": {"custom_model_data": 1},"model": "item/face/kirby"},
		{"predicate": {"custom_model_data": 2},"model": "item/face/kirby_blink_1"},
		{"predicate": {"custom_model_data": 3},"model": "item/face/kirby_blink_2"},
		{"predicate": {"custom_model_data": 4},"model": "item/face/kirby_blink_3"},
		{"predicate": {"custom_model_data": 5},"model": "item/face/kirby_wink_1"},
		{"predicate": {"custom_model_data": 6},"model": "item/face/kirby_wink_2"},
		{"predicate": {"custom_model_data": 7},"model": "item/face/kirby_wink_3"},
		{"predicate": {"custom_model_data": 8},"model": "item/face/kirby_frown"},
		{"predicate": {"custom_model_data": 9},"model": "item/face/kirby_angry"},
		{"predicate": {"custom_model_data": 10},"model": "item/face/kirby_smile"},
		{"predicate": {"custom_model_data": 11},"model": "item/face/kirby_vacuum"},
		{"predicate": {"custom_model_data": 12},"model": "item/shoes/kirby_shoes_idle"},
		{"predicate": {"custom_model_data": 13},"model": "item/shoes/kirby_shoes_walk_1"},
		{"predicate": {"custom_model_data": 14},"model": "item/shoes/kirby_shoes_walk_2"},
		{"predicate": {"custom_model_data": 15},"model": "item/shoes/kirby_shoes_float"},
		{"predicate": {"custom_model_data": 16},"model": "item/shoes/kirby_star"},
		{"predicate": {"custom_model_data": 17},"model": "item/shoes/horror_kirby_shoes_idle"},
		{"predicate": {"custom_model_data": 18},"model": "item/shoes/horror_kirby_shoes_walk_1"},
		{"predicate": {"custom_model_data": 19},"model": "item/shoes/horror_kirby_shoes_walk_2"},
		{"predicate": {"custom_model_data": 20},"model": "item/shoes/horror_kirby_shoes_idle"},
		{"predicate": {"custom_model_data": 21},"model": "item/shoes/horror_kirby_star"},
		{"predicate": {"custom_model_data": 22},"model": "item/hats/armor_stand"},
		{"predicate": {"custom_model_data": 23},"model": "item/hats/arrow"},
		{"predicate": {"custom_model_data": 24},"model": "item/hats/bat"},
		{"predicate": {"custom_model_data": 25},"model": "item/hats/blaze"},
		{"predicate": {"custom_model_data": 26},"model": "item/hats/boat_acacia"},
		{"predicate": {"custom_model_data": 27},"model": "item/hats/boat_birch"},
		{"predicate": {"custom_model_data": 28},"model": "item/hats/boat_dark_oak"},
		{"predicate": {"custom_model_data": 29},"model": "item/hats/boat_jungle"},
		{"predicate": {"custom_model_data": 30},"model": "item/hats/boat_oak"},
		{"predicate": {"custom_model_data": 31},"model": "item/hats/boat_spruce"},
		{"predicate": {"custom_model_data": 32},"model": "item/hats/cat_black"},
		{"predicate": {"custom_model_data": 33},"model": "item/hats/cat_ocelot"},
		{"predicate": {"custom_model_data": 34},"model": "item/hats/cat_red"},
		{"predicate": {"custom_model_data": 35},"model": "item/hats/cat_siamese"},
		{"predicate": {"custom_model_data": 36},"model": "item/hats/chicken"},
		{"predicate": {"custom_model_data": 37},"model": "item/hats/cod"},
		{"predicate": {"custom_model_data": 38},"model": "item/hats/cow"},
		{"predicate": {"custom_model_data": 39},"model": "item/hats/cow_mushroom"},
		{"predicate": {"custom_model_data": 40},"model": "item/hats/creeper"},
		{"predicate": {"custom_model_data": 41},"model": "item/hats/dolphin"},
		{"predicate": {"custom_model_data": 42},"model": "item/hats/drowned"},
		{"predicate": {"custom_model_data": 43},"model": "item/hats/end_crystal"},
		{"predicate": {"custom_model_data": 44},"model": "item/hats/ender_dragon"},
		{"predicate": {"custom_model_data": 45},"model": "item/hats/enderman"},
		{"predicate": {"custom_model_data": 46},"model": "item/hats/endermite"},
		{"predicate": {"custom_model_data": 47},"model": "item/hats/evoker"},
		{"predicate": {"custom_model_data": 48},"model": "item/hats/ghast"},
		{"predicate": {"custom_model_data": 49},"model": "item/hats/ghast_fireball"},
		{"predicate": {"custom_model_data": 50},"model": "item/hats/guardian"},
		{"predicate": {"custom_model_data": 51},"model": "item/hats/guardian_elder"},
		{"predicate": {"custom_model_data": 52},"model": "item/hats/horse_black"},
		{"predicate": {"custom_model_data": 53},"model": "item/hats/horse_brown"},
		{"predicate": {"custom_model_data": 54},"model": "item/hats/horse_chestnut"},
		{"predicate": {"custom_model_data": 55},"model": "item/hats/horse_creamy"},
		{"predicate": {"custom_model_data": 56},"model": "item/hats/horse_darkbrown"},
		{"predicate": {"custom_model_data": 57},"model": "item/hats/horse_donkey"},
		{"predicate": {"custom_model_data": 58},"model": "item/hats/horse_gray"},
		{"predicate": {"custom_model_data": 59},"model": "item/hats/horse_mule"},
		{"predicate": {"custom_model_data": 60},"model": "item/hats/horse_skeleton"},
		{"predicate": {"custom_model_data": 61},"model": "item/hats/horse_white"},
		{"predicate": {"custom_model_data": 62},"model": "item/hats/horse_zombie"},
		{"predicate": {"custom_model_data": 63},"model": "item/hats/husk"},
		{"predicate": {"custom_model_data": 64},"model": "item/hats/illager_beast"},
		{"predicate": {"custom_model_data": 65},"model": "item/hats/illusioner"},
		{"predicate": {"custom_model_data": 66},"model": "item/hats/iron_golem"},
		{"predicate": {"custom_model_data": 67},"model": "item/hats/llama_brown"},
		{"predicate": {"custom_model_data": 68},"model": "item/hats/llama_creamy"},
		{"predicate": {"custom_model_data": 69},"model": "item/hats/llama_gray"},
		{"predicate": {"custom_model_data": 70},"model": "item/hats/llama_white"},
		{"predicate": {"custom_model_data": 71},"model": "item/hats/magma_cube"},
		{"predicate": {"custom_model_data": 72},"model": "item/hats/minecart"},
		{"predicate": {"custom_model_data": 73},"model": "item/hats/panda"},
		{"predicate": {"custom_model_data": 74},"model": "item/hats/parrot_blue"},
		{"predicate": {"custom_model_data": 75},"model": "item/hats/parrot_green"},
		{"predicate": {"custom_model_data": 76},"model": "item/hats/parrot_grey"},
		{"predicate": {"custom_model_data": 77},"model": "item/hats/parrot_red_blue"},
		{"predicate": {"custom_model_data": 78},"model": "item/hats/parrot_yellow_blue"},
		{"predicate": {"custom_model_data": 79},"model": "item/hats/phantom"},
		{"predicate": {"custom_model_data": 80},"model": "item/hats/pig"},
		{"predicate": {"custom_model_data": 81},"model": "item/hats/pillager"},
		{"predicate": {"custom_model_data": 82},"model": "item/hats/polar_bear"},
		{"predicate": {"custom_model_data": 83},"model": "item/hats/pufferfish"},
		{"predicate": {"custom_model_data": 84},"model": "item/hats/rabbit_black"},
		{"predicate": {"custom_model_data": 85},"model": "item/hats/rabbit_brown"},
		{"predicate": {"custom_model_data": 86},"model": "item/hats/rabbit_caerbannog"},
		{"predicate": {"custom_model_data": 87},"model": "item/hats/rabbit_gold"},
		{"predicate": {"custom_model_data": 88},"model": "item/hats/rabbit_salt"},
		{"predicate": {"custom_model_data": 89},"model": "item/hats/rabbit_toast"},
		{"predicate": {"custom_model_data": 90},"model": "item/hats/rabbit_white"},
		{"predicate": {"custom_model_data": 91},"model": "item/hats/rabbit_white_splotched"},
		{"predicate": {"custom_model_data": 92},"model": "item/hats/salmon"},
		{"predicate": {"custom_model_data": 93},"model": "item/hats/sheep"},
		{"predicate": {"custom_model_data": 94},"model": "item/hats/shulker"},
		{"predicate": {"custom_model_data": 95},"model": "item/hats/silverfish"},
		{"predicate": {"custom_model_data": 96},"model": "item/hats/skeleton"},
		{"predicate": {"custom_model_data": 97},"model": "item/hats/slime"},
		{"predicate": {"custom_model_data": 98},"model": "item/hats/snowman"},
		{"predicate": {"custom_model_data": 99},"model": "item/hats/spectral_arrow"},
		{"predicate": {"custom_model_data": 100},"model": "item/hats/spider"},
		{"predicate": {"custom_model_data": 101},"model": "item/hats/spider_cave"},
		{"predicate": {"custom_model_data": 102},"model": "item/hats/squid"},
		{"predicate": {"custom_model_data": 103},"model": "item/hats/stray"},
		{"predicate": {"custom_model_data": 104},"model": "item/hats/trident"},
		{"predicate": {"custom_model_data": 105},"model": "item/hats/turtle"},
		{"predicate": {"custom_model_data": 106},"model": "item/hats/vex"},
		{"predicate": {"custom_model_data": 107},"model": "item/hats/villager_butcher"},
		{"predicate": {"custom_model_data": 108},"model": "item/hats/villager_farmer"},
		{"predicate": {"custom_model_data": 109},"model": "item/hats/villager_librarian"},
		{"predicate": {"custom_model_data": 110},"model": "item/hats/villager_nitwit"},
		{"predicate": {"custom_model_data": 111},"model": "item/hats/villager_priest"},
		{"predicate": {"custom_model_data": 112},"model": "item/hats/villager_smith"},
		{"predicate": {"custom_model_data": 113},"model": "item/hats/villager_witch"},
		{"predicate": {"custom_model_data": 114},"model": "item/hats/villager_zombie_butcher"},
		{"predicate": {"custom_model_data": 115},"model": "item/hats/villager_zombie_farmer"},
		{"predicate": {"custom_model_data": 116},"model": "item/hats/villager_zombie_librarian"},
		{"predicate": {"custom_model_data": 117},"model": "item/hats/villager_zombie_nitwit"},
		{"predicate": {"custom_model_data": 118},"model": "item/hats/villager_zombie_priest"},
		{"predicate": {"custom_model_data": 119},"model": "item/hats/villager_zombie_smith"},
		{"predicate": {"custom_model_data": 120},"model": "item/hats/vindicator"},
		{"predicate": {"custom_model_data": 121},"model": "item/hats/wither"},
		{"predicate": {"custom_model_data": 122},"model": "item/hats/wither_skeleton"},
		{"predicate": {"custom_model_data": 123},"model": "item/hats/wolf"},
		{"predicate": {"custom_model_data": 124},"model": "item/hats/zombie"},
		{"predicate": {"custom_model_data": 125},"model": "item/hats/zombie_pigman"},
		{"predicate": {"custom_model_data": 126},"model": "item/hats/bee"},
		{"predicate": {"custom_model_data": 127},"model": "item/hats/hoglin"},
		{"predicate": {"custom_model_data": 128},"model": "item/hats/piglin"},	
		{"predicate": {"custom_model_data": 129},"model": "item/hats/strider"},

		{"predicate": {"custom_model_data": 130},"model": "item/hats/warden"},
		{"predicate": {"custom_model_data": 131},"model": "item/hats/axolotl"},
		{"predicate": {"custom_model_data": 132},"model": "item/hats/glowsquid"},
		{"predicate": {"custom_model_data": 133},"model": "item/hats/goat"}	

		
    ]
}