{
	"credit": "Made with Blockbench",
	"textures": {
		"0": "new_items/sabers",
		"particle": "new_items/sabers"
	},
	"elements": [
		{
			"from": [6.75, -3, 6.75],
			"to": [9.25, -2.5, 9.25],
			"rotation": {"angle": 0, "axis": "y", "origin": [8, 1, 8]},
			"faces": {
				"north": {"uv": [14.5, 15, 16, 16], "texture": "#0"},
				"east": {"uv": [14.5, 15, 16, 16], "texture": "#0"},
				"south": {"uv": [14.5, 15, 16, 16], "texture": "#0"},
				"west": {"uv": [14.5, 15, 16, 16], "texture": "#0"},
				"up": {"uv": [14.5, 15, 16, 16], "texture": "#0"},
				"down": {"uv": [14.5, 15, 16, 16], "texture": "#0"}
			}
		},
		{
			"from": [7, -6, 7],
			"to": [9, -5.5, 9],
			"rotation": {"angle": 0, "axis": "y", "origin": [8, -11, 8]},
			"faces": {
				"north": {"uv": [14.5, 8, 16, 8.5], "texture": "#0"},
				"east": {"uv": [14.5, 8, 16, 8.5], "texture": "#0"},
				"south": {"uv": [14.5, 8, 16, 8.5], "texture": "#0"},
				"west": {"uv": [14.5, 8, 16, 8.5], "texture": "#0"},
				"up": {"uv": [14.5, 8, 16, 8.5], "texture": "#0"},
				"down": {"uv": [14.5, 8, 16, 8.5], "texture": "#0"}
			}
		},
		{
			"from": [7, -5.5, 7],
			"to": [9, -5, 9],
			"rotation": {"angle": 0, "axis": "y", "origin": [8, -11, 8]},
			"faces": {
				"north": {"uv": [14.5, 7.5, 16, 8], "texture": "#0"},
				"east": {"uv": [14.5, 7.5, 16, 8], "texture": "#0"},
				"south": {"uv": [14.5, 7.5, 16, 8], "texture": "#0"},
				"west": {"uv": [14.5, 7.5, 16, 8], "texture": "#0"},
				"up": {"uv": [14.5, 7.5, 16, 8], "texture": "#0"},
				"down": {"uv": [14.5, 7.5, 16, 8], "texture": "#0"}
			}
		},
		{
			"from": [7, -16, 7],
			"to": [9, -7, 9],
			"rotation": {"angle": 0, "axis": "y", "origin": [8, -13, 8]},
			"faces": {
				"north": {"uv": [14.5, 8, 16, 15], "texture": "#0"},
				"east": {"uv": [15, 8, 16, 15], "texture": "#0"},
				"south": {"uv": [15, 8, 16, 15], "texture": "#0"},
				"west": {"uv": [15, 8, 16, 15], "texture": "#0"},
				"up": {"uv": [14.5, 8, 16, 8.5], "texture": "#0"},
				"down": {"uv": [14.5, 15, 16, 16], "texture": "#0"}
			}
		},
		{
			"from": [7.25, -7, 7.25],
			"to": [8.75, -6, 8.75],
			"rotation": {"angle": 0, "axis": "y", "origin": [8, -12, 8]},
			"faces": {
				"north": {"uv": [14.5, 8, 16, 8.5], "texture": "#0"},
				"east": {"uv": [14.5, 8, 16, 8.5], "texture": "#0"},
				"south": {"uv": [14.5, 8, 16, 8.5], "texture": "#0"},
				"west": {"uv": [14.5, 8, 16, 8.5], "texture": "#0"},
				"up": {"uv": [14.5, 8, 16, 8.5], "texture": "#0"},
				"down": {"uv": [14.5, 8, 16, 8.5], "texture": "#0"}
			}
		},
		{
			"from": [7, -4, 7],
			"to": [9, -2, 9],
			"rotation": {"angle": 0, "axis": "y", "origin": [8, -8, 8]},
			"faces": {
				"north": {"uv": [14.5, 5.5, 16, 7], "texture": "#0"},
				"east": {"uv": [14.5, 5.5, 16, 7], "texture": "#0"},
				"south": {"uv": [14.5, 5.5, 16, 7], "texture": "#0"},
				"west": {"uv": [14.5, 5.5, 16, 7], "texture": "#0"},
				"up": {"uv": [14.5, 5.5, 16, 7], "texture": "#0"},
				"down": {"uv": [14.5, 5.5, 16, 7], "texture": "#0"}
			}
		},
		{
			"from": [6.75, -15, 6.75],
			"to": [9.25, -14, 9.25],
			"rotation": {"angle": 0, "axis": "y", "origin": [8, -11, 8]},
			"faces": {
				"north": {"uv": [14.5, 15, 16, 16], "texture": "#0"},
				"east": {"uv": [14.5, 15, 16, 16], "texture": "#0"},
				"south": {"uv": [14.5, 15, 16, 16], "texture": "#0"},
				"west": {"uv": [14.5, 15, 16, 16], "texture": "#0"},
				"up": {"uv": [14.5, 15, 16, 16], "texture": "#0"},
				"down": {"uv": [14.5, 15, 16, 16], "texture": "#0"}
			}
		},
		{
			"from": [7.25, -5, 7.25],
			"to": [8.75, -4, 8.75],
			"rotation": {"angle": 0, "axis": "y", "origin": [8, -10, 8]},
			"faces": {
				"north": {"uv": [14.5, 7.5, 16, 8], "texture": "#0"},
				"east": {"uv": [14.5, 7.5, 16, 8], "texture": "#0"},
				"south": {"uv": [14.5, 7.5, 16, 8], "texture": "#0"},
				"west": {"uv": [14.5, 7.5, 16, 8], "texture": "#0"},
				"up": {"uv": [14.5, 7.5, 16, 8], "texture": "#0"},
				"down": {"uv": [14.5, 7.5, 16, 8], "texture": "#0"}
			}
		},
		{
			"from": [7, -2, 7],
			"to": [9, 24, 9],
			"rotation": {"angle": 0, "axis": "y", "origin": [8, 13, 8]},
			"faces": {
				"north": {"uv": [4, 0, 6, 15.5], "texture": "#0"},
				"east": {"uv": [4, 0, 6, 15.5], "texture": "#0"},
				"south": {"uv": [4, 0, 6, 15.5], "texture": "#0"},
				"west": {"uv": [4, 0, 6, 15.5], "texture": "#0"},
				"up": {"uv": [4.5, 0, 5.5, 1], "texture": "#0"},
				"down": {"uv": [4, 0, 6, 15.5], "texture": "#0"}
			}
		}
	],
	"gui_light": "front",
	"display": {
		"thirdperson_righthand": {
			"translation": [0, 15, 1.25]
		},
		"thirdperson_lefthand": {
			"translation": [0, 15, 1.25]
		},
		"firstperson_righthand": {
			"rotation": [-46, -180, 0],
			"translation": [0, 10.25, -10]
		},
		"firstperson_lefthand": {
			"rotation": [-46, -180, 0],
			"translation": [0, 10.25, -10]
		},
		"ground": {
			"rotation": [90, 0, 0],
			"translation": [0, -0.5, 18.75]
		},
		"gui": {
			"rotation": [0, 176, 44],
			"translation": [1.5, 1.25, 0],
			"scale": [0.5, 0.5, 0.5]
		},
		"fixed": {
			"translation": [0, 16.25, -1.75]
		}
	},
	"groups": [
		{
			"name": "hilt",
			"origin": [8, 8, 8],
			"children": [0, 1, 2, 3, 4, 5, 6, 7]
		}, 8]
}