{
	"credit": "Made with Blockbench",
	"textures": {
		"0": "custom/blasters",
		"particle": "custom/blasters"
	},
	"elements": [
		{
			"from": [1, 11, 9],
			"to": [13, 13, 10],
			"rotation": {"angle": 0, "axis": "y", "origin": [7, 12, 9.5]},
			"faces": {
				"north": {"uv": [8, 7, 14, 8], "texture": "#0"},
				"east": {"uv": [8, 7, 8.5, 8], "texture": "#0"},
				"south": {"uv": [14, 7, 8, 8], "texture": "#0"},
				"west": {"uv": [13.5, 7, 14, 8], "texture": "#0"},
				"up": {"uv": [14, 7, 8, 7.5], "texture": "#0"},
				"down": {"uv": [8, 7.5, 14, 8], "texture": "#0"}
			}
		},
		{
			"from": [5, 10, 9],
			"to": [10, 11, 10],
			"rotation": {"angle": 0, "axis": "y", "origin": [7, 10, 9.5]},
			"faces": {
				"north": {"uv": [9.5, 8, 12, 8.5], "texture": "#0"},
				"east": {"uv": [9.5, 8, 10, 8.5], "texture": "#0"},
				"south": {"uv": [12, 8, 9.5, 8.5], "texture": "#0"},
				"west": {"uv": [11.5, 8, 12, 8.5], "texture": "#0"},
				"up": {"uv": [9.5, 8, 12, 8.5], "texture": "#0"},
				"down": {"uv": [12, 8, 9.5, 8.5], "texture": "#0"}
			}
		},
		{
			"from": [5, 9, 9],
			"to": [8, 10, 10],
			"rotation": {"angle": 0, "axis": "y", "origin": [7, 9, 9.5]},
			"faces": {
				"north": {"uv": [10.5, 8.5, 12, 9], "texture": "#0"},
				"east": {"uv": [10.5, 8.5, 11, 9], "texture": "#0"},
				"south": {"uv": [12, 8.5, 10.5, 9], "texture": "#0"},
				"west": {"uv": [11.5, 8.5, 12, 9], "texture": "#0"},
				"up": {"uv": [10.5, 8.5, 12, 9], "texture": "#0"},
				"down": {"uv": [12, 8.5, 10.5, 9], "texture": "#0"}
			}
		},
		{
			"from": [3, 8, 9],
			"to": [6, 9, 10],
			"rotation": {"angle": 0, "axis": "y", "origin": [5, 8, 9.5]},
			"faces": {
				"north": {"uv": [11.5, 9, 13, 9.5], "texture": "#0"},
				"east": {"uv": [11.5, 9, 12, 9.5], "texture": "#0"},
				"south": {"uv": [13, 9, 11.5, 9.5], "texture": "#0"},
				"west": {"uv": [12.5, 9, 13, 9.5], "texture": "#0"},
				"up": {"uv": [13, 9, 11.5, 9.5], "texture": "#0"},
				"down": {"uv": [13, 9, 11.5, 9.5], "texture": "#0"}
			}
		},
		{
			"from": [0, 9, 9],
			"to": [3, 11, 10],
			"rotation": {"angle": 0, "axis": "y", "origin": [2, 9, 9.5]},
			"faces": {
				"north": {"uv": [13, 8, 14.5, 9], "texture": "#0"},
				"east": {"uv": [13, 8, 13.5, 9], "texture": "#0"},
				"south": {"uv": [14.5, 8, 13, 9], "texture": "#0"},
				"west": {"uv": [14, 8, 14.5, 9], "texture": "#0"},
				"up": {"uv": [13, 8, 14.5, 9], "texture": "#0"},
				"down": {"uv": [14.5, 8.5, 13, 9], "texture": "#0"}
			}
		},
		{
			"from": [0, 11, 9],
			"to": [1, 12, 10],
			"rotation": {"angle": 0, "axis": "y", "origin": [6, 12, 9.5]},
			"faces": {
				"north": {"uv": [14, 7.5, 14.5, 8], "texture": "#0"},
				"east": {"uv": [14, 7.5, 14.5, 8], "texture": "#0"},
				"south": {"uv": [14, 7.5, 14.5, 8], "texture": "#0"},
				"west": {"uv": [14, 7.5, 14.5, 8], "texture": "#0"},
				"up": {"uv": [14, 7.5, 14.5, 8], "texture": "#0"},
				"down": {"uv": [14, 7.5, 14.5, 8], "texture": "#0"}
			}
		},
		{
			"from": [-1, 9, 9],
			"to": [0, 10, 10],
			"rotation": {"angle": 0, "axis": "y", "origin": [5, 10, 9.5]},
			"faces": {
				"north": {"uv": [14.5, 8.5, 15, 9], "texture": "#0"},
				"east": {"uv": [14.5, 8.5, 15, 9], "texture": "#0"},
				"south": {"uv": [14.5, 8.5, 15, 9], "texture": "#0"},
				"west": {"uv": [14.5, 8.5, 15, 9], "texture": "#0"},
				"up": {"uv": [14.5, 8.5, 15, 9], "texture": "#0"},
				"down": {"uv": [14.5, 8.5, 15, 9], "texture": "#0"}
			}
		},
		{
			"from": [-3, 8, 9],
			"to": [-2, 9, 10],
			"rotation": {"angle": 0, "axis": "y", "origin": [3, 9, 9.5]},
			"faces": {
				"north": {"uv": [15.5, 9.5, 16, 10], "texture": "#0"},
				"east": {"uv": [15.5, 9.5, 16, 10], "texture": "#0"},
				"south": {"uv": [15.5, 9.5, 16, 10], "texture": "#0"},
				"west": {"uv": [15.5, 9.5, 16, 10], "texture": "#0"},
				"up": {"uv": [15.5, 9.5, 16, 10], "texture": "#0"},
				"down": {"uv": [15.5, 9.5, 16, 10], "texture": "#0"}
			}
		},
		{
			"from": [-2, 6, 9],
			"to": [-1, 7, 10],
			"rotation": {"angle": 0, "axis": "y", "origin": [4, 7, 9.5]},
			"faces": {
				"north": {"uv": [15, 10, 15.5, 10.5], "texture": "#0"},
				"east": {"uv": [15, 10, 15.5, 10.5], "texture": "#0"},
				"south": {"uv": [15, 10, 15.5, 10.5], "texture": "#0"},
				"west": {"uv": [15, 10, 15.5, 10.5], "texture": "#0"},
				"up": {"uv": [15, 10, 15.5, 10.5], "texture": "#0"},
				"down": {"uv": [15, 10, 15.5, 10.5], "texture": "#0"}
			}
		},
		{
			"from": [0, 8, 9],
			"to": [1, 9, 10],
			"rotation": {"angle": 0, "axis": "y", "origin": [6, 9, 9.5]},
			"faces": {
				"north": {"uv": [14, 9, 14.5, 9.5], "texture": "#0"},
				"east": {"uv": [14, 9, 14.5, 9.5], "texture": "#0"},
				"south": {"uv": [14, 9, 14.5, 9.5], "texture": "#0"},
				"west": {"uv": [14, 9, 14.5, 9.5], "texture": "#0"},
				"up": {"uv": [14, 9, 14.5, 9.5], "texture": "#0"},
				"down": {"uv": [14, 9, 14.5, 9.5], "texture": "#0"}
			}
		},
		{
			"from": [-2, 7, 9],
			"to": [0, 9, 10],
			"rotation": {"angle": 0, "axis": "y", "origin": [5, 9, 9.5]},
			"faces": {
				"north": {"uv": [14.5, 9, 15.5, 10], "texture": "#0"},
				"east": {"uv": [15, 9, 15.5, 10], "texture": "#0"},
				"south": {"uv": [15.5, 9, 14.5, 10], "texture": "#0"},
				"west": {"uv": [14.5, 9, 15, 10], "texture": "#0"},
				"up": {"uv": [14.5, 9, 15.5, 9.5], "texture": "#0"},
				"down": {"uv": [14.5, 9.5, 15.5, 10], "texture": "#0"}
			}
		},
		{
			"from": [13, 12, 9],
			"to": [14, 13, 10],
			"rotation": {"angle": 0, "axis": "y", "origin": [19, 13, 9.5]},
			"faces": {
				"north": {"uv": [7.5, 7, 8, 7.5], "texture": "#0"},
				"east": {"uv": [7.5, 7, 8, 7.5], "texture": "#0"},
				"south": {"uv": [7.5, 7, 8, 7.5], "texture": "#0"},
				"west": {"uv": [7.5, 7, 8, 7.5], "texture": "#0"},
				"up": {"uv": [7.5, 7, 8, 7.5], "texture": "#0"},
				"down": {"uv": [7.5, 7, 8, 7.5], "texture": "#0"}
			}
		},
		{
			"from": [14, 12, 9],
			"to": [15, 13, 10],
			"rotation": {"angle": 0, "axis": "y", "origin": [20, 13, 9.5]},
			"faces": {
				"north": {"uv": [7, 7, 7.5, 7.5], "texture": "#0"},
				"east": {"uv": [7, 7, 7.5, 7.5], "texture": "#0"},
				"south": {"uv": [7, 7, 7.5, 7.5], "texture": "#0"},
				"west": {"uv": [7, 7, 7.5, 7.5], "texture": "#0"},
				"up": {"uv": [7, 7, 7.5, 7.5], "texture": "#0"},
				"down": {"uv": [7, 7, 7.5, 7.5], "texture": "#0"}
			}
		}
	],
	"gui_light": "front",
	"display": {
		"thirdperson_righthand": {
			"rotation": [0, 90, 0],
			"translation": [0, -1, -1.5],
			"scale": [0.5, 0.5, 0.5]
		},
		"thirdperson_lefthand": {
			"rotation": [0, -90, 0],
			"translation": [0, -0.25, -3.25],
			"scale": [0.5, 0.5, 0.5]
		},
		"firstperson_righthand": {
			"rotation": [16, 87, 0],
			"translation": [0.75, 1.5, 0.25],
			"scale": [0.7, 0.7, 0.7]
		},
		"firstperson_lefthand": {
			"rotation": [16, -104, 0],
			"translation": [0.75, 2.75, 0.25],
			"scale": [0.7, 0.7, 0.7]
		},
		"ground": {
			"rotation": [90, 0, 0]
		},
		"gui": {
			"rotation": [0, -180, 45],
			"translation": [-1.5, 0.75, 0],
			"scale": [0.5, 0.5, 0.5]
		},
		"fixed": {
			"translation": [3.25, 0, -2.25]
		}
	}
}