{
	"credit": "Made with Blockbench",
	"textures": {
		"0": "custom/blasters",
		"1": "misc/border",
		"particle": "custom/blasters"
	},
	"elements": [
		{
			"from": [-4, 7, 9],
			"to": [19, 10, 10],
			"rotation": {"angle": 0, "axis": "y", "origin": [4.5, 9.5, 8.5]},
			"faces": {
				"north": {"uv": [4, 12.5, 15.5, 14], "texture": "#0"},
				"east": {"uv": [4, 12.5, 4.5, 14], "texture": "#0"},
				"south": {"uv": [15.5, 12.5, 4, 14], "texture": "#0"},
				"west": {"uv": [15, 12.5, 15.5, 14], "texture": "#0"},
				"up": {"uv": [15.5, 12.5, 4, 13], "texture": "#0"},
				"down": {"uv": [15.5, 13.5, 4, 14], "texture": "#0"}
			}
		},
		{
			"from": [18, 6, 9],
			"to": [19, 7, 10],
			"rotation": {"angle": 0, "axis": "y", "origin": [18.5, 6.5, 9.5]},
			"faces": {
				"north": {"uv": [4, 14, 4.5, 14.5], "texture": "#0"},
				"east": {"uv": [4, 14, 4.5, 14.5], "texture": "#0"},
				"south": {"uv": [4, 14, 4.5, 14.5], "texture": "#0"},
				"west": {"uv": [4, 14, 4.5, 14.5], "texture": "#0"},
				"up": {"uv": [4, 14, 4.5, 14.5], "texture": "#0"},
				"down": {"uv": [4, 14, 4.5, 14.5], "texture": "#0"}
			}
		},
		{
			"from": [19, 8, 9],
			"to": [20, 10, 10],
			"rotation": {"angle": 0, "axis": "y", "origin": [19.5, 8.5, 9.5]},
			"faces": {
				"north": {"uv": [4, 14, 4.5, 14.5], "texture": "#0"},
				"east": {"uv": [4, 14, 4.5, 14.5], "texture": "#0"},
				"south": {"uv": [4, 14, 4.5, 14.5], "texture": "#0"},
				"west": {"uv": [4, 14, 4.5, 14.5], "texture": "#0"},
				"up": {"uv": [4, 14, 4.5, 14.5], "texture": "#0"},
				"down": {"uv": [4, 14, 4.5, 14.5], "texture": "#0"}
			}
		},
		{
			"from": [20, 8, 9],
			"to": [21, 9, 10],
			"rotation": {"angle": 0, "axis": "y", "origin": [20.5, 8.5, 9.5]},
			"faces": {
				"north": {"uv": [4, 14, 4.5, 14.5], "texture": "#0"},
				"east": {"uv": [4, 14, 4.5, 14.5], "texture": "#0"},
				"south": {"uv": [4, 14, 4.5, 14.5], "texture": "#0"},
				"west": {"uv": [4, 14, 4.5, 14.5], "texture": "#0"},
				"up": {"uv": [4, 14, 4.5, 14.5], "texture": "#0"},
				"down": {"uv": [4, 14, 4.5, 14.5], "texture": "#0"}
			}
		},
		{
			"from": [21, 8, 9],
			"to": [23, 9, 10],
			"rotation": {"angle": 0, "axis": "y", "origin": [21.5, 8.5, 9.5]},
			"faces": {
				"north": {"uv": [2, 13, 3, 13.5], "texture": "#0"},
				"east": {"uv": [2, 13, 3, 13.5], "texture": "#0"},
				"south": {"uv": [2, 13, 3, 13.5], "texture": "#0"},
				"west": {"uv": [2, 13, 3, 13.5], "texture": "#0"},
				"up": {"uv": [2, 13, 3, 13.5], "texture": "#0"},
				"down": {"uv": [2, 13, 3, 13.5], "texture": "#0"}
			}
		},
		{
			"from": [22, 9, 9],
			"to": [27, 10, 10],
			"rotation": {"angle": 0, "axis": "y", "origin": [22.5, 9.5, 9.5]},
			"faces": {
				"north": {"uv": [2, 13, 3, 13.5], "texture": "#0"},
				"east": {"uv": [2, 13, 3, 13.5], "texture": "#0"},
				"south": {"uv": [2, 13, 3, 13.5], "texture": "#0"},
				"west": {"uv": [2, 13, 3, 13.5], "texture": "#0"},
				"up": {"uv": [2, 13, 3, 13.5], "texture": "#0"},
				"down": {"uv": [2, 13, 3, 13.5], "texture": "#0"}
			}
		},
		{
			"from": [22, 7, 9],
			"to": [27, 8, 10],
			"rotation": {"angle": 0, "axis": "y", "origin": [22.5, 7.5, 9.5]},
			"faces": {
				"north": {"uv": [2, 13, 3, 13.5], "texture": "#0"},
				"east": {"uv": [2, 13, 3, 13.5], "texture": "#0"},
				"south": {"uv": [2, 13, 3, 13.5], "texture": "#0"},
				"west": {"uv": [2, 13, 3, 13.5], "texture": "#0"},
				"up": {"uv": [2, 13, 3, 13.5], "texture": "#0"},
				"down": {"uv": [2, 13, 3, 13.5], "texture": "#0"}
			}
		},
		{
			"from": [3, 5, 9],
			"to": [4, 7, 10],
			"rotation": {"angle": 0, "axis": "y", "origin": [3.5, 6.5, 9.5]},
			"faces": {
				"north": {"uv": [11.5, 14, 12, 15], "texture": "#0"},
				"east": {"uv": [11.5, 14, 12, 15], "texture": "#0"},
				"south": {"uv": [11.5, 14, 12, 15], "texture": "#0"},
				"west": {"uv": [11.5, 14, 12, 15], "texture": "#0"},
				"up": {"uv": [11.5, 14, 12, 15], "texture": "#0"},
				"down": {"uv": [11.5, 14.5, 12, 15], "texture": "#0"}
			}
		},
		{
			"from": [2, 5, 9],
			"to": [3, 6, 10],
			"rotation": {"angle": 0, "axis": "y", "origin": [2.5, 6.5, 9.5]},
			"faces": {
				"north": {"uv": [12, 14.5, 12.5, 15], "texture": "#0"},
				"east": {"uv": [12, 14.5, 12.5, 15], "texture": "#0"},
				"south": {"uv": [12, 14.5, 12.5, 15], "texture": "#0"},
				"west": {"uv": [12, 14.5, 12.5, 15], "texture": "#0"},
				"up": {"uv": [12, 14.5, 12.5, 15], "texture": "#0"},
				"down": {"uv": [12, 14.5, 12.5, 15], "texture": "#0"}
			}
		},
		{
			"from": [-5, 10, 9],
			"to": [-2, 11, 10],
			"rotation": {"angle": 0, "axis": "y", "origin": [-3.5, 10.5, 9.5]},
			"faces": {
				"north": {"uv": [14.5, 12, 16, 12.5], "texture": "#0"},
				"east": {"uv": [14.5, 12, 16, 12.5], "texture": "#0"},
				"south": {"uv": [16, 12, 14.5, 12.5], "texture": "#0"},
				"west": {"uv": [15.5, 12, 16, 12.5], "texture": "#0"},
				"up": {"uv": [16, 12, 14.5, 12.5], "texture": "#0"},
				"down": {"uv": [14.5, 12, 16, 12.5], "texture": "#0"}
			}
		},
		{
			"from": [-5, 11, 9],
			"to": [-3, 12, 10],
			"rotation": {"angle": 0, "axis": "y", "origin": [-3.5, 11.5, 9.5]},
			"faces": {
				"north": {"uv": [15, 11.5, 16, 12], "texture": "#0"},
				"east": {"uv": [15, 11.5, 16, 12], "texture": "#0"},
				"south": {"uv": [15, 11.5, 16, 12], "texture": "#0"},
				"west": {"uv": [15, 11.5, 16, 12], "texture": "#0"},
				"up": {"uv": [15, 11.5, 16, 12], "texture": "#0"},
				"down": {"uv": [15, 11.5, 16, 12], "texture": "#0"}
			}
		},
		{
			"from": [-5, 5, 9],
			"to": [-3, 6, 10],
			"rotation": {"angle": 0, "axis": "y", "origin": [-3.5, 5.5, 9.5]},
			"faces": {
				"north": {"uv": [15, 11.5, 16, 12], "texture": "#0"},
				"east": {"uv": [15, 11.5, 16, 12], "texture": "#0"},
				"south": {"uv": [15, 11.5, 16, 12], "texture": "#0"},
				"west": {"uv": [15, 11.5, 16, 12], "texture": "#0"},
				"up": {"uv": [15, 11.5, 16, 12], "texture": "#0"},
				"down": {"uv": [15, 11.5, 16, 12], "texture": "#0"}
			}
		},
		{
			"from": [-5, 6, 9],
			"to": [-2, 7, 10],
			"rotation": {"angle": 0, "axis": "y", "origin": [-3.5, 6.5, 9.5]},
			"faces": {
				"north": {"uv": [14.5, 14, 16, 14.5], "texture": "#0"},
				"east": {"uv": [14.5, 12, 16, 12.5], "texture": "#0"},
				"south": {"uv": [16, 14, 14.5, 14.5], "texture": "#0"},
				"west": {"uv": [15.5, 12, 16, 12.5], "texture": "#0"},
				"up": {"uv": [16, 14, 14.5, 14.5], "texture": "#0"},
				"down": {"uv": [14.5, 12, 16, 12.5], "texture": "#0"}
			}
		},
		{
			"from": [1, 5, 9],
			"to": [2, 7, 10],
			"rotation": {"angle": 0, "axis": "y", "origin": [1.5, 6.5, 9.5]},
			"faces": {
				"north": {"uv": [11.5, 14, 12, 15], "texture": "#0"},
				"east": {"uv": [11.5, 14, 12, 15], "texture": "#0"},
				"south": {"uv": [11.5, 14, 12, 15], "texture": "#0"},
				"west": {"uv": [11.5, 14, 12, 15], "texture": "#0"},
				"up": {"uv": [11.5, 14, 12, 15], "texture": "#0"},
				"down": {"uv": [11.5, 14.5, 12, 15], "texture": "#0"}
			}
		},
		{
			"from": [5, 10, 9],
			"to": [6, 11, 10],
			"rotation": {"angle": 0, "axis": "y", "origin": [5.5, 10.5, 9.5]},
			"faces": {
				"north": {"uv": [10, 12, 10.5, 12.5], "texture": "#0"},
				"east": {"uv": [10, 12, 10.5, 12.5], "texture": "#0"},
				"south": {"uv": [10, 12, 10.5, 12.5], "texture": "#0"},
				"west": {"uv": [10, 12, 10.5, 12.5], "texture": "#0"},
				"up": {"uv": [10, 12, 10.5, 12.5], "texture": "#0"},
				"down": {"uv": [10, 12, 10.5, 12.5], "texture": "#0"}
			}
		},
		{
			"from": [9, 10, 9],
			"to": [10, 11, 10],
			"rotation": {"angle": 0, "axis": "y", "origin": [9.5, 10.5, 9.5]},
			"faces": {
				"north": {"uv": [8.5, 12, 9, 12.5], "texture": "#0"},
				"east": {"uv": [8.5, 12, 9, 12.5], "texture": "#0"},
				"south": {"uv": [8.5, 12, 9, 12.5], "texture": "#0"},
				"west": {"uv": [8.5, 12, 9, 12.5], "texture": "#0"},
				"up": {"uv": [8.5, 12, 9, 12.5], "texture": "#0"},
				"down": {"uv": [8.5, 12, 9, 12.5], "texture": "#0"}
			}
		},
		{
			"from": [4.5, 11, 8.7],
			"to": [10.5, 11.5, 10.3],
			"rotation": {"angle": 0, "axis": "y", "origin": [9.5, 11.5, 9.5]},
			"faces": {
				"north": {"uv": [8, 12.5, 8.5, 13], "texture": "#0"},
				"east": {"uv": [8, 12.5, 8.5, 13], "texture": "#0"},
				"south": {"uv": [8, 12.5, 8.5, 13], "texture": "#0"},
				"west": {"uv": [10, 7.5, 12, 8], "texture": "#0"},
				"up": {"uv": [12.5, 7.5, 13, 8], "texture": "#0"},
				"down": {"uv": [8, 12.5, 8.5, 13], "texture": "#0"}
			}
		},
		{
			"from": [4.5, 11.5, 8.4],
			"to": [10.5, 12.5, 8.7],
			"rotation": {"angle": 0, "axis": "y", "origin": [9.5, 11.5, 9.5]},
			"faces": {
				"north": {"uv": [8, 12.5, 8.5, 13], "texture": "#0"},
				"east": {"uv": [8, 12.5, 8.5, 13], "texture": "#0"},
				"south": {"uv": [12.5, 7.5, 13, 8], "texture": "#0"},
				"west": {"uv": [10, 7.5, 12, 8], "rotation": 90, "texture": "#0"},
				"up": {"uv": [8, 12.5, 8.5, 13], "texture": "#0"},
				"down": {"uv": [8, 12.5, 8.5, 13], "texture": "#0"}
			}
		},
		{
			"from": [4.5, 12.5, 8.5],
			"to": [10.5, 12.7, 8.7],
			"rotation": {"angle": 0, "axis": "y", "origin": [9.5, 11.5, 9.5]},
			"faces": {
				"north": {"uv": [8, 12.5, 8.5, 13], "texture": "#0"},
				"east": {"uv": [8, 12.5, 8.5, 13], "texture": "#0"},
				"south": {"uv": [8, 12.5, 8.5, 13], "texture": "#0"},
				"west": {"uv": [8, 12.5, 8.5, 13], "texture": "#0"},
				"up": {"uv": [8, 12.5, 8.5, 13], "texture": "#0"},
				"down": {"uv": [8, 12.5, 8.5, 13], "texture": "#0"}
			}
		},
		{
			"from": [4.5, 12.5, 10.3],
			"to": [10.5, 12.7, 10.5],
			"rotation": {"angle": 0, "axis": "y", "origin": [9.5, 11.5, 11.5]},
			"faces": {
				"north": {"uv": [8, 12.5, 8.5, 13], "texture": "#0"},
				"east": {"uv": [8, 12.5, 8.5, 13], "texture": "#0"},
				"south": {"uv": [8, 12.5, 8.5, 13], "texture": "#0"},
				"west": {"uv": [8, 12.5, 8.5, 13], "texture": "#0"},
				"up": {"uv": [8, 12.5, 8.5, 13], "texture": "#0"},
				"down": {"uv": [8, 12.5, 8.5, 13], "texture": "#0"}
			}
		},
		{
			"from": [4.5, 11.3, 10.3],
			"to": [10.5, 11.5, 10.5],
			"rotation": {"angle": 0, "axis": "y", "origin": [9.5, 10.5, 11.5]},
			"faces": {
				"north": {"uv": [8, 12.5, 8.5, 13], "texture": "#0"},
				"east": {"uv": [8, 12.5, 8.5, 13], "texture": "#0"},
				"south": {"uv": [8, 12.5, 8.5, 13], "texture": "#0"},
				"west": {"uv": [8, 12.5, 8.5, 13], "texture": "#0"},
				"up": {"uv": [8, 12.5, 8.5, 13], "texture": "#0"},
				"down": {"uv": [8, 12.5, 8.5, 13], "texture": "#0"}
			}
		},
		{
			"from": [4.5, 11.3, 8.5],
			"to": [10.5, 11.5, 8.7],
			"rotation": {"angle": 0, "axis": "y", "origin": [9.5, 10.5, 9.5]},
			"faces": {
				"north": {"uv": [8, 12.5, 8.5, 13], "texture": "#0"},
				"east": {"uv": [8, 12.5, 8.5, 13], "texture": "#0"},
				"south": {"uv": [8, 12.5, 8.5, 13], "texture": "#0"},
				"west": {"uv": [8, 12.5, 8.5, 13], "texture": "#0"},
				"up": {"uv": [8, 12.5, 8.5, 13], "texture": "#0"},
				"down": {"uv": [8, 12.5, 8.5, 13], "texture": "#0"}
			}
		},
		{
			"from": [4.5, 11.5, 10.3],
			"to": [10.5, 12.5, 10.6],
			"rotation": {"angle": 0, "axis": "y", "origin": [7.5, 12, 10.25]},
			"faces": {
				"north": {"uv": [12.5, 7.5, 13, 8], "texture": "#0"},
				"east": {"uv": [8, 12.5, 8.5, 13], "texture": "#0"},
				"south": {"uv": [8, 12.5, 8.5, 13], "texture": "#0"},
				"west": {"uv": [11, 7.5, 12.5, 8], "rotation": 90, "texture": "#0"},
				"up": {"uv": [8, 12.5, 8.5, 13], "texture": "#0"},
				"down": {"uv": [8, 12.5, 8.5, 13], "texture": "#0"}
			}
		},
		{
			"from": [4.5, 12.5, 8.7],
			"to": [10.5, 13, 10.3],
			"rotation": {"angle": 0, "axis": "y", "origin": [9.5, 11.5, 9.5]},
			"faces": {
				"north": {"uv": [8, 12.5, 8.5, 13], "texture": "#0"},
				"east": {"uv": [8, 12.5, 8.5, 13], "texture": "#0"},
				"south": {"uv": [8, 12.5, 8.5, 13], "texture": "#0"},
				"west": {"uv": [11.5, 7.5, 13, 8], "texture": "#0"},
				"up": {"uv": [8, 12.5, 8.5, 13], "texture": "#0"},
				"down": {"uv": [12.5, 7.5, 13, 8], "texture": "#0"}
			}
		},
		{
			"from": [10.5, 11.5, 8.7],
			"to": [10.5, 12.5, 10.3],
			"rotation": {"angle": 0, "axis": "y", "origin": [19, 19, 17]},
			"faces": {
				"north": {"uv": [6.313, 6.453, 8.547, 7.641], "texture": "#1"},
				"east": {"uv": [6.313, 6.453, 8.547, 7.641], "texture": "#1"},
				"south": {"uv": [6.313, 6.453, 8.547, 7.641], "texture": "#1"},
				"west": {"uv": [0, 0, 15.999, 16], "texture": "#1"},
				"up": {"uv": [6.313, 6.453, 8.547, 7.641], "texture": "#1"},
				"down": {"uv": [6.313, 6.453, 8.547, 7.641], "texture": "#1"}
			}
		}
	],
	"gui_light": "front",
	"display": {
		"thirdperson_righthand": {
			"rotation": [0, 90, 0],
			"translation": [-0.5, 0.75, -0.25],
			"scale": [0.65, 0.65, 0.65]
		},
		"thirdperson_lefthand": {
			"rotation": [0, -89, 0],
			"translation": [0.75, 0.75, 1.25],
			"scale": [0.65, 0.65, 0.65]
		},
		"firstperson_righthand": {
			"rotation": [0, 82, 0],
			"translation": [-5.25, -7.5, 3],
			"scale": [0.8, 4, 4]
		},
		"firstperson_lefthand": {
			"rotation": [16, -104, 0],
			"translation": [0.75, 2.75, 0.25],
			"scale": [0.7, 0.7, 0.7]
		},
		"ground": {
			"rotation": [90, 0, 0]
		},
		"gui": {
			"rotation": [0, -180, 45],
			"translation": [1, 0.5, 0],
			"scale": [0.4, 0.4, 0.4]
		},
		"fixed": {
			"translation": [3.25, 0, -2.25]
		}
	}
}