{
    "credit": "Made with Blockbench", 
    "textures": {
        "main": "custom/bluurg_walk_1"
    }, 
    "elements": [
        {
            "from": [ 1, 0, -11 ], 
            "to":   [ 15, 13, 1 ], 
            "rotation": { "angle": 0, "axis": "y", "origin": [8, 8, -3] }, 
            "faces": {
                "north": { "uv": [ 1.25, 0.5, 5.5, 3.75 ], "texture": "#main" }, 
                "east":  { "uv": [ 1.25, 4, 3.5, 6.75 ], "texture": "#main" }, 
                "south": { "uv": [ 1.25, 0.5, 5.5, 3.75 ], "texture": "#main" }, 
                "west":  { "uv": [ 3.25, 4, 5.5, 6.75 ], "texture": "#main" }, 
                "up":    { "uv": [ 1.25, 0.5, 5.5, 3.75 ], "texture": "#main" }, 
                "down":  { "uv": [ 6.75, 4.25, 7, 4.5 ], "texture": "#main" }
            }
        }, 
        {
            "from": [ 1, -1, -11 ], 
            "to":   [ 15, 0, 1 ], 
            "rotation": { "angle": 0, "axis": "y", "origin": [8, 8, -3] }, 
            "faces": {
                "north": { "uv": [ 1.25, 6.75, 5.5, 7 ], "texture": "#main" }, 
                "east":  { "uv": [ 1.25, 6.75, 5.25, 7 ], "texture": "#main" }, 
                "south": { "uv": [ 0.5, 0.5, 1, 3.75 ], "texture": "#main" }, 
                "west":  { "uv": [ 1.25, 6.75, 5.5, 7 ], "texture": "#main" }, 
                "up":    { "uv": [ 0.5, 0.5, 1, 3.75 ], "texture": "#main" }, 
                "down":  { "uv": [ 0.5, 0.5, 1, 3.75 ], "texture": "#main" }
            }
        }, 
        {
            "from": [ 1.5, -5, -11 ], 
            "to":   [ 14.5, -2, 1 ], 
            "rotation": { "angle": -22.5, "axis": "x", "origin": [8, -2.5, -5] }, 
            "faces": {
                "north": { "uv": [ 1.5, 7.25, 5, 7.75 ], "texture": "#main" }, 
                "east":  { "uv": [ 1.5, 7.25, 5, 7.75 ], "texture": "#main" }, 
                "south": { "uv": [ 1.5, 7.25, 5, 7.75 ], "texture": "#main" }, 
                "west":  { "uv": [ 1.5, 7.25, 5, 7.75 ], "texture": "#main" }, 
                "up":    { "uv": [ 6.75, 4.25, 7, 4.5 ], "texture": "#main" }, 
                "down":  { "uv": [ 1.5, 7.25, 5, 7.75 ], "texture": "#main" }
            }
        }, 
        {
            "from": [ 5.5, -2, -9 ], 
            "to":   [ 10.5, -1, -2 ], 
            "rotation": { "angle": -22.5, "axis": "x", "origin": [8, -2.5, -5] }, 
            "faces": {
                "north": { "uv": [ 6.25, 4.75, 6.5, 5 ], "texture": "#main" }, 
                "east":  { "uv": [ 6.25, 4.75, 6.5, 5 ], "texture": "#main" }, 
                "south": { "uv": [ 6.25, 4.75, 6.5, 5 ], "texture": "#main" }, 
                "west":  { "uv": [ 6.25, 4.75, 6.5, 5 ], "texture": "#main" }, 
                "up":    { "uv": [ 7.5, 6.25, 6.25, 4 ], "texture": "#main" }, 
                "down":  { "uv": [ 6.25, 4.75, 6.5, 5 ], "texture": "#main" }
            }
        }, 
        {
            "from": [ 1.5, -2, -11 ], 
            "to":   [ 14.5, -1, 1 ], 
            "rotation": { "angle": -22.5, "axis": "x", "origin": [8, -2.5, -5] }, 
            "faces": {
                "north": { "uv": [ 1.5, 7, 5.5, 7.25 ], "texture": "#main" }, 
                "east":  { "uv": [ 1.25, 7, 5.25, 7.25 ], "texture": "#main" }, 
                "south": { "uv": [ 0, 2.5, 0.75, 3.75 ], "texture": "#main" }, 
                "west":  { "uv": [ 1.25, 7, 5.25, 7.25 ], "texture": "#main" }, 
                "up":    { "uv": [ 0, 2.5, 0.75, 3.75 ], "texture": "#main" }, 
                "down":  { "uv": [ 0, 2.5, 0.75, 3.75 ], "texture": "#main" }
            }
        }, 
        {
            "from": [ 1, -4, 1 ], 
            "to":   [ 15, 15, 11 ], 
            "rotation": { "angle": 0, "axis": "y", "origin": [8, 8, 9] }, 
            "faces": {
                "north": { "uv": [ 1.25, 0.5, 4.25, 3.75 ], "texture": "#main" }, 
                "east":  { "uv": [ 1.25, 0.5, 4.25, 3.75 ], "texture": "#main" }, 
                "south": { "uv": [ 1.25, 0.5, 4.25, 3.75 ], "texture": "#main" }, 
                "west":  { "uv": [ 1.25, 0.5, 4.25, 3.75 ], "texture": "#main" }, 
                "up":    { "uv": [ 1.25, 0.5, 4.25, 3.75 ], "texture": "#main" }, 
                "down":  { "uv": [ 1.25, 0.5, 4.25, 3.75 ], "texture": "#main" }
            }
        }, 
        {
            "from": [ 1.1, 9, -9 ], 
            "to":   [ 14.9, 13, 1 ], 
            "rotation": { "angle": -22.5, "axis": "x", "origin": [8, 14, -4] }, 
            "faces": {
                "north": { "uv": [ 1.25, 0.5, 4.25, 3.75 ], "texture": "#main" }, 
                "east":  { "uv": [ 1.25, 0.5, 4.25, 3.75 ], "texture": "#main" }, 
                "south": { "uv": [ 1.25, 0.5, 4.25, 3.75 ], "texture": "#main" }, 
                "west":  { "uv": [ 1.25, 0.5, 4.25, 3.75 ], "texture": "#main" }, 
                "up":    { "uv": [ 1.25, 0.5, 4.25, 3.75 ], "texture": "#main" }, 
                "down":  { "uv": [ 1.25, 0.5, 4.25, 3.75 ], "texture": "#main" }
            }
        }, 
        {
            "from": [ 1.7, 9.22836, 9.14805 ], 
            "to":   [ 14.3, 13.22836, 17.14805 ], 
            "rotation": { "angle": 22.5, "axis": "x", "origin": [8, 11.22836, 14.14805] }, 
            "faces": {
                "north": { "uv": [ 1.25, 0.5, 4.25, 3.75 ], "texture": "#main" }, 
                "east":  { "uv": [ 1.25, 0.5, 4.25, 3.75 ], "texture": "#main" }, 
                "south": { "uv": [ 1.25, 0.5, 4.25, 3.75 ], "texture": "#main" }, 
                "west":  { "uv": [ 1.25, 0.5, 4.25, 3.75 ], "texture": "#main" }, 
                "up":    { "uv": [ 1.25, 0.5, 4.25, 3.75 ], "texture": "#main" }, 
                "down":  { "uv": [ 1.25, 0.5, 4.25, 3.75 ], "texture": "#main" }
            }
        }, 
        {
            "from": [ 2.1, 6.22836, 14.14805 ], 
            "to":   [ 13.9, 10.22836, 22.14805 ], 
            "rotation": { "angle": 22.5, "axis": "x", "origin": [8, 8.22836, 19.14805] }, 
            "faces": {
                "north": { "uv": [ 1.25, 0.5, 4.25, 3.75 ], "texture": "#main" }, 
                "east":  { "uv": [ 1.25, 0.5, 4.25, 3.75 ], "texture": "#main" }, 
                "south": { "uv": [ 1.25, 0.5, 4.25, 3.75 ], "texture": "#main" }, 
                "west":  { "uv": [ 1.25, 0.5, 4.25, 3.75 ], "texture": "#main" }, 
                "up":    { "uv": [ 1.25, 0.5, 4.25, 3.75 ], "texture": "#main" }, 
                "down":  { "uv": [ 1.25, 0.5, 4.25, 3.75 ], "texture": "#main" }
            }
        }, 
        {
            "from": [ 1.5, -6, 11 ], 
            "to":   [ 14.5, 13, 18 ], 
            "rotation": { "angle": 0, "axis": "y", "origin": [8, 8, 19] }, 
            "faces": {
                "north": { "uv": [ 1.25, 0.5, 4.25, 3.75 ], "texture": "#main" }, 
                "east":  { "uv": [ 1.25, 0.5, 2.5, 3.75 ], "texture": "#main" }, 
                "south": { "uv": [ 1.25, 0.5, 4.25, 3.75 ], "texture": "#main" }, 
                "west":  { "uv": [ 1.25, 0.5, 2.5, 3.75 ], "texture": "#main" }, 
                "up":    { "uv": [ 1.25, 0.5, 4.25, 3.75 ], "texture": "#main" }, 
                "down":  { "uv": [ 1.25, 0.5, 4.25, 3.75 ], "texture": "#main" }
            }
        }, 
        {
            "from": [ 15, -5, 2 ], 
            "to":   [ 17, 4, 5 ], 
            "rotation": { "angle": 22.5, "axis": "x", "origin": [16, 0, 3.5] }, 
            "faces": {
                "north": { "uv": [ 1.25, 0.5, 2.5, 3.75 ], "texture": "#main" }, 
                "east":  { "uv": [ 1.25, 0.5, 2.5, 3.75 ], "texture": "#main" }, 
                "south": { "uv": [ 1.25, 0.5, 2.5, 3.75 ], "texture": "#main" }, 
                "west":  { "uv": [ 1.25, 0.5, 2.5, 3.75 ], "texture": "#main" }, 
                "up":    { "uv": [ 1.25, 0.5, 2.5, 3.75 ], "texture": "#main" }, 
                "down":  { "uv": [ 6.25, 7.75, 8, 7 ], "texture": "#main" }
            }
        }, 
        {
            "from": [ -1, -5, 2 ], 
            "to":   [ 1, 4, 5 ], 
            "rotation": { "angle": 22.5, "axis": "x", "origin": [0, 0, 3.5] }, 
            "faces": {
                "north": { "uv": [ 1.25, 0.5, 2.5, 3.75 ], "texture": "#main" }, 
                "east":  { "uv": [ 1.25, 0.5, 2.5, 3.75 ], "texture": "#main" }, 
                "south": { "uv": [ 1.25, 0.5, 2.5, 3.75 ], "texture": "#main" }, 
                "west":  { "uv": [ 1.25, 0.5, 2.5, 3.75 ], "texture": "#main" }, 
                "up":    { "uv": [ 1.25, 0.5, 2.5, 3.75 ], "texture": "#main" }, 
                "down":  { "uv": [ 6.25, 7.75, 8, 7 ], "texture": "#main" }
            }
        }, 
        {
            "from": [ 2, -4, 18 ], 
            "to":   [ 14, 9, 23 ], 
            "rotation": { "angle": 0, "axis": "y", "origin": [8, 2.5, 20.5] }, 
            "faces": {
                "north": { "uv": [ 1.25, 0.5, 4.25, 3.75 ], "texture": "#main" }, 
                "east":  { "uv": [ 1.25, 0.5, 4.25, 3.75 ], "texture": "#main" }, 
                "south": { "uv": [ 1.25, 0.5, 4.25, 3.75 ], "texture": "#main" }, 
                "west":  { "uv": [ 1.25, 0.5, 4.25, 3.75 ], "texture": "#main" }, 
                "up":    { "uv": [ 1.25, 0.5, 4.25, 3.75 ], "texture": "#main" }, 
                "down":  { "uv": [ 1.25, 0.5, 4.25, 3.75 ], "texture": "#main" }
            }
        }, 
        {
            "from": [ 6, -5.08134, 13 ], 
            "to":   [ 11, 1.91866, 32 ], 
            "rotation": { "angle": 22.5, "axis": "x", "origin": [8.5, -1.58134, 24.89524] }, 
            "faces": {
                "north": { "uv": [ 1.75, 1.5, 3.5, 3.75 ], "rotation":270, "texture": "#main" }, 
                "east":  { "uv": [ 1.75, 1.5, 3.5, 3.75 ], "rotation":270, "texture": "#main" }, 
                "south": { "uv": [ 1.75, 1.5, 3.5, 3.75 ], "rotation":270, "texture": "#main" }, 
                "west":  { "uv": [ 1.75, 1.5, 3.5, 3.75 ], "rotation":270, "texture": "#main" }, 
                "up":    { "uv": [ 1.75, 1.75, 3.5, 3.75 ], "rotation":270, "texture": "#main" }, 
                "down":  { "uv": [ 1.75, 1.5, 3.5, 3.75 ], "rotation":270, "texture": "#main" }
            }
        }, 
        {
            "from": [ -1.5, -14, 9 ], 
            "to":   [ 3.5, -12, 16 ], 
            "rotation": { "angle": -22.5, "axis": "x", "origin": [1, 7.25, 12.5] }, 
            "faces": {
                "north": { "uv": [ 5.5, 7.25, 8, 7.75 ], "texture": "#main" }, 
                "east":  { "uv": [ 1.25, 3.25, 2.75, 3.75 ], "texture": "#main" }, 
                "south": { "uv": [ 1.25, 3.25, 2.75, 3.75 ], "texture": "#main" }, 
                "west":  { "uv": [ 1.25, 3.25, 2.75, 3.75 ], "texture": "#main" }, 
                "up":    { "uv": [ 1.25, 3.25, 2.75, 3.75 ], "texture": "#main" }, 
                "down":  { "uv": [ 1.25, 3.25, 2.75, 3.75 ], "texture": "#main" }
            }
        }, 
        {
            "from": [ -1.5, -12, 9 ], 
            "to":   [ 3.5, 7, 16 ], 
            "rotation": { "angle": -22.5, "axis": "x", "origin": [1, 7.25, 12.5] }, 
            "faces": {
                "north": { "uv": [ 1.25, 0.5, 2.5, 3.75 ], "texture": "#main" }, 
                "east":  { "uv": [ 1.25, 0.5, 2.5, 3.75 ], "texture": "#main" }, 
                "south": { "uv": [ 1.25, 0.5, 2.5, 3.75 ], "texture": "#main" }, 
                "west":  { "uv": [ 1.25, 0.5, 2.5, 3.75 ], "texture": "#main" }, 
                "up":    { "uv": [ 1.25, 0.5, 2.5, 3.75 ], "texture": "#main" }, 
                "down":  { "uv": [ 1.25, 0.5, 2.5, 3.75 ], "texture": "#main" }
            }
        }, 
        {
            "from": [ 12.5, -12, 9 ], 
            "to":   [ 17.5, 7, 16 ], 
            "rotation": { "angle": 22.5, "axis": "x", "origin": [15, 7.25, 12.5] }, 
            "faces": {
                "north": { "uv": [ 1.25, 0.5, 2.5, 3.75 ], "texture": "#main" }, 
                "east":  { "uv": [ 1.25, 0.5, 2.5, 3.75 ], "texture": "#main" }, 
                "south": { "uv": [ 1.25, 0.5, 2.5, 3.75 ], "texture": "#main" }, 
                "west":  { "uv": [ 1.25, 0.5, 2.5, 3.75 ], "texture": "#main" }, 
                "up":    { "uv": [ 1.25, 0.5, 2.5, 3.75 ], "texture": "#main" }, 
                "down":  { "uv": [ 1.25, 0.5, 2.5, 3.75 ], "texture": "#main" }
            }
        }, 
        {
            "from": [ 12.5, -14, 9 ], 
            "to":   [ 17.5, -12, 16 ], 
            "rotation": { "angle": 22.5, "axis": "x", "origin": [15, 7.25, 12.5] }, 
            "faces": {
                "north": { "uv": [ 5.5, 7.25, 8, 7.75 ], "texture": "#main" }, 
                "east":  { "uv": [ 1.25, 3.25, 2.75, 3.75 ], "texture": "#main" }, 
                "south": { "uv": [ 1.25, 3.25, 2.75, 3.75 ], "texture": "#main" }, 
                "west":  { "uv": [ 1.25, 3.25, 2.75, 3.75 ], "texture": "#main" }, 
                "up":    { "uv": [ 1.25, 3.25, 2.75, 3.75 ], "texture": "#main" }, 
                "down":  { "uv": [ 1.25, 3.25, 2.75, 3.75 ], "texture": "#main" }
            }
        }, 
        {
            "from": [ 1, 0, -11 ], 
            "to":   [ 15, 13, 1 ], 
            "rotation": { "angle": 0, "axis": "y", "origin": [8, 8, -3] }, 
            "faces": {
                "north": { "uv": [ 9.25, 0.5, 13.5, 3.75 ], "texture": "#main" }, 
                "east":  { "uv": [ 9.25, 4, 11.5, 6.75 ], "texture": "#main" }, 
                "south": { "uv": [ 9.25, 0.5, 13.5, 3.75 ], "texture": "#main" }, 
                "west":  { "uv": [ 11.25, 4, 13.5, 6.75 ], "texture": "#main" }, 
                "up":    { "uv": [ 9.25, 0.5, 13.5, 3.75 ], "texture": "#main" }, 
                "down":  { "uv": [ 14.75, 4.25, 15, 4.5 ], "texture": "#main" }
            }
        }, 
        {
            "from": [ 1, -1, -11 ], 
            "to":   [ 15, 0, 1 ], 
            "rotation": { "angle": 0, "axis": "y", "origin": [8, 8, -3] }, 
            "faces": {
                "north": { "uv": [ 9.25, 6.75, 13.5, 7 ], "texture": "#main" }, 
                "east":  { "uv": [ 9.25, 6.75, 13.25, 7 ], "texture": "#main" }, 
                "south": { "uv": [ 8.5, 0.5, 9, 3.75 ], "texture": "#main" }, 
                "west":  { "uv": [ 9.25, 6.75, 13.5, 7 ], "texture": "#main" }, 
                "up":    { "uv": [ 8.5, 0.5, 9, 3.75 ], "texture": "#main" }, 
                "down":  { "uv": [ 8.5, 0.5, 9, 3.75 ], "texture": "#main" }
            }
        }, 
        {
            "from": [ 1.5, -5, -11 ], 
            "to":   [ 14.5, -2, 1 ], 
            "rotation": { "angle": -22.5, "axis": "x", "origin": [8, -2.5, -5] }, 
            "faces": {
                "north": { "uv": [ 9.5, 7.25, 13, 7.75 ], "texture": "#main" }, 
                "east":  { "uv": [ 9.5, 7.25, 13, 7.75 ], "texture": "#main" }, 
                "south": { "uv": [ 9.5, 7.25, 13, 7.75 ], "texture": "#main" }, 
                "west":  { "uv": [ 9.5, 7.25, 13, 7.75 ], "texture": "#main" }, 
                "up":    { "uv": [ 14.75, 4.25, 15, 4.5 ], "texture": "#main" }, 
                "down":  { "uv": [ 9.5, 7.25, 13, 7.75 ], "texture": "#main" }
            }
        }, 
        {
            "from": [ 5.5, -2, -9 ], 
            "to":   [ 10.5, -1, -2 ], 
            "rotation": { "angle": -22.5, "axis": "x", "origin": [8, -2.5, -5] }, 
            "faces": {
                "north": { "uv": [ 14.25, 4.75, 14.5, 5 ], "texture": "#main" }, 
                "east":  { "uv": [ 14.25, 4.75, 14.5, 5 ], "texture": "#main" }, 
                "south": { "uv": [ 14.25, 4.75, 14.5, 5 ], "texture": "#main" }, 
                "west":  { "uv": [ 14.25, 4.75, 14.5, 5 ], "texture": "#main" }, 
                "up":    { "uv": [ 15.5, 6.25, 14.25, 4 ], "texture": "#main" }, 
                "down":  { "uv": [ 14.25, 4.75, 14.5, 5 ], "texture": "#main" }
            }
        }, 
        {
            "from": [ 1.5, -2, -11 ], 
            "to":   [ 14.5, -1, 1 ], 
            "rotation": { "angle": -22.5, "axis": "x", "origin": [8, -2.5, -5] }, 
            "faces": {
                "north": { "uv": [ 9.5, 7, 13.5, 7.25 ], "texture": "#main" }, 
                "east":  { "uv": [ 9.25, 7, 13.25, 7.25 ], "texture": "#main" }, 
                "south": { "uv": [ 8, 2.5, 8.75, 3.75 ], "texture": "#main" }, 
                "west":  { "uv": [ 9.25, 7, 13.25, 7.25 ], "texture": "#main" }, 
                "up":    { "uv": [ 8, 2.5, 8.75, 3.75 ], "texture": "#main" }, 
                "down":  { "uv": [ 8, 2.5, 8.75, 3.75 ], "texture": "#main" }
            }
        }, 
        {
            "from": [ 1, -4, 1 ], 
            "to":   [ 15, 15, 11 ], 
            "rotation": { "angle": 0, "axis": "y", "origin": [8, 8, 9] }, 
            "faces": {
                "north": { "uv": [ 9.25, 0.5, 12.25, 3.75 ], "texture": "#main" }, 
                "east":  { "uv": [ 9.25, 0.5, 12.25, 3.75 ], "texture": "#main" }, 
                "south": { "uv": [ 9.25, 0.5, 12.25, 3.75 ], "texture": "#main" }, 
                "west":  { "uv": [ 9.25, 0.5, 12.25, 3.75 ], "texture": "#main" }, 
                "up":    { "uv": [ 9.25, 0.5, 12.25, 3.75 ], "texture": "#main" }, 
                "down":  { "uv": [ 9.25, 0.5, 12.25, 3.75 ], "texture": "#main" }
            }
        }, 
        {
            "from": [ 1.1, 9, -9 ], 
            "to":   [ 14.9, 13, 1 ], 
            "rotation": { "angle": -22.5, "axis": "x", "origin": [8, 14, -4] }, 
            "faces": {
                "north": { "uv": [ 9.25, 0.5, 12.25, 3.75 ], "texture": "#main" }, 
                "east":  { "uv": [ 9.25, 0.5, 12.25, 3.75 ], "texture": "#main" }, 
                "south": { "uv": [ 9.25, 0.5, 12.25, 3.75 ], "texture": "#main" }, 
                "west":  { "uv": [ 9.25, 0.5, 12.25, 3.75 ], "texture": "#main" }, 
                "up":    { "uv": [ 9.25, 0.5, 12.25, 3.75 ], "texture": "#main" }, 
                "down":  { "uv": [ 9.25, 0.5, 12.25, 3.75 ], "texture": "#main" }
            }
        }, 
        {
            "from": [ 1.7, 9.22836, 9.14805 ], 
            "to":   [ 14.3, 13.22836, 17.14805 ], 
            "rotation": { "angle": 22.5, "axis": "x", "origin": [8, 11.22836, 14.14805] }, 
            "faces": {
                "north": { "uv": [ 9.25, 0.5, 12.25, 3.75 ], "texture": "#main" }, 
                "east":  { "uv": [ 9.25, 0.5, 12.25, 3.75 ], "texture": "#main" }, 
                "south": { "uv": [ 9.25, 0.5, 12.25, 3.75 ], "texture": "#main" }, 
                "west":  { "uv": [ 9.25, 0.5, 12.25, 3.75 ], "texture": "#main" }, 
                "up":    { "uv": [ 9.25, 0.5, 12.25, 3.75 ], "texture": "#main" }, 
                "down":  { "uv": [ 9.25, 0.5, 12.25, 3.75 ], "texture": "#main" }
            }
        }, 
        {
            "from": [ 2.1, 6.22836, 14.14805 ], 
            "to":   [ 13.9, 10.22836, 22.14805 ], 
            "rotation": { "angle": 22.5, "axis": "x", "origin": [8, 8.22836, 19.14805] }, 
            "faces": {
                "north": { "uv": [ 9.25, 0.5, 12.25, 3.75 ], "texture": "#main" }, 
                "east":  { "uv": [ 9.25, 0.5, 12.25, 3.75 ], "texture": "#main" }, 
                "south": { "uv": [ 9.25, 0.5, 12.25, 3.75 ], "texture": "#main" }, 
                "west":  { "uv": [ 9.25, 0.5, 12.25, 3.75 ], "texture": "#main" }, 
                "up":    { "uv": [ 9.25, 0.5, 12.25, 3.75 ], "texture": "#main" }, 
                "down":  { "uv": [ 9.25, 0.5, 12.25, 3.75 ], "texture": "#main" }
            }
        }, 
        {
            "from": [ 1.5, -6, 11 ], 
            "to":   [ 14.5, 13, 18 ], 
            "rotation": { "angle": 0, "axis": "y", "origin": [8, 8, 19] }, 
            "faces": {
                "north": { "uv": [ 9.25, 0.5, 12.25, 3.75 ], "texture": "#main" }, 
                "east":  { "uv": [ 9.25, 0.5, 10.5, 3.75 ], "texture": "#main" }, 
                "south": { "uv": [ 9.25, 0.5, 12.25, 3.75 ], "texture": "#main" }, 
                "west":  { "uv": [ 9.25, 0.5, 10.5, 3.75 ], "texture": "#main" }, 
                "up":    { "uv": [ 9.25, 0.5, 12.25, 3.75 ], "texture": "#main" }, 
                "down":  { "uv": [ 9.25, 0.5, 12.25, 3.75 ], "texture": "#main" }
            }
        }, 
        {
            "from": [ 12.5, -12, 9 ], 
            "to":   [ 17.5, 7, 16 ], 
            "rotation": { "angle": 0, "axis": "y", "origin": [11, 2, 17] }, 
            "faces": {
                "north": { "uv": [ 9.25, 0.5, 10.5, 3.75 ], "texture": "#main" }, 
                "east":  { "uv": [ 9.25, 0.5, 10.5, 3.75 ], "texture": "#main" }, 
                "south": { "uv": [ 9.25, 0.5, 10.5, 3.75 ], "texture": "#main" }, 
                "west":  { "uv": [ 9.25, 0.5, 10.5, 3.75 ], "texture": "#main" }, 
                "up":    { "uv": [ 9.25, 0.5, 10.5, 3.75 ], "texture": "#main" }, 
                "down":  { "uv": [ 9.25, 0.5, 10.5, 3.75 ], "texture": "#main" }
            }
        }, 
        {
            "from": [ 12.5, -14, 9 ], 
            "to":   [ 17.5, -12, 16 ], 
            "rotation": { "angle": 0, "axis": "y", "origin": [11, 1, 17] }, 
            "faces": {
                "north": { "uv": [ 13.5, 7.25, 16, 7.75 ], "texture": "#main" }, 
                "east":  { "uv": [ 9.25, 3.25, 10.75, 3.75 ], "texture": "#main" }, 
                "south": { "uv": [ 9.25, 3.25, 10.75, 3.75 ], "texture": "#main" }, 
                "west":  { "uv": [ 9.25, 3.25, 10.75, 3.75 ], "texture": "#main" }, 
                "up":    { "uv": [ 9.25, 3.25, 10.75, 3.75 ], "texture": "#main" }, 
                "down":  { "uv": [ 9.25, 3.25, 10.75, 3.75 ], "texture": "#main" }
            }
        }, 
        {
            "from": [ 15, -5, 2 ], 
            "to":   [ 17, 4, 5 ], 
            "rotation": { "angle": 22.5, "axis": "x", "origin": [16, 0, 3.5] }, 
            "faces": {
                "north": { "uv": [ 9.25, 0.5, 10.5, 3.75 ], "texture": "#main" }, 
                "east":  { "uv": [ 9.25, 0.5, 10.5, 3.75 ], "texture": "#main" }, 
                "south": { "uv": [ 9.25, 0.5, 10.5, 3.75 ], "texture": "#main" }, 
                "west":  { "uv": [ 9.25, 0.5, 10.5, 3.75 ], "texture": "#main" }, 
                "up":    { "uv": [ 9.25, 0.5, 10.5, 3.75 ], "texture": "#main" }, 
                "down":  { "uv": [ 14.25, 7.75, 16, 7 ], "texture": "#main" }
            }
        }, 
        {
            "from": [ -1, -5, 2 ], 
            "to":   [ 1, 4, 5 ], 
            "rotation": { "angle": 22.5, "axis": "x", "origin": [0, 0, 3.5] }, 
            "faces": {
                "north": { "uv": [ 9.25, 0.5, 10.5, 3.75 ], "texture": "#main" }, 
                "east":  { "uv": [ 9.25, 0.5, 10.5, 3.75 ], "texture": "#main" }, 
                "south": { "uv": [ 9.25, 0.5, 10.5, 3.75 ], "texture": "#main" }, 
                "west":  { "uv": [ 9.25, 0.5, 10.5, 3.75 ], "texture": "#main" }, 
                "up":    { "uv": [ 9.25, 0.5, 10.5, 3.75 ], "texture": "#main" }, 
                "down":  { "uv": [ 14.25, 7.75, 16, 7 ], "texture": "#main" }
            }
        }, 
        {
            "from": [ -1.5, -12, 9 ], 
            "to":   [ 3.5, 7, 16 ], 
            "rotation": { "angle": 0, "axis": "y", "origin": [1, -3, 12.5] }, 
            "faces": {
                "north": { "uv": [ 9.25, 0.5, 10.5, 3.75 ], "texture": "#main" }, 
                "east":  { "uv": [ 9.25, 0.5, 10.5, 3.75 ], "texture": "#main" }, 
                "south": { "uv": [ 9.25, 0.5, 10.5, 3.75 ], "texture": "#main" }, 
                "west":  { "uv": [ 9.25, 0.5, 10.5, 3.75 ], "texture": "#main" }, 
                "up":    { "uv": [ 9.25, 0.5, 10.5, 3.75 ], "texture": "#main" }, 
                "down":  { "uv": [ 9.25, 0.5, 10.5, 3.75 ], "texture": "#main" }
            }
        }, 
        {
            "from": [ -1.5, -14, 9 ], 
            "to":   [ 3.5, -12, 16 ], 
            "rotation": { "angle": 0, "axis": "y", "origin": [1, -5, 12.5] }, 
            "faces": {
                "north": { "uv": [ 13.5, 7.25, 16, 7.75 ], "texture": "#main" }, 
                "east":  { "uv": [ 9.25, 3.25, 10.75, 3.75 ], "texture": "#main" }, 
                "south": { "uv": [ 9.25, 3.25, 10.75, 3.75 ], "texture": "#main" }, 
                "west":  { "uv": [ 9.25, 3.25, 10.75, 3.75 ], "texture": "#main" }, 
                "up":    { "uv": [ 9.25, 3.25, 10.75, 3.75 ], "texture": "#main" }, 
                "down":  { "uv": [ 9.25, 3.25, 10.75, 3.75 ], "texture": "#main" }
            }
        }, 
        {
            "from": [ 2, -4, 18 ], 
            "to":   [ 14, 9, 23 ], 
            "rotation": { "angle": 0, "axis": "y", "origin": [8, 2.5, 20.5] }, 
            "faces": {
                "north": { "uv": [ 9.25, 0.5, 12.25, 3.75 ], "texture": "#main" }, 
                "east":  { "uv": [ 9.25, 0.5, 12.25, 3.75 ], "texture": "#main" }, 
                "south": { "uv": [ 9.25, 0.5, 12.25, 3.75 ], "texture": "#main" }, 
                "west":  { "uv": [ 9.25, 0.5, 12.25, 3.75 ], "texture": "#main" }, 
                "up":    { "uv": [ 9.25, 0.5, 12.25, 3.75 ], "texture": "#main" }, 
                "down":  { "uv": [ 9.25, 0.5, 12.25, 3.75 ], "texture": "#main" }
            }
        }, 
        {
            "from": [ 6, -5.08134, 13 ], 
            "to":   [ 11, 1.91866, 32 ], 
            "rotation": { "angle": 22.5, "axis": "x", "origin": [8.5, -1.58134, 24.89524] }, 
            "faces": {
                "north": { "uv": [ 9.75, 1.5, 11.5, 3.75 ], "rotation":270, "texture": "#main" }, 
                "east":  { "uv": [ 9.75, 1.5, 11.5, 3.75 ], "rotation":270, "texture": "#main" }, 
                "south": { "uv": [ 9.75, 1.5, 11.5, 3.75 ], "rotation":270, "texture": "#main" }, 
                "west":  { "uv": [ 9.75, 1.5, 11.5, 3.75 ], "rotation":270, "texture": "#main" }, 
                "up":    { "uv": [ 9.75, 1.75, 11.5, 3.75 ], "rotation":270, "texture": "#main" }, 
                "down":  { "uv": [ 9.75, 1.5, 11.5, 3.75 ], "rotation":270, "texture": "#main" }
            }
        }, 
        {
            "from": [ 1, 0, -11 ], 
            "to":   [ 15, 13, 1 ], 
            "rotation": { "angle": 0, "axis": "y", "origin": [8, 8, -3] }, 
            "faces": {
                "north": { "uv": [ 1.25, 8.5, 5.5, 11.75 ], "texture": "#main" }, 
                "east":  { "uv": [ 1.25, 12, 3.5, 14.75 ], "texture": "#main" }, 
                "south": { "uv": [ 1.25, 8.5, 5.5, 11.75 ], "texture": "#main" }, 
                "west":  { "uv": [ 3.25, 12, 5.5, 14.75 ], "texture": "#main" }, 
                "up":    { "uv": [ 1.25, 8.5, 5.5, 11.75 ], "texture": "#main" }, 
                "down":  { "uv": [ 6.75, 12.25, 7, 12.5 ], "texture": "#main" }
            }
        }, 
        {
            "from": [ 1, -1, -11 ], 
            "to":   [ 15, 0, 1 ], 
            "rotation": { "angle": 0, "axis": "y", "origin": [8, 8, -3] }, 
            "faces": {
                "north": { "uv": [ 1.25, 14.75, 5.5, 15 ], "texture": "#main" }, 
                "east":  { "uv": [ 1.25, 14.75, 5.25, 15 ], "texture": "#main" }, 
                "south": { "uv": [ 0.5, 8.5, 1, 11.75 ], "texture": "#main" }, 
                "west":  { "uv": [ 1.25, 14.75, 5.5, 15 ], "texture": "#main" }, 
                "up":    { "uv": [ 0.5, 8.5, 1, 11.75 ], "texture": "#main" }, 
                "down":  { "uv": [ 0.5, 8.5, 1, 11.75 ], "texture": "#main" }
            }
        }, 
        {
            "from": [ 1.5, -5, -11 ], 
            "to":   [ 14.5, -2, 1 ], 
            "rotation": { "angle": -22.5, "axis": "x", "origin": [8, -2.5, -5] }, 
            "faces": {
                "north": { "uv": [ 1.5, 15.25, 5, 15.75 ], "texture": "#main" }, 
                "east":  { "uv": [ 1.5, 15.25, 5, 15.75 ], "texture": "#main" }, 
                "south": { "uv": [ 1.5, 15.25, 5, 15.75 ], "texture": "#main" }, 
                "west":  { "uv": [ 1.5, 15.25, 5, 15.75 ], "texture": "#main" }, 
                "up":    { "uv": [ 6.75, 12.25, 7, 12.5 ], "texture": "#main" }, 
                "down":  { "uv": [ 1.5, 15.25, 5, 15.75 ], "texture": "#main" }
            }
        }, 
        {
            "from": [ 5.5, -2, -9 ], 
            "to":   [ 10.5, -1, -2 ], 
            "rotation": { "angle": -22.5, "axis": "x", "origin": [8, -2.5, -5] }, 
            "faces": {
                "north": { "uv": [ 6.25, 12.75, 6.5, 13 ], "texture": "#main" }, 
                "east":  { "uv": [ 6.25, 12.75, 6.5, 13 ], "texture": "#main" }, 
                "south": { "uv": [ 6.25, 12.75, 6.5, 13 ], "texture": "#main" }, 
                "west":  { "uv": [ 6.25, 12.75, 6.5, 13 ], "texture": "#main" }, 
                "up":    { "uv": [ 7.5, 14.25, 6.25, 12 ], "texture": "#main" }, 
                "down":  { "uv": [ 6.25, 12.75, 6.5, 13 ], "texture": "#main" }
            }
        }, 
        {
            "from": [ 1.5, -2, -11 ], 
            "to":   [ 14.5, -1, 1 ], 
            "rotation": { "angle": -22.5, "axis": "x", "origin": [8, -2.5, -5] }, 
            "faces": {
                "north": { "uv": [ 1.5, 15, 5.5, 15.25 ], "texture": "#main" }, 
                "east":  { "uv": [ 1.25, 15, 5.25, 15.25 ], "texture": "#main" }, 
                "south": { "uv": [ 0, 10.5, 0.75, 11.75 ], "texture": "#main" }, 
                "west":  { "uv": [ 1.25, 15, 5.25, 15.25 ], "texture": "#main" }, 
                "up":    { "uv": [ 0, 10.5, 0.75, 11.75 ], "texture": "#main" }, 
                "down":  { "uv": [ 0, 10.5, 0.75, 11.75 ], "texture": "#main" }
            }
        }, 
        {
            "from": [ 1, -4, 1 ], 
            "to":   [ 15, 15, 11 ], 
            "rotation": { "angle": 0, "axis": "y", "origin": [8, 8, 9] }, 
            "faces": {
                "north": { "uv": [ 1.25, 8.5, 4.25, 11.75 ], "texture": "#main" }, 
                "east":  { "uv": [ 1.25, 8.5, 4.25, 11.75 ], "texture": "#main" }, 
                "south": { "uv": [ 1.25, 8.5, 4.25, 11.75 ], "texture": "#main" }, 
                "west":  { "uv": [ 1.25, 8.5, 4.25, 11.75 ], "texture": "#main" }, 
                "up":    { "uv": [ 1.25, 8.5, 4.25, 11.75 ], "texture": "#main" }, 
                "down":  { "uv": [ 1.25, 8.5, 4.25, 11.75 ], "texture": "#main" }
            }
        }, 
        {
            "from": [ 1.1, 9, -9 ], 
            "to":   [ 14.9, 13, 1 ], 
            "rotation": { "angle": -22.5, "axis": "x", "origin": [8, 14, -4] }, 
            "faces": {
                "north": { "uv": [ 1.25, 8.5, 4.25, 11.75 ], "texture": "#main" }, 
                "east":  { "uv": [ 1.25, 8.5, 4.25, 11.75 ], "texture": "#main" }, 
                "south": { "uv": [ 1.25, 8.5, 4.25, 11.75 ], "texture": "#main" }, 
                "west":  { "uv": [ 1.25, 8.5, 4.25, 11.75 ], "texture": "#main" }, 
                "up":    { "uv": [ 1.25, 8.5, 4.25, 11.75 ], "texture": "#main" }, 
                "down":  { "uv": [ 1.25, 8.5, 4.25, 11.75 ], "texture": "#main" }
            }
        }, 
        {
            "from": [ 1.7, 9.22836, 9.14805 ], 
            "to":   [ 14.3, 13.22836, 17.14805 ], 
            "rotation": { "angle": 22.5, "axis": "x", "origin": [8, 11.22836, 14.14805] }, 
            "faces": {
                "north": { "uv": [ 1.25, 8.5, 4.25, 11.75 ], "texture": "#main" }, 
                "east":  { "uv": [ 1.25, 8.5, 4.25, 11.75 ], "texture": "#main" }, 
                "south": { "uv": [ 1.25, 8.5, 4.25, 11.75 ], "texture": "#main" }, 
                "west":  { "uv": [ 1.25, 8.5, 4.25, 11.75 ], "texture": "#main" }, 
                "up":    { "uv": [ 1.25, 8.5, 4.25, 11.75 ], "texture": "#main" }, 
                "down":  { "uv": [ 1.25, 8.5, 4.25, 11.75 ], "texture": "#main" }
            }
        }, 
        {
            "from": [ 2.1, 6.22836, 14.14805 ], 
            "to":   [ 13.9, 10.22836, 22.14805 ], 
            "rotation": { "angle": 22.5, "axis": "x", "origin": [8, 8.22836, 19.14805] }, 
            "faces": {
                "north": { "uv": [ 1.25, 8.5, 4.25, 11.75 ], "texture": "#main" }, 
                "east":  { "uv": [ 1.25, 8.5, 4.25, 11.75 ], "texture": "#main" }, 
                "south": { "uv": [ 1.25, 8.5, 4.25, 11.75 ], "texture": "#main" }, 
                "west":  { "uv": [ 1.25, 8.5, 4.25, 11.75 ], "texture": "#main" }, 
                "up":    { "uv": [ 1.25, 8.5, 4.25, 11.75 ], "texture": "#main" }, 
                "down":  { "uv": [ 1.25, 8.5, 4.25, 11.75 ], "texture": "#main" }
            }
        }, 
        {
            "from": [ 1.5, -6, 11 ], 
            "to":   [ 14.5, 13, 18 ], 
            "rotation": { "angle": 0, "axis": "y", "origin": [8, 8, 19] }, 
            "faces": {
                "north": { "uv": [ 1.25, 8.5, 4.25, 11.75 ], "texture": "#main" }, 
                "east":  { "uv": [ 1.25, 8.5, 2.5, 11.75 ], "texture": "#main" }, 
                "south": { "uv": [ 1.25, 8.5, 4.25, 11.75 ], "texture": "#main" }, 
                "west":  { "uv": [ 1.25, 8.5, 2.5, 11.75 ], "texture": "#main" }, 
                "up":    { "uv": [ 1.25, 8.5, 4.25, 11.75 ], "texture": "#main" }, 
                "down":  { "uv": [ 1.25, 8.5, 4.25, 11.75 ], "texture": "#main" }
            }
        }, 
        {
            "from": [ 15, -5, 2 ], 
            "to":   [ 17, 4, 5 ], 
            "rotation": { "angle": 22.5, "axis": "x", "origin": [16, 0, 3.5] }, 
            "faces": {
                "north": { "uv": [ 1.25, 8.5, 2.5, 11.75 ], "texture": "#main" }, 
                "east":  { "uv": [ 1.25, 8.5, 2.5, 11.75 ], "texture": "#main" }, 
                "south": { "uv": [ 1.25, 8.5, 2.5, 11.75 ], "texture": "#main" }, 
                "west":  { "uv": [ 1.25, 8.5, 2.5, 11.75 ], "texture": "#main" }, 
                "up":    { "uv": [ 1.25, 8.5, 2.5, 11.75 ], "texture": "#main" }, 
                "down":  { "uv": [ 6.25, 15.75, 8, 15 ], "texture": "#main" }
            }
        }, 
        {
            "from": [ -1, -5, 2 ], 
            "to":   [ 1, 4, 5 ], 
            "rotation": { "angle": 22.5, "axis": "x", "origin": [0, 0, 3.5] }, 
            "faces": {
                "north": { "uv": [ 1.25, 8.5, 2.5, 11.75 ], "texture": "#main" }, 
                "east":  { "uv": [ 1.25, 8.5, 2.5, 11.75 ], "texture": "#main" }, 
                "south": { "uv": [ 1.25, 8.5, 2.5, 11.75 ], "texture": "#main" }, 
                "west":  { "uv": [ 1.25, 8.5, 2.5, 11.75 ], "texture": "#main" }, 
                "up":    { "uv": [ 1.25, 8.5, 2.5, 11.75 ], "texture": "#main" }, 
                "down":  { "uv": [ 6.25, 15.75, 8, 15 ], "texture": "#main" }
            }
        }, 
        {
            "from": [ 2, -4, 18 ], 
            "to":   [ 14, 9, 23 ], 
            "rotation": { "angle": 0, "axis": "y", "origin": [8, 2.5, 20.5] }, 
            "faces": {
                "north": { "uv": [ 1.25, 8.5, 4.25, 11.75 ], "texture": "#main" }, 
                "east":  { "uv": [ 1.25, 8.5, 4.25, 11.75 ], "texture": "#main" }, 
                "south": { "uv": [ 1.25, 8.5, 4.25, 11.75 ], "texture": "#main" }, 
                "west":  { "uv": [ 1.25, 8.5, 4.25, 11.75 ], "texture": "#main" }, 
                "up":    { "uv": [ 1.25, 8.5, 4.25, 11.75 ], "texture": "#main" }, 
                "down":  { "uv": [ 1.25, 8.5, 4.25, 11.75 ], "texture": "#main" }
            }
        }, 
        {
            "from": [ 6, -5.08134, 13 ], 
            "to":   [ 11, 1.91866, 32 ], 
            "rotation": { "angle": 22.5, "axis": "x", "origin": [8.5, -1.58134, 24.89524] }, 
            "faces": {
                "north": { "uv": [ 1.75, 9.5, 3.5, 11.75 ], "rotation":270, "texture": "#main" }, 
                "east":  { "uv": [ 1.75, 9.5, 3.5, 11.75 ], "rotation":270, "texture": "#main" }, 
                "south": { "uv": [ 1.75, 9.5, 3.5, 11.75 ], "rotation":270, "texture": "#main" }, 
                "west":  { "uv": [ 1.75, 9.5, 3.5, 11.75 ], "rotation":270, "texture": "#main" }, 
                "up":    { "uv": [ 1.75, 9.75, 3.5, 11.75 ], "rotation":270, "texture": "#main" }, 
                "down":  { "uv": [ 1.75, 9.5, 3.5, 11.75 ], "rotation":270, "texture": "#main" }
            }
        }, 
        {
            "from": [ -1.5, -14, 9 ], 
            "to":   [ 3.5, -12, 16 ], 
            "rotation": { "angle": 22.5, "axis": "x", "origin": [1, 7.25, 12.5] }, 
            "faces": {
                "north": { "uv": [ 5.5, 15.25, 8, 15.75 ], "texture": "#main" }, 
                "east":  { "uv": [ 1.25, 11.25, 2.75, 11.75 ], "texture": "#main" }, 
                "south": { "uv": [ 1.25, 11.25, 2.75, 11.75 ], "texture": "#main" }, 
                "west":  { "uv": [ 1.25, 11.25, 2.75, 11.75 ], "texture": "#main" }, 
                "up":    { "uv": [ 1.25, 11.25, 2.75, 11.75 ], "texture": "#main" }, 
                "down":  { "uv": [ 1.25, 11.25, 2.75, 11.75 ], "texture": "#main" }
            }
        }, 
        {
            "from": [ -1.5, -12, 9 ], 
            "to":   [ 3.5, 7, 16 ], 
            "rotation": { "angle": 22.5, "axis": "x", "origin": [1, 7.25, 12.5] }, 
            "faces": {
                "north": { "uv": [ 1.25, 8.5, 2.5, 11.75 ], "texture": "#main" }, 
                "east":  { "uv": [ 1.25, 8.5, 2.5, 11.75 ], "texture": "#main" }, 
                "south": { "uv": [ 1.25, 8.5, 2.5, 11.75 ], "texture": "#main" }, 
                "west":  { "uv": [ 1.25, 8.5, 2.5, 11.75 ], "texture": "#main" }, 
                "up":    { "uv": [ 1.25, 8.5, 2.5, 11.75 ], "texture": "#main" }, 
                "down":  { "uv": [ 1.25, 8.5, 2.5, 11.75 ], "texture": "#main" }
            }
        }, 
        {
            "from": [ 12.5, -12, 9 ], 
            "to":   [ 17.5, 7, 16 ], 
            "rotation": { "angle": -22.5, "axis": "x", "origin": [15, 7.25, 12.5] }, 
            "faces": {
                "north": { "uv": [ 1.25, 8.5, 2.5, 11.75 ], "texture": "#main" }, 
                "east":  { "uv": [ 1.25, 8.5, 2.5, 11.75 ], "texture": "#main" }, 
                "south": { "uv": [ 1.25, 8.5, 2.5, 11.75 ], "texture": "#main" }, 
                "west":  { "uv": [ 1.25, 8.5, 2.5, 11.75 ], "texture": "#main" }, 
                "up":    { "uv": [ 1.25, 8.5, 2.5, 11.75 ], "texture": "#main" }, 
                "down":  { "uv": [ 1.25, 8.5, 2.5, 11.75 ], "texture": "#main" }
            }
        }, 
        {
            "from": [ 12.5, -14, 9 ], 
            "to":   [ 17.5, -12, 16 ], 
            "rotation": { "angle": -22.5, "axis": "x", "origin": [15, 7.25, 12.5] }, 
            "faces": {
                "north": { "uv": [ 5.5, 15.25, 8, 15.75 ], "texture": "#main" }, 
                "east":  { "uv": [ 1.25, 11.25, 2.75, 11.75 ], "texture": "#main" }, 
                "south": { "uv": [ 1.25, 11.25, 2.75, 11.75 ], "texture": "#main" }, 
                "west":  { "uv": [ 1.25, 11.25, 2.75, 11.75 ], "texture": "#main" }, 
                "up":    { "uv": [ 1.25, 11.25, 2.75, 11.75 ], "texture": "#main" }, 
                "down":  { "uv": [ 1.25, 11.25, 2.75, 11.75 ], "texture": "#main" }
            }
        }
    ], 
    "display": {
        "head": {
            "translation": [ 0, -6.75, -8.5 ], 
            "scale": [ 1.65, 1.65, 2 ]
        }
    }, 
    "groups": [
        0, 
        1, 
        2, 
        3, 
        4, 
        5, 
        6, 
        7, 
        8, 
        9, 
        10, 
        11, 
        12, 
        13, 
        {
            "name": "group", 
            "origin": [
                1, 
                -3, 
                12.5
            ], 
            "children": [
                14, 
                15
            ]
        }, 
        {
            "name": "group", 
            "origin": [
                11, 
                2, 
                17
            ], 
            "children": [
                16, 
                17
            ]
        }
    ], 
    "__comment": "Model animated using Fizzy's model animator - http://fizzy81.github.io/animated-models/"
}