{
	"credit": "Made with Blockbench",
	"textures": {
		"0": "custom/bluurg",
		"particle": "custom/bluurg"
	},
	"elements": [
		{
			"from": [1, 0, -11],
			"to": [15, 13, 1],
			"rotation": {"angle": 0, "axis": "y", "origin": [8, 8, -3]},
			"faces": {
				"north": {"uv": [2.5, 1, 11, 7.5], "texture": "#0"},
				"east": {"uv": [2.5, 8, 7, 13.5], "texture": "#0"},
				"south": {"uv": [2.5, 1, 11, 7.5], "texture": "#0"},
				"west": {"uv": [6.5, 8, 11, 13.5], "texture": "#0"},
				"up": {"uv": [2.5, 1, 11, 7.5], "texture": "#0"},
				"down": {"uv": [13.5, 8.5, 14, 9], "texture": "#0"}
			}
		},
		{
			"from": [1, -1, -11],
			"to": [15, 0, 1],
			"rotation": {"angle": 0, "axis": "y", "origin": [8, 8, -3]},
			"faces": {
				"north": {"uv": [2.5, 13.5, 11, 14], "texture": "#0"},
				"east": {"uv": [2.5, 13.5, 10.5, 14], "texture": "#0"},
				"south": {"uv": [1, 1, 2, 7.5], "texture": "#0"},
				"west": {"uv": [2.5, 13.5, 11, 14], "texture": "#0"},
				"up": {"uv": [1, 1, 2, 7.5], "texture": "#0"},
				"down": {"uv": [1, 1, 2, 7.5], "texture": "#0"}
			}
		},
		{
			"from": [1.5, -5, -11],
			"to": [14.5, -2, 1],
			"rotation": {"angle": -22.5, "axis": "x", "origin": [8, -2.5, -5]},
			"faces": {
				"north": {"uv": [3, 14.5, 10, 15.5], "texture": "#0"},
				"east": {"uv": [3, 14.5, 10, 15.5], "texture": "#0"},
				"south": {"uv": [3, 14.5, 10, 15.5], "texture": "#0"},
				"west": {"uv": [3, 14.5, 10, 15.5], "texture": "#0"},
				"up": {"uv": [13.5, 8.5, 14, 9], "texture": "#0"},
				"down": {"uv": [3, 14.5, 10, 15.5], "texture": "#0"}
			}
		},
		{
			"from": [5.5, -2, -9],
			"to": [10.5, -1, -2],
			"rotation": {"angle": -22.5, "axis": "x", "origin": [8, -2.5, -5]},
			"faces": {
				"north": {"uv": [12.5, 9.5, 13, 10], "texture": "#0"},
				"east": {"uv": [12.5, 9.5, 13, 10], "texture": "#0"},
				"south": {"uv": [12.5, 9.5, 13, 10], "texture": "#0"},
				"west": {"uv": [12.5, 9.5, 13, 10], "texture": "#0"},
				"up": {"uv": [15, 12.5, 12.5, 8], "texture": "#0"},
				"down": {"uv": [12.5, 9.5, 13, 10], "texture": "#0"}
			}
		},
		{
			"from": [1.5, -2, -11],
			"to": [14.5, -1, 1],
			"rotation": {"angle": -22.5, "axis": "x", "origin": [8, -2.5, -5]},
			"faces": {
				"north": {"uv": [3, 14, 11, 14.5], "texture": "#0"},
				"east": {"uv": [2.5, 14, 10.5, 14.5], "texture": "#0"},
				"south": {"uv": [0, 5, 1.5, 7.5], "texture": "#0"},
				"west": {"uv": [2.5, 14, 10.5, 14.5], "texture": "#0"},
				"up": {"uv": [0, 5, 1.5, 7.5], "texture": "#0"},
				"down": {"uv": [0, 5, 1.5, 7.5], "texture": "#0"}
			}
		},
		{
			"from": [1, -4, 1],
			"to": [15, 15, 11],
			"rotation": {"angle": 0, "axis": "y", "origin": [8, 8, 9]},
			"faces": {
				"north": {"uv": [2.5, 1, 8.5, 7.5], "texture": "#0"},
				"east": {"uv": [2.5, 1, 8.5, 7.5], "texture": "#0"},
				"south": {"uv": [2.5, 1, 8.5, 7.5], "texture": "#0"},
				"west": {"uv": [2.5, 1, 8.5, 7.5], "texture": "#0"},
				"up": {"uv": [2.5, 1, 8.5, 7.5], "texture": "#0"},
				"down": {"uv": [2.5, 1, 8.5, 7.5], "texture": "#0"}
			}
		},
		{
			"from": [1.1, 9, -9],
			"to": [14.9, 13, 1],
			"rotation": {"angle": -22.5, "axis": "x", "origin": [8, 14, -4]},
			"faces": {
				"north": {"uv": [2.5, 1, 8.5, 7.5], "texture": "#0"},
				"east": {"uv": [2.5, 1, 8.5, 7.5], "texture": "#0"},
				"south": {"uv": [2.5, 1, 8.5, 7.5], "texture": "#0"},
				"west": {"uv": [2.5, 1, 8.5, 7.5], "texture": "#0"},
				"up": {"uv": [2.5, 1, 8.5, 7.5], "texture": "#0"},
				"down": {"uv": [2.5, 1, 8.5, 7.5], "texture": "#0"}
			}
		},
		{
			"from": [1.7, 9.22836, 9.14805],
			"to": [14.3, 13.22836, 17.14805],
			"rotation": {"angle": 22.5, "axis": "x", "origin": [8, 11.22836, 14.14805]},
			"faces": {
				"north": {"uv": [2.5, 1, 8.5, 7.5], "texture": "#0"},
				"east": {"uv": [2.5, 1, 8.5, 7.5], "texture": "#0"},
				"south": {"uv": [2.5, 1, 8.5, 7.5], "texture": "#0"},
				"west": {"uv": [2.5, 1, 8.5, 7.5], "texture": "#0"},
				"up": {"uv": [2.5, 1, 8.5, 7.5], "texture": "#0"},
				"down": {"uv": [2.5, 1, 8.5, 7.5], "texture": "#0"}
			}
		},
		{
			"from": [2.1, 6.22836, 14.14805],
			"to": [13.9, 10.22836, 22.14805],
			"rotation": {"angle": 22.5, "axis": "x", "origin": [8, 8.22836, 19.14805]},
			"faces": {
				"north": {"uv": [2.5, 1, 8.5, 7.5], "texture": "#0"},
				"east": {"uv": [2.5, 1, 8.5, 7.5], "texture": "#0"},
				"south": {"uv": [2.5, 1, 8.5, 7.5], "texture": "#0"},
				"west": {"uv": [2.5, 1, 8.5, 7.5], "texture": "#0"},
				"up": {"uv": [2.5, 1, 8.5, 7.5], "texture": "#0"},
				"down": {"uv": [2.5, 1, 8.5, 7.5], "texture": "#0"}
			}
		},
		{
			"from": [1.5, -6, 11],
			"to": [14.5, 13, 18],
			"rotation": {"angle": 0, "axis": "y", "origin": [8, 8, 19]},
			"faces": {
				"north": {"uv": [2.5, 1, 8.5, 7.5], "texture": "#0"},
				"east": {"uv": [2.5, 1, 5, 7.5], "texture": "#0"},
				"south": {"uv": [2.5, 1, 8.5, 7.5], "texture": "#0"},
				"west": {"uv": [2.5, 1, 5, 7.5], "texture": "#0"},
				"up": {"uv": [2.5, 1, 8.5, 7.5], "texture": "#0"},
				"down": {"uv": [2.5, 1, 8.5, 7.5], "texture": "#0"}
			}
		},
		{
			"from": [15, -5, 2],
			"to": [17, 4, 5],
			"rotation": {"angle": 22.5, "axis": "x", "origin": [16, 0, 3.5]},
			"faces": {
				"north": {"uv": [2.5, 1, 5, 7.5], "texture": "#0"},
				"east": {"uv": [2.5, 1, 5, 7.5], "texture": "#0"},
				"south": {"uv": [2.5, 1, 5, 7.5], "texture": "#0"},
				"west": {"uv": [2.5, 1, 5, 7.5], "texture": "#0"},
				"up": {"uv": [2.5, 1, 5, 7.5], "texture": "#0"},
				"down": {"uv": [12.5, 15.5, 16, 14], "texture": "#0"}
			}
		},
		{
			"from": [-1, -5, 2],
			"to": [1, 4, 5],
			"rotation": {"angle": 22.5, "axis": "x", "origin": [0, 0, 3.5]},
			"faces": {
				"north": {"uv": [2.5, 1, 5, 7.5], "texture": "#0"},
				"east": {"uv": [2.5, 1, 5, 7.5], "texture": "#0"},
				"south": {"uv": [2.5, 1, 5, 7.5], "texture": "#0"},
				"west": {"uv": [2.5, 1, 5, 7.5], "texture": "#0"},
				"up": {"uv": [2.5, 1, 5, 7.5], "texture": "#0"},
				"down": {"uv": [12.5, 15.5, 16, 14], "texture": "#0"}
			}
		},
		{
			"from": [2, -4, 18],
			"to": [14, 9, 23],
			"rotation": {"angle": 0, "axis": "y", "origin": [8, 2.5, 20.5]},
			"faces": {
				"north": {"uv": [2.5, 1, 8.5, 7.5], "texture": "#0"},
				"east": {"uv": [2.5, 1, 8.5, 7.5], "texture": "#0"},
				"south": {"uv": [2.5, 1, 8.5, 7.5], "texture": "#0"},
				"west": {"uv": [2.5, 1, 8.5, 7.5], "texture": "#0"},
				"up": {"uv": [2.5, 1, 8.5, 7.5], "texture": "#0"},
				"down": {"uv": [2.5, 1, 8.5, 7.5], "texture": "#0"}
			}
		},
		{
			"from": [6, -5.08134, 13],
			"to": [11, 1.91866, 32],
			"rotation": {"angle": 22.5, "axis": "x", "origin": [8.5, -1.58134, 24.89524]},
			"faces": {
				"north": {"uv": [3.5, 3, 7, 7.5], "rotation": 270, "texture": "#0"},
				"east": {"uv": [3.5, 3, 7, 7.5], "rotation": 270, "texture": "#0"},
				"south": {"uv": [3.5, 3, 7, 7.5], "rotation": 270, "texture": "#0"},
				"west": {"uv": [3.5, 3, 7, 7.5], "rotation": 270, "texture": "#0"},
				"up": {"uv": [3.5, 3.5, 7, 7.5], "rotation": 270, "texture": "#0"},
				"down": {"uv": [3.5, 3, 7, 7.5], "rotation": 270, "texture": "#0"}
			}
		},
		{
			"from": [-1.5, -14, 9],
			"to": [3.5, -12, 16],
			"rotation": {"angle": -22.5, "axis": "x", "origin": [1, 7.25, 12.5]},
			"faces": {
				"north": {"uv": [11, 14.5, 16, 15.5], "texture": "#0"},
				"east": {"uv": [2.5, 6.5, 5.5, 7.5], "texture": "#0"},
				"south": {"uv": [2.5, 6.5, 5.5, 7.5], "texture": "#0"},
				"west": {"uv": [2.5, 6.5, 5.5, 7.5], "texture": "#0"},
				"up": {"uv": [2.5, 6.5, 5.5, 7.5], "texture": "#0"},
				"down": {"uv": [2.5, 6.5, 5.5, 7.5], "texture": "#0"}
			}
		},
		{
			"from": [-1.5, -12, 9],
			"to": [3.5, 7, 16],
			"rotation": {"angle": -22.5, "axis": "x", "origin": [1, 7.25, 12.5]},
			"faces": {
				"north": {"uv": [2.5, 1, 5, 7.5], "texture": "#0"},
				"east": {"uv": [2.5, 1, 5, 7.5], "texture": "#0"},
				"south": {"uv": [2.5, 1, 5, 7.5], "texture": "#0"},
				"west": {"uv": [2.5, 1, 5, 7.5], "texture": "#0"},
				"up": {"uv": [2.5, 1, 5, 7.5], "texture": "#0"},
				"down": {"uv": [2.5, 1, 5, 7.5], "texture": "#0"}
			}
		},
		{
			"from": [12.5, -12, 9],
			"to": [17.5, 7, 16],
			"rotation": {"angle": 22.5, "axis": "x", "origin": [15, 7.25, 12.5]},
			"faces": {
				"north": {"uv": [2.5, 1, 5, 7.5], "texture": "#0"},
				"east": {"uv": [2.5, 1, 5, 7.5], "texture": "#0"},
				"south": {"uv": [2.5, 1, 5, 7.5], "texture": "#0"},
				"west": {"uv": [2.5, 1, 5, 7.5], "texture": "#0"},
				"up": {"uv": [2.5, 1, 5, 7.5], "texture": "#0"},
				"down": {"uv": [2.5, 1, 5, 7.5], "texture": "#0"}
			}
		},
		{
			"from": [12.5, -14, 9],
			"to": [17.5, -12, 16],
			"rotation": {"angle": 22.5, "axis": "x", "origin": [15, 7.25, 12.5]},
			"faces": {
				"north": {"uv": [11, 14.5, 16, 15.5], "texture": "#0"},
				"east": {"uv": [2.5, 6.5, 5.5, 7.5], "texture": "#0"},
				"south": {"uv": [2.5, 6.5, 5.5, 7.5], "texture": "#0"},
				"west": {"uv": [2.5, 6.5, 5.5, 7.5], "texture": "#0"},
				"up": {"uv": [2.5, 6.5, 5.5, 7.5], "texture": "#0"},
				"down": {"uv": [2.5, 6.5, 5.5, 7.5], "texture": "#0"}
			}
		}
	],
	"display": {
		"head": {
			"translation": [0, -6.75, -8.5],
			"scale": [1.65, 1.65, 2]
		}
	},
	"groups": [0, 1, 2, 3, 4, 5, 6, 7, 8, 9, 10, 11, 12, 13,
		{
			"name": "group",
			"origin": [1, -3, 12.5],
			"children": [14, 15]
		},
		{
			"name": "group",
			"origin": [11, 2, 17],
			"children": [16, 17]
		}
	]
}