{
    "parent": "item/handheld",
    "textures": {
        "layer0": "item/bone"
    },
    "display": {
        "head": {
            "rotation": [ 0, 0, -45 ],
            "translation": [ 0, -4.5, -6.5],
            "scale":[ 1, 1, 1 ]
        }
    },
    "overrides": [
        {"predicate": {"custom_model_data": 1},"model": "item/ighead"},
        {"predicate": {"custom_model_data": 2},"model": "item/trooperhead"},
        {"predicate": {"custom_model_data": 3},"model": "item/jawahead"},
        {"predicate": {"custom_model_data": 4},"model": "item/raiderhead"}		
		]
}
