{
	"credit": "Made with Blockbench",
	"textures": {
		"0": "custom/blasters",
		"particle": "custom/blasters"
	},
	"elements": [
		{
			"from": [-8, 9, 8],
			"to": [11, 11, 9],
			"rotation": {"angle": 0, "axis": "y", "origin": [8, 18, 16]},
			"faces": {
				"north": {"uv": [5, 1.5, 14.5, 2.5], "texture": "#0"},
				"east": {"uv": [5, 1.5, 5.5, 2.5], "texture": "#0"},
				"south": {"uv": [14.5, 1.5, 5, 2.5], "texture": "#0"},
				"west": {"uv": [14, 1.5, 14.5, 2.5], "texture": "#0"},
				"up": {"uv": [14.5, 1.5, 5, 2], "texture": "#0"},
				"down": {"uv": [14.5, 2, 5, 2.5], "texture": "#0"}
			}
		},
		{
			"from": [-3, 8, 8],
			"to": [12, 9, 9],
			"rotation": {"angle": 0, "axis": "y", "origin": [8, 17, 16]},
			"faces": {
				"north": {"uv": [4.5, 2.5, 12, 3], "texture": "#0"},
				"east": {"uv": [4.5, 2.5, 5, 3], "texture": "#0"},
				"south": {"uv": [4.5, 2.5, 12, 3], "texture": "#0"},
				"west": {"uv": [11.5, 2.5, 12, 3], "texture": "#0"},
				"up": {"uv": [4.5, 2.5, 12, 3], "texture": "#0"},
				"down": {"uv": [12, 2.5, 4.5, 3], "texture": "#0"}
			}
		},
		{
			"from": [-2, 5, 8],
			"to": [1, 8, 9],
			"rotation": {"angle": 0, "axis": "y", "origin": [-0.5, 6.5, 8.5]},
			"faces": {
				"north": {"uv": [9.5, 3, 11, 4.5], "texture": "#0"},
				"east": {"uv": [9.5, 3, 10, 4.5], "texture": "#0"},
				"south": {"uv": [11, 3, 9.5, 4.5], "texture": "#0"},
				"west": {"uv": [10.5, 3, 11, 4.5], "texture": "#0"},
				"up": {"uv": [9.5, 3, 11, 4.5], "texture": "#0"},
				"down": {"uv": [11, 4, 9.5, 4.5], "texture": "#0"}
			}
		},
		{
			"from": [-3, 7, 8],
			"to": [-2, 8, 9],
			"rotation": {"angle": 0, "axis": "y", "origin": [-1.5, 6.5, 8.5]},
			"faces": {
				"north": {"uv": [11, 3, 11.5, 3.5], "texture": "#0"},
				"east": {"uv": [11, 3, 11.5, 3.5], "texture": "#0"},
				"south": {"uv": [11, 3, 11.5, 3.5], "texture": "#0"},
				"west": {"uv": [11, 3, 11.5, 3.5], "texture": "#0"},
				"up": {"uv": [11, 3, 11.5, 3.5], "texture": "#0"},
				"down": {"uv": [11, 3, 11.5, 3.5], "texture": "#0"}
			}
		},
		{
			"from": [1, 7, 8],
			"to": [2, 8, 9],
			"rotation": {"angle": 0, "axis": "y", "origin": [2.5, 6.5, 8.5]},
			"faces": {
				"north": {"uv": [9, 3, 9.5, 3.5], "texture": "#0"},
				"east": {"uv": [9, 3, 9.5, 3.5], "texture": "#0"},
				"south": {"uv": [9, 3, 9.5, 3.5], "texture": "#0"},
				"west": {"uv": [9, 3, 9.5, 3.5], "texture": "#0"},
				"up": {"uv": [9, 3, 9.5, 3.5], "texture": "#0"},
				"down": {"uv": [9, 3, 9.5, 3.5], "texture": "#0"}
			}
		},
		{
			"from": [1, 6, 8],
			"to": [2, 7, 9],
			"rotation": {"angle": 0, "axis": "y", "origin": [2.5, 5.5, 8.5]},
			"faces": {
				"north": {"uv": [9, 3.5, 9.5, 4], "texture": "#0"},
				"east": {"uv": [9, 3.5, 9.5, 4], "texture": "#0"},
				"south": {"uv": [9, 3.5, 9.5, 4], "texture": "#0"},
				"west": {"uv": [9, 3.5, 9.5, 4], "texture": "#0"},
				"up": {"uv": [9, 3.5, 9.5, 4], "texture": "#0"},
				"down": {"uv": [9, 3.5, 9.5, 4], "texture": "#0"}
			}
		},
		{
			"from": [2, 7, 8],
			"to": [3, 8, 9],
			"rotation": {"angle": 0, "axis": "y", "origin": [3.5, 6.5, 8.5]},
			"faces": {
				"north": {"uv": [8.5, 3, 9, 3.5], "texture": "#0"},
				"east": {"uv": [8.5, 3, 9, 3.5], "texture": "#0"},
				"south": {"uv": [8.5, 3, 9, 3.5], "texture": "#0"},
				"west": {"uv": [8.5, 3, 9, 3.5], "texture": "#0"},
				"up": {"uv": [8.5, 3, 9, 3.5], "texture": "#0"},
				"down": {"uv": [8.5, 3, 9, 3.5], "texture": "#0"}
			}
		},
		{
			"from": [11, 9, 8],
			"to": [12, 10, 9],
			"rotation": {"angle": 0, "axis": "y", "origin": [12.5, 8.5, 8.5]},
			"faces": {
				"north": {"uv": [4.5, 2, 5, 2.5], "texture": "#0"},
				"east": {"uv": [4.5, 2, 5, 2.5], "texture": "#0"},
				"south": {"uv": [4.5, 2, 5, 2.5], "texture": "#0"},
				"west": {"uv": [4.5, 2, 5, 2.5], "texture": "#0"},
				"up": {"uv": [4.5, 2, 5, 2.5], "texture": "#0"},
				"down": {"uv": [4.5, 2, 5, 2.5], "texture": "#0"}
			}
		},
		{
			"from": [5, 11, 8],
			"to": [6, 12, 9],
			"rotation": {"angle": 0, "axis": "y", "origin": [6.5, 10.5, 8.5]},
			"faces": {
				"north": {"uv": [7.5, 1, 8, 1.5], "texture": "#0"},
				"east": {"uv": [7.5, 1, 8, 1.5], "texture": "#0"},
				"south": {"uv": [7.5, 1, 8, 1.5], "texture": "#0"},
				"west": {"uv": [7.5, 1, 8, 1.5], "texture": "#0"},
				"up": {"uv": [7.5, 1, 8, 1.5], "texture": "#0"},
				"down": {"uv": [7.5, 1, 8, 1.5], "texture": "#0"}
			}
		},
		{
			"from": [4, 11, 8],
			"to": [5, 12, 9],
			"rotation": {"angle": 0, "axis": "y", "origin": [5.5, 10.5, 8.5]},
			"faces": {
				"north": {"uv": [8, 1, 8.5, 1.5], "texture": "#0"},
				"east": {"uv": [8, 1, 8.5, 1.5], "texture": "#0"},
				"south": {"uv": [8, 1, 8.5, 1.5], "texture": "#0"},
				"west": {"uv": [8, 1, 8.5, 1.5], "texture": "#0"},
				"up": {"uv": [8, 1, 8.5, 1.5], "texture": "#0"},
				"down": {"uv": [8, 1, 8.5, 1.5], "texture": "#0"}
			}
		},
		{
			"from": [-1, 11, 8],
			"to": [0, 12, 9],
			"rotation": {"angle": 0, "axis": "y", "origin": [0.5, 10.5, 8.5]},
			"faces": {
				"north": {"uv": [10.5, 1, 11, 1.5], "texture": "#0"},
				"east": {"uv": [10.5, 1, 11, 1.5], "texture": "#0"},
				"south": {"uv": [10.5, 1, 11, 1.5], "texture": "#0"},
				"west": {"uv": [10.5, 1, 11, 1.5], "texture": "#0"},
				"up": {"uv": [10.5, 1, 11, 1.5], "texture": "#0"},
				"down": {"uv": [10.5, 1, 11, 1.5], "texture": "#0"}
			}
		},
		{
			"from": [-2, 11, 8],
			"to": [-1, 12, 9],
			"rotation": {"angle": 0, "axis": "y", "origin": [-0.5, 10.5, 8.5]},
			"faces": {
				"north": {"uv": [11, 1, 11.5, 1.5], "texture": "#0"},
				"east": {"uv": [11, 1, 11.5, 1.5], "texture": "#0"},
				"south": {"uv": [11, 1, 11.5, 1.5], "texture": "#0"},
				"west": {"uv": [11, 1, 11.5, 1.5], "texture": "#0"},
				"up": {"uv": [11, 1, 11.5, 1.5], "texture": "#0"},
				"down": {"uv": [11, 1, 11.5, 1.5], "texture": "#0"}
			}
		},
		{
			"from": [-3, 11, 8],
			"to": [-2, 12, 9],
			"rotation": {"angle": 0, "axis": "y", "origin": [-1.5, 10.5, 8.5]},
			"faces": {
				"north": {"uv": [11.5, 1, 12, 1.5], "texture": "#0"},
				"east": {"uv": [11.5, 1, 12, 1.5], "texture": "#0"},
				"south": {"uv": [11.5, 1, 12, 1.5], "texture": "#0"},
				"west": {"uv": [11.5, 1, 12, 1.5], "texture": "#0"},
				"up": {"uv": [11.5, 1, 12, 1.5], "texture": "#0"},
				"down": {"uv": [11.5, 1, 12, 1.5], "texture": "#0"}
			}
		},
		{
			"from": [-7, 11, 8],
			"to": [-6, 12, 9],
			"rotation": {"angle": 0, "axis": "y", "origin": [-5.5, 10.5, 8.5]},
			"faces": {
				"north": {"uv": [13.5, 1, 14, 1.5], "texture": "#0"},
				"east": {"uv": [13.5, 1, 14, 1.5], "texture": "#0"},
				"south": {"uv": [13.5, 1, 14, 1.5], "texture": "#0"},
				"west": {"uv": [13.5, 1, 14, 1.5], "texture": "#0"},
				"up": {"uv": [13.5, 1, 14, 1.5], "texture": "#0"},
				"down": {"uv": [13.5, 1, 14, 1.5], "texture": "#0"}
			}
		},
		{
			"from": [-8, 11, 8],
			"to": [-7, 12, 9],
			"rotation": {"angle": 0, "axis": "y", "origin": [-6.5, 10.5, 8.5]},
			"faces": {
				"north": {"uv": [14, 1, 14.5, 1.5], "texture": "#0"},
				"east": {"uv": [14, 1, 14.5, 1.5], "texture": "#0"},
				"south": {"uv": [14, 1, 14.5, 1.5], "texture": "#0"},
				"west": {"uv": [14, 1, 14.5, 1.5], "texture": "#0"},
				"up": {"uv": [14, 1, 14.5, 1.5], "texture": "#0"},
				"down": {"uv": [14, 1, 14.5, 1.5], "texture": "#0"}
			}
		},
		{
			"from": [-8, 12, 8],
			"to": [-7, 13, 9],
			"rotation": {"angle": 0, "axis": "y", "origin": [-6.5, 11.5, 8.5]},
			"faces": {
				"north": {"uv": [14, 0.5, 14.5, 1], "texture": "#0"},
				"east": {"uv": [14, 0.5, 14.5, 1], "texture": "#0"},
				"south": {"uv": [14, 0.5, 14.5, 1], "texture": "#0"},
				"west": {"uv": [14, 0.5, 14.5, 1], "texture": "#0"},
				"up": {"uv": [14, 0.5, 14.5, 1], "texture": "#0"},
				"down": {"uv": [14, 0.5, 14.5, 1], "texture": "#0"}
			}
		},
		{
			"from": [-8, 8, 8],
			"to": [-7, 9, 9],
			"rotation": {"angle": 0, "axis": "y", "origin": [-6.5, 7.5, 8.5]},
			"faces": {
				"north": {"uv": [14, 2.5, 14.5, 3], "texture": "#0"},
				"east": {"uv": [14, 2.5, 14.5, 3], "texture": "#0"},
				"south": {"uv": [14, 2.5, 14.5, 3], "texture": "#0"},
				"west": {"uv": [14, 2.5, 14.5, 3], "texture": "#0"},
				"up": {"uv": [14, 2.5, 14.5, 3], "texture": "#0"},
				"down": {"uv": [14, 2.5, 14.5, 3], "texture": "#0"}
			}
		},
		{
			"from": [-7, 8, 8],
			"to": [-6, 9, 9],
			"rotation": {"angle": 0, "axis": "y", "origin": [-5.5, 7.5, 8.5]},
			"faces": {
				"north": {"uv": [13.5, 2.5, 14, 3], "texture": "#0"},
				"east": {"uv": [13.5, 2.5, 14, 3], "texture": "#0"},
				"south": {"uv": [13.5, 2.5, 14, 3], "texture": "#0"},
				"west": {"uv": [13.5, 2.5, 14, 3], "texture": "#0"},
				"up": {"uv": [13.5, 2.5, 14, 3], "texture": "#0"},
				"down": {"uv": [13.5, 2.5, 14, 3], "texture": "#0"}
			}
		},
		{
			"from": [-8, 7, 8],
			"to": [-7, 8, 9],
			"rotation": {"angle": 0, "axis": "y", "origin": [-6.5, 6.5, 8.5]},
			"faces": {
				"north": {"uv": [14, 3, 14.5, 3.5], "texture": "#0"},
				"east": {"uv": [14, 3, 14.5, 3.5], "texture": "#0"},
				"south": {"uv": [14, 3, 14.5, 3.5], "texture": "#0"},
				"west": {"uv": [14, 3, 14.5, 3.5], "texture": "#0"},
				"up": {"uv": [14, 3, 14.5, 3.5], "texture": "#0"},
				"down": {"uv": [14, 3, 14.5, 3.5], "texture": "#0"}
			}
		}
	],
	"gui_light": "front",
	"display": {
		"thirdperson_righthand": {
			"rotation": [0, 90, 0],
			"translation": [0, 1, -4.75],
			"scale": [0.65, 0.65, 0.65]
		},
		"thirdperson_lefthand": {
			"rotation": [0, -87, 0],
			"translation": [0, 1, -4.75],
			"scale": [0.65, 0.65, 0.65]
		},
		"firstperson_righthand": {
			"rotation": [37, 105, -2],
			"translation": [-2.5, 4.75, 0.25],
			"scale": [0.7, 0.7, 0.7]
		},
		"firstperson_lefthand": {
			"rotation": [37, -87, -2],
			"translation": [-1.25, 3.5, 0.25],
			"scale": [0.7, 0.7, 0.7]
		},
		"ground": {
			"rotation": [90, 0, 0]
		},
		"gui": {
			"rotation": [0, -180, 45],
			"translation": [-0.25, 0.5, 0],
			"scale": [0.5, 0.5, 0.5]
		},
		"fixed": {
			"translation": [0, 0, -2.25]
		}
	}
}