{
    "parent": "item/handheld",
    "textures": {
        "layer0": "item/carrot_on_a_stick"
    },
    "display": {
        "head": {
            "rotation": [ 0, 0, -45 ],
            "translation": [ 0, -4.5, -6.5],
            "scale":[ 1, 1, 1 ]
        }
    },
    "overrides": [
        {"predicate": {"custom_model_data": 1},"model": "item/gear/thermo_detonator"},
        {"predicate": {"custom_model_data": 2},"model": "item/gear/thermo_detonator_2"},
        {"predicate": {"custom_model_data": 3},"model": "item/gear/grappling_hook"},	
        {"predicate": {"custom_model_data": 4},"model": "item/gear/flamethrower"},	
        {"predicate": {"custom_model_data": 5},"model": "item/gear/whistling_bird"},
        {"predicate": {"custom_model_data": 6},"model": "item/bluurg"},
        {"predicate": {"custom_model_data": 7},"model": "item/bluurg_walk"}		
		]
}
