{
	"credit": "Made with Blockbench",
	"textures": {
		"0": "custom/ig",
		"particle": "custom/ig"
	},
	"elements": [
		{
			"from": [5, 0, 4],
			"to": [10, 12, 9],
			"rotation": {"angle": 0, "axis": "y", "origin": [8.50698, 3.50001, 7.493]},
			"faces": {
				"north": {"uv": [7, 1, 12, 15], "texture": "#0"},
				"east": {"uv": [0, 1, 5, 15], "texture": "#0"},
				"south": {"uv": [0, 1, 5, 15], "texture": "#0"},
				"west": {"uv": [1, 1, 6, 15], "texture": "#0"},
				"up": {"uv": [0, 5, 5, 10], "texture": "#0"},
				"down": {"uv": [0, 5, 5, 10], "texture": "#0"}
			}
		},
		{
			"from": [10, 7, 5],
			"to": [12, 8, 6],
			"rotation": {"angle": 0, "axis": "y", "origin": [9.50698, 3.50001, 8.493]},
			"faces": {
				"north": {"uv": [3, 2, 5, 3], "texture": "#0"},
				"east": {"uv": [7, 6, 8, 7], "texture": "#0"},
				"south": {"uv": [3, 2, 5, 3], "texture": "#0"},
				"west": {"uv": [3, 2, 5, 3], "texture": "#0"},
				"up": {"uv": [3, 2, 5, 3], "texture": "#0"},
				"down": {"uv": [3, 2, 5, 3], "texture": "#0"}
			}
		},
		{
			"from": [2.99304, 3, 5.01221],
			"to": [4.99304, 4, 6.01221],
			"rotation": {"angle": 0, "axis": "y", "origin": [3.98959, 3.49734, 5.51832]},
			"faces": {
				"north": {"uv": [3, 2, 5, 3], "texture": "#0"},
				"east": {"uv": [3, 2, 5, 3], "texture": "#0"},
				"south": {"uv": [3, 2, 5, 3], "texture": "#0"},
				"west": {"uv": [7, 6, 8, 7], "texture": "#0"},
				"up": {"uv": [3, 2, 5, 3], "rotation": 180, "texture": "#0"},
				"down": {"uv": [3, 2, 5, 3], "rotation": 180, "texture": "#0"}
			}
		},
		{
			"from": [2.99304, 4, 7.01221],
			"to": [4.99304, 5, 8.01221],
			"rotation": {"angle": 0, "axis": "y", "origin": [3.98959, 4.49734, 7.51832]},
			"faces": {
				"north": {"uv": [3, 2, 5, 3], "texture": "#0"},
				"east": {"uv": [3, 2, 5, 3], "texture": "#0"},
				"south": {"uv": [3, 2, 5, 3], "texture": "#0"},
				"west": {"uv": [7, 6, 8, 7], "texture": "#0"},
				"up": {"uv": [3, 2, 5, 3], "rotation": 180, "texture": "#0"},
				"down": {"uv": [3, 2, 5, 3], "rotation": 180, "texture": "#0"}
			}
		},
		{
			"from": [6, 12, 5],
			"to": [9, 15, 8],
			"rotation": {"angle": 0, "axis": "y", "origin": [8.50698, 7.50001, 7.493]},
			"faces": {
				"north": {"uv": [0, 2, 2, 5], "texture": "#0"},
				"east": {"uv": [0, 2, 2, 5], "texture": "#0"},
				"south": {"uv": [0, 2, 2, 5], "texture": "#0"},
				"west": {"uv": [0, 2, 2, 5], "texture": "#0"},
				"up": {"uv": [0, 2, 2, 5], "texture": "#0"},
				"down": {"uv": [0, 2, 2, 5], "texture": "#0"}
			}
		}
	],
	"display": {
		"head": {
			"translation": [0.5, 1.75, 1.75]
		}
	}
}