{
	"credit": "Made with Blockbench",
	"textures": {
		"0": "custom/heads",
		"particle": "custom/heads"
	},
	"elements": [
		{
			"from": [4, 5, 5],
			"to": [12, 13, 13],
			"rotation": {"angle": 0, "axis": "y", "origin": [8, 9, 9]},
			"faces": {
				"north": {"uv": [2, 7, 4, 9], "texture": "#0"},
				"east": {"uv": [0, 7, 2, 9], "texture": "#0"},
				"south": {"uv": [6, 7, 8, 9], "texture": "#0"},
				"west": {"uv": [4, 7, 6, 9], "texture": "#0"},
				"up": {"uv": [6, 7, 8, 9], "texture": "#0"},
				"down": {"uv": [6, 7, 8, 9], "texture": "#0"}
			}
		},
		{
			"from": [12, 5, 3.5],
			"to": [13, 14, 15],
			"rotation": {"angle": 0, "axis": "y", "origin": [8, 9, 9]},
			"faces": {
				"north": {"uv": [10.75, 6.75, 11, 8.75], "texture": "#0"},
				"east": {"uv": [12.25, 6.75, 14.25, 9], "texture": "#0"},
				"south": {"uv": [10.75, 6.75, 11, 8.75], "texture": "#0"},
				"west": {"uv": [4, 5, 6, 7], "texture": "#0"},
				"up": {"uv": [10.75, 6.75, 11, 8.75], "texture": "#0"},
				"down": {"uv": [10.75, 6.75, 11, 8.75], "texture": "#0"}
			}
		},
		{
			"from": [13, 6, 4.5],
			"to": [14, 13, 14],
			"rotation": {"angle": 0, "axis": "y", "origin": [9, 9, 9]},
			"faces": {
				"north": {"uv": [10.75, 6.75, 11, 8.75], "texture": "#0"},
				"east": {"uv": [12.25, 6.75, 14.25, 9], "texture": "#0"},
				"south": {"uv": [10.75, 6.75, 11, 8.75], "texture": "#0"},
				"west": {"uv": [10.75, 6.75, 11, 8.75], "texture": "#0"},
				"up": {"uv": [10.75, 6.75, 11, 8.75], "texture": "#0"},
				"down": {"uv": [10.75, 6.75, 11, 8.75], "texture": "#0"}
			}
		},
		{
			"from": [2, 6, 4.5],
			"to": [3, 13, 14],
			"rotation": {"angle": 0, "axis": "y", "origin": [2.5, 9.5, 9.25]},
			"faces": {
				"north": {"uv": [10.75, 6.75, 11, 8.75], "texture": "#0"},
				"east": {"uv": [10.75, 6.75, 11, 8.75], "texture": "#0"},
				"south": {"uv": [10.75, 6.75, 11, 8.75], "texture": "#0"},
				"west": {"uv": [12.25, 6.75, 14.25, 9], "texture": "#0"},
				"up": {"uv": [10.75, 6.75, 11, 8.75], "rotation": 180, "texture": "#0"},
				"down": {"uv": [10.75, 6.75, 11, 8.75], "rotation": 180, "texture": "#0"}
			}
		},
		{
			"from": [3, 14, 4],
			"to": [13, 15, 14],
			"rotation": {"angle": 0, "axis": "z", "origin": [7.5, 14.5, 9]},
			"faces": {
				"north": {"uv": [10.75, 6.75, 11, 8.75], "rotation": 90, "texture": "#0"},
				"east": {"uv": [10.75, 6.75, 11, 8.75], "rotation": 270, "texture": "#0"},
				"south": {"uv": [10.75, 6.75, 11, 8.75], "rotation": 270, "texture": "#0"},
				"west": {"uv": [10.75, 6.75, 11, 8.75], "rotation": 270, "texture": "#0"},
				"up": {"uv": [12.25, 6.75, 14.25, 9], "rotation": 270, "texture": "#0"},
				"down": {"uv": [6.25, 7, 8, 9], "rotation": 270, "texture": "#0"}
			}
		},
		{
			"from": [4, 15, 5],
			"to": [12, 16, 13],
			"rotation": {"angle": 0, "axis": "z", "origin": [7.5, 15.5, 9]},
			"faces": {
				"north": {"uv": [10.75, 6.75, 11, 8.75], "rotation": 90, "texture": "#0"},
				"east": {"uv": [10.75, 6.75, 11, 8.75], "rotation": 270, "texture": "#0"},
				"south": {"uv": [10.75, 6.75, 11, 8.75], "rotation": 270, "texture": "#0"},
				"west": {"uv": [10.75, 6.75, 11, 8.75], "rotation": 270, "texture": "#0"},
				"up": {"uv": [12.25, 6.75, 14.25, 9], "rotation": 270, "texture": "#0"},
				"down": {"uv": [10.75, 6.75, 11, 8.75], "rotation": 270, "texture": "#0"}
			}
		},
		{
			"from": [3.5, 14, 3],
			"to": [12.5, 15, 7],
			"rotation": {"angle": -22.5, "axis": "x", "origin": [8, 14.5, 7]},
			"faces": {
				"north": {"uv": [10.75, 6.75, 11, 8.75], "rotation": 90, "texture": "#0"},
				"east": {"uv": [10.75, 6.75, 11, 8.75], "rotation": 270, "texture": "#0"},
				"south": {"uv": [10.75, 6.75, 11, 8.75], "rotation": 270, "texture": "#0"},
				"west": {"uv": [10.75, 6.75, 11, 8.75], "rotation": 270, "texture": "#0"},
				"up": {"uv": [12.25, 6.75, 14.25, 9], "rotation": 270, "texture": "#0"},
				"down": {"uv": [10.75, 6.75, 11, 8.75], "rotation": 270, "texture": "#0"}
			}
		},
		{
			"from": [5, 16, 6],
			"to": [11, 17, 13],
			"rotation": {"angle": 0, "axis": "z", "origin": [7.5, 16.5, 9]},
			"faces": {
				"north": {"uv": [10.75, 6.75, 11, 8.75], "rotation": 90, "texture": "#0"},
				"east": {"uv": [10.75, 6.75, 11, 8.75], "rotation": 270, "texture": "#0"},
				"south": {"uv": [10.75, 6.75, 11, 8.75], "rotation": 270, "texture": "#0"},
				"west": {"uv": [10.75, 6.75, 11, 8.75], "rotation": 270, "texture": "#0"},
				"up": {"uv": [12.25, 6.75, 14.25, 9], "rotation": 270, "texture": "#0"},
				"down": {"uv": [10.75, 6.75, 11, 8.75], "rotation": 270, "texture": "#0"}
			}
		},
		{
			"from": [6, 17, 7],
			"to": [10, 18, 13],
			"rotation": {"angle": 0, "axis": "z", "origin": [7.5, 17.5, 9]},
			"faces": {
				"north": {"uv": [10.75, 6.75, 11, 8.75], "rotation": 90, "texture": "#0"},
				"east": {"uv": [10.75, 6.75, 11, 8.75], "rotation": 270, "texture": "#0"},
				"south": {"uv": [10.75, 6.75, 11, 8.75], "rotation": 270, "texture": "#0"},
				"west": {"uv": [10.75, 6.75, 11, 8.75], "rotation": 270, "texture": "#0"},
				"up": {"uv": [12.25, 6.75, 14.25, 9], "rotation": 270, "texture": "#0"},
				"down": {"uv": [10.75, 6.75, 11, 8.75], "rotation": 270, "texture": "#0"}
			}
		},
		{
			"from": [6, 18, 8],
			"to": [10, 19, 13],
			"rotation": {"angle": 0, "axis": "z", "origin": [7.5, 18.5, 9]},
			"faces": {
				"north": {"uv": [10.75, 6.75, 11, 8.75], "rotation": 90, "texture": "#0"},
				"east": {"uv": [10.75, 6.75, 11, 8.75], "rotation": 270, "texture": "#0"},
				"south": {"uv": [10.75, 6.75, 11, 8.75], "rotation": 270, "texture": "#0"},
				"west": {"uv": [10.75, 6.75, 11, 8.75], "rotation": 270, "texture": "#0"},
				"up": {"uv": [12.25, 6.75, 14.25, 9], "rotation": 270, "texture": "#0"},
				"down": {"uv": [10.75, 6.75, 11, 8.75], "rotation": 270, "texture": "#0"}
			}
		},
		{
			"from": [3, 5, 3.5],
			"to": [4, 14, 15],
			"rotation": {"angle": 0, "axis": "y", "origin": [3.5, 9.5, 9]},
			"faces": {
				"north": {"uv": [10.75, 6.75, 11, 8.75], "texture": "#0"},
				"east": {"uv": [6, 7, 8, 9], "texture": "#0"},
				"south": {"uv": [10.75, 6.75, 11, 8.75], "texture": "#0"},
				"west": {"uv": [12.25, 6.75, 14.25, 9], "texture": "#0"},
				"up": {"uv": [10.75, 6.75, 11, 8.75], "rotation": 180, "texture": "#0"},
				"down": {"uv": [10.75, 6.75, 11, 8.75], "rotation": 180, "texture": "#0"}
			}
		},
		{
			"from": [3.75, 5, 13.75],
			"to": [12.25, 14, 14.75],
			"rotation": {"angle": 0, "axis": "y", "origin": [6.5, 9.5, 14.25]},
			"faces": {
				"north": {"uv": [6, 7, 8, 9], "texture": "#0"},
				"east": {"uv": [10.75, 6.75, 11, 8.75], "texture": "#0"},
				"south": {"uv": [12.25, 6.75, 14.25, 9], "texture": "#0"},
				"west": {"uv": [10.75, 6.75, 11, 8.75], "texture": "#0"},
				"up": {"uv": [10.75, 6.75, 11, 8.75], "rotation": 90, "texture": "#0"},
				"down": {"uv": [10.75, 6.75, 11, 8.75], "rotation": 270, "texture": "#0"}
			}
		}
	],
	"display": {
		"head": {
			"translation": [0, -2, -3],
			"scale": [1.5, 1.5, 1.4]
		}
	}
}