{
  "parent": "minecraft:block/lime_stained_glass",
  "overrides": [
    { "predicate": { "custom_model_data":1 }, "model": "minecraft:item/marker_r" },
    { "predicate": { "custom_model_data":2 }, "model": "minecraft:item/marker_g" },
    { "predicate": { "custom_model_data":3 }, "model": "minecraft:item/marker_b" },
    { "predicate": { "custom_model_data":4 }, "model": "minecraft:item/marker_y" },
    { "predicate": { "custom_model_data":5 }, "model": "minecraft:item/marker_m" },
    { "predicate": { "custom_model_data":6 }, "model": "minecraft:item/marker_c" }
  ]
}