{"credit":"thebradqq's guns","textures":{"0":"misc/cyan","1":"misc/black","particle":"misc/cyan"},"elements":[{"from":[-0.005,-0.005,-0.005],"to":[16.005,16.005,16.005],"rotation":{"angle":0,"axis":"y","origin":[-8.005,-8.005,-8.005]},"faces":{"north":{"uv":[0,0,16,16],"texture":"#1"},"east":{"uv":[0,0,16,16],"texture":"#1"},"south":{"uv":[0,0,16,16],"texture":"#1"},"west":{"uv":[0,0,16,16],"texture":"#1"},"up":{"uv":[0,0,16,16],"texture":"#1"},"down":{"uv":[0,0,16,16],"texture":"#1"}}},{"from":[16,16,16],"to":[0,0,0],"faces":{"north":{"uv":[0,0,16,16],"texture":"#0"},"east":{"uv":[0,0,16,16],"texture":"#0"},"south":{"uv":[0,0,16,16],"texture":"#0"},"west":{"uv":[0,0,16,16],"texture":"#0"},"up":{"uv":[0,0,16,16],"texture":"#0"},"down":{"uv":[0,0,16,16],"texture":"#0"}}},{"from":[16,16,16],"to":[0,0,0],"faces":{"north":{"uv":[0,0,16,16],"rotation":180,"texture":"#0"},"east":{"uv":[0,0,16,16],"rotation":90,"texture":"#0"},"south":{"uv":[0,0,16,16],"texture":"#0"},"west":{"uv":[0,0,16,16],"rotation":270,"texture":"#0"},"up":{"uv":[0,0,16,16],"texture":"#0"},"down":{"uv":[0,0,16,16],"rotation":180,"texture":"#0"}}},{"from":[16,16,16],"to":[0,0,0],"faces":{"north":{"uv":[0,0,16,16],"rotation":90,"texture":"#0"},"east":{"uv":[0,0,16,16],"texture":"#0"},"south":{"uv":[0,0,16,16],"rotation":270,"texture":"#0"},"west":{"uv":[0,0,16,16],"rotation":180,"texture":"#0"},"up":{"uv":[0,0,16,16],"rotation":270,"texture":"#0"},"down":{"uv":[0,0,16,16],"rotation":270,"texture":"#0"}}},{"from":[16,14,16],"to":[0,2,0],"faces":{"north":{"uv":[0,0,16,16],"texture":"#0"},"east":{"uv":[0,0,16,16],"texture":"#0"},"south":{"uv":[0,0,16,16],"texture":"#0"},"west":{"uv":[0,0,16,16],"texture":"#0"},"up":{"uv":[0,0,16,16],"texture":"#0"},"down":{"uv":[0,0,16,16],"texture":"#0"}}},{"from":[16,16,14],"to":[0,0,2],"faces":{"north":{"uv":[0,0,16,16],"rotation":180,"texture":"#0"},"east":{"uv":[0,0,16,16],"rotation":90,"texture":"#0"},"south":{"uv":[0,0,16,16],"texture":"#0"},"west":{"uv":[0,0,16,16],"rotation":270,"texture":"#0"},"up":{"uv":[0,0,16,16],"texture":"#0"},"down":{"uv":[0,0,16,16],"rotation":180,"texture":"#0"}}},{"from":[14,16,16],"to":[2,0,0],"faces":{"north":{"uv":[0,0,16,16],"rotation":90,"texture":"#0"},"east":{"uv":[0,0,16,16],"texture":"#0"},"south":{"uv":[0,0,16,16],"rotation":270,"texture":"#0"},"west":{"uv":[0,0,16,16],"rotation":180,"texture":"#0"},"up":{"uv":[0,0,16,16],"rotation":270,"texture":"#0"},"down":{"uv":[0,0,16,16],"rotation":270,"texture":"#0"}}},{"from":[16,10.5,16],"to":[0,5.5,0],"faces":{"north":{"uv":[0,0,16,16],"texture":"#0"},"east":{"uv":[0,0,16,16],"texture":"#0"},"south":{"uv":[0,0,16,16],"texture":"#0"},"west":{"uv":[0,0,16,16],"texture":"#0"},"up":{"uv":[0,0,16,16],"texture":"#0"},"down":{"uv":[0,0,16,16],"texture":"#0"}}},{"from":[16,16,10.5],"to":[0,0,5.5],"faces":{"north":{"uv":[0,0,16,16],"rotation":180,"texture":"#0"},"east":{"uv":[0,0,16,16],"rotation":90,"texture":"#0"},"south":{"uv":[0,0,16,16],"texture":"#0"},"west":{"uv":[0,0,16,16],"rotation":270,"texture":"#0"},"up":{"uv":[0,0,16,16],"texture":"#0"},"down":{"uv":[0,0,16,16],"rotation":180,"texture":"#0"}}},{"from":[10.5,16,16],"to":[5.5,0,0],"faces":{"north":{"uv":[0,0,16,16],"rotation":90,"texture":"#0"},"east":{"uv":[0,0,16,16],"texture":"#0"},"south":{"uv":[0,0,16,16],"rotation":270,"texture":"#0"},"west":{"uv":[0,0,16,16],"rotation":180,"texture":"#0"},"up":{"uv":[0,0,16,16],"rotation":270,"texture":"#0"},"down":{"uv":[0,0,16,16],"rotation":270,"texture":"#0"}}},{"from":[16,15.5,16],"to":[0,0.5,0],"rotation":{"angle":0,"axis":"y","origin":[8,7.5,8]},"faces":{"up":{"uv":[0,0,16,16],"texture":"#0"},"down":{"uv":[0,0,16,16],"texture":"#0"}}},{"from":[16,16,15.5],"to":[0,0,0.5],"faces":{"north":{"uv":[0,0,16,16],"rotation":180,"texture":"#0"},"south":{"uv":[0,0,16,16],"texture":"#0"}}},{"from":[15.5,16,16],"to":[0.5,0,0],"faces":{"east":{"uv":[0,0,16,16],"texture":"#0"},"west":{"uv":[0,0,16,16],"rotation":180,"texture":"#0"}}},{"from":[16,12,16],"to":[0,4,0],"rotation":{"angle":0,"axis":"y","origin":[8,7.5,8]},"faces":{"up":{"uv":[0,0,16,16],"texture":"#0"},"down":{"uv":[0,0,16,16],"texture":"#0"}}},{"from":[16,16,12],"to":[0,0,4],"faces":{"north":{"uv":[0,0,16,16],"rotation":180,"texture":"#0"},"south":{"uv":[0,0,16,16],"texture":"#0"}}},{"from":[12,16,16],"to":[4,0,0],"faces":{"east":{"uv":[0,0,16,16],"texture":"#0"},"west":{"uv":[0,0,16,16],"rotation":180,"texture":"#0"}}},{"from":[16,13.5,16],"to":[0,2.5,0],"rotation":{"angle":0,"axis":"y","origin":[8,7.5,8]},"faces":{"up":{"uv":[0,0,16,16],"texture":"#0"},"down":{"uv":[0,0,16,16],"texture":"#0"}}},{"from":[16,16,13.5],"to":[0,0,2.5],"faces":{"north":{"uv":[0,0,16,16],"rotation":180,"texture":"#0"},"south":{"uv":[0,0,16,16],"texture":"#0"}}},{"from":[13.5,16,16],"to":[2.5,0,0],"faces":{"east":{"uv":[0,0,16,16],"texture":"#0"},"west":{"uv":[0,0,16,16],"rotation":180,"texture":"#0"}}},{"from":[16,15,16],"to":[0,1,0],"rotation":{"angle":0,"axis":"y","origin":[8,7,8]},"faces":{"up":{"uv":[0,0,16,16],"texture":"#0"},"down":{"uv":[0,0,16,16],"texture":"#0"}}},{"from":[16,16,15],"to":[0,0,1],"faces":{"north":{"uv":[0,0,16,16],"rotation":180,"texture":"#0"},"south":{"uv":[0,0,16,16],"texture":"#0"}}},{"from":[15,16,16],"to":[1,0,0],"faces":{"east":{"uv":[0,0,16,16],"texture":"#0"},"west":{"uv":[0,0,16,16],"rotation":180,"texture":"#0"}}},{"from":[16,11.5,16],"to":[0,4.5,0],"rotation":{"angle":0,"axis":"y","origin":[8,7,8]},"faces":{"up":{"uv":[0,0,16,16],"texture":"#0"},"down":{"uv":[0,0,16,16],"texture":"#0"}}},{"from":[16,16,11.5],"to":[0,0,4.5],"faces":{"north":{"uv":[0,0,16,16],"rotation":180,"texture":"#0"},"south":{"uv":[0,0,16,16],"texture":"#0"}}},{"from":[11.5,16,16],"to":[4.5,0,0],"faces":{"east":{"uv":[0,0,16,16],"texture":"#0"},"west":{"uv":[0,0,16,16],"rotation":180,"texture":"#0"}}},{"from":[16,13,16],"to":[0,3,0],"rotation":{"angle":0,"axis":"y","origin":[8,7,8]},"faces":{"up":{"uv":[0,0,16,16],"texture":"#0"},"down":{"uv":[0,0,16,16],"texture":"#0"}}},{"from":[16,16,13],"to":[0,0,3],"faces":{"north":{"uv":[0,0,16,16],"rotation":180,"texture":"#0"},"south":{"uv":[0,0,16,16],"texture":"#0"}}},{"from":[13,16,16],"to":[3,0,0],"faces":{"east":{"uv":[0,0,16,16],"texture":"#0"},"west":{"uv":[0,0,16,16],"rotation":180,"texture":"#0"}}},{"from":[16,14.5,16],"to":[0,1.5,0],"rotation":{"angle":0,"axis":"y","origin":[8,6.5,8]},"faces":{"up":{"uv":[0,0,16,16],"texture":"#0"},"down":{"uv":[0,0,16,16],"texture":"#0"}}},{"from":[16,16,14.5],"to":[0,0,1.5],"faces":{"north":{"uv":[0,0,16,16],"rotation":180,"texture":"#0"},"south":{"uv":[0,0,16,16],"texture":"#0"}}},{"from":[14.5,16,16],"to":[1.5,0,0],"faces":{"east":{"uv":[0,0,16,16],"texture":"#0"},"west":{"uv":[0,0,16,16],"rotation":180,"texture":"#0"}}},{"from":[16,11,16],"to":[0,5,0],"rotation":{"angle":0,"axis":"y","origin":[8,6.5,8]},"faces":{"up":{"uv":[0,0,16,16],"texture":"#0"},"down":{"uv":[0,0,16,16],"texture":"#0"}}},{"from":[16,16,11],"to":[0,0,5],"faces":{"north":{"uv":[0,0,16,16],"rotation":180,"texture":"#0"},"south":{"uv":[0,0,16,16],"texture":"#0"}}},{"from":[11,16,16],"to":[5,0,0],"faces":{"east":{"uv":[0,0,16,16],"texture":"#0"},"west":{"uv":[0,0,16,16],"rotation":180,"texture":"#0"}}},{"from":[16,12.5,16],"to":[0,3.5,0],"rotation":{"angle":0,"axis":"y","origin":[8,6.5,8]},"faces":{"up":{"uv":[0,0,16,16],"texture":"#0"},"down":{"uv":[0,0,16,16],"texture":"#0"}}},{"from":[16,16,12.5],"to":[0,0,3.5],"faces":{"north":{"uv":[0,0,16,16],"rotation":180,"texture":"#0"},"south":{"uv":[0,0,16,16],"texture":"#0"}}},{"from":[12.5,16,16],"to":[3.5,0,0],"faces":{"east":{"uv":[0,0,16,16],"texture":"#0"},"west":{"uv":[0,0,16,16],"rotation":180,"texture":"#0"}}},{"from":[16,7,16],"to":[0,7,0],"rotation":{"angle":0,"axis":"y","origin":[8,5.5,8]},"faces":{"up":{"uv":[0,0,16,16],"texture":"#0"},"down":{"uv":[0,0,16,16],"texture":"#0"}}},{"from":[16,9,16],"to":[0,9,0],"rotation":{"angle":0,"axis":"y","origin":[8,5.5,8]},"faces":{"up":{"uv":[0,0,16,16],"texture":"#0"},"down":{"uv":[0,0,16,16],"texture":"#0"}}},{"from":[16,6.5,16],"to":[0,6.5,0],"rotation":{"angle":0,"axis":"y","origin":[8,5.5,8]},"faces":{"up":{"uv":[0,0,16,16],"texture":"#0"},"down":{"uv":[0,0,16,16],"texture":"#0"}}},{"from":[16,8.5,16],"to":[0,8.5,0],"rotation":{"angle":0,"axis":"y","origin":[8,5.5,8]},"faces":{"up":{"uv":[0,0,16,16],"texture":"#0"},"down":{"uv":[0,0,16,16],"texture":"#0"}}},{"from":[16,8,16],"to":[0,8,0],"rotation":{"angle":0,"axis":"y","origin":[8,5.5,8]},"faces":{"up":{"uv":[0,0,16,16],"texture":"#0"},"down":{"uv":[0,0,16,16],"texture":"#0"}}},{"from":[16,10,16],"to":[0,10,0],"rotation":{"angle":0,"axis":"y","origin":[8,5.5,8]},"faces":{"up":{"uv":[0,0,16,16],"texture":"#0"},"down":{"uv":[0,0,16,16],"texture":"#0"}}},{"from":[16,6,16],"to":[0,6,0],"rotation":{"angle":0,"axis":"y","origin":[8,5.5,8]},"faces":{"up":{"uv":[0,0,16,16],"texture":"#0"},"down":{"uv":[0,0,16,16],"texture":"#0"}}},{"from":[16,7.5,16],"to":[0,7.5,0],"rotation":{"angle":0,"axis":"y","origin":[8,5.5,8]},"faces":{"up":{"uv":[0,0,16,16],"texture":"#0"},"down":{"uv":[0,0,16,16],"texture":"#0"}}},{"from":[16,9.5,16],"to":[0,9.5,0],"rotation":{"angle":0,"axis":"y","origin":[8,5.5,8]},"faces":{"up":{"uv":[0,0,16,16],"texture":"#0"},"down":{"uv":[0,0,16,16],"texture":"#0"}}},{"from":[16,16,7],"to":[0,0,7],"faces":{"north":{"uv":[0,0,16,16],"rotation":180,"texture":"#0"},"south":{"uv":[0,0,16,16],"texture":"#0"}}},{"from":[16,16,9],"to":[0,0,9],"faces":{"north":{"uv":[0,0,16,16],"rotation":180,"texture":"#0"},"south":{"uv":[0,0,16,16],"texture":"#0"}}},{"from":[16,16,7.5],"to":[0,0,7.5],"faces":{"north":{"uv":[0,0,16,16],"rotation":180,"texture":"#0"},"south":{"uv":[0,0,16,16],"texture":"#0"}}},{"from":[16,16,9.5],"to":[0,0,9.5],"faces":{"north":{"uv":[0,0,16,16],"rotation":180,"texture":"#0"},"south":{"uv":[0,0,16,16],"texture":"#0"}}},{"from":[16,16,6.5],"to":[0,0,6.5],"faces":{"north":{"uv":[0,0,16,16],"rotation":180,"texture":"#0"},"south":{"uv":[0,0,16,16],"texture":"#0"}}},{"from":[16,16,8.5],"to":[0,0,8.5],"faces":{"north":{"uv":[0,0,16,16],"rotation":180,"texture":"#0"},"south":{"uv":[0,0,16,16],"texture":"#0"}}},{"from":[16,16,8],"to":[0,0,8],"faces":{"north":{"uv":[0,0,16,16],"rotation":180,"texture":"#0"},"south":{"uv":[0,0,16,16],"texture":"#0"}}},{"from":[16,16,10],"to":[0,0,10],"faces":{"north":{"uv":[0,0,16,16],"rotation":180,"texture":"#0"},"south":{"uv":[0,0,16,16],"texture":"#0"}}},{"from":[16,16,6],"to":[0,0,6],"faces":{"north":{"uv":[0,0,16,16],"rotation":180,"texture":"#0"},"south":{"uv":[0,0,16,16],"texture":"#0"}}},{"from":[7,16,16],"to":[7,0,0],"faces":{"east":{"uv":[0,0,16,16],"texture":"#0"},"west":{"uv":[0,0,16,16],"rotation":180,"texture":"#0"}}},{"from":[9,16,16],"to":[9,0,0],"faces":{"east":{"uv":[0,0,16,16],"texture":"#0"},"west":{"uv":[0,0,16,16],"rotation":180,"texture":"#0"}}},{"from":[7.5,16,16],"to":[7.5,0,0],"faces":{"east":{"uv":[0,0,16,16],"texture":"#0"},"west":{"uv":[0,0,16,16],"rotation":180,"texture":"#0"}}},{"from":[9.5,16,16],"to":[9.5,0,0],"faces":{"east":{"uv":[0,0,16,16],"texture":"#0"},"west":{"uv":[0,0,16,16],"rotation":180,"texture":"#0"}}},{"from":[6.5,16,16],"to":[6.5,0,0],"faces":{"east":{"uv":[0,0,16,16],"texture":"#0"},"west":{"uv":[0,0,16,16],"rotation":180,"texture":"#0"}}},{"from":[8.5,16,16],"to":[8.5,0,0],"faces":{"east":{"uv":[0,0,16,16],"texture":"#0"},"west":{"uv":[0,0,16,16],"rotation":180,"texture":"#0"}}},{"from":[8,16,16],"to":[8,0,0],"faces":{"east":{"uv":[0,0,16,16],"texture":"#0"},"west":{"uv":[0,0,16,16],"rotation":180,"texture":"#0"}}},{"from":[10,16,16],"to":[10,0,0],"faces":{"east":{"uv":[0,0,16,16],"texture":"#0"},"west":{"uv":[0,0,16,16],"rotation":180,"texture":"#0"}}},{"from":[6,16,16],"to":[6,0,0],"faces":{"east":{"uv":[0,0,16,16],"texture":"#0"},"west":{"uv":[0,0,16,16],"rotation":180,"texture":"#0"}}}],"display":{"head":{"scale":[3.1,3.1,3.1]}}}