{"credit":"thebradqq's guns","ambientocclusion":false,"textures":{"0":"misc/handle","1":"misc/border","particle":"misc/handle"},"elements":[{"from":[-1.75,4.46758,4.75],"to":[11.25,5.46758,11.25],"rotation":{"angle":0,"axis":"y","origin":[6.75,8.13179,8]},"faces":{"east":{"uv":[13,0,15,8],"rotation":90,"texture":"#0"},"west":{"uv":[12,0,14,8],"rotation":90,"texture":"#0"},"up":{"uv":[5,2,12,4],"texture":"#0"},"down":{"uv":[15,4,16,3],"rotation":270,"texture":"#0"}}},{"from":[-1.31256,-7.3743,5.5],"to":[0.18744,-3.8743,10.5],"rotation":{"angle":-22.5,"axis":"z","origin":[20.18744,-2.3743,8]},"faces":{"north":{"uv":[12,9,16,8],"rotation":270,"texture":"#0"},"south":{"uv":[12,9,16,8],"rotation":270,"texture":"#0"},"west":{"uv":[0,0,5,4],"rotation":270,"texture":"#0"},"down":{"uv":[0,1,4,3],"texture":"#0"}}},{"from":[0.33745,6.59626,6.25],"to":[8.63745,10.79626,9.75],"rotation":{"angle":22.5,"axis":"z","origin":[20.18744,-2.3743,7.75]},"faces":{"north":{"uv":[0,12,4.2,16],"rotation":90,"texture":"#0"},"south":{"uv":[0,16,4.2,12],"rotation":90,"texture":"#0"},"up":{"uv":[9,0,12.5,8.3],"rotation":90,"texture":"#0"},"down":{"uv":[5,8,7.3,15.5],"texture":"#0"}}},{"from":[-1.4074,-5.90021,6.245],"to":[0.3926,-1.40021,9.755],"rotation":{"angle":45,"axis":"z","origin":[-5.74232,-3.92803,7.995]},"faces":{"north":{"uv":[0,11,4.5,14],"rotation":90,"texture":"#0"},"south":{"uv":[0,11,4.5,14],"rotation":90,"texture":"#0"},"up":{"uv":[9,6,12.5,8.8],"rotation":90,"texture":"#0"},"down":{"uv":[5,9,7.8,12.5],"texture":"#0"}}},{"from":[-4.86622,-6.98204,6.25],"to":[-0.16622,-0.18204,9.75],"rotation":{"angle":-22.5,"axis":"z","origin":[-1.88348,-0.63846,8]},"faces":{"north":{"uv":[4.7,4,0,11.8],"rotation":180,"texture":"#0"},"east":{"uv":[8.5,4,5,11.8],"texture":"#0"},"south":{"uv":[4.7,4,0,11.8],"rotation":180,"texture":"#0"},"west":{"uv":[12.5,8,9,15.8],"texture":"#0"},"down":{"uv":[0,3.5,4.7,0],"texture":"#0"}}},{"from":[-0.25,0.66758,5.5],"to":[11.25,4.46758,10.5],"rotation":{"angle":0,"axis":"y","origin":[6.75,2.56758,8]},"faces":{"north":{"uv":[12,0,16,9],"rotation":270,"texture":"#0"},"east":{"uv":[12,5,16,8.8],"rotation":90,"texture":"#0"},"south":{"uv":[12,9,16,0],"rotation":270,"texture":"#0"},"down":{"uv":[0,1,4,3],"texture":"#0"}}},{"from":[-3.25,3.46758,4.5],"to":[12.75,4.96758,6],"rotation":{"angle":0,"axis":"y","origin":[6.75,3.56758,8]},"faces":{"north":{"uv":[12,0,14,8.5],"rotation":90,"texture":"#0"},"east":{"uv":[13,13,16,16],"rotation":90,"texture":"#0"},"south":{"uv":[12,0,14,8.5],"rotation":90,"texture":"#0"},"west":{"uv":[1,9,4,12],"rotation":90,"texture":"#0"},"up":{"uv":[10,0,12,8.5],"rotation":90,"texture":"#0"},"down":{"uv":[14,0,16,8.5],"rotation":90,"texture":"#0"}}},{"from":[-1.75,10.796,4.75],"to":[12.841,11.796,11.25],"rotation":{"angle":0,"axis":"y","origin":[6.75,8.13179,8]},"faces":{"east":{"uv":[12,0,14,8],"rotation":90,"texture":"#0"},"west":{"uv":[12,0,14,8],"rotation":90,"texture":"#0"},"up":{"uv":[12,7,9,16],"rotation":90,"texture":"#0"},"down":{"uv":[5,0,12,1],"texture":"#0"}}},{"from":[-1.751,12.02088,6.29289],"to":[12.839,13.02088,8.29289],"rotation":{"angle":-45,"axis":"x","origin":[6.75,8.13179,8]},"faces":{"east":{"uv":[12,0,14,2],"rotation":90,"texture":"#0"},"west":{"uv":[12,0,14,2],"rotation":90,"texture":"#0"},"up":{"uv":[13,4,11,13],"rotation":90,"texture":"#0"},"down":{"uv":[5,0,12,1],"texture":"#0"}}},{"from":[-1.751,3.2427,6.29289],"to":[11.249,4.2427,8.29289],"rotation":{"angle":45,"axis":"x","origin":[6.75,8.13179,8]},"faces":{"east":{"uv":[13,1,15,3],"rotation":90,"texture":"#0"},"west":{"uv":[13,3,15,1],"rotation":90,"texture":"#0"},"up":{"uv":[5,2,12,3],"texture":"#0"},"down":{"uv":[14,0,16,8],"rotation":270,"texture":"#0"}}},{"from":[-1.75,5.88179,3.33579],"to":[11.25,10.38179,4.33579],"rotation":{"angle":0,"axis":"x","origin":[6.75,8.13179,8]},"faces":{"north":{"uv":[12,0,15,8],"rotation":90,"texture":"#0"},"south":{"uv":[5,1,12,3],"texture":"#0"},"west":{"uv":[12,9,14,7],"rotation":90,"texture":"#0"}}},{"from":[10.50482,5.91031,3.337],"to":[12.2269,10.06777,4.337],"rotation":{"angle":-22.5,"axis":"z","origin":[11.66676,8.35165,3.83579]},"faces":{"north":{"uv":[12,0,15,1],"rotation":90,"texture":"#0"},"east":{"uv":[12,7,14,9],"rotation":90,"texture":"#0"},"south":{"uv":[5,1,12,3],"texture":"#0"}}},{"from":[11.25,9.72278,3.337],"to":[12.84099,10.38179,4.337],"rotation":{"angle":0,"axis":"z","origin":[12.61104,10.05229,3.83579]},"faces":{"north":{"uv":[12,0,13,1],"rotation":90,"texture":"#0"},"east":{"uv":[12,7,14,5],"rotation":180,"texture":"#0"},"south":{"uv":[5,1,12,2],"texture":"#0"}}},{"from":[11.25,9.72278,11.663],"to":[12.84099,10.38179,12.663],"rotation":{"angle":0,"axis":"z","origin":[12.61104,10.05229,12.16421]},"faces":{"north":{"uv":[5,1,12,2],"texture":"#0"},"east":{"uv":[12,7,14,5],"texture":"#0"},"south":{"uv":[12,0,13,1],"rotation":90,"texture":"#0"}}},{"from":[10.50482,5.91031,11.663],"to":[12.2269,10.06777,12.663],"rotation":{"angle":-22.5,"axis":"z","origin":[11.66676,8.35165,12.16421]},"faces":{"north":{"uv":[5,1,6.72208,5.15746],"texture":"#0"},"east":{"uv":[12,9,14,7],"rotation":90,"texture":"#0"},"south":{"uv":[12,0,15,1],"rotation":90,"texture":"#0"}}},{"from":[-1.75,5.88179,11.66421],"to":[11.25,10.38179,12.66421],"rotation":{"angle":0,"axis":"x","origin":[6.75,8.13179,8]},"faces":{"north":{"uv":[5,1,12,3],"texture":"#0"},"south":{"uv":[12,0,15,8],"rotation":90,"texture":"#0"},"west":{"uv":[12,7,14,9],"rotation":90,"texture":"#0"}}},{"from":[-1.751,12.02088,7.70711],"to":[12.839,13.02088,9.70711],"rotation":{"angle":45,"axis":"x","origin":[6.75,8.13179,8]},"faces":{"east":{"uv":[12,0,14,2],"rotation":90,"texture":"#0"},"west":{"uv":[12,0,14,2],"rotation":90,"texture":"#0"},"up":{"uv":[13,4,11,13],"rotation":270,"texture":"#0"},"down":{"uv":[5,0,12,1],"texture":"#0"}}},{"from":[-1.751,3.2427,7.70711],"to":[11.249,4.2427,9.70711],"rotation":{"angle":-45,"axis":"x","origin":[6.75,8.13179,8]},"faces":{"east":{"uv":[13,3,15,1],"rotation":90,"texture":"#0"},"west":{"uv":[13,1,15,3],"rotation":90,"texture":"#0"},"up":{"uv":[5,2,12,3],"texture":"#0"},"down":{"uv":[14,0,16,8],"rotation":90,"texture":"#0"}}},{"from":[9.75,5.36758,4.15],"to":[10.25,10.96758,11.85],"rotation":{"angle":0,"axis":"y","origin":[6.75,8.13179,8]},"faces":{"west":{"uv":[0,0,0.438,0.438],"rotation":90,"texture":"#1"}}}],"display":{"thirdperson_righthand":{"rotation":[0,90,0],"translation":[0,2.25,-3],"scale":[0.4,0.4,0.4]},"thirdperson_lefthand":{"rotation":[123,90,0],"translation":[-1.5,-5.75,5.5],"scale":[0.4,0.4,0.4]},"firstperson_righthand":{"rotation":[0,90,0],"translation":[-0.5,3.75,-7],"scale":[0.8,0.8,0.8]},"firstperson_lefthand":{"scale":[0,0,0]},"ground":{"translation":[0,10,0],"scale":[0.8,0.8,0.8]},"gui":{"rotation":[0,0,30],"translation":[1.75,6,0],"scale":[0.8,0.8,0.8]},"head":{"rotation":[0,90,0],"scale":[0.8,0.8,0.8]},"fixed":{"translation":[2.75,4,-3.75],"scale":[0.8,0.8,0.8]}}}