{
	"credit": "Made with Blockbench",
	"textures": {
		"0": "custom/ship",
		"particle": "custom/ship"
	},
	"elements": [
		{
			"from": [-16, 8, 7],
			"to": [-8, 16, 15],
			"rotation": {"angle": 0, "axis": "y", "origin": [-13.5, 10.5, 7.5]},
			"faces": {
				"north": {"uv": [6, 1, 10.5, 5.5], "texture": "#0"},
				"east": {"uv": [1, 11.5, 5.5, 15.5], "texture": "#0"},
				"south": {"uv": [1, 11.5, 5.5, 15.5], "texture": "#0"},
				"west": {"uv": [1, 11.5, 5.5, 15.5], "texture": "#0"},
				"up": {"uv": [1, 11.5, 5.5, 15.5], "texture": "#0"},
				"down": {"uv": [1, 11.5, 5.5, 15.5], "texture": "#0"}
			}
		},
		{
			"from": [24, 8, 7],
			"to": [32, 16, 15],
			"rotation": {"angle": 0, "axis": "y", "origin": [26.5, 10.5, 7.5]},
			"faces": {
				"north": {"uv": [6, 1, 10.5, 5.5], "texture": "#0"},
				"east": {"uv": [1, 11.5, 5.5, 15.5], "texture": "#0"},
				"south": {"uv": [1, 11.5, 5.5, 15.5], "texture": "#0"},
				"west": {"uv": [1, 11.5, 5.5, 15.5], "texture": "#0"},
				"up": {"uv": [1, 11.5, 5.5, 15.5], "texture": "#0"},
				"down": {"uv": [1, 11.5, 5.5, 15.5], "texture": "#0"}
			}
		},
		{
			"from": [31, 8, 5],
			"to": [32, 16, 7],
			"rotation": {"angle": 0, "axis": "y", "origin": [26.5, 10.5, 7.5]},
			"faces": {
				"north": {"uv": [6, 1, 6.5, 5.5], "texture": "#0"},
				"east": {"uv": [6, 1, 6.5, 5.5], "texture": "#0"},
				"south": {"uv": [6, 1, 6.5, 5.5], "texture": "#0"},
				"west": {"uv": [12.5, 1.5, 13.5, 4], "texture": "#0"},
				"up": {"uv": [6, 1, 6.5, 1.5], "texture": "#0"},
				"down": {"uv": [6, 5, 6.5, 5.5], "texture": "#0"}
			}
		},
		{
			"from": [25, 8, 5],
			"to": [31, 9, 7],
			"rotation": {"angle": 0, "axis": "y", "origin": [25.5, 10.5, 7.5]},
			"faces": {
				"north": {"uv": [6.5, 5, 10, 5.5], "texture": "#0"},
				"east": {"uv": [6, 1, 6.5, 5.5], "texture": "#0"},
				"south": {"uv": [6, 1, 6.5, 5.5], "texture": "#0"},
				"west": {"uv": [6, 1, 6.5, 5.5], "texture": "#0"},
				"up": {"uv": [12.5, 1.5, 15, 2.5], "texture": "#0"},
				"down": {"uv": [6, 5, 6.5, 5.5], "texture": "#0"}
			}
		},
		{
			"from": [25, 15, 5],
			"to": [31, 16, 7],
			"rotation": {"angle": 0, "axis": "y", "origin": [28, 15.5, 6]},
			"faces": {
				"north": {"uv": [6.5, 5, 10, 5.5], "texture": "#0"},
				"east": {"uv": [6, 1, 6.5, 5.5], "texture": "#0"},
				"south": {"uv": [6, 1, 6.5, 5.5], "texture": "#0"},
				"west": {"uv": [6, 1, 6.5, 5.5], "texture": "#0"},
				"up": {"uv": [6, 1, 6.5, 1.5], "texture": "#0"},
				"down": {"uv": [12, 1.5, 15, 2.5], "texture": "#0"}
			}
		},
		{
			"from": [-15, 15, 5],
			"to": [-9, 16, 7],
			"rotation": {"angle": 0, "axis": "y", "origin": [-12, 15.5, 6]},
			"faces": {
				"north": {"uv": [6.5, 5, 10, 5.5], "texture": "#0"},
				"east": {"uv": [6, 1, 6.5, 5.5], "texture": "#0"},
				"south": {"uv": [6, 1, 6.5, 5.5], "texture": "#0"},
				"west": {"uv": [6, 1, 6.5, 5.5], "texture": "#0"},
				"up": {"uv": [6, 1, 6.5, 1.5], "texture": "#0"},
				"down": {"uv": [12, 1.5, 15, 2.5], "texture": "#0"}
			}
		},
		{
			"from": [-15, 8, 5],
			"to": [-9, 9, 7],
			"rotation": {"angle": 0, "axis": "y", "origin": [-12, 8.5, 6]},
			"faces": {
				"north": {"uv": [6.5, 5, 10, 5.5], "texture": "#0"},
				"east": {"uv": [6, 1, 6.5, 5.5], "texture": "#0"},
				"south": {"uv": [6, 1, 6.5, 5.5], "texture": "#0"},
				"west": {"uv": [6, 1, 6.5, 5.5], "texture": "#0"},
				"up": {"uv": [12.5, 2, 15, 3], "texture": "#0"},
				"down": {"uv": [6, 5, 6.5, 5.5], "texture": "#0"}
			}
		},
		{
			"from": [24, 8, 5],
			"to": [25, 16, 7],
			"rotation": {"angle": 0, "axis": "y", "origin": [24.5, 12, 6]},
			"faces": {
				"north": {"uv": [6, 1, 6.5, 5.5], "texture": "#0"},
				"east": {"uv": [12, 1.5, 13, 4], "texture": "#0"},
				"south": {"uv": [6, 1, 6.5, 5.5], "texture": "#0"},
				"west": {"uv": [6, 1, 6.5, 5.5], "texture": "#0"},
				"up": {"uv": [6, 1, 6.5, 1.5], "texture": "#0"},
				"down": {"uv": [6, 5, 6.5, 5.5], "texture": "#0"}
			}
		},
		{
			"from": [-9, 8, 5],
			"to": [-8, 16, 7],
			"rotation": {"angle": 0, "axis": "y", "origin": [-8.5, 12, 6]},
			"faces": {
				"north": {"uv": [6, 1, 6.5, 5.5], "texture": "#0"},
				"east": {"uv": [6, 1, 6.5, 5.5], "texture": "#0"},
				"south": {"uv": [6, 1, 6.5, 5.5], "texture": "#0"},
				"west": {"uv": [12.5, 1.5, 13.5, 4], "texture": "#0"},
				"up": {"uv": [6, 1, 6.5, 1.5], "texture": "#0"},
				"down": {"uv": [6, 5, 6.5, 5.5], "texture": "#0"}
			}
		},
		{
			"from": [-16, 8, 5],
			"to": [-15, 16, 7],
			"rotation": {"angle": 0, "axis": "y", "origin": [-15.5, 12, 6]},
			"faces": {
				"north": {"uv": [6, 1, 6.5, 5.5], "texture": "#0"},
				"east": {"uv": [12.5, 1.5, 13.5, 4], "texture": "#0"},
				"south": {"uv": [6, 1, 6.5, 5.5], "texture": "#0"},
				"west": {"uv": [6, 1, 6.5, 5.5], "texture": "#0"},
				"up": {"uv": [6, 1, 6.5, 1.5], "texture": "#0"},
				"down": {"uv": [6, 5, 6.5, 5.5], "texture": "#0"}
			}
		},
		{
			"from": [-8, 10, 7],
			"to": [24, 13, 14],
			"rotation": {"angle": 0, "axis": "y", "origin": [18.5, 10.5, 7.5]},
			"faces": {
				"north": {"uv": [2, 11.5, 5, 15], "texture": "#0"},
				"east": {"uv": [2, 11.5, 5, 15], "texture": "#0"},
				"south": {"uv": [2, 11.5, 5, 15], "texture": "#0"},
				"west": {"uv": [2, 11.5, 5, 15], "texture": "#0"},
				"up": {"uv": [2, 11.5, 5, 15], "texture": "#0"},
				"down": {"uv": [2, 11.5, 5, 15], "texture": "#0"}
			}
		},
		{
			"from": [10, 9, -2],
			"to": [15, 12, 11],
			"rotation": {"angle": 22.5, "axis": "y", "origin": [11.5, 10.5, 3.5]},
			"faces": {
				"north": {"uv": [2, 11.5, 5, 15], "texture": "#0"},
				"east": {"uv": [8, 7, 15, 8.5], "texture": "#0"},
				"south": {"uv": [2, 11.5, 5, 15], "texture": "#0"},
				"west": {"uv": [2, 11.5, 5, 15], "texture": "#0"},
				"up": {"uv": [15, 7, 8, 8.5], "rotation": 90, "texture": "#0"},
				"down": {"uv": [8, 8.5, 15, 7], "rotation": 90, "texture": "#0"}
			}
		},
		{
			"from": [1, 9, -2],
			"to": [6, 12, 11],
			"rotation": {"angle": -22.5, "axis": "y", "origin": [4.5, 10.5, 3.5]},
			"faces": {
				"north": {"uv": [2, 11.5, 5, 15], "texture": "#0"},
				"east": {"uv": [2, 11.5, 5, 15], "texture": "#0"},
				"south": {"uv": [2, 11.5, 5, 15], "texture": "#0"},
				"west": {"uv": [14.5, 7, 8, 8.5], "texture": "#0"},
				"up": {"uv": [8, 7, 14.5, 8.5], "rotation": 270, "texture": "#0"},
				"down": {"uv": [8, 7, 14.5, 8.5], "rotation": 90, "texture": "#0"}
			}
		},
		{
			"from": [-4, 9, 7.5],
			"to": [4, 12, 13.5],
			"rotation": {"angle": -22.5, "axis": "z", "origin": [-2, 10.5, 10.5]},
			"faces": {
				"north": {"uv": [2, 11.5, 5, 15], "texture": "#0"},
				"east": {"uv": [2, 11.5, 5, 15], "texture": "#0"},
				"south": {"uv": [2, 11.5, 5, 15], "texture": "#0"},
				"west": {"uv": [2, 11.5, 5, 15], "texture": "#0"},
				"up": {"uv": [2, 11.5, 5, 15], "texture": "#0"},
				"down": {"uv": [2, 11.5, 5, 15], "texture": "#0"}
			}
		},
		{
			"from": [12, 9, 7.5],
			"to": [20, 12, 13.5],
			"rotation": {"angle": 22.5, "axis": "z", "origin": [18, 10.5, 10.5]},
			"faces": {
				"north": {"uv": [2, 11.5, 5, 15], "texture": "#0"},
				"east": {"uv": [2, 11.5, 5, 15], "texture": "#0"},
				"south": {"uv": [2, 11.5, 5, 15], "texture": "#0"},
				"west": {"uv": [2, 11.5, 5, 15], "texture": "#0"},
				"up": {"uv": [2, 11.5, 5, 15], "texture": "#0"},
				"down": {"uv": [2, 11.5, 5, 15], "texture": "#0"}
			}
		},
		{
			"from": [3, 0, -1],
			"to": [14, 10, 16],
			"rotation": {"angle": 0, "axis": "y", "origin": [8.5, 8.5, 10.5]},
			"faces": {
				"north": {"uv": [2, 11.5, 5, 15], "texture": "#0"},
				"east": {"uv": [15.5, 7, 6.5, 12.5], "texture": "#0"},
				"south": {"uv": [2, 11.5, 5, 15], "texture": "#0"},
				"west": {"uv": [6.5, 7, 15.5, 12.5], "texture": "#0"},
				"up": {"uv": [2, 11.5, 5, 15], "texture": "#0"},
				"down": {"uv": [2, 11.5, 5, 15], "texture": "#0"}
			}
		},
		{
			"from": [3.5, 0, 14],
			"to": [13.5, 10, 21],
			"rotation": {"angle": 22.5, "axis": "x", "origin": [8.5, 5, 18.5]},
			"faces": {
				"north": {"uv": [2, 11.5, 5, 15], "texture": "#0"},
				"east": {"uv": [2, 11.5, 5, 15], "texture": "#0"},
				"south": {"uv": [2, 11.5, 5, 15], "texture": "#0"},
				"west": {"uv": [2, 11.5, 5, 15], "texture": "#0"},
				"up": {"uv": [2, 11.5, 5, 15], "texture": "#0"},
				"down": {"uv": [2, 11.5, 5, 15], "texture": "#0"}
			}
		},
		{
			"from": [3.5, 0, -5],
			"to": [13.5, 13, -1],
			"rotation": {"angle": 0, "axis": "y", "origin": [8.5, 8.5, 10.5]},
			"faces": {
				"north": {"uv": [1, 5, 4, 10.5], "texture": "#0"},
				"east": {"uv": [2, 11.5, 5, 15], "texture": "#0"},
				"south": {"uv": [2, 11.5, 5, 15], "texture": "#0"},
				"west": {"uv": [2, 11.5, 5, 15], "texture": "#0"},
				"up": {"uv": [2, 11.5, 5, 15], "texture": "#0"},
				"down": {"uv": [2, 11.5, 5, 15], "texture": "#0"}
			}
		},
		{
			"from": [1, 5, -2],
			"to": [16, 10, 2],
			"rotation": {"angle": 0, "axis": "y", "origin": [8.5, 8.5, 13.5]},
			"faces": {
				"north": {"uv": [11.5, 1.5, 15, 4], "texture": "#0"},
				"east": {"uv": [11.5, 1.5, 15, 4], "texture": "#0"},
				"south": {"uv": [11.5, 1.5, 15, 4], "texture": "#0"},
				"west": {"uv": [11.5, 1.5, 15, 4], "texture": "#0"},
				"up": {"uv": [11.5, 1.5, 15, 4], "texture": "#0"},
				"down": {"uv": [11.5, 1.5, 15, 4], "texture": "#0"}
			}
		},
		{
			"from": [14, 7, -7],
			"to": [15, 8, -2],
			"rotation": {"angle": 0, "axis": "y", "origin": [8.5, 8.5, 9.5]},
			"faces": {
				"north": {"uv": [11.5, 1.5, 15, 4], "texture": "#0"},
				"east": {"uv": [11.5, 1.5, 15, 4], "texture": "#0"},
				"south": {"uv": [11.5, 1.5, 15, 4], "texture": "#0"},
				"west": {"uv": [11.5, 1.5, 15, 4], "texture": "#0"},
				"up": {"uv": [11.5, 1.5, 15, 4], "texture": "#0"},
				"down": {"uv": [11.5, 1.5, 15, 4], "texture": "#0"}
			}
		},
		{
			"from": [2, 7, -7],
			"to": [3, 8, -2],
			"rotation": {"angle": 0, "axis": "y", "origin": [2.5, 7.5, -4.5]},
			"faces": {
				"north": {"uv": [11.5, 1.5, 15, 4], "texture": "#0"},
				"east": {"uv": [11.5, 1.5, 15, 4], "texture": "#0"},
				"south": {"uv": [11.5, 1.5, 15, 4], "texture": "#0"},
				"west": {"uv": [11.5, 1.5, 15, 4], "texture": "#0"},
				"up": {"uv": [11.5, 1.5, 15, 4], "texture": "#0"},
				"down": {"uv": [11.5, 1.5, 15, 4], "texture": "#0"}
			}
		},
		{
			"from": [9.6, 0, -6],
			"to": [11.6, 2, -5],
			"rotation": {"angle": 0, "axis": "y", "origin": [8.5, 8.5, 10.5]},
			"faces": {
				"north": {"uv": [7, 13.5, 8.5, 15], "texture": "#0"},
				"east": {"uv": [7, 13.5, 7.5, 15], "texture": "#0"},
				"south": {"uv": [7, 13.5, 7.5, 15], "texture": "#0"},
				"west": {"uv": [7, 13.5, 7.5, 15], "texture": "#0"},
				"up": {"uv": [7, 13.5, 7.5, 15], "texture": "#0"},
				"down": {"uv": [7, 13.5, 7.5, 15], "texture": "#0"}
			}
		},
		{
			"from": [5.4, 0, -6],
			"to": [7.4, 2, -5],
			"rotation": {"angle": 0, "axis": "y", "origin": [4.5, 8.5, 10.5]},
			"faces": {
				"north": {"uv": [7, 13.5, 8.5, 15], "texture": "#0"},
				"east": {"uv": [7, 13.5, 7.5, 15], "texture": "#0"},
				"south": {"uv": [7, 13.5, 7.5, 15], "texture": "#0"},
				"west": {"uv": [7, 13.5, 7.5, 15], "texture": "#0"},
				"up": {"uv": [7, 13.5, 7.5, 15], "texture": "#0"},
				"down": {"uv": [7, 13.5, 7.5, 15], "texture": "#0"}
			}
		},
		{
			"from": [7, 13.79289, -4.79289],
			"to": [10, 13.79289, 0.20711],
			"rotation": {"angle": -22.5, "axis": "x", "origin": [8.5, 13.79289, -2.29289]},
			"faces": {
				"north": {"uv": [4, 5, 6, 10.5], "rotation": 180, "texture": "#0"},
				"east": {"uv": [4, 5, 6, 10.5], "rotation": 270, "texture": "#0"},
				"south": {"uv": [4, 5, 6, 10.5], "texture": "#0"},
				"west": {"uv": [4, 5, 6, 10.5], "rotation": 90, "texture": "#0"},
				"up": {"uv": [1.5, 2, 4, 4.5], "rotation": 180, "texture": "#0"},
				"down": {"uv": [4, 5, 6, 10.5], "texture": "#0"}
			}
		},
		{
			"from": [11, 13.79289, -4.79289],
			"to": [12, 13.79289, 0.20711],
			"rotation": {"angle": -22.5, "axis": "x", "origin": [11.5, 13.79289, -2.29289]},
			"faces": {
				"north": {"uv": [4, 5, 6, 10.5], "rotation": 180, "texture": "#0"},
				"east": {"uv": [4, 5, 6, 10.5], "rotation": 270, "texture": "#0"},
				"south": {"uv": [4, 5, 6, 10.5], "texture": "#0"},
				"west": {"uv": [4, 5, 6, 10.5], "rotation": 90, "texture": "#0"},
				"up": {"uv": [1.5, 2, 4, 4.5], "rotation": 180, "texture": "#0"},
				"down": {"uv": [4, 5, 6, 10.5], "texture": "#0"}
			}
		},
		{
			"from": [5, 13.79289, -4.79289],
			"to": [6, 13.79289, 0.20711],
			"rotation": {"angle": -22.5, "axis": "x", "origin": [5.5, 13.79289, -2.29289]},
			"faces": {
				"north": {"uv": [4, 5, 6, 10.5], "rotation": 180, "texture": "#0"},
				"east": {"uv": [4, 5, 6, 10.5], "rotation": 270, "texture": "#0"},
				"south": {"uv": [4, 5, 6, 10.5], "texture": "#0"},
				"west": {"uv": [4, 5, 6, 10.5], "rotation": 90, "texture": "#0"},
				"up": {"uv": [1.5, 2, 4, 4.5], "rotation": 180, "texture": "#0"},
				"down": {"uv": [4, 5, 6, 10.5], "texture": "#0"}
			}
		},
		{
			"from": [6, 12.93934, -4.43934],
			"to": [7, 13.93934, 0.56066],
			"rotation": {"angle": -22.5, "axis": "x", "origin": [6.5, 13.43934, -1.93934]},
			"faces": {
				"north": {"uv": [2, 12, 4.5, 14.5], "rotation": 180, "texture": "#0"},
				"east": {"uv": [2, 12, 4.5, 14.5], "rotation": 270, "texture": "#0"},
				"south": {"uv": [2, 12, 4.5, 14.5], "texture": "#0"},
				"west": {"uv": [2, 12, 4.5, 14.5], "rotation": 90, "texture": "#0"},
				"up": {"uv": [2, 12, 4.5, 14.5], "rotation": 180, "texture": "#0"},
				"down": {"uv": [2, 12, 4.5, 14.5], "texture": "#0"}
			}
		},
		{
			"from": [4, 12.93934, 0.56066],
			"to": [13, 13.93934, 1.56066],
			"rotation": {"angle": -22.5, "axis": "x", "origin": [5.5, 13.43934, -1.93934]},
			"faces": {
				"north": {"uv": [2, 12, 4.5, 14.5], "rotation": 180, "texture": "#0"},
				"east": {"uv": [2, 12, 4.5, 14.5], "rotation": 270, "texture": "#0"},
				"south": {"uv": [2, 12, 4.5, 14.5], "texture": "#0"},
				"west": {"uv": [2, 12, 4.5, 14.5], "rotation": 90, "texture": "#0"},
				"up": {"uv": [2, 12, 4.5, 14.5], "rotation": 180, "texture": "#0"},
				"down": {"uv": [2, 12, 4.5, 14.5], "texture": "#0"}
			}
		},
		{
			"from": [4, 12.08739, 3.3323],
			"to": [13, 15.08739, 13.3323],
			"rotation": {"angle": 0, "axis": "x", "origin": [8.5, 14.58739, 3.8323]},
			"faces": {
				"north": {"uv": [2, 12, 4.5, 14.5], "rotation": 180, "texture": "#0"},
				"east": {"uv": [2, 12, 4.5, 14.5], "rotation": 270, "texture": "#0"},
				"south": {"uv": [2, 12, 4.5, 14.5], "texture": "#0"},
				"west": {"uv": [2, 12, 4.5, 14.5], "rotation": 90, "texture": "#0"},
				"up": {"uv": [2, 12, 4.5, 14.5], "rotation": 180, "texture": "#0"},
				"down": {"uv": [2, 12, 4.5, 14.5], "texture": "#0"}
			}
		},
		{
			"from": [4.1, 11.9, 1],
			"to": [12.9, 14.9, 3.5],
			"rotation": {"angle": 0, "axis": "x", "origin": [8.5, 14.58739, 1.8323]},
			"faces": {
				"north": {"uv": [5.5, 9.5, 8, 12], "rotation": 180, "texture": "#0"},
				"east": {"uv": [1.5, 2, 4, 4.5], "rotation": 180, "texture": "#0"},
				"south": {"uv": [5.5, 9.5, 8, 12], "rotation": 180, "texture": "#0"},
				"west": {"uv": [1.5, 2, 4, 4.5], "rotation": 180, "texture": "#0"},
				"up": {"uv": [1.5, 2, 4, 4.5], "rotation": 180, "texture": "#0"},
				"down": {"uv": [5.5, 9.5, 8, 12], "rotation": 180, "texture": "#0"}
			}
		},
		{
			"from": [5, 10.08739, 10.3323],
			"to": [12, 13.08739, 20.3323],
			"rotation": {"angle": 22.5, "axis": "x", "origin": [8.5, 11.58739, 15.3323]},
			"faces": {
				"north": {"uv": [2, 12, 4.5, 14.5], "rotation": 180, "texture": "#0"},
				"east": {"uv": [2, 12, 4.5, 14.5], "rotation": 270, "texture": "#0"},
				"south": {"uv": [2, 12, 4.5, 14.5], "texture": "#0"},
				"west": {"uv": [2, 12, 4.5, 14.5], "rotation": 90, "texture": "#0"},
				"up": {"uv": [2, 12, 4.5, 14.5], "rotation": 180, "texture": "#0"},
				"down": {"uv": [2, 12, 4.5, 14.5], "texture": "#0"}
			}
		},
		{
			"from": [12, 6.93934, 0.56066],
			"to": [13, 10.93934, 2.56066],
			"rotation": {"angle": -22.5, "axis": "x", "origin": [5.5, 13.43934, -1.93934]},
			"faces": {
				"north": {"uv": [2, 12, 4.5, 14.5], "rotation": 180, "texture": "#0"},
				"east": {"uv": [2, 12, 4.5, 14.5], "rotation": 270, "texture": "#0"},
				"south": {"uv": [2, 12, 4.5, 14.5], "texture": "#0"},
				"west": {"uv": [2, 12, 4.5, 14.5], "rotation": 90, "texture": "#0"},
				"up": {"uv": [2, 12, 4.5, 14.5], "rotation": 180, "texture": "#0"},
				"down": {"uv": [2, 12, 4.5, 14.5], "texture": "#0"}
			}
		},
		{
			"from": [4, 7.93934, 0.56066],
			"to": [5, 10.93934, 2.56066],
			"rotation": {"angle": -22.5, "axis": "x", "origin": [5.5, 13.43934, -1.93934]},
			"faces": {
				"north": {"uv": [2, 12, 4.5, 14.5], "rotation": 180, "texture": "#0"},
				"east": {"uv": [2, 12, 4.5, 14.5], "rotation": 270, "texture": "#0"},
				"south": {"uv": [2, 12, 4.5, 14.5], "texture": "#0"},
				"west": {"uv": [2, 12, 4.5, 14.5], "rotation": 90, "texture": "#0"},
				"up": {"uv": [2, 12, 4.5, 14.5], "rotation": 180, "texture": "#0"},
				"down": {"uv": [2, 12, 4.5, 14.5], "texture": "#0"}
			}
		},
		{
			"from": [10, 12.93934, -4.43934],
			"to": [11, 13.93934, 0.56066],
			"rotation": {"angle": -22.5, "axis": "x", "origin": [10.5, 13.43934, -1.93934]},
			"faces": {
				"north": {"uv": [2, 12, 4.5, 14.5], "rotation": 180, "texture": "#0"},
				"east": {"uv": [2, 12, 4.5, 14.5], "rotation": 270, "texture": "#0"},
				"south": {"uv": [2, 12, 4.5, 14.5], "texture": "#0"},
				"west": {"uv": [2, 12, 4.5, 14.5], "rotation": 90, "texture": "#0"},
				"up": {"uv": [2, 12, 4.5, 14.5], "rotation": 180, "texture": "#0"},
				"down": {"uv": [2, 12, 4.5, 14.5], "texture": "#0"}
			}
		},
		{
			"from": [12, 10.93934, -4.43934],
			"to": [13, 13.93934, 0.56066],
			"rotation": {"angle": -22.5, "axis": "x", "origin": [12.5, 13.43934, -1.93934]},
			"faces": {
				"north": {"uv": [2, 12, 4.5, 14.5], "rotation": 180, "texture": "#0"},
				"east": {"uv": [2, 12, 4.5, 14.5], "rotation": 270, "texture": "#0"},
				"south": {"uv": [2, 12, 4.5, 14.5], "texture": "#0"},
				"west": {"uv": [2, 12, 4.5, 14.5], "rotation": 90, "texture": "#0"},
				"up": {"uv": [2, 12, 4.5, 14.5], "rotation": 180, "texture": "#0"},
				"down": {"uv": [2, 12, 4.5, 14.5], "texture": "#0"}
			}
		},
		{
			"from": [4, 10.93934, -4.43934],
			"to": [5, 13.93934, 0.56066],
			"rotation": {"angle": -22.5, "axis": "x", "origin": [4.5, 13.43934, -1.93934]},
			"faces": {
				"north": {"uv": [2, 12, 4.5, 14.5], "rotation": 180, "texture": "#0"},
				"east": {"uv": [2, 12, 4.5, 14.5], "rotation": 270, "texture": "#0"},
				"south": {"uv": [2, 12, 4.5, 14.5], "texture": "#0"},
				"west": {"uv": [2, 12, 4.5, 14.5], "rotation": 90, "texture": "#0"},
				"up": {"uv": [2, 12, 4.5, 14.5], "rotation": 180, "texture": "#0"},
				"down": {"uv": [2, 12, 4.5, 14.5], "texture": "#0"}
			}
		}
	],
	"display": {
		"head": {
			"translation": [0, -3.25, 30.75],
			"scale": [4, 4, 4]
		}
	}
}