{
    "parent": "item/handheld",
    "textures": {
        "layer0": "item/stick"
    },
    "display": {
        "head": {
            "rotation": [ 0, 0, -45 ],
            "translation": [ 0, -4.5, -6.5],
            "scale":[ 1, 1, 1 ]
        }
    },
    "overrides": [
        {"predicate": {"custom_model_data": 1},"model": "item/gear/disc"},
        {"predicate": {"custom_model_data": 2},"model": "item/gear/full_disc"},
        {"predicate": {"custom_model_data": 3},"model": "item/gear/complete_disc"},

        {"predicate": {"custom_model_data": 4},"model": "item/yd"},
        {"predicate": {"custom_model_data": 5},"model": "item/yd_force"},
        {"predicate": {"custom_model_data": 6},"model": "item/yd_sleep"}		

		
		]
}
