{
	"credit": "Made with Blockbench",
	"textures": {
		"0": "custom/heads",
		"particle": "custom/heads"
	},
	"elements": [
		{
			"from": [3, 3, 3],
			"to": [11, 11, 11],
			"rotation": {"angle": 0, "axis": "y", "origin": [7, 7, 7]},
			"faces": {
				"north": {"uv": [2, 2, 4, 4], "texture": "#0"},
				"east": {"uv": [0, 2, 2, 4], "texture": "#0"},
				"south": {"uv": [2, 0, 4, 2], "texture": "#0"},
				"west": {"uv": [4, 2, 6, 4], "texture": "#0"},
				"up": {"uv": [2, 0, 4, 2], "texture": "#0"},
				"down": {"uv": [2, 0, 4, 2], "texture": "#0"}
			}
		},
		{
			"from": [2.75, 2.75, 2.75],
			"to": [11.25, 11.25, 11.25],
			"rotation": {"angle": 0, "axis": "y", "origin": [7, 7, 7]},
			"faces": {
				"north": {"uv": [10.25, 2, 12.25, 4], "texture": "#0"},
				"east": {"uv": [8.25, 2, 10.25, 4], "texture": "#0"},
				"south": {"uv": [6, 0, 8, 2], "texture": "#0"},
				"west": {"uv": [12.25, 2, 14.25, 4], "texture": "#0"},
				"up": {"uv": [6, 0, 8, 2], "texture": "#0"},
				"down": {"uv": [6, 0, 8, 2], "texture": "#0"}
			}
		}
	],
	"display": {
		"head": {
			"translation": [1.75, 1.75, 1.75],
			"scale": [1.75, 1.75, 1.75]
		}
	}
}