{
	"credit": "Made with Blockbench",
	"textures": {
		"0": "custom/baby_yoda",
		"particle": "custom/baby_yoda"
	},
	"elements": [
		{
			"from": [5, 9, 5],
			"to": [10, 14, 10],
			"rotation": {"angle": 0, "axis": "y", "origin": [8.5, 12.5, 8.5]},
			"faces": {
				"north": {"uv": [0, 9, 8, 15.5], "texture": "#0"},
				"east": {"uv": [14, 0, 16, 2], "texture": "#0"},
				"south": {"uv": [14, 0, 16, 2], "texture": "#0"},
				"west": {"uv": [14, 0, 16, 2], "texture": "#0"},
				"up": {"uv": [14, 0, 16, 2], "texture": "#0"},
				"down": {"uv": [14, 0, 16, 2], "texture": "#0"}
			}
		},
		{
			"from": [4, 2, 4.5],
			"to": [11, 9, 10.5],
			"rotation": {"angle": 0, "axis": "y", "origin": [8.5, 7.5, 8.5]},
			"faces": {
				"north": {"uv": [9, 3, 14, 8], "texture": "#0"},
				"east": {"uv": [9, 6, 14, 11], "texture": "#0"},
				"south": {"uv": [9, 6, 14, 11], "texture": "#0"},
				"west": {"uv": [9, 6, 14, 11], "texture": "#0"},
				"up": {"uv": [9, 6, 14, 11], "texture": "#0"},
				"down": {"uv": [9, 6, 14, 11], "texture": "#0"}
			}
		},
		{
			"from": [0, 0, 11.5],
			"to": [15, 15, 12.5],
			"rotation": {"angle": 0, "axis": "y", "origin": [8.5, 7.5, 12.5]},
			"faces": {
				"north": {"uv": [14, 6, 16, 8], "texture": "#0"},
				"east": {"uv": [14, 6, 16, 8], "texture": "#0"},
				"south": {"uv": [14, 4, 16, 6], "texture": "#0"},
				"west": {"uv": [14, 6, 16, 8], "texture": "#0"},
				"up": {"uv": [14, 4, 16, 6], "texture": "#0"},
				"down": {"uv": [14, 4, 16, 6], "texture": "#0"}
			}
		},
		{
			"from": [0, 15, 2.5],
			"to": [15, 16, 11.5],
			"rotation": {"angle": 0, "axis": "y", "origin": [8.5, 7.5, 11.5]},
			"faces": {
				"north": {"uv": [14, 6, 16, 8], "texture": "#0"},
				"east": {"uv": [14, 6, 16, 8], "texture": "#0"},
				"south": {"uv": [14, 4, 16, 6], "texture": "#0"},
				"west": {"uv": [14, 6, 16, 8], "texture": "#0"},
				"up": {"uv": [14, 4, 16, 6], "texture": "#0"},
				"down": {"uv": [14, 6, 16, 8], "texture": "#0"}
			}
		},
		{
			"from": [0, 0, -1.5],
			"to": [15, 1, 11.5],
			"rotation": {"angle": 0, "axis": "y", "origin": [8.5, -7.5, 11.5]},
			"faces": {
				"north": {"uv": [14, 4, 16, 6], "texture": "#0"},
				"east": {"uv": [14, 6, 16, 8], "texture": "#0"},
				"south": {"uv": [14, 4, 16, 6], "texture": "#0"},
				"west": {"uv": [14, 6, 16, 8], "texture": "#0"},
				"up": {"uv": [14, 4, 16, 6], "texture": "#0"},
				"down": {"uv": [14, 4, 16, 6], "texture": "#0"}
			}
		},
		{
			"from": [0, 1, -1.5],
			"to": [15, 7, -0.5],
			"rotation": {"angle": 0, "axis": "y", "origin": [8.5, -7.5, 11.5]},
			"faces": {
				"north": {"uv": [14, 4, 16, 6], "texture": "#0"},
				"east": {"uv": [14, 6, 16, 8], "texture": "#0"},
				"south": {"uv": [14, 4, 16, 6], "texture": "#0"},
				"west": {"uv": [14, 6, 16, 8], "texture": "#0"},
				"up": {"uv": [14, 4, 16, 6], "texture": "#0"},
				"down": {"uv": [14, 6, 16, 8], "texture": "#0"}
			}
		},
		{
			"from": [15, 0, 2.5],
			"to": [16, 16, 11.5],
			"rotation": {"angle": 0, "axis": "y", "origin": [8.5, 7.5, 11.5]},
			"faces": {
				"north": {"uv": [14, 6, 16, 8], "texture": "#0"},
				"east": {"uv": [14, 4, 16, 6], "texture": "#0"},
				"south": {"uv": [14, 4, 16, 6], "texture": "#0"},
				"west": {"uv": [14, 6, 16, 8], "texture": "#0"},
				"up": {"uv": [14, 4, 16, 6], "texture": "#0"},
				"down": {"uv": [14, 4, 16, 6], "texture": "#0"}
			}
		},
		{
			"from": [15, 0, -1.5],
			"to": [16, 8, 2.5],
			"rotation": {"angle": 0, "axis": "y", "origin": [8.5, 7.5, 2.5]},
			"faces": {
				"north": {"uv": [14, 4, 16, 6], "texture": "#0"},
				"east": {"uv": [14, 4, 16, 6], "texture": "#0"},
				"south": {"uv": [14, 4, 16, 6], "texture": "#0"},
				"west": {"uv": [14, 6, 16, 8], "texture": "#0"},
				"up": {"uv": [14, 4, 16, 6], "texture": "#0"},
				"down": {"uv": [14, 4, 16, 6], "texture": "#0"}
			}
		},
		{
			"from": [-1, 0, -1.5],
			"to": [0, 8, 2.5],
			"rotation": {"angle": 0, "axis": "y", "origin": [-7.5, 7.5, 2.5]},
			"faces": {
				"north": {"uv": [14, 4, 16, 6], "texture": "#0"},
				"east": {"uv": [14, 6, 16, 8], "texture": "#0"},
				"south": {"uv": [14, 4, 16, 6], "texture": "#0"},
				"west": {"uv": [14, 4, 16, 6], "texture": "#0"},
				"up": {"uv": [14, 4, 16, 6], "texture": "#0"},
				"down": {"uv": [14, 4, 16, 6], "texture": "#0"}
			}
		},
		{
			"from": [-1, 0, 2.5],
			"to": [0, 16, 11.5],
			"rotation": {"angle": 0, "axis": "y", "origin": [-7.5, 7.5, 11.5]},
			"faces": {
				"north": {"uv": [14, 6, 16, 8], "texture": "#0"},
				"east": {"uv": [14, 6, 16, 8], "texture": "#0"},
				"south": {"uv": [14, 4, 16, 6], "texture": "#0"},
				"west": {"uv": [14, 4, 16, 6], "texture": "#0"},
				"up": {"uv": [14, 4, 16, 6], "texture": "#0"},
				"down": {"uv": [14, 4, 16, 6], "texture": "#0"}
			}
		},
		{
			"from": [8, 1, 1.5],
			"to": [11, 4, 4.5],
			"rotation": {"angle": 0, "axis": "y", "origin": [9.5, 2.5, 3]},
			"faces": {
				"north": {"uv": [10, 8, 13.5, 11], "texture": "#0"},
				"east": {"uv": [10, 8, 13.5, 11], "texture": "#0"},
				"south": {"uv": [10, 8, 13.5, 11], "texture": "#0"},
				"west": {"uv": [10, 8, 13.5, 11], "texture": "#0"},
				"up": {"uv": [10, 8, 13.5, 11], "texture": "#0"},
				"down": {"uv": [10, 8, 13.5, 11], "texture": "#0"}
			}
		},
		{
			"from": [8, 1, 0.5],
			"to": [11, 5, 1.5],
			"rotation": {"angle": 0, "axis": "y", "origin": [9.5, 3, 1]},
			"faces": {
				"north": {"uv": [14, 0, 16, 2], "texture": "#0"},
				"east": {"uv": [14, 0, 16, 2], "texture": "#0"},
				"south": {"uv": [14, 0, 16, 2], "texture": "#0"},
				"west": {"uv": [14, 0, 16, 2], "texture": "#0"},
				"up": {"uv": [14, 0, 16, 2], "texture": "#0"},
				"down": {"uv": [14, 0, 16, 2], "texture": "#0"}
			}
		},
		{
			"from": [4, 1, 1.5],
			"to": [7, 5, 2.5],
			"rotation": {"angle": 0, "axis": "y", "origin": [5.5, 3, 2]},
			"faces": {
				"north": {"uv": [14, 0, 16, 2], "texture": "#0"},
				"east": {"uv": [14, 0, 16, 2], "texture": "#0"},
				"south": {"uv": [14, 0, 16, 2], "texture": "#0"},
				"west": {"uv": [14, 0, 16, 2], "texture": "#0"},
				"up": {"uv": [14, 0, 16, 2], "texture": "#0"},
				"down": {"uv": [14, 0, 16, 2], "texture": "#0"}
			}
		},
		{
			"from": [3.5, 5, 1.5],
			"to": [4.5, 6, 2.5],
			"rotation": {"angle": 0, "axis": "y", "origin": [5.5, 4, 2]},
			"faces": {
				"north": {"uv": [14, 2, 16, 4], "texture": "#0"},
				"east": {"uv": [14, 2, 16, 4], "texture": "#0"},
				"south": {"uv": [14, 2, 16, 4], "texture": "#0"},
				"west": {"uv": [14, 2, 16, 4], "texture": "#0"},
				"up": {"uv": [14, 2, 16, 4], "texture": "#0"},
				"down": {"uv": [14, 2, 16, 4], "texture": "#0"}
			}
		},
		{
			"from": [5, 5, 1.5],
			"to": [6, 6, 2.5],
			"rotation": {"angle": 0, "axis": "y", "origin": [6.5, 4, 2]},
			"faces": {
				"north": {"uv": [14, 2, 16, 4], "texture": "#0"},
				"east": {"uv": [14, 2, 16, 4], "texture": "#0"},
				"south": {"uv": [14, 2, 16, 4], "texture": "#0"},
				"west": {"uv": [14, 2, 16, 4], "texture": "#0"},
				"up": {"uv": [14, 2, 16, 4], "texture": "#0"},
				"down": {"uv": [14, 2, 16, 4], "texture": "#0"}
			}
		},
		{
			"from": [9, 5, 0.5],
			"to": [10, 6, 1.5],
			"rotation": {"angle": 0, "axis": "y", "origin": [10.5, 4, 1]},
			"faces": {
				"north": {"uv": [14, 2, 16, 4], "texture": "#0"},
				"east": {"uv": [14, 2, 16, 4], "texture": "#0"},
				"south": {"uv": [14, 2, 16, 4], "texture": "#0"},
				"west": {"uv": [14, 2, 16, 4], "texture": "#0"},
				"up": {"uv": [14, 2, 16, 4], "texture": "#0"},
				"down": {"uv": [14, 2, 16, 4], "texture": "#0"}
			}
		},
		{
			"from": [7.5, 5, 0.5],
			"to": [8.5, 6, 1.5],
			"rotation": {"angle": 0, "axis": "y", "origin": [9.5, 4, 1]},
			"faces": {
				"north": {"uv": [14, 2, 16, 4], "texture": "#0"},
				"east": {"uv": [14, 2, 16, 4], "texture": "#0"},
				"south": {"uv": [14, 2, 16, 4], "texture": "#0"},
				"west": {"uv": [14, 2, 16, 4], "texture": "#0"},
				"up": {"uv": [14, 2, 16, 4], "texture": "#0"},
				"down": {"uv": [14, 2, 16, 4], "texture": "#0"}
			}
		},
		{
			"from": [10.5, 5, 0.5],
			"to": [11.5, 6, 1.5],
			"rotation": {"angle": 0, "axis": "y", "origin": [11.5, 4, 1]},
			"faces": {
				"north": {"uv": [14, 2, 16, 4], "texture": "#0"},
				"east": {"uv": [14, 2, 16, 4], "texture": "#0"},
				"south": {"uv": [14, 2, 16, 4], "texture": "#0"},
				"west": {"uv": [14, 2, 16, 4], "texture": "#0"},
				"up": {"uv": [14, 2, 16, 4], "texture": "#0"},
				"down": {"uv": [14, 2, 16, 4], "texture": "#0"}
			}
		},
		{
			"from": [6.5, 5, 1.5],
			"to": [7.5, 6, 2.5],
			"rotation": {"angle": 0, "axis": "y", "origin": [7.5, 4, 2]},
			"faces": {
				"north": {"uv": [14, 2, 16, 4], "texture": "#0"},
				"east": {"uv": [14, 2, 16, 4], "texture": "#0"},
				"south": {"uv": [14, 2, 16, 4], "texture": "#0"},
				"west": {"uv": [14, 2, 16, 4], "texture": "#0"},
				"up": {"uv": [14, 2, 16, 4], "texture": "#0"},
				"down": {"uv": [14, 2, 16, 4], "texture": "#0"}
			}
		},
		{
			"from": [7.5, 6, 2.5],
			"to": [11.5, 8, 5.5],
			"rotation": {"angle": 0, "axis": "y", "origin": [9.5, 7, 4]},
			"faces": {
				"north": {"uv": [9, 11, 12.5, 14], "texture": "#0"},
				"east": {"uv": [9, 11, 12.5, 14], "texture": "#0"},
				"south": {"uv": [9, 11, 12.5, 14], "texture": "#0"},
				"west": {"uv": [9, 11, 12.5, 14], "texture": "#0"},
				"up": {"uv": [9, 11, 12.5, 14], "texture": "#0"},
				"down": {"uv": [9, 11, 12.5, 14], "texture": "#0"}
			}
		},
		{
			"from": [6.5, 6, 2.5],
			"to": [7.5, 8, 3.5],
			"rotation": {"angle": 0, "axis": "y", "origin": [8.5, 7, 4]},
			"faces": {
				"north": {"uv": [14, 0, 16, 2], "texture": "#0"},
				"east": {"uv": [14, 0, 16, 2], "texture": "#0"},
				"south": {"uv": [14, 0, 16, 2], "texture": "#0"},
				"west": {"uv": [14, 0, 16, 2], "texture": "#0"},
				"up": {"uv": [14, 0, 16, 2], "texture": "#0"},
				"down": {"uv": [14, 0, 16, 2], "texture": "#0"}
			}
		},
		{
			"from": [3.5, 6, 3.5],
			"to": [7.5, 8, 6.5],
			"rotation": {"angle": 0, "axis": "y", "origin": [5.5, 7, 5]},
			"faces": {
				"north": {"uv": [9, 11, 12.5, 14], "texture": "#0"},
				"east": {"uv": [9, 11, 12.5, 14], "texture": "#0"},
				"south": {"uv": [9, 11, 12.5, 14], "texture": "#0"},
				"west": {"uv": [9, 11, 12.5, 14], "texture": "#0"},
				"up": {"uv": [9, 11, 12.5, 14], "texture": "#0"},
				"down": {"uv": [9, 11, 12.5, 14], "texture": "#0"}
			}
		},
		{
			"from": [4, 1, 2.5],
			"to": [7, 4, 4.5],
			"rotation": {"angle": 0, "axis": "y", "origin": [5.5, 2.5, 3]},
			"faces": {
				"north": {"uv": [10, 8, 13.5, 11], "texture": "#0"},
				"east": {"uv": [10, 8, 13.5, 11], "texture": "#0"},
				"south": {"uv": [10, 8, 13.5, 11], "texture": "#0"},
				"west": {"uv": [10, 8, 13.5, 11], "texture": "#0"},
				"up": {"uv": [10, 8, 13.5, 11], "texture": "#0"},
				"down": {"uv": [10, 8, 13.5, 11], "texture": "#0"}
			}
		},
		{
			"from": [1, 12, 7],
			"to": [14, 13, 8],
			"rotation": {"angle": 0, "axis": "y", "origin": [8.5, 12.5, 8.5]},
			"faces": {
				"north": {"uv": [14, 0, 16, 2], "texture": "#0"},
				"east": {"uv": [14, 0, 16, 2], "texture": "#0"},
				"south": {"uv": [14, 0, 16, 2], "texture": "#0"},
				"west": {"uv": [14, 0, 16, 2], "texture": "#0"},
				"up": {"uv": [14, 0, 16, 2], "texture": "#0"},
				"down": {"uv": [14, 0, 16, 2], "texture": "#0"}
			}
		},
		{
			"from": [10, 10.5, 7],
			"to": [13, 12, 8],
			"rotation": {"angle": 0, "axis": "y", "origin": [8.5, 11.5, 8.5]},
			"faces": {
				"north": {"uv": [10, 1.5, 13.5, 3], "texture": "#0"},
				"east": {"uv": [10, 0, 12, 2], "texture": "#0"},
				"south": {"uv": [14, 0, 16, 2], "texture": "#0"},
				"west": {"uv": [14, 0, 16, 2], "texture": "#0"},
				"up": {"uv": [14, 0, 16, 2], "texture": "#0"},
				"down": {"uv": [10, 0, 12, 2], "texture": "#0"}
			}
		},
		{
			"from": [2, 10.5, 7],
			"to": [5, 12, 8],
			"rotation": {"angle": 0, "axis": "y", "origin": [3.5, 11.25, 7.5]},
			"faces": {
				"north": {"uv": [8.5, 1.5, 12, 3], "texture": "#0"},
				"east": {"uv": [14, 0, 16, 2], "texture": "#0"},
				"south": {"uv": [14, 0, 16, 2], "texture": "#0"},
				"west": {"uv": [10, 0, 12, 2], "texture": "#0"},
				"up": {"uv": [14, 0, 16, 2], "texture": "#0"},
				"down": {"uv": [9.5, 0, 11.5, 2], "texture": "#0"}
			}
		}
	],
	"display": {
		"head": {
			"translation": [0.75, 0, 1.25],
			"scale": [1.5, 1.5, 1.5]
		}
	}
}