{
    "blend": {
        "func": "add",
        "srcrgb": "one",
        "dstrgb": "zero"
    },
    "vertex": "textoverlay",
    "fragment": "textoverlay",
    "attributes": [ "Position" ],
    "samplers": [
        { "name": "DiffuseSampler" },
        { "name": "DepthSampler" },
        { "name": "AuxSampler" },
        { "name": "NumberTex" },
        { "name": "ZoomTex" }
    ],
    "uniforms": [
        { "name": "ProjMat",    "type": "matrix4x4", "count": 16, "values": [ 1.0, 0.0, 0.0, 0.0, 0.0, 1.0, 0.0, 0.0, 0.0, 0.0, 1.0, 0.0, 0.0, 0.0, 0.0, 1.0 ] },
        { "name": "InSize",     "type": "float",     "count": 2,  "values": [ 1.0, 1.0 ] },
        { "name": "FontDim",    "type": "float",     "count": 2,  "values": [ 1.0, 1.0 ] },
        { "name": "FontHeight", "type": "float",     "count": 1,  "values": [ 1.0 ] }
    ]
}
