{
    "parent": "item/generated",
    "textures": {
        "layer0": "item/item_frame"
  },
	"overrides": [
        {"predicate": {"custom_model_data": 1},"model": "item/torches/blue"},
        {"predicate": {"custom_model_data": 2},"model": "item/torches/blue_model"},
        {"predicate": {"custom_model_data": 3},"model": "item/torches/blue_stand"},
        {"predicate": {"custom_model_data": 4},"model": "item/torches/red"},
        {"predicate": {"custom_model_data": 5},"model": "item/torches/red_model"},
        {"predicate": {"custom_model_data": 6},"model": "item/torches/red_stand"},
        {"predicate": {"custom_model_data": 7},"model": "item/torches/green"},
        {"predicate": {"custom_model_data": 8},"model": "item/torches/green_model"},
        {"predicate": {"custom_model_data": 9},"model": "item/torches/green_stand"},
        {"predicate": {"custom_model_data": 10},"model": "item/torches/yellow"},
        {"predicate": {"custom_model_data": 11},"model": "item/torches/yellow_model"},
        {"predicate": {"custom_model_data": 12},"model": "item/torches/yellow_stand"},
        {"predicate": {"custom_model_data": 13},"model": "item/torches/orange"},
        {"predicate": {"custom_model_data": 14},"model": "item/torches/orange_model"},
        {"predicate": {"custom_model_data": 15},"model": "item/torches/orange_stand"},
        {"predicate": {"custom_model_data": 16},"model": "item/torches/lime"},
        {"predicate": {"custom_model_data": 17},"model": "item/torches/lime_model"},
        {"predicate": {"custom_model_data": 18},"model": "item/torches/lime_stand"},
        {"predicate": {"custom_model_data": 19},"model": "item/torches/cyan"},
        {"predicate": {"custom_model_data": 20},"model": "item/torches/cyan_model"},
        {"predicate": {"custom_model_data": 21},"model": "item/torches/cyan_stand"},
        {"predicate": {"custom_model_data": 22},"model": "item/torches/light_blue"},
        {"predicate": {"custom_model_data": 23},"model": "item/torches/light_blue_model"},
        {"predicate": {"custom_model_data": 24},"model": "item/torches/light_blue_stand"},
        {"predicate": {"custom_model_data": 25},"model": "item/torches/purple"},
        {"predicate": {"custom_model_data": 26},"model": "item/torches/purple_model"},
        {"predicate": {"custom_model_data": 27},"model": "item/torches/purple_stand"},
        {"predicate": {"custom_model_data": 28},"model": "item/torches/magenta"},
        {"predicate": {"custom_model_data": 29},"model": "item/torches/magenta_model"},
        {"predicate": {"custom_model_data": 30},"model": "item/torches/magenta_stand"},
        {"predicate": {"custom_model_data": 31},"model": "item/torches/pink"},
        {"predicate": {"custom_model_data": 32},"model": "item/torches/pink_model"},
        {"predicate": {"custom_model_data": 33},"model": "item/torches/pink_stand"},
        {"predicate": {"custom_model_data": 34},"model": "item/torches/white"},
        {"predicate": {"custom_model_data": 35},"model": "item/torches/white_model"},
        {"predicate": {"custom_model_data": 36},"model": "item/torches/white_stand"},

		
        {"predicate": {"custom_model_data": 37},"model": "item/lamps/blue"},			
        {"predicate": {"custom_model_data": 38},"model": "item/lamps/blue_light"},	
        {"predicate": {"custom_model_data": 39},"model": "item/lamps/red"},			
        {"predicate": {"custom_model_data": 40},"model": "item/lamps/red_light"},	
        {"predicate": {"custom_model_data": 41},"model": "item/lamps/green"},			
        {"predicate": {"custom_model_data": 42},"model": "item/lamps/green_light"},	
        {"predicate": {"custom_model_data": 43},"model": "item/lamps/yellow"},			
        {"predicate": {"custom_model_data": 44},"model": "item/lamps/yellow_light"},	
        {"predicate": {"custom_model_data": 45},"model": "item/lamps/orange"},			
        {"predicate": {"custom_model_data": 46},"model": "item/lamps/orange_light"},	
        {"predicate": {"custom_model_data": 47},"model": "item/lamps/lime"},			
        {"predicate": {"custom_model_data": 48},"model": "item/lamps/lime_light"},	
        {"predicate": {"custom_model_data": 49},"model": "item/lamps/cyan"},			
        {"predicate": {"custom_model_data": 50},"model": "item/lamps/cyan_light"},	
        {"predicate": {"custom_model_data": 51},"model": "item/lamps/light_blue"},			
        {"predicate": {"custom_model_data": 52},"model": "item/lamps/light_blue_light"},	
        {"predicate": {"custom_model_data": 53},"model": "item/lamps/purple"},			
        {"predicate": {"custom_model_data": 54},"model": "item/lamps/purple_light"},	
        {"predicate": {"custom_model_data": 55},"model": "item/lamps/magenta"},			
        {"predicate": {"custom_model_data": 56},"model": "item/lamps/magenta_light"},	
        {"predicate": {"custom_model_data": 57},"model": "item/lamps/pink"},			
        {"predicate": {"custom_model_data": 58},"model": "item/lamps/pink_light"},	
        {"predicate": {"custom_model_data": 59},"model": "item/lamps/white"},			
        {"predicate": {"custom_model_data": 60},"model": "item/lamps/white_light"}		













		
    ]	
}
