{"credit":"thebradqq's guns","ambientocclusion":false,"textures":{"0":"misc/black","particle":"misc/black"},"elements":[{"from":[7.17156,7.17156,6],"to":[8.82844,8.82844,10],"faces":{"north":{"uv":[0,0,0.5,0.5],"rotation":90,"texture":"#0"},"south":{"uv":[0,0,0.5,0.5],"rotation":90,"texture":"#0"}}},{"from":[6,7.17156,7.17156],"to":[10,8.82844,8.82844],"rotation":{"angle":-45,"axis":"z","origin":[8,8,8]},"faces":{"north":{"uv":[0,0,0.5,0.5],"rotation":90,"texture":"#0"},"east":{"uv":[0,0,0.5,0.5],"rotation":90,"texture":"#0"},"south":{"uv":[0,0,0.5,0.5],"rotation":90,"texture":"#0"},"west":{"uv":[0,0,0.5,0.5],"rotation":90,"texture":"#0"}}},{"from":[7.17156,6,7.17156],"to":[8.82844,10,8.82844],"faces":{"up":{"uv":[0,0,0.5,0.5],"rotation":90,"texture":"#0"},"down":{"uv":[0,0,0.5,0.5],"rotation":90,"texture":"#0"}}},{"from":[6,7.17156,7.17156],"to":[10,8.82844,8.82844],"faces":{"east":{"uv":[0,0,0.5,0.5],"rotation":90,"texture":"#0"},"west":{"uv":[0,0,0.5,0.5],"rotation":90,"texture":"#0"}}},{"from":[6,7.17156,7.17156],"to":[10,8.82844,8.82844],"rotation":{"angle":45,"axis":"y","origin":[8,8,8]},"faces":{"east":{"uv":[0,0,0.5,0.5],"rotation":90,"texture":"#0"},"west":{"uv":[0,0,0.5,0.5],"rotation":90,"texture":"#0"},"up":{"uv":[0,0,0.5,0.5],"rotation":90,"texture":"#0"},"down":{"uv":[0,0,0.5,0.5],"rotation":90,"texture":"#0"}}},{"from":[7.17156,7.17156,6],"to":[8.82844,8.82844,10],"rotation":{"angle":45,"axis":"y","origin":[8,8,8]},"faces":{"north":{"uv":[0,0,0.5,0.5],"rotation":90,"texture":"#0"},"south":{"uv":[0,0,0.5,0.5],"rotation":90,"texture":"#0"},"up":{"uv":[0,0,0.5,0.5],"rotation":90,"texture":"#0"},"down":{"uv":[0,0,0.5,0.5],"rotation":90,"texture":"#0"}}},{"from":[7.17156,6,7.17156],"to":[8.82844,10,8.82844],"rotation":{"angle":45,"axis":"x","origin":[8,8,8]},"faces":{"east":{"uv":[0,0,0.5,0.5],"rotation":90,"texture":"#0"},"west":{"uv":[0,0,0.5,0.5],"rotation":90,"texture":"#0"},"up":{"uv":[0,0,0.5,0.5],"rotation":90,"texture":"#0"},"down":{"uv":[0,0,0.5,0.5],"rotation":90,"texture":"#0"}}},{"from":[7.17156,7.17156,6],"to":[8.82844,8.82844,10],"rotation":{"angle":45,"axis":"x","origin":[8,8,8]},"faces":{"north":{"uv":[0,0,0.5,0.5],"rotation":90,"texture":"#0"},"east":{"uv":[0,0,0.5,0.5],"rotation":90,"texture":"#0"},"south":{"uv":[0,0,0.5,0.5],"rotation":90,"texture":"#0"},"west":{"uv":[0,0,0.5,0.5],"rotation":90,"texture":"#0"}}},{"from":[7.17156,6,7.17156],"to":[8.82844,10,8.82844],"rotation":{"angle":-45,"axis":"z","origin":[8,8,8]},"faces":{"north":{"uv":[0,0,0.5,0.5],"rotation":90,"texture":"#0"},"south":{"uv":[0,0,0.5,0.5],"rotation":90,"texture":"#0"},"up":{"uv":[0,0,0.5,0.5],"rotation":90,"texture":"#0"},"down":{"uv":[0,0,0.5,0.5],"rotation":90,"texture":"#0"}}}],"display":{"head":{"scale":[0.85,0.85,0.85]}}}