{
	"credit": "Made with Blockbench",
	"textures": {
		"0": "torches/magenta",
		"particle": "torches/magenta"
	},
	"elements": [
		{
			"from": [8, 0, 7],
			"to": [9, 10, 9],
			"rotation": {"angle": 0, "axis": "y", "origin": [8.5, 5, 8]},
			"faces": {
				"north": {"uv": [7, 6, 8, 16], "texture": "#0"},
				"east": {"uv": [9, 6, 7, 16], "texture": "#0"},
				"south": {"uv": [8, 6, 9, 16], "texture": "#0"},
				"west": {"uv": [7, 6, 9, 16], "texture": "#0"},
				"up": {"uv": [9, 6, 7, 7], "rotation": 270, "texture": "#0"},
				"down": {"uv": [7, 15, 9, 16], "rotation": 270, "texture": "#0"}
			}
		}
	],
	"gui_light": "front",
	"display": {
		"thirdperson_righthand": {
			"rotation": [0, 90, 0],
			"translation": [0, 3, 1.25],
			"scale": [0.55, 0.55, 0.55]
		},
		"thirdperson_lefthand": {
			"rotation": [0, 90, 0],
			"translation": [0, 3, 1],
			"scale": [0.55, 0.55, 0.55]
		},
		"firstperson_righthand": {
			"rotation": [-25, -4, 0],
			"translation": [4.25, 1.25, -3]
		},
		"firstperson_lefthand": {
			"rotation": [-25, -4, 0],
			"translation": [4.25, 1.25, -3]
		},
		"ground": {
			"translation": [0, 3.25, 0],
			"scale": [0.5, 0.5, 0.5]
		},
		"gui": {
			"rotation": [0, 90, 0],
			"translation": [0, 0.25, 0]
		},
		"fixed": {
			"rotation": [0, -90, 0],
			"translation": [0, 0.25, -0.75]
		}
	}
}