{
	"credit": "Made with Blockbench",
	"textures": {
		"2": "custom/tardis_structure",
		"3": "custom/tardis_window",
		"5": "custom/gallifrey_workbench",
		"6": "custom/tardis_cons2r",
		"7": "custom/bluebox_text3",
		"8": "custom/tardis_int",
		"particle": "custom/tardis_structure"
	},
	"elements": [
		{
			"from": [7, -15, 2.1],
			"to": [8, 14, 3],
			"rotation": {"angle": 0, "axis": "y", "origin": [3, -7, 9]},
			"faces": {
				"north": {"uv": [0, 0, 2, 16], "texture": "#8"},
				"east": {"uv": [0, 0, 2, 16], "texture": "#8"},
				"south": {"uv": [0, 0, 2, 16], "texture": "#8"},
				"west": {"uv": [0, 0, 2, 16], "texture": "#8"},
				"up": {"uv": [0, 0, 2, 2], "texture": "#8"},
				"down": {"uv": [0, 0, 2, 2], "texture": "#8"}
			}
		},
		{
			"from": [7, -15, 1],
			"to": [8, 14, 2.15],
			"rotation": {"angle": 0, "axis": "y", "origin": [3, -7, 9]},
			"faces": {
				"north": {"uv": [0, 0, 2, 16], "texture": "#2"},
				"east": {"uv": [0, 0, 2, 16], "texture": "#2"},
				"south": {"uv": [0, 0, 2, 16], "texture": "#2"},
				"west": {"uv": [0, 0, 2, 16], "texture": "#2"},
				"up": {"uv": [0, 0, 2, 2], "texture": "#2"},
				"down": {"uv": [0, 0, 2, 2], "texture": "#2"}
			}
		},
		{
			"from": [7.15, 2.3, 0.7],
			"to": [7.35, 3.7, 0.8],
			"rotation": {"angle": 0, "axis": "y", "origin": [15, 10, 7.8]},
			"faces": {
				"north": {"uv": [0, 0, 0.2, 1.4], "texture": "#5"},
				"east": {"uv": [0, 0, 0.1, 1.4], "texture": "#5"},
				"south": {"uv": [0, 0, 0.2, 1.4], "texture": "#5"},
				"west": {"uv": [0, 0, 0.1, 1.4], "texture": "#5"},
				"up": {"uv": [0, 0, 0.2, 0.1], "texture": "#5"},
				"down": {"uv": [0, 0, 0.2, 0.1], "texture": "#5"}
			}
		},
		{
			"from": [7.15, 3.5, 0.8],
			"to": [7.35, 3.7, 1],
			"rotation": {"angle": 0, "axis": "y", "origin": [15, 10, 8]},
			"faces": {
				"north": {"uv": [0, 0, 0.2, 0.2], "texture": "#5"},
				"east": {"uv": [0, 0, 0.2, 0.2], "texture": "#5"},
				"south": {"uv": [0, 0, 0.2, 0.2], "texture": "#5"},
				"west": {"uv": [0, 0, 0.2, 0.2], "texture": "#5"},
				"up": {"uv": [0, 0, 0.2, 0.2], "texture": "#5"},
				"down": {"uv": [0, 0, 0.2, 0.2], "texture": "#5"}
			}
		},
		{
			"from": [7.15, 2.3, 0.8],
			"to": [7.35, 2.5, 1],
			"rotation": {"angle": 0, "axis": "y", "origin": [15, 8.8, 8]},
			"faces": {
				"north": {"uv": [0, 0, 0.2, 0.2], "texture": "#5"},
				"east": {"uv": [0, 0, 0.2, 0.2], "texture": "#5"},
				"south": {"uv": [0, 0, 0.2, 0.2], "texture": "#5"},
				"west": {"uv": [0, 0, 0.2, 0.2], "texture": "#5"},
				"up": {"uv": [0, 0, 0.2, 0.2], "texture": "#5"},
				"down": {"uv": [0, 0, 0.2, 0.2], "texture": "#5"}
			}
		},
		{
			"from": [7.05, -0.7, 0.9],
			"to": [7.45, -0.3, 1],
			"rotation": {"angle": 0, "axis": "y", "origin": [15.1, 5.8, 8]},
			"faces": {
				"north": {"uv": [0, 0, 0.4, 0.4], "texture": "#6"},
				"east": {"uv": [0, 0, 0.1, 0.4], "texture": "#6"},
				"south": {"uv": [0, 0, 0.4, 0.4], "texture": "#6"},
				"west": {"uv": [0, 0, 0.1, 0.4], "texture": "#6"},
				"up": {"uv": [0, 0, 0.4, 0.1], "texture": "#6"},
				"down": {"uv": [0, 0, 0.4, 0.1], "texture": "#6"}
			}
		},
		{
			"from": [4.55, 2.5, 1.99],
			"to": [5.55, 3.5, 2.09],
			"rotation": {"angle": 0, "axis": "y", "origin": [5.05, 3, 1.95]},
			"faces": {
				"north": {"uv": [0, 0, 15.884, 15.884], "texture": "#7"},
				"east": {"uv": [0, 0, 0.1, 1], "texture": "#7"},
				"south": {"uv": [0, 0, 1, 1], "texture": "#7"},
				"west": {"uv": [0, 0, 0.1, 1], "texture": "#7"},
				"up": {"uv": [0, 0, 1, 0.1], "texture": "#7"},
				"down": {"uv": [0, 0, 1, 0.1], "texture": "#7"}
			}
		},
		{
			"from": [2, -15, 2],
			"to": [8, 6.1, 2.25],
			"rotation": {"angle": 0, "axis": "y", "origin": [8, -4.25, 8]},
			"faces": {
				"north": {"uv": [0, 0, 12, 16], "texture": "#2"},
				"east": {"uv": [0, 0, 12, 16], "texture": "#2"},
				"south": {"uv": [0, 0, 12, 16], "texture": "#8"},
				"west": {"uv": [0, 0, 12, 16], "texture": "#2"},
				"up": {"uv": [0, 0, 12, 12], "rotation": 270, "texture": "#2"},
				"down": {"uv": [0, 0, 12, 12], "rotation": 90, "texture": "#2"}
			}
		},
		{
			"from": [3, 6, 2],
			"to": [7, 7, 3],
			"rotation": {"angle": 0, "axis": "y", "origin": [-1, 14, 9]},
			"faces": {
				"north": {"uv": [0, 0, 4, 1], "texture": "#8"},
				"east": {"uv": [0, 0, 2, 1], "texture": "#8"},
				"south": {"uv": [0, 0, 4, 1], "texture": "#8"},
				"west": {"uv": [0, 0, 2, 1], "texture": "#8"},
				"up": {"uv": [0, 0, 4, 2], "texture": "#8"},
				"down": {"uv": [0, 0, 4, 2], "texture": "#8"}
			}
		},
		{
			"from": [3, 6, 1],
			"to": [7, 7, 2.25],
			"rotation": {"angle": 0, "axis": "y", "origin": [-1, 14, 9]},
			"faces": {
				"north": {"uv": [0, 0, 4, 1], "texture": "#2"},
				"east": {"uv": [0, 0, 2, 1], "texture": "#2"},
				"south": {"uv": [0, 0, 4, 1], "texture": "#2"},
				"west": {"uv": [0, 0, 2, 1], "texture": "#2"},
				"up": {"uv": [0, 0, 4, 2], "texture": "#2"},
				"down": {"uv": [0, 0, 4, 2], "texture": "#2"}
			}
		},
		{
			"from": [3, 9.75, 1.5],
			"to": [7, 10.25, 2],
			"rotation": {"angle": 0, "axis": "y", "origin": [-1, 17.5, 9]},
			"faces": {
				"north": {"uv": [0, 0, 4, 1], "texture": "#2"},
				"east": {"uv": [0, 0, 2, 1], "texture": "#2"},
				"south": {"uv": [0, 0, 4, 1], "texture": "#2"},
				"west": {"uv": [0, 0, 2, 1], "texture": "#2"},
				"up": {"uv": [0, 0, 4, 2], "texture": "#2"},
				"down": {"uv": [0, 0, 4, 2], "texture": "#2"}
			}
		},
		{
			"from": [3, 9.75, 2.25],
			"to": [7, 10.25, 2.75],
			"rotation": {"angle": 0, "axis": "y", "origin": [-1, 17.5, 9.75]},
			"faces": {
				"north": {"uv": [0, 0, 4, 1], "texture": "#8"},
				"east": {"uv": [0, 0, 2, 1], "texture": "#8"},
				"south": {"uv": [0, 0, 4, 1], "texture": "#8"},
				"west": {"uv": [0, 0, 2, 1], "texture": "#8"},
				"up": {"uv": [0, 0, 4, 2], "texture": "#8"},
				"down": {"uv": [0, 0, 4, 2], "texture": "#8"}
			}
		},
		{
			"from": [5.5, 7, 1.5],
			"to": [6, 9.75, 2],
			"rotation": {"angle": 0, "axis": "y", "origin": [8, 10, 8]},
			"faces": {
				"north": {"uv": [0, 0, 4, 1], "rotation": 270, "texture": "#2"},
				"east": {"uv": [0, 0, 4, 2], "rotation": 90, "texture": "#2"},
				"south": {"uv": [0, 0, 4, 1], "rotation": 90, "texture": "#2"},
				"west": {"uv": [0, 0, 4, 2], "rotation": 90, "texture": "#2"},
				"up": {"uv": [0, 0, 2, 1], "rotation": 90, "texture": "#2"},
				"down": {"uv": [0, 0, 2, 1], "rotation": 90, "texture": "#2"}
			}
		},
		{
			"from": [5.5, 7, 2.25],
			"to": [6, 9.75, 2.75],
			"rotation": {"angle": 0, "axis": "y", "origin": [8, 10, 8.75]},
			"faces": {
				"north": {"uv": [0, 0, 4, 1], "rotation": 270, "texture": "#8"},
				"east": {"uv": [0, 0, 4, 2], "rotation": 90, "texture": "#8"},
				"south": {"uv": [0, 0, 4, 1], "rotation": 90, "texture": "#8"},
				"west": {"uv": [0, 0, 4, 2], "rotation": 90, "texture": "#8"},
				"up": {"uv": [0, 0, 2, 1], "rotation": 90, "texture": "#8"},
				"down": {"uv": [0, 0, 2, 1], "rotation": 90, "texture": "#8"}
			}
		},
		{
			"from": [4, 7, 1.5],
			"to": [4.5, 9.75, 2],
			"rotation": {"angle": 0, "axis": "y", "origin": [8, 10, 8]},
			"faces": {
				"north": {"uv": [0, 0, 4, 1], "rotation": 270, "texture": "#2"},
				"east": {"uv": [0, 0, 4, 2], "rotation": 90, "texture": "#2"},
				"south": {"uv": [0, 0, 4, 1], "rotation": 90, "texture": "#2"},
				"west": {"uv": [0, 0, 4, 2], "rotation": 90, "texture": "#2"},
				"up": {"uv": [0, 0, 2, 1], "rotation": 90, "texture": "#2"},
				"down": {"uv": [0, 0, 2, 1], "rotation": 90, "texture": "#2"}
			}
		},
		{
			"from": [4, 7, 2.25],
			"to": [4.5, 9.75, 2.75],
			"rotation": {"angle": 0, "axis": "y", "origin": [8, 10, 8.75]},
			"faces": {
				"north": {"uv": [0, 0, 4, 1], "rotation": 270, "texture": "#8"},
				"east": {"uv": [0, 0, 4, 2], "rotation": 90, "texture": "#8"},
				"south": {"uv": [0, 0, 4, 1], "rotation": 90, "texture": "#8"},
				"west": {"uv": [0, 0, 4, 2], "rotation": 90, "texture": "#8"},
				"up": {"uv": [0, 0, 2, 1], "rotation": 90, "texture": "#8"},
				"down": {"uv": [0, 0, 2, 1], "rotation": 90, "texture": "#8"}
			}
		},
		{
			"from": [4, 10.25, 1.5],
			"to": [4.5, 13, 2],
			"rotation": {"angle": 0, "axis": "y", "origin": [8, 10, 8]},
			"faces": {
				"north": {"uv": [0, 0, 4, 1], "rotation": 270, "texture": "#2"},
				"east": {"uv": [0, 0, 4, 2], "rotation": 90, "texture": "#2"},
				"south": {"uv": [0, 0, 4, 1], "rotation": 90, "texture": "#2"},
				"west": {"uv": [0, 0, 4, 2], "rotation": 90, "texture": "#2"},
				"up": {"uv": [0, 0, 2, 1], "rotation": 90, "texture": "#2"},
				"down": {"uv": [0, 0, 2, 1], "rotation": 90, "texture": "#2"}
			}
		},
		{
			"from": [4, 10.25, 2.25],
			"to": [4.5, 13, 2.75],
			"rotation": {"angle": 0, "axis": "y", "origin": [8, 10, 8.75]},
			"faces": {
				"north": {"uv": [0, 0, 4, 1], "rotation": 270, "texture": "#8"},
				"east": {"uv": [0, 0, 4, 2], "rotation": 90, "texture": "#8"},
				"south": {"uv": [0, 0, 4, 1], "rotation": 90, "texture": "#8"},
				"west": {"uv": [0, 0, 4, 2], "rotation": 90, "texture": "#8"},
				"up": {"uv": [0, 0, 2, 1], "rotation": 90, "texture": "#8"},
				"down": {"uv": [0, 0, 2, 1], "rotation": 90, "texture": "#8"}
			}
		},
		{
			"from": [5.5, 10.25, 1.5],
			"to": [6, 13, 2],
			"rotation": {"angle": 0, "axis": "y", "origin": [8, 10, 8]},
			"faces": {
				"north": {"uv": [0, 0, 4, 1], "rotation": 270, "texture": "#2"},
				"east": {"uv": [0, 0, 4, 2], "rotation": 90, "texture": "#2"},
				"south": {"uv": [0, 0, 4, 1], "rotation": 90, "texture": "#2"},
				"west": {"uv": [0, 0, 4, 2], "rotation": 90, "texture": "#2"},
				"up": {"uv": [0, 0, 2, 1], "rotation": 90, "texture": "#2"},
				"down": {"uv": [0, 0, 2, 1], "rotation": 90, "texture": "#2"}
			}
		},
		{
			"from": [5.5, 10.25, 2.25],
			"to": [6, 13, 2.75],
			"rotation": {"angle": 0, "axis": "y", "origin": [8, 10, 8.75]},
			"faces": {
				"north": {"uv": [0, 0, 4, 1], "rotation": 270, "texture": "#8"},
				"east": {"uv": [0, 0, 4, 2], "rotation": 90, "texture": "#8"},
				"south": {"uv": [0, 0, 4, 1], "rotation": 90, "texture": "#8"},
				"west": {"uv": [0, 0, 4, 2], "rotation": 90, "texture": "#8"},
				"up": {"uv": [0, 0, 2, 1], "rotation": 90, "texture": "#8"},
				"down": {"uv": [0, 0, 2, 1], "rotation": 90, "texture": "#8"}
			}
		},
		{
			"from": [3, 6.5, 2.1],
			"to": [8, 13.5, 2.25],
			"rotation": {"angle": 0, "axis": "y", "origin": [2, 10.5, 8]},
			"faces": {
				"north": {"uv": [7, 4, 16, 16], "texture": "#3"},
				"east": {"uv": [7, 4, 16, 16], "texture": "#8"},
				"south": {"uv": [7, 4, 16, 16], "texture": "#3"},
				"west": {"uv": [7, 4, 16, 16], "texture": "#8"},
				"up": {"uv": [0, 0, 12, 12], "rotation": 270, "texture": "#8"},
				"down": {"uv": [0, 0, 12, 12], "rotation": 90, "texture": "#8"}
			}
		},
		{
			"from": [3, -8, 2],
			"to": [7, -7, 3],
			"rotation": {"angle": 0, "axis": "y", "origin": [-1, 0, 9]},
			"faces": {
				"north": {"uv": [0, 0, 4, 1], "texture": "#8"},
				"east": {"uv": [0, 0, 2, 1], "texture": "#8"},
				"south": {"uv": [0, 0, 4, 1], "texture": "#8"},
				"west": {"uv": [0, 0, 2, 1], "texture": "#8"},
				"up": {"uv": [0, 0, 4, 2], "texture": "#8"},
				"down": {"uv": [0, 0, 4, 2], "texture": "#8"}
			}
		},
		{
			"from": [3, -8, 1],
			"to": [7, -7, 2.25],
			"rotation": {"angle": 0, "axis": "y", "origin": [-1, 0, 9]},
			"faces": {
				"north": {"uv": [0, 0, 4, 1], "texture": "#2"},
				"east": {"uv": [0, 0, 2, 1], "texture": "#2"},
				"south": {"uv": [0, 0, 4, 1], "texture": "#2"},
				"west": {"uv": [0, 0, 2, 1], "texture": "#2"},
				"up": {"uv": [0, 0, 4, 2], "texture": "#2"},
				"down": {"uv": [0, 0, 4, 2], "texture": "#2"}
			}
		},
		{
			"from": [3, -1, 2],
			"to": [7, 0, 3],
			"rotation": {"angle": 0, "axis": "y", "origin": [-1, 7, 9]},
			"faces": {
				"north": {"uv": [0, 0, 4, 1], "texture": "#8"},
				"east": {"uv": [0, 0, 2, 1], "texture": "#8"},
				"south": {"uv": [0, 0, 4, 1], "texture": "#8"},
				"west": {"uv": [0, 0, 2, 1], "texture": "#8"},
				"up": {"uv": [0, 0, 4, 2], "texture": "#8"},
				"down": {"uv": [0, 0, 4, 2], "texture": "#8"}
			}
		},
		{
			"from": [3, -1, 1],
			"to": [7, 0, 2.25],
			"rotation": {"angle": 0, "axis": "y", "origin": [-1, 7, 9]},
			"faces": {
				"north": {"uv": [0, 0, 4, 1], "texture": "#2"},
				"east": {"uv": [0, 0, 2, 1], "texture": "#2"},
				"south": {"uv": [0, 0, 4, 1], "texture": "#2"},
				"west": {"uv": [0, 0, 2, 1], "texture": "#2"},
				"up": {"uv": [0, 0, 4, 2], "texture": "#2"},
				"down": {"uv": [0, 0, 4, 2], "texture": "#2"}
			}
		},
		{
			"from": [2, -15, 2.1],
			"to": [3, 14, 3],
			"rotation": {"angle": 0, "axis": "y", "origin": [-3, -7, 8]},
			"faces": {
				"north": {"uv": [0, 0, 2, 16], "texture": "#8"},
				"east": {"uv": [0, 0, 2, 16], "texture": "#8"},
				"south": {"uv": [0, 0, 2, 16], "texture": "#8"},
				"west": {"uv": [0, 0, 2, 16], "texture": "#2"},
				"up": {"uv": [0, 0, 2, 2], "texture": "#8"},
				"down": {"uv": [0, 0, 2, 2], "texture": "#8"}
			}
		},
		{
			"from": [2, -15, 1],
			"to": [3, 14, 2.15],
			"rotation": {"angle": 0, "axis": "y", "origin": [-3, -7, 8]},
			"faces": {
				"north": {"uv": [0, 0, 2, 16], "texture": "#2"},
				"east": {"uv": [0, 0, 2, 16], "texture": "#2"},
				"south": {"uv": [0, 0, 2, 16], "texture": "#2"},
				"west": {"uv": [0, 0, 2, 16], "texture": "#2"},
				"up": {"uv": [0, 0, 2, 2], "texture": "#2"},
				"down": {"uv": [0, 0, 2, 2], "texture": "#2"}
			}
		},
		{
			"from": [3, -15, 2],
			"to": [7, -14, 3],
			"rotation": {"angle": 0, "axis": "y", "origin": [-1, -7, 9]},
			"faces": {
				"north": {"uv": [0, 0, 4, 1], "texture": "#8"},
				"east": {"uv": [0, 0, 2, 1], "texture": "#8"},
				"south": {"uv": [0, 0, 4, 1], "texture": "#8"},
				"west": {"uv": [0, 0, 2, 1], "texture": "#8"},
				"up": {"uv": [0, 0, 4, 2], "texture": "#8"},
				"down": {"uv": [0, 0, 4, 2], "texture": "#8"}
			}
		},
		{
			"from": [3, -15, 1],
			"to": [7, -14, 2.25],
			"rotation": {"angle": 0, "axis": "y", "origin": [-1, -7, 9]},
			"faces": {
				"north": {"uv": [0, 0, 4, 1], "texture": "#2"},
				"east": {"uv": [0, 0, 2, 1], "texture": "#2"},
				"south": {"uv": [0, 0, 4, 1], "texture": "#2"},
				"west": {"uv": [0, 0, 2, 1], "texture": "#2"},
				"up": {"uv": [0, 0, 4, 2], "texture": "#2"},
				"down": {"uv": [0, 0, 4, 2], "texture": "#2"}
			}
		},
		{
			"from": [3, 13, 2.1],
			"to": [7, 14, 3],
			"rotation": {"angle": 0, "axis": "y", "origin": [-1, 21, 9]},
			"faces": {
				"north": {"uv": [0, 0, 4, 1], "texture": "#8"},
				"east": {"uv": [0, 0, 2, 1], "texture": "#8"},
				"south": {"uv": [0, 0, 4, 1], "texture": "#8"},
				"west": {"uv": [0, 0, 2, 1], "texture": "#8"},
				"up": {"uv": [0, 0, 4, 2], "texture": "#8"},
				"down": {"uv": [0, 0, 4, 2], "texture": "#8"}
			}
		},
		{
			"from": [3, 13, 1],
			"to": [7, 14, 2.15],
			"rotation": {"angle": 0, "axis": "y", "origin": [-1, 21, 9]},
			"faces": {
				"north": {"uv": [0, 0, 4, 1], "texture": "#2"},
				"east": {"uv": [0, 0, 2, 1], "texture": "#2"},
				"south": {"uv": [0, 0, 4, 1], "texture": "#2"},
				"west": {"uv": [0, 0, 2, 1], "texture": "#2"},
				"up": {"uv": [0, 0, 4, 2], "texture": "#2"},
				"down": {"uv": [0, 0, 4, 2], "texture": "#2"}
			}
		}
	],
	"display": {
		"head": {
			"rotation": [0, -180, 0],
			"translation": [-11, -2, -7.5],
			"scale": [1.72, 1.72, 1.72]
		}
	},
	"groups": [
		{
			"name": "door_r",
			"origin": [5.05, 3, 1.95],
			"children": [0, 1, 2, 3, 4, 5, 6, 7, 8, 9, 10, 11, 12, 13, 14, 15, 16, 17, 18, 19, 20, 21, 22, 23, 24, 25, 26, 27, 28, 29, 30]
		}
	]
}