{
	"credit": "Made with Blockbench",
	"textures": {
		"1": "custom/bluebox_text1",
		"2": "custom/tardis_structure",
		"3": "custom/tardis_window",
		"4": "custom/tardis_1",
		"particle": "custom/tardis_structure"
	},
	"elements": [
		{
			"from": [-1, -16, -1],
			"to": [17, -15, 17],
			"rotation": {"angle": 0, "axis": "y", "origin": [8, -8, 8]},
			"faces": {
				"north": {"uv": [0, 0, 16, 1], "texture": "#2"},
				"east": {"uv": [0, 0, 16, 1], "texture": "#2"},
				"south": {"uv": [0, 0, 16, 1], "texture": "#2"},
				"west": {"uv": [0, 0, 16, 1], "texture": "#2"},
				"up": {"uv": [0, 0, 16, 16], "texture": "#2"},
				"down": {"uv": [0, 0, 16, 16], "texture": "#2"}
			}
		},
		{
			"from": [13, -15, 13],
			"to": [15, 14, 15],
			"rotation": {"angle": 0, "axis": "y", "origin": [8, -7, 21]},
			"faces": {
				"north": {"uv": [0, 0, 2, 16], "texture": "#2"},
				"east": {"uv": [0, 0, 2, 16], "texture": "#2"},
				"south": {"uv": [0, 0, 2, 16], "texture": "#2"},
				"west": {"uv": [0, 0, 2, 16], "texture": "#2"},
				"up": {"uv": [0, 0, 2, 2], "texture": "#2"},
				"down": {"uv": [0, 0, 2, 2], "texture": "#2"}
			}
		},
		{
			"from": [1, -15, 13],
			"to": [3, 14, 15],
			"rotation": {"angle": 0, "axis": "y", "origin": [-3, -7, 21]},
			"faces": {
				"north": {"uv": [0, 0, 2, 16], "texture": "#2"},
				"east": {"uv": [0, 0, 2, 16], "texture": "#2"},
				"south": {"uv": [0, 0, 2, 16], "texture": "#2"},
				"west": {"uv": [0, 0, 2, 16], "texture": "#2"},
				"up": {"uv": [0, 0, 2, 2], "texture": "#missing"},
				"down": {"uv": [0, 0, 2, 2], "texture": "#missing"}
			}
		},
		{
			"from": [1, -15, 7],
			"to": [2, 14, 9],
			"rotation": {"angle": 0, "axis": "y", "origin": [-3, -7, 15]},
			"faces": {
				"north": {"uv": [0, 0, 2, 16], "texture": "#2"},
				"east": {"uv": [0, 0, 2, 16], "texture": "#2"},
				"south": {"uv": [0, 0, 2, 16], "texture": "#2"},
				"west": {"uv": [0, 0, 2, 16], "texture": "#2"},
				"up": {"uv": [0, 0, 2, 2], "texture": "#2"},
				"down": {"uv": [0, 0, 2, 2], "texture": "#2"}
			}
		},
		{
			"from": [7, -15, 13],
			"to": [9, 14, 15],
			"rotation": {"angle": 0, "axis": "y", "origin": [3, -7, 21]},
			"faces": {
				"north": {"uv": [0, 0, 2, 16], "texture": "#2"},
				"east": {"uv": [0, 0, 2, 16], "texture": "#2"},
				"south": {"uv": [0, 0, 2, 16], "texture": "#2"},
				"west": {"uv": [0, 0, 2, 16], "texture": "#2"},
				"up": {"uv": [0, 0, 2, 2], "texture": "#2"},
				"down": {"uv": [0, 0, 2, 2], "texture": "#2"}
			}
		},
		{
			"from": [15, -15, 7.5],
			"to": [15.25, 14, 8.5],
			"rotation": {"angle": 0, "axis": "y", "origin": [8, -0.5, 8]},
			"faces": {
				"north": {"uv": [0, 0, 2, 16], "texture": "#2"},
				"east": {"uv": [0, 0, 2, 16], "texture": "#2"},
				"south": {"uv": [0, 0, 2, 16], "texture": "#2"},
				"west": {"uv": [0, 0, 2, 16], "texture": "#2"},
				"up": {"uv": [0, 0, 2, 2], "rotation": 270, "texture": "#2"},
				"down": {"uv": [0, 0, 2, 2], "rotation": 90, "texture": "#2"}
			}
		},
		{
			"from": [0.75, -15, 7.5],
			"to": [1, 14, 8.5],
			"rotation": {"angle": 0, "axis": "y", "origin": [8, -0.5, 8]},
			"faces": {
				"north": {"uv": [0, 0, 2, 16], "texture": "#2"},
				"east": {"uv": [0, 0, 2, 16], "texture": "#2"},
				"south": {"uv": [0, 0, 2, 16], "texture": "#2"},
				"west": {"uv": [0, 0, 2, 16], "texture": "#2"},
				"up": {"uv": [0, 0, 2, 2], "rotation": 270, "texture": "#2"},
				"down": {"uv": [0, 0, 2, 2], "rotation": 90, "texture": "#2"}
			}
		},
		{
			"from": [7.5, -15, 15],
			"to": [8.5, 14, 15.25],
			"rotation": {"angle": 0, "axis": "y", "origin": [8, -0.5, 8]},
			"faces": {
				"north": {"uv": [0, 0, 2, 16], "texture": "#2"},
				"east": {"uv": [0, 0, 2, 16], "texture": "#2"},
				"south": {"uv": [0, 0, 2, 16], "texture": "#2"},
				"west": {"uv": [0, 0, 2, 16], "texture": "#2"},
				"up": {"uv": [0, 0, 2, 2], "rotation": 180, "texture": "#2"},
				"down": {"uv": [0, 0, 2, 2], "rotation": 180, "texture": "#2"}
			}
		},
		{
			"from": [3, -15, 13],
			"to": [7, -14, 15],
			"rotation": {"angle": 0, "axis": "y", "origin": [-1, -7, 21]},
			"faces": {
				"north": {"uv": [0, 0, 4, 1], "texture": "#2"},
				"east": {"uv": [0, 0, 2, 1], "texture": "#2"},
				"south": {"uv": [0, 0, 4, 1], "texture": "#2"},
				"west": {"uv": [0, 0, 2, 1], "texture": "#2"},
				"up": {"uv": [0, 0, 4, 2], "texture": "#2"},
				"down": {"uv": [0, 0, 4, 2], "texture": "#2"}
			}
		},
		{
			"from": [3, -8, 13],
			"to": [7, -7, 15],
			"rotation": {"angle": 0, "axis": "y", "origin": [-1, 0, 21]},
			"faces": {
				"north": {"uv": [0, 0, 4, 1], "texture": "#2"},
				"east": {"uv": [0, 0, 2, 1], "texture": "#2"},
				"south": {"uv": [0, 0, 4, 1], "texture": "#2"},
				"west": {"uv": [0, 0, 2, 1], "texture": "#2"},
				"up": {"uv": [0, 0, 4, 2], "texture": "#2"},
				"down": {"uv": [0, 0, 4, 2], "texture": "#2"}
			}
		},
		{
			"from": [3, -1, 13],
			"to": [7, 0, 15],
			"rotation": {"angle": 0, "axis": "y", "origin": [-1, 7, 21]},
			"faces": {
				"north": {"uv": [0, 0, 4, 1], "texture": "#2"},
				"east": {"uv": [0, 0, 2, 1], "texture": "#2"},
				"south": {"uv": [0, 0, 4, 1], "texture": "#2"},
				"west": {"uv": [0, 0, 2, 1], "texture": "#2"},
				"up": {"uv": [0, 0, 4, 2], "texture": "#2"},
				"down": {"uv": [0, 0, 4, 2], "texture": "#2"}
			}
		},
		{
			"from": [3, 6, 13],
			"to": [7, 7, 15],
			"rotation": {"angle": 0, "axis": "y", "origin": [-1, 14, 21]},
			"faces": {
				"north": {"uv": [0, 0, 4, 1], "texture": "#2"},
				"east": {"uv": [0, 0, 2, 1], "texture": "#2"},
				"south": {"uv": [0, 0, 4, 1], "texture": "#2"},
				"west": {"uv": [0, 0, 2, 1], "texture": "#2"},
				"up": {"uv": [0, 0, 4, 2], "texture": "#2"},
				"down": {"uv": [0, 0, 4, 2], "texture": "#2"}
			}
		},
		{
			"from": [3, 9.75, 14],
			"to": [7, 10.25, 14.5],
			"rotation": {"angle": 0, "axis": "y", "origin": [-1, 17.5, 20.5]},
			"faces": {
				"north": {"uv": [0, 0, 4, 1], "texture": "#2"},
				"east": {"uv": [0, 0, 2, 1], "texture": "#2"},
				"south": {"uv": [0, 0, 4, 1], "texture": "#2"},
				"west": {"uv": [0, 0, 2, 1], "texture": "#2"},
				"up": {"uv": [0, 0, 4, 2], "texture": "#2"},
				"down": {"uv": [0, 0, 4, 2], "texture": "#2"}
			}
		},
		{
			"from": [14, 9.75, 9],
			"to": [14.5, 10.25, 13],
			"rotation": {"angle": 0, "axis": "y", "origin": [8, 10, 8]},
			"faces": {
				"north": {"uv": [0, 0, 2, 1], "texture": "#2"},
				"east": {"uv": [0, 0, 4, 1], "texture": "#2"},
				"south": {"uv": [0, 0, 2, 1], "texture": "#2"},
				"west": {"uv": [0, 0, 4, 1], "texture": "#2"},
				"up": {"uv": [0, 0, 4, 2], "rotation": 270, "texture": "#2"},
				"down": {"uv": [0, 0, 4, 2], "rotation": 90, "texture": "#2"}
			}
		},
		{
			"from": [1.5, 9.75, 9],
			"to": [2, 10.25, 13],
			"rotation": {"angle": 0, "axis": "y", "origin": [8, 10, 8]},
			"faces": {
				"north": {"uv": [0, 0, 2, 1], "texture": "#missing"},
				"east": {"uv": [0, 0, 4, 1], "texture": "#missing"},
				"south": {"uv": [0, 0, 2, 1], "texture": "#missing"},
				"west": {"uv": [0, 0, 4, 1], "texture": "#2"},
				"up": {"uv": [0, 0, 4, 2], "rotation": 270, "texture": "#2"},
				"down": {"uv": [0, 0, 4, 2], "rotation": 90, "texture": "#2"}
			}
		},
		{
			"from": [9, 9.75, 14],
			"to": [13, 10.25, 14.5],
			"rotation": {"angle": 0, "axis": "y", "origin": [11, 10, 14.25]},
			"faces": {
				"north": {"uv": [0, 0, 4, 1], "texture": "#2"},
				"east": {"uv": [0, 0, 2, 1], "texture": "#2"},
				"south": {"uv": [0, 0, 4, 1], "texture": "#2"},
				"west": {"uv": [0, 0, 2, 1], "texture": "#2"},
				"up": {"uv": [0, 0, 4, 2], "texture": "#2"},
				"down": {"uv": [0, 0, 4, 2], "texture": "#2"}
			}
		},
		{
			"from": [14, 7, 4],
			"to": [14.5, 9.75, 4.5],
			"rotation": {"angle": 0, "axis": "y", "origin": [8, 10, 8]},
			"faces": {
				"north": {"uv": [0, 0, 4, 2], "rotation": 90, "texture": "#2"},
				"east": {"uv": [0, 0, 4, 1], "rotation": 90, "texture": "#2"},
				"south": {"uv": [0, 0, 4, 2], "rotation": 90, "texture": "#2"},
				"west": {"uv": [0, 0, 4, 1], "rotation": 270, "texture": "#2"},
				"up": {"uv": [0, 0, 2, 1], "texture": "#2"},
				"down": {"uv": [0, 0, 2, 1], "rotation": 180, "texture": "#2"}
			}
		},
		{
			"from": [11.5, 7, 14],
			"to": [12, 9.75, 14.5],
			"rotation": {"angle": 0, "axis": "y", "origin": [8, 10, 8]},
			"faces": {
				"north": {"uv": [0, 0, 4, 1], "rotation": 270, "texture": "#2"},
				"east": {"uv": [0, 0, 4, 2], "rotation": 90, "texture": "#2"},
				"south": {"uv": [0, 0, 4, 1], "rotation": 90, "texture": "#2"},
				"west": {"uv": [0, 0, 4, 2], "rotation": 90, "texture": "#2"},
				"up": {"uv": [0, 0, 2, 1], "rotation": 90, "texture": "#2"},
				"down": {"uv": [0, 0, 2, 1], "rotation": 90, "texture": "#2"}
			}
		},
		{
			"from": [1.5, 7, 4],
			"to": [2, 9.75, 4.5],
			"rotation": {"angle": 0, "axis": "y", "origin": [8, 10, 8]},
			"faces": {
				"north": {"uv": [0, 0, 4, 2], "rotation": 90, "texture": "#2"},
				"east": {"uv": [0, 0, 4, 1], "rotation": 90, "texture": "#2"},
				"south": {"uv": [0, 0, 4, 2], "rotation": 90, "texture": "#2"},
				"west": {"uv": [0, 0, 4, 1], "rotation": 270, "texture": "#2"},
				"up": {"uv": [0, 0, 2, 1], "texture": "#2"},
				"down": {"uv": [0, 0, 2, 1], "rotation": 180, "texture": "#2"}
			}
		},
		{
			"from": [14, 10.25, 4],
			"to": [14.5, 13, 4.5],
			"rotation": {"angle": 0, "axis": "y", "origin": [8, 10, 8]},
			"faces": {
				"north": {"uv": [0, 0, 4, 2], "rotation": 90, "texture": "#2"},
				"east": {"uv": [0, 0, 4, 1], "rotation": 90, "texture": "#2"},
				"south": {"uv": [0, 0, 4, 2], "rotation": 90, "texture": "#2"},
				"west": {"uv": [0, 0, 4, 1], "rotation": 270, "texture": "#2"},
				"up": {"uv": [0, 0, 2, 1], "texture": "#2"},
				"down": {"uv": [0, 0, 2, 1], "rotation": 180, "texture": "#2"}
			}
		},
		{
			"from": [11.5, 10.25, 14],
			"to": [12, 13, 14.5],
			"rotation": {"angle": 0, "axis": "y", "origin": [8, 10, 8]},
			"faces": {
				"north": {"uv": [0, 0, 4, 1], "rotation": 270, "texture": "#2"},
				"east": {"uv": [0, 0, 4, 2], "rotation": 90, "texture": "#2"},
				"south": {"uv": [0, 0, 4, 1], "rotation": 90, "texture": "#2"},
				"west": {"uv": [0, 0, 4, 2], "rotation": 90, "texture": "#2"},
				"up": {"uv": [0, 0, 2, 1], "rotation": 90, "texture": "#2"},
				"down": {"uv": [0, 0, 2, 1], "rotation": 90, "texture": "#2"}
			}
		},
		{
			"from": [1.5, 10.25, 4],
			"to": [2, 13, 4.5],
			"rotation": {"angle": 0, "axis": "y", "origin": [8, 10, 8]},
			"faces": {
				"north": {"uv": [0, 0, 4, 2], "rotation": 90, "texture": "#2"},
				"east": {"uv": [0, 0, 4, 1], "rotation": 90, "texture": "#2"},
				"south": {"uv": [0, 0, 4, 2], "rotation": 90, "texture": "#2"},
				"west": {"uv": [0, 0, 4, 1], "rotation": 270, "texture": "#2"},
				"up": {"uv": [0, 0, 2, 1], "texture": "#2"},
				"down": {"uv": [0, 0, 2, 1], "rotation": 180, "texture": "#2"}
			}
		},
		{
			"from": [14, 7, 10],
			"to": [14.5, 9.75, 10.5],
			"rotation": {"angle": 0, "axis": "y", "origin": [8, 10, 8]},
			"faces": {
				"north": {"uv": [0, 0, 4, 2], "rotation": 90, "texture": "#2"},
				"east": {"uv": [0, 0, 4, 1], "rotation": 90, "texture": "#2"},
				"south": {"uv": [0, 0, 4, 2], "rotation": 90, "texture": "#2"},
				"west": {"uv": [0, 0, 4, 1], "rotation": 270, "texture": "#2"},
				"up": {"uv": [0, 0, 2, 1], "texture": "#2"},
				"down": {"uv": [0, 0, 2, 1], "rotation": 180, "texture": "#2"}
			}
		},
		{
			"from": [5.5, 7, 14],
			"to": [6, 9.75, 14.5],
			"rotation": {"angle": 0, "axis": "y", "origin": [8, 10, 8]},
			"faces": {
				"north": {"uv": [0, 0, 4, 1], "rotation": 270, "texture": "#2"},
				"east": {"uv": [0, 0, 4, 2], "rotation": 90, "texture": "#2"},
				"south": {"uv": [0, 0, 4, 1], "rotation": 90, "texture": "#2"},
				"west": {"uv": [0, 0, 4, 2], "rotation": 90, "texture": "#2"},
				"up": {"uv": [0, 0, 2, 1], "rotation": 90, "texture": "#2"},
				"down": {"uv": [0, 0, 2, 1], "rotation": 90, "texture": "#2"}
			}
		},
		{
			"from": [1.5, 7, 10],
			"to": [2, 9.75, 10.5],
			"rotation": {"angle": 0, "axis": "y", "origin": [8, 10, 8]},
			"faces": {
				"north": {"uv": [0, 0, 4, 2], "rotation": 90, "texture": "#2"},
				"east": {"uv": [0, 0, 4, 1], "rotation": 90, "texture": "#missing"},
				"south": {"uv": [0, 0, 4, 2], "rotation": 90, "texture": "#2"},
				"west": {"uv": [0, 0, 4, 1], "rotation": 270, "texture": "#2"},
				"up": {"uv": [0, 0, 2, 1], "texture": "#missing"},
				"down": {"uv": [0, 0, 2, 1], "rotation": 180, "texture": "#missing"}
			}
		},
		{
			"from": [14, 10.25, 10],
			"to": [14.5, 13, 10.5],
			"rotation": {"angle": 0, "axis": "y", "origin": [8, 10, 8]},
			"faces": {
				"north": {"uv": [0, 0, 4, 2], "rotation": 90, "texture": "#2"},
				"east": {"uv": [0, 0, 4, 1], "rotation": 90, "texture": "#2"},
				"south": {"uv": [0, 0, 4, 2], "rotation": 90, "texture": "#2"},
				"west": {"uv": [0, 0, 4, 1], "rotation": 270, "texture": "#2"},
				"up": {"uv": [0, 0, 2, 1], "texture": "#2"},
				"down": {"uv": [0, 0, 2, 1], "rotation": 180, "texture": "#2"}
			}
		},
		{
			"from": [5.5, 10.25, 14],
			"to": [6, 13, 14.5],
			"rotation": {"angle": 0, "axis": "y", "origin": [8, 10, 8]},
			"faces": {
				"north": {"uv": [0, 0, 4, 1], "rotation": 270, "texture": "#2"},
				"east": {"uv": [0, 0, 4, 2], "rotation": 90, "texture": "#2"},
				"south": {"uv": [0, 0, 4, 1], "rotation": 90, "texture": "#2"},
				"west": {"uv": [0, 0, 4, 2], "rotation": 90, "texture": "#2"},
				"up": {"uv": [0, 0, 2, 1], "rotation": 90, "texture": "#2"},
				"down": {"uv": [0, 0, 2, 1], "rotation": 90, "texture": "#2"}
			}
		},
		{
			"from": [1.5, 10.25, 10],
			"to": [2, 13, 10.5],
			"rotation": {"angle": 0, "axis": "y", "origin": [8, 10, 8]},
			"faces": {
				"north": {"uv": [0, 0, 4, 2], "rotation": 90, "texture": "#2"},
				"east": {"uv": [0, 0, 4, 1], "rotation": 90, "texture": "#missing"},
				"south": {"uv": [0, 0, 4, 2], "rotation": 90, "texture": "#2"},
				"west": {"uv": [0, 0, 4, 1], "rotation": 270, "texture": "#2"},
				"up": {"uv": [0, 0, 2, 1], "texture": "#missing"},
				"down": {"uv": [0, 0, 2, 1], "rotation": 180, "texture": "#missing"}
			}
		},
		{
			"from": [14, 7, 5.5],
			"to": [14.5, 9.75, 6],
			"rotation": {"angle": 0, "axis": "y", "origin": [8, 10, 8]},
			"faces": {
				"north": {"uv": [0, 0, 4, 2], "rotation": 90, "texture": "#2"},
				"east": {"uv": [0, 0, 4, 1], "rotation": 90, "texture": "#2"},
				"south": {"uv": [0, 0, 4, 2], "rotation": 90, "texture": "#2"},
				"west": {"uv": [0, 0, 4, 1], "rotation": 270, "texture": "#2"},
				"up": {"uv": [0, 0, 2, 1], "texture": "#2"},
				"down": {"uv": [0, 0, 2, 1], "rotation": 180, "texture": "#2"}
			}
		},
		{
			"from": [10, 7, 14],
			"to": [10.5, 9.75, 14.5],
			"rotation": {"angle": 0, "axis": "y", "origin": [8, 10, 8]},
			"faces": {
				"north": {"uv": [0, 0, 4, 1], "rotation": 270, "texture": "#2"},
				"east": {"uv": [0, 0, 4, 2], "rotation": 90, "texture": "#2"},
				"south": {"uv": [0, 0, 4, 1], "rotation": 90, "texture": "#2"},
				"west": {"uv": [0, 0, 4, 2], "rotation": 90, "texture": "#2"},
				"up": {"uv": [0, 0, 2, 1], "rotation": 90, "texture": "#2"},
				"down": {"uv": [0, 0, 2, 1], "rotation": 90, "texture": "#2"}
			}
		},
		{
			"from": [1.5, 7, 5.5],
			"to": [2, 9.75, 6],
			"rotation": {"angle": 0, "axis": "y", "origin": [8, 10, 8]},
			"faces": {
				"north": {"uv": [0, 0, 4, 2], "rotation": 90, "texture": "#2"},
				"east": {"uv": [0, 0, 4, 1], "rotation": 90, "texture": "#2"},
				"south": {"uv": [0, 0, 4, 2], "rotation": 90, "texture": "#2"},
				"west": {"uv": [0, 0, 4, 1], "rotation": 270, "texture": "#2"},
				"up": {"uv": [0, 0, 2, 1], "texture": "#2"},
				"down": {"uv": [0, 0, 2, 1], "rotation": 180, "texture": "#2"}
			}
		},
		{
			"from": [14, 10.25, 5.5],
			"to": [14.5, 13, 6],
			"rotation": {"angle": 0, "axis": "y", "origin": [8, 10, 8]},
			"faces": {
				"north": {"uv": [0, 0, 4, 2], "rotation": 90, "texture": "#2"},
				"east": {"uv": [0, 0, 4, 1], "rotation": 90, "texture": "#2"},
				"south": {"uv": [0, 0, 4, 2], "rotation": 90, "texture": "#2"},
				"west": {"uv": [0, 0, 4, 1], "rotation": 270, "texture": "#2"},
				"up": {"uv": [0, 0, 2, 1], "texture": "#2"},
				"down": {"uv": [0, 0, 2, 1], "rotation": 180, "texture": "#2"}
			}
		},
		{
			"from": [10, 10.25, 14],
			"to": [10.5, 13, 14.5],
			"rotation": {"angle": 0, "axis": "y", "origin": [8, 10, 8]},
			"faces": {
				"north": {"uv": [0, 0, 4, 1], "rotation": 270, "texture": "#2"},
				"east": {"uv": [0, 0, 4, 2], "rotation": 90, "texture": "#2"},
				"south": {"uv": [0, 0, 4, 1], "rotation": 90, "texture": "#2"},
				"west": {"uv": [0, 0, 4, 2], "rotation": 90, "texture": "#2"},
				"up": {"uv": [0, 0, 2, 1], "rotation": 90, "texture": "#2"},
				"down": {"uv": [0, 0, 2, 1], "rotation": 90, "texture": "#2"}
			}
		},
		{
			"from": [1.5, 10.25, 5.5],
			"to": [2, 13, 6],
			"rotation": {"angle": 0, "axis": "y", "origin": [8, 10, 8]},
			"faces": {
				"north": {"uv": [0, 0, 4, 2], "rotation": 90, "texture": "#2"},
				"east": {"uv": [0, 0, 4, 1], "rotation": 90, "texture": "#2"},
				"south": {"uv": [0, 0, 4, 2], "rotation": 90, "texture": "#2"},
				"west": {"uv": [0, 0, 4, 1], "rotation": 270, "texture": "#2"},
				"up": {"uv": [0, 0, 2, 1], "texture": "#2"},
				"down": {"uv": [0, 0, 2, 1], "rotation": 180, "texture": "#2"}
			}
		},
		{
			"from": [14, 7, 11.5],
			"to": [14.5, 9.75, 12],
			"rotation": {"angle": 0, "axis": "y", "origin": [8, 10, 8]},
			"faces": {
				"north": {"uv": [0, 0, 4, 2], "rotation": 90, "texture": "#2"},
				"east": {"uv": [0, 0, 4, 1], "rotation": 90, "texture": "#2"},
				"south": {"uv": [0, 0, 4, 2], "rotation": 90, "texture": "#2"},
				"west": {"uv": [0, 0, 4, 1], "rotation": 270, "texture": "#2"},
				"up": {"uv": [0, 0, 2, 1], "texture": "#2"},
				"down": {"uv": [0, 0, 2, 1], "rotation": 180, "texture": "#2"}
			}
		},
		{
			"from": [4, 7, 14],
			"to": [4.5, 9.75, 14.5],
			"rotation": {"angle": 0, "axis": "y", "origin": [8, 10, 8]},
			"faces": {
				"north": {"uv": [0, 0, 4, 1], "rotation": 270, "texture": "#2"},
				"east": {"uv": [0, 0, 4, 2], "rotation": 90, "texture": "#2"},
				"south": {"uv": [0, 0, 4, 1], "rotation": 90, "texture": "#2"},
				"west": {"uv": [0, 0, 4, 2], "rotation": 90, "texture": "#2"},
				"up": {"uv": [0, 0, 2, 1], "rotation": 90, "texture": "#2"},
				"down": {"uv": [0, 0, 2, 1], "rotation": 90, "texture": "#2"}
			}
		},
		{
			"from": [1.5, 7, 11.5],
			"to": [2, 9.75, 12],
			"rotation": {"angle": 0, "axis": "y", "origin": [8, 10, 8]},
			"faces": {
				"north": {"uv": [0, 0, 4, 2], "rotation": 90, "texture": "#2"},
				"east": {"uv": [0, 0, 4, 1], "rotation": 90, "texture": "#missing"},
				"south": {"uv": [0, 0, 4, 2], "rotation": 90, "texture": "#2"},
				"west": {"uv": [0, 0, 4, 1], "rotation": 270, "texture": "#2"},
				"up": {"uv": [0, 0, 2, 1], "texture": "#missing"},
				"down": {"uv": [0, 0, 2, 1], "rotation": 180, "texture": "#missing"}
			}
		},
		{
			"from": [14, 10.25, 11.5],
			"to": [14.5, 13, 12],
			"rotation": {"angle": 0, "axis": "y", "origin": [8, 10, 8]},
			"faces": {
				"north": {"uv": [0, 0, 4, 2], "rotation": 90, "texture": "#2"},
				"east": {"uv": [0, 0, 4, 1], "rotation": 90, "texture": "#2"},
				"south": {"uv": [0, 0, 4, 2], "rotation": 90, "texture": "#2"},
				"west": {"uv": [0, 0, 4, 1], "rotation": 270, "texture": "#2"},
				"up": {"uv": [0, 0, 2, 1], "texture": "#2"},
				"down": {"uv": [0, 0, 2, 1], "rotation": 180, "texture": "#2"}
			}
		},
		{
			"from": [4, 10.25, 14],
			"to": [4.5, 13, 14.5],
			"rotation": {"angle": 0, "axis": "y", "origin": [8, 10, 8]},
			"faces": {
				"north": {"uv": [0, 0, 4, 1], "rotation": 270, "texture": "#2"},
				"east": {"uv": [0, 0, 4, 2], "rotation": 90, "texture": "#2"},
				"south": {"uv": [0, 0, 4, 1], "rotation": 90, "texture": "#2"},
				"west": {"uv": [0, 0, 4, 2], "rotation": 90, "texture": "#2"},
				"up": {"uv": [0, 0, 2, 1], "rotation": 90, "texture": "#2"},
				"down": {"uv": [0, 0, 2, 1], "rotation": 90, "texture": "#2"}
			}
		},
		{
			"from": [1.5, 10.25, 11.5],
			"to": [2, 13, 12],
			"rotation": {"angle": 0, "axis": "y", "origin": [8, 10, 8]},
			"faces": {
				"north": {"uv": [0, 0, 4, 2], "rotation": 90, "texture": "#2"},
				"east": {"uv": [0, 0, 4, 1], "rotation": 90, "texture": "#missing"},
				"south": {"uv": [0, 0, 4, 2], "rotation": 90, "texture": "#2"},
				"west": {"uv": [0, 0, 4, 1], "rotation": 270, "texture": "#2"},
				"up": {"uv": [0, 0, 2, 1], "texture": "#missing"},
				"down": {"uv": [0, 0, 2, 1], "rotation": 180, "texture": "#missing"}
			}
		},
		{
			"from": [14, 9.75, 3],
			"to": [14.5, 10.25, 7],
			"rotation": {"angle": 0, "axis": "y", "origin": [8, 10, 8]},
			"faces": {
				"north": {"uv": [0, 0, 2, 1], "texture": "#2"},
				"east": {"uv": [0, 0, 4, 1], "texture": "#2"},
				"south": {"uv": [0, 0, 2, 1], "texture": "#2"},
				"west": {"uv": [0, 0, 4, 1], "texture": "#2"},
				"up": {"uv": [0, 0, 4, 2], "rotation": 270, "texture": "#2"},
				"down": {"uv": [0, 0, 4, 2], "rotation": 90, "texture": "#2"}
			}
		},
		{
			"from": [1.5, 9.75, 3],
			"to": [2, 10.25, 7],
			"rotation": {"angle": 0, "axis": "y", "origin": [8, 10, 8]},
			"faces": {
				"north": {"uv": [0, 0, 2, 1], "texture": "#2"},
				"east": {"uv": [0, 0, 4, 1], "texture": "#2"},
				"south": {"uv": [0, 0, 2, 1], "texture": "#2"},
				"west": {"uv": [0, 0, 4, 1], "texture": "#2"},
				"up": {"uv": [0, 0, 4, 2], "rotation": 270, "texture": "#2"},
				"down": {"uv": [0, 0, 4, 2], "rotation": 90, "texture": "#2"}
			}
		},
		{
			"from": [3, 13, 13],
			"to": [7, 14, 15],
			"rotation": {"angle": 0, "axis": "y", "origin": [-1, 21, 21]},
			"faces": {
				"north": {"uv": [0, 0, 4, 1], "texture": "#missing"},
				"east": {"uv": [0, 0, 2, 1], "texture": "#missing"},
				"south": {"uv": [0, 0, 4, 1], "texture": "#2"},
				"west": {"uv": [0, 0, 2, 1], "texture": "#missing"},
				"up": {"uv": [0, 0, 4, 2], "texture": "#missing"},
				"down": {"uv": [0, 0, 4, 2], "texture": "#2"}
			}
		},
		{
			"from": [1, -15, 3],
			"to": [2, -14, 7],
			"rotation": {"angle": 0, "axis": "y", "origin": [-1, -7, 11]},
			"faces": {
				"north": {"uv": [0, 0, 2, 1], "texture": "#2"},
				"east": {"uv": [0, 0, 4, 1], "texture": "#2"},
				"south": {"uv": [0, 0, 2, 1], "texture": "#2"},
				"west": {"uv": [0, 0, 4, 1], "texture": "#2"},
				"up": {"uv": [0, 0, 2, 4], "texture": "#2"},
				"down": {"uv": [0, 0, 2, 4], "texture": "#2"}
			}
		},
		{
			"from": [1, -8, 3],
			"to": [2, -7, 7],
			"rotation": {"angle": 0, "axis": "y", "origin": [-1, 0, 11]},
			"faces": {
				"north": {"uv": [0, 0, 2, 1], "texture": "#2"},
				"east": {"uv": [0, 0, 4, 1], "texture": "#2"},
				"south": {"uv": [0, 0, 2, 1], "texture": "#2"},
				"west": {"uv": [0, 0, 4, 1], "texture": "#2"},
				"up": {"uv": [0, 0, 2, 4], "texture": "#2"},
				"down": {"uv": [0, 0, 2, 4], "texture": "#2"}
			}
		},
		{
			"from": [1, -1, 3],
			"to": [2, 0, 7],
			"rotation": {"angle": 0, "axis": "y", "origin": [-1, 7, 11]},
			"faces": {
				"north": {"uv": [0, 0, 2, 1], "texture": "#2"},
				"east": {"uv": [0, 0, 4, 1], "texture": "#2"},
				"south": {"uv": [0, 0, 2, 1], "texture": "#2"},
				"west": {"uv": [0, 0, 4, 1], "texture": "#2"},
				"up": {"uv": [0, 0, 2, 4], "texture": "#2"},
				"down": {"uv": [0, 0, 2, 4], "texture": "#2"}
			}
		},
		{
			"from": [1, 6, 3],
			"to": [2, 7, 7],
			"rotation": {"angle": 0, "axis": "y", "origin": [-1, 14, 11]},
			"faces": {
				"north": {"uv": [0, 0, 2, 1], "texture": "#2"},
				"east": {"uv": [0, 0, 4, 1], "texture": "#2"},
				"south": {"uv": [0, 0, 2, 1], "texture": "#2"},
				"west": {"uv": [0, 0, 4, 1], "texture": "#2"},
				"up": {"uv": [0, 0, 2, 4], "texture": "#2"},
				"down": {"uv": [0, 0, 2, 4], "texture": "#2"}
			}
		},
		{
			"from": [1, 13, 3],
			"to": [2, 14, 7],
			"rotation": {"angle": 0, "axis": "y", "origin": [-1, 21, 11]},
			"faces": {
				"north": {"uv": [0, 0, 2, 1], "texture": "#2"},
				"east": {"uv": [0, 0, 4, 1], "texture": "#2"},
				"south": {"uv": [0, 0, 2, 1], "texture": "#2"},
				"west": {"uv": [0, 0, 4, 1], "texture": "#2"},
				"up": {"uv": [0, 0, 2, 4], "texture": "#2"},
				"down": {"uv": [0, 0, 2, 4], "texture": "#2"}
			}
		},
		{
			"from": [14, -15, 2],
			"to": [14, 6.5, 14],
			"rotation": {"angle": 0, "axis": "y", "origin": [8, -4.25, 8]},
			"faces": {
				"north": {"uv": [0, 0, 12, 16], "texture": "#2"},
				"east": {"uv": [0, 0, 12, 16], "texture": "#2"},
				"south": {"uv": [0, 0, 12, 16], "texture": "#2"},
				"west": {"uv": [0, 0, 12, 16], "texture": "#2"},
				"up": {"uv": [0, 0, 12, 12], "texture": "#2"},
				"down": {"uv": [0, 0, 12, 12], "texture": "#2"}
			}
		},
		{
			"from": [14, 6.5, 2],
			"to": [14, 14.5, 14],
			"rotation": {"angle": 0, "axis": "y", "origin": [8, 10.5, 8]},
			"faces": {
				"north": {"uv": [7, 4, 16, 16], "texture": "#3"},
				"east": {"uv": [7, 4, 16, 16], "texture": "#3"},
				"south": {"uv": [7, 4, 16, 16], "texture": "#3"},
				"west": {"uv": [7, 4, 16, 16], "texture": "#3"},
				"up": {"uv": [0, 0, 12, 12], "texture": "#missing"},
				"down": {"uv": [0, 0, 12, 12], "texture": "#missing"}
			}
		},
		{
			"from": [0, 14, 0],
			"to": [16, 18, 16],
			"rotation": {"angle": 0, "axis": "y", "origin": [1, 23, 11]},
			"faces": {
				"north": {"uv": [0, 0, 16, 4], "texture": "#2"},
				"east": {"uv": [0, 0, 16, 4], "texture": "#2"},
				"south": {"uv": [0, 0, 16, 4], "texture": "#2"},
				"west": {"uv": [0, 0, 16, 4], "texture": "#2"},
				"up": {"uv": [0, 0, 16, 16], "texture": "#2"},
				"down": {"uv": [0, 0, 16, 16], "texture": "#2"}
			}
		},
		{
			"from": [1, 18, 1],
			"to": [15, 19, 15],
			"rotation": {"angle": 0, "axis": "y", "origin": [1, 24, 11]},
			"faces": {
				"north": {"uv": [0, 0, 14, 1], "texture": "#2"},
				"east": {"uv": [0, 0, 14, 1], "texture": "#2"},
				"south": {"uv": [0, 0, 14, 1], "texture": "#2"},
				"west": {"uv": [0, 0, 14, 1], "texture": "#2"},
				"up": {"uv": [0, 0, 14, 14], "texture": "#2"},
				"down": {"uv": [0, 0, 14, 14], "texture": "#2"}
			}
		},
		{
			"from": [6.5, 19, 6.5],
			"to": [9.5, 20, 9.5],
			"rotation": {"angle": 0, "axis": "y", "origin": [1, 25, 11]},
			"faces": {
				"north": {"uv": [0, 0, 3, 1], "texture": "#2"},
				"east": {"uv": [0, 0, 3, 1], "texture": "#2"},
				"south": {"uv": [0, 0, 3, 1], "texture": "#2"},
				"west": {"uv": [0, 0, 3, 1], "texture": "#2"},
				"up": {"uv": [0, 0, 3, 3], "texture": "#2"},
				"down": {"uv": [0, 0, 3, 3], "texture": "#2"}
			}
		},
		{
			"from": [7, 20, 7],
			"to": [9, 22, 9],
			"rotation": {"angle": 0, "axis": "y", "origin": [1, 26, 11]},
			"faces": {
				"north": {"uv": [0, 0, 2, 2], "texture": "#3"},
				"east": {"uv": [0, 0, 2, 2], "texture": "#3"},
				"south": {"uv": [0, 0, 2, 2], "texture": "#3"},
				"west": {"uv": [0, 0, 2, 2], "texture": "#3"},
				"up": {"uv": [0, 0, 2, 2], "texture": "#3"},
				"down": {"uv": [0, 0, 2, 2], "texture": "#3"}
			}
		},
		{
			"from": [6.75, 22, 6.75],
			"to": [9.25, 23, 9.25],
			"rotation": {"angle": 0, "axis": "y", "origin": [1, 27, 11]},
			"faces": {
				"north": {"uv": [0, 0, 2.5, 1], "texture": "#2"},
				"east": {"uv": [0, 0, 2.5, 1], "texture": "#2"},
				"south": {"uv": [0, 0, 2.5, 1], "texture": "#2"},
				"west": {"uv": [0, 0, 2.5, 1], "texture": "#2"},
				"up": {"uv": [0, 0, 2.5, 2.5], "texture": "#2"},
				"down": {"uv": [0, 0, 2.5, 2.5], "texture": "#2"}
			}
		},
		{
			"from": [0.5, 14.5, 16],
			"to": [15.5, 17.5, 17],
			"rotation": {"angle": 0, "axis": "y", "origin": [1, 23, 12]},
			"faces": {
				"north": {"uv": [0, 0, 15, 3], "texture": "#missing"},
				"east": {"uv": [0, 0, 1, 3], "texture": "#2"},
				"south": {"uv": [0, 0, 15.96, 15.907], "texture": "#1"},
				"west": {"uv": [0, 0, 1, 3], "texture": "#2"},
				"up": {"uv": [0, 0, 15, 1], "texture": "#2"},
				"down": {"uv": [0, 0, 15, 1], "texture": "#2"}
			}
		},
		{
			"from": [-1, 14.5, 0.5],
			"to": [0, 17.5, 15.5],
			"rotation": {"angle": 0, "axis": "y", "origin": [0, 23, 10.5]},
			"faces": {
				"north": {"uv": [0, 0, 1, 3], "texture": "#2"},
				"east": {"uv": [0, 0, 15, 3], "texture": "#missing"},
				"south": {"uv": [0, 0, 1, 3], "texture": "#2"},
				"west": {"uv": [0, 0, 15.96, 15.907], "texture": "#1"},
				"up": {"uv": [0, 0, 1, 15], "texture": "#2"},
				"down": {"uv": [0, 0, 1, 15], "texture": "#2"}
			}
		},
		{
			"from": [16, 14.5, 0.5],
			"to": [17, 17.5, 15.5],
			"rotation": {"angle": 0, "axis": "y", "origin": [17, 23, 10.5]},
			"faces": {
				"north": {"uv": [0, 0, 1, 3], "texture": "#2"},
				"east": {"uv": [0, 0, 15.96, 15.907], "texture": "#1"},
				"south": {"uv": [0, 0, 1, 3], "texture": "#2"},
				"west": {"uv": [0, 0, 15, 3], "texture": "#missing"},
				"up": {"uv": [0, 0, 1, 15], "texture": "#2"},
				"down": {"uv": [0, 0, 1, 15], "texture": "#2"}
			}
		},
		{
			"from": [0.5, 14.5, -1],
			"to": [15.5, 17.5, 0],
			"rotation": {"angle": 0, "axis": "y", "origin": [1, 23, -5]},
			"faces": {
				"north": {"uv": [0, 0, 15.96, 15.907], "texture": "#1"},
				"east": {"uv": [0, 0, 1, 3], "texture": "#2"},
				"south": {"uv": [0, 0, 15, 3], "texture": "#missing"},
				"west": {"uv": [0, 0, 1, 3], "texture": "#2"},
				"up": {"uv": [0, 0, 15, 1], "texture": "#2"},
				"down": {"uv": [0, 0, 15, 1], "texture": "#2"}
			}
		},
		{
			"from": [1, -15, 9],
			"to": [2, -14, 13],
			"rotation": {"angle": 0, "axis": "y", "origin": [-1, -7, 17]},
			"faces": {
				"north": {"uv": [0, 0, 2, 1], "texture": "#2"},
				"east": {"uv": [0, 0, 4, 1], "texture": "#2"},
				"south": {"uv": [0, 0, 2, 1], "texture": "#2"},
				"west": {"uv": [0, 0, 4, 1], "texture": "#2"},
				"up": {"uv": [0, 0, 2, 4], "texture": "#2"},
				"down": {"uv": [0, 0, 2, 4], "texture": "#2"}
			}
		},
		{
			"from": [1, -8, 9],
			"to": [2, -7, 13],
			"rotation": {"angle": 0, "axis": "y", "origin": [-1, 0, 17]},
			"faces": {
				"north": {"uv": [0, 0, 2, 1], "texture": "#2"},
				"east": {"uv": [0, 0, 4, 1], "texture": "#2"},
				"south": {"uv": [0, 0, 2, 1], "texture": "#2"},
				"west": {"uv": [0, 0, 4, 1], "texture": "#2"},
				"up": {"uv": [0, 0, 2, 4], "texture": "#2"},
				"down": {"uv": [0, 0, 2, 4], "texture": "#2"}
			}
		},
		{
			"from": [1, -1, 9],
			"to": [2, 0, 13],
			"rotation": {"angle": 0, "axis": "y", "origin": [-1, 7, 17]},
			"faces": {
				"north": {"uv": [0, 0, 2, 1], "texture": "#2"},
				"east": {"uv": [0, 0, 4, 1], "texture": "#2"},
				"south": {"uv": [0, 0, 2, 1], "texture": "#2"},
				"west": {"uv": [0, 0, 4, 1], "texture": "#2"},
				"up": {"uv": [0, 0, 2, 4], "texture": "#2"},
				"down": {"uv": [0, 0, 2, 4], "texture": "#2"}
			}
		},
		{
			"from": [1, 6, 9],
			"to": [2, 7, 13],
			"rotation": {"angle": 0, "axis": "y", "origin": [-1, 14, 17]},
			"faces": {
				"north": {"uv": [0, 0, 2, 1], "texture": "#missing"},
				"east": {"uv": [0, 0, 4, 1], "texture": "#missing"},
				"south": {"uv": [0, 0, 2, 1], "texture": "#missing"},
				"west": {"uv": [0, 0, 4, 1], "texture": "#2"},
				"up": {"uv": [0, 0, 2, 4], "texture": "#2"},
				"down": {"uv": [0, 0, 2, 4], "texture": "#2"}
			}
		},
		{
			"from": [1, 13, 9],
			"to": [2, 14, 13],
			"rotation": {"angle": 0, "axis": "y", "origin": [-1, 21, 17]},
			"faces": {
				"north": {"uv": [0, 0, 2, 1], "texture": "#missing"},
				"east": {"uv": [0, 0, 4, 1], "texture": "#missing"},
				"south": {"uv": [0, 0, 2, 1], "texture": "#missing"},
				"west": {"uv": [0, 0, 4, 1], "texture": "#2"},
				"up": {"uv": [0, 0, 2, 4], "texture": "#missing"},
				"down": {"uv": [0, 0, 2, 4], "texture": "#2"}
			}
		},
		{
			"from": [9, -15, 13],
			"to": [13, -14, 15],
			"rotation": {"angle": 0, "axis": "y", "origin": [5, -7, 21]},
			"faces": {
				"north": {"uv": [0, 0, 4, 1], "texture": "#2"},
				"east": {"uv": [0, 0, 2, 1], "texture": "#2"},
				"south": {"uv": [0, 0, 4, 1], "texture": "#2"},
				"west": {"uv": [0, 0, 2, 1], "texture": "#2"},
				"up": {"uv": [0, 0, 4, 2], "texture": "#2"},
				"down": {"uv": [0, 0, 4, 2], "texture": "#2"}
			}
		},
		{
			"from": [9, -8, 13],
			"to": [13, -7, 15],
			"rotation": {"angle": 0, "axis": "y", "origin": [5, 0, 21]},
			"faces": {
				"north": {"uv": [0, 0, 4, 1], "texture": "#2"},
				"east": {"uv": [0, 0, 2, 1], "texture": "#2"},
				"south": {"uv": [0, 0, 4, 1], "texture": "#2"},
				"west": {"uv": [0, 0, 2, 1], "texture": "#2"},
				"up": {"uv": [0, 0, 4, 2], "texture": "#2"},
				"down": {"uv": [0, 0, 4, 2], "texture": "#2"}
			}
		},
		{
			"from": [9, -1, 13],
			"to": [13, 0, 15],
			"rotation": {"angle": 0, "axis": "y", "origin": [5, 7, 21]},
			"faces": {
				"north": {"uv": [0, 0, 4, 1], "texture": "#2"},
				"east": {"uv": [0, 0, 2, 1], "texture": "#2"},
				"south": {"uv": [0, 0, 4, 1], "texture": "#2"},
				"west": {"uv": [0, 0, 2, 1], "texture": "#2"},
				"up": {"uv": [0, 0, 4, 2], "texture": "#2"},
				"down": {"uv": [0, 0, 4, 2], "texture": "#2"}
			}
		},
		{
			"from": [9, 6, 13],
			"to": [13, 7, 15],
			"rotation": {"angle": 0, "axis": "y", "origin": [5, 14, 21]},
			"faces": {
				"north": {"uv": [0, 0, 4, 1], "texture": "#2"},
				"east": {"uv": [0, 0, 2, 1], "texture": "#2"},
				"south": {"uv": [0, 0, 4, 1], "texture": "#2"},
				"west": {"uv": [0, 0, 2, 1], "texture": "#2"},
				"up": {"uv": [0, 0, 4, 2], "texture": "#2"},
				"down": {"uv": [0, 0, 4, 2], "texture": "#2"}
			}
		},
		{
			"from": [9, 13, 13],
			"to": [13, 14, 15],
			"rotation": {"angle": 0, "axis": "y", "origin": [5, 21, 21]},
			"faces": {
				"north": {"uv": [0, 0, 4, 1], "texture": "#2"},
				"east": {"uv": [0, 0, 2, 1], "texture": "#2"},
				"south": {"uv": [0, 0, 4, 1], "texture": "#2"},
				"west": {"uv": [0, 0, 2, 1], "texture": "#2"},
				"up": {"uv": [0, 0, 4, 2], "texture": "#2"},
				"down": {"uv": [0, 0, 4, 2], "texture": "#2"}
			}
		},
		{
			"from": [14, -15, 3],
			"to": [15, -14, 7],
			"rotation": {"angle": 0, "axis": "y", "origin": [5, -7, 11]},
			"faces": {
				"north": {"uv": [0, 0, 2, 1], "texture": "#2"},
				"east": {"uv": [0, 0, 4, 1], "texture": "#2"},
				"south": {"uv": [0, 0, 2, 1], "texture": "#2"},
				"west": {"uv": [0, 0, 4, 1], "texture": "#2"},
				"up": {"uv": [0, 0, 2, 4], "texture": "#2"},
				"down": {"uv": [0, 0, 2, 4], "texture": "#2"}
			}
		},
		{
			"from": [14, -8, 3],
			"to": [15, -7, 7],
			"rotation": {"angle": 0, "axis": "y", "origin": [5, 0, 11]},
			"faces": {
				"north": {"uv": [0, 0, 2, 1], "texture": "#2"},
				"east": {"uv": [0, 0, 4, 1], "texture": "#2"},
				"south": {"uv": [0, 0, 2, 1], "texture": "#2"},
				"west": {"uv": [0, 0, 4, 1], "texture": "#2"},
				"up": {"uv": [0, 0, 2, 4], "texture": "#2"},
				"down": {"uv": [0, 0, 2, 4], "texture": "#2"}
			}
		},
		{
			"from": [14, -1, 3],
			"to": [15, 0, 7],
			"rotation": {"angle": 0, "axis": "y", "origin": [5, 7, 11]},
			"faces": {
				"north": {"uv": [0, 0, 2, 1], "texture": "#2"},
				"east": {"uv": [0, 0, 4, 1], "texture": "#2"},
				"south": {"uv": [0, 0, 2, 1], "texture": "#2"},
				"west": {"uv": [0, 0, 4, 1], "texture": "#2"},
				"up": {"uv": [0, 0, 2, 4], "texture": "#2"},
				"down": {"uv": [0, 0, 2, 4], "texture": "#2"}
			}
		},
		{
			"from": [14, 6, 3],
			"to": [15, 7, 7],
			"rotation": {"angle": 0, "axis": "y", "origin": [5, 14, 11]},
			"faces": {
				"north": {"uv": [0, 0, 2, 1], "texture": "#2"},
				"east": {"uv": [0, 0, 4, 1], "texture": "#2"},
				"south": {"uv": [0, 0, 2, 1], "texture": "#2"},
				"west": {"uv": [0, 0, 4, 1], "texture": "#2"},
				"up": {"uv": [0, 0, 2, 4], "texture": "#2"},
				"down": {"uv": [0, 0, 2, 4], "texture": "#2"}
			}
		},
		{
			"from": [14, 13, 3],
			"to": [15, 14, 7],
			"rotation": {"angle": 0, "axis": "y", "origin": [5, 21, 11]},
			"faces": {
				"north": {"uv": [0, 0, 2, 1], "texture": "#2"},
				"east": {"uv": [0, 0, 4, 1], "texture": "#2"},
				"south": {"uv": [0, 0, 2, 1], "texture": "#2"},
				"west": {"uv": [0, 0, 4, 1], "texture": "#2"},
				"up": {"uv": [0, 0, 2, 4], "texture": "#2"},
				"down": {"uv": [0, 0, 2, 4], "texture": "#2"}
			}
		},
		{
			"from": [14, -15, 9],
			"to": [15, -14, 13],
			"rotation": {"angle": 0, "axis": "y", "origin": [5, -7, 17]},
			"faces": {
				"north": {"uv": [0, 0, 2, 1], "texture": "#2"},
				"east": {"uv": [0, 0, 4, 1], "texture": "#2"},
				"south": {"uv": [0, 0, 2, 1], "texture": "#2"},
				"west": {"uv": [0, 0, 4, 1], "texture": "#2"},
				"up": {"uv": [0, 0, 2, 4], "texture": "#2"},
				"down": {"uv": [0, 0, 2, 4], "texture": "#2"}
			}
		},
		{
			"from": [14, -8, 9],
			"to": [15, -7, 13],
			"rotation": {"angle": 0, "axis": "y", "origin": [5, 0, 17]},
			"faces": {
				"north": {"uv": [0, 0, 2, 1], "texture": "#2"},
				"east": {"uv": [0, 0, 4, 1], "texture": "#2"},
				"south": {"uv": [0, 0, 2, 1], "texture": "#2"},
				"west": {"uv": [0, 0, 4, 1], "texture": "#2"},
				"up": {"uv": [0, 0, 2, 4], "texture": "#2"},
				"down": {"uv": [0, 0, 2, 4], "texture": "#2"}
			}
		},
		{
			"from": [14, -1, 9],
			"to": [15, 0, 13],
			"rotation": {"angle": 0, "axis": "y", "origin": [5, 7, 17]},
			"faces": {
				"north": {"uv": [0, 0, 2, 1], "texture": "#2"},
				"east": {"uv": [0, 0, 4, 1], "texture": "#2"},
				"south": {"uv": [0, 0, 2, 1], "texture": "#2"},
				"west": {"uv": [0, 0, 4, 1], "texture": "#2"},
				"up": {"uv": [0, 0, 2, 4], "texture": "#2"},
				"down": {"uv": [0, 0, 2, 4], "texture": "#2"}
			}
		},
		{
			"from": [14, 6, 9],
			"to": [15, 7, 13],
			"rotation": {"angle": 0, "axis": "y", "origin": [5, 14, 17]},
			"faces": {
				"north": {"uv": [0, 0, 2, 1], "texture": "#2"},
				"east": {"uv": [0, 0, 4, 1], "texture": "#2"},
				"south": {"uv": [0, 0, 2, 1], "texture": "#2"},
				"west": {"uv": [0, 0, 4, 1], "texture": "#2"},
				"up": {"uv": [0, 0, 2, 4], "texture": "#2"},
				"down": {"uv": [0, 0, 2, 4], "texture": "#2"}
			}
		},
		{
			"from": [14, 13, 9],
			"to": [15, 14, 13],
			"rotation": {"angle": 0, "axis": "y", "origin": [5, 21, 17]},
			"faces": {
				"north": {"uv": [0, 0, 2, 1], "texture": "#2"},
				"east": {"uv": [0, 0, 4, 1], "texture": "#2"},
				"south": {"uv": [0, 0, 2, 1], "texture": "#2"},
				"west": {"uv": [0, 0, 4, 1], "texture": "#2"},
				"up": {"uv": [0, 0, 2, 4], "texture": "#2"},
				"down": {"uv": [0, 0, 2, 4], "texture": "#2"}
			}
		},
		{
			"from": [14, -15, 7],
			"to": [15, 14, 9],
			"rotation": {"angle": 0, "axis": "y", "origin": [9, -7, 15]},
			"faces": {
				"north": {"uv": [0, 0, 2, 16], "texture": "#2"},
				"east": {"uv": [0, 0, 2, 16], "texture": "#2"},
				"south": {"uv": [0, 0, 2, 16], "texture": "#2"},
				"west": {"uv": [0, 0, 2, 16], "texture": "#2"},
				"up": {"uv": [0, 0, 2, 2], "texture": "#2"},
				"down": {"uv": [0, 0, 2, 2], "texture": "#2"}
			}
		},
		{
			"from": [15, -15, 14],
			"to": [16, 14, 16],
			"rotation": {"angle": 0, "axis": "y", "origin": [7, -7, 7]},
			"faces": {
				"north": {"uv": [0, 0, 1, 16], "texture": "#2"},
				"east": {"uv": [0, 0, 2, 16], "texture": "#2"},
				"south": {"uv": [0, 0, 1, 16], "texture": "#2"},
				"west": {"uv": [0, 0, 2, 16], "texture": "#2"},
				"up": {"uv": [0, 0, 1, 2], "texture": "#2"},
				"down": {"uv": [0, 0, 1, 2], "texture": "#2"}
			}
		},
		{
			"from": [0, -15, 14],
			"to": [1, 14, 16],
			"rotation": {"angle": 0, "axis": "y", "origin": [-8, -7, 7]},
			"faces": {
				"north": {"uv": [0, 0, 1, 16], "texture": "#2"},
				"east": {"uv": [0, 0, 2, 16], "texture": "#missing"},
				"south": {"uv": [0, 0, 1, 16], "texture": "#2"},
				"west": {"uv": [0, 0, 2, 16], "texture": "#2"},
				"up": {"uv": [0, 0, 1, 2], "texture": "#missing"},
				"down": {"uv": [0, 0, 1, 2], "texture": "#missing"}
			}
		},
		{
			"from": [15, -15, 0],
			"to": [16, 14, 2],
			"rotation": {"angle": 0, "axis": "z", "origin": [15.5, -0.5, 1]},
			"faces": {
				"north": {"uv": [0, 0, 1, 16], "texture": "#2"},
				"east": {"uv": [0, 0, 2, 16], "texture": "#2"},
				"south": {"uv": [0, 0, 1, 16], "texture": "#2"},
				"west": {"uv": [0, 0, 2, 16], "texture": "#2"},
				"up": {"uv": [0, 0, 1, 2], "texture": "#2"},
				"down": {"uv": [0, 0, 1, 2], "texture": "#2"}
			}
		},
		{
			"from": [13.9, -15, 1],
			"to": [15, 14, 3],
			"rotation": {"angle": 0, "axis": "y", "origin": [9, -7, 8]},
			"faces": {
				"north": {"uv": [0, 0, 2, 16], "texture": "#2"},
				"east": {"uv": [0, 0, 2, 16], "texture": "#2"},
				"south": {"uv": [0, 0, 2, 16], "texture": "#2"},
				"west": {"uv": [0, 0, 2, 16], "texture": "#2"},
				"up": {"uv": [0, 0, 2, 2], "texture": "#2"},
				"down": {"uv": [0, 0, 2, 2], "texture": "#2"}
			}
		},
		{
			"from": [0, -15, 0],
			"to": [1, 14, 2],
			"rotation": {"angle": 0, "axis": "y", "origin": [-8, -7, -7]},
			"faces": {
				"north": {"uv": [0, 0, 1, 16], "texture": "#2"},
				"east": {"uv": [0, 0, 2, 16], "texture": "#2"},
				"south": {"uv": [0, 0, 1, 16], "texture": "#2"},
				"west": {"uv": [0, 0, 2, 16], "texture": "#2"},
				"up": {"uv": [0, 0, 1, 2], "texture": "#2"},
				"down": {"uv": [0, 0, 1, 2], "texture": "#2"}
			}
		},
		{
			"from": [1, -15, 0],
			"to": [2, 14, 1],
			"rotation": {"angle": 0, "axis": "y", "origin": [-7, -7, -7]},
			"faces": {
				"north": {"uv": [0, 0, 1, 16], "texture": "#2"},
				"east": {"uv": [0, 0, 1, 16], "texture": "#2"},
				"south": {"uv": [0, 0, 1, 16], "texture": "#2"},
				"west": {"uv": [0, 0, 1, 16], "texture": "#2"},
				"up": {"uv": [0, 0, 1, 1], "texture": "#2"},
				"down": {"uv": [0, 0, 1, 1], "texture": "#2"}
			}
		},
		{
			"from": [1, -15, 15],
			"to": [2, 14, 16],
			"rotation": {"angle": 0, "axis": "y", "origin": [-7, -7, 8]},
			"faces": {
				"north": {"uv": [0, 0, 1, 16], "texture": "#missing"},
				"east": {"uv": [0, 0, 1, 16], "texture": "#2"},
				"south": {"uv": [0, 0, 1, 16], "texture": "#2"},
				"west": {"uv": [0, 0, 1, 16], "texture": "#missing"},
				"up": {"uv": [0, 0, 1, 1], "texture": "#missing"},
				"down": {"uv": [0, 0, 1, 1], "texture": "#missing"}
			}
		},
		{
			"from": [14, -15, 0],
			"to": [15, 14, 1],
			"rotation": {"angle": 0, "axis": "y", "origin": [6, -7, -7]},
			"faces": {
				"north": {"uv": [0, 0, 1, 16], "texture": "#2"},
				"east": {"uv": [0, 0, 1, 16], "texture": "#2"},
				"south": {"uv": [0, 0, 1, 16], "texture": "#2"},
				"west": {"uv": [0, 0, 1, 16], "texture": "#2"},
				"up": {"uv": [0, 0, 1, 1], "texture": "#2"},
				"down": {"uv": [0, 0, 1, 1], "texture": "#2"}
			}
		},
		{
			"from": [14, -15, 15],
			"to": [15, 14, 16],
			"rotation": {"angle": 0, "axis": "y", "origin": [6, -7, 8]},
			"faces": {
				"north": {"uv": [0, 0, 1, 16], "texture": "#2"},
				"east": {"uv": [0, 0, 1, 16], "texture": "#2"},
				"south": {"uv": [0, 0, 1, 16], "texture": "#2"},
				"west": {"uv": [0, 0, 1, 16], "texture": "#2"},
				"up": {"uv": [0, 0, 1, 1], "texture": "#2"},
				"down": {"uv": [0, 0, 1, 1], "texture": "#2"}
			}
		},
		{
			"from": [2, -15, 2],
			"to": [2, 6.5, 14],
			"rotation": {"angle": 0, "axis": "y", "origin": [8, -4.25, 8]},
			"faces": {
				"north": {"uv": [0, 0, 12, 16], "texture": "#2"},
				"east": {"uv": [0, 0, 12, 16], "texture": "#2"},
				"south": {"uv": [0, 0, 12, 16], "texture": "#2"},
				"west": {"uv": [0, 0, 12, 16], "texture": "#2"},
				"up": {"uv": [0, 0, 12, 12], "texture": "#2"},
				"down": {"uv": [0, 0, 12, 12], "texture": "#2"}
			}
		},
		{
			"from": [1, -15, 1],
			"to": [2.1, 14, 3],
			"rotation": {"angle": 0, "axis": "y", "origin": [-4, -7, 8]},
			"faces": {
				"north": {"uv": [0, 0, 2, 16], "texture": "#2"},
				"east": {"uv": [0, 0, 2, 16], "texture": "#2"},
				"south": {"uv": [0, 0, 2, 16], "texture": "#2"},
				"west": {"uv": [0, 0, 2, 16], "texture": "#2"},
				"up": {"uv": [0, 0, 2, 2], "texture": "#2"},
				"down": {"uv": [0, 0, 2, 2], "texture": "#2"}
			}
		},
		{
			"from": [2, -15, 13],
			"to": [14, 6.5, 14],
			"rotation": {"angle": 0, "axis": "y", "origin": [8, -4.25, 8]},
			"faces": {
				"north": {"uv": [0, 0, 12, 16], "texture": "#2"},
				"east": {"uv": [0, 0, 12, 16], "texture": "#2"},
				"south": {"uv": [0, 0, 12, 16], "texture": "#2"},
				"west": {"uv": [0, 0, 12, 16], "texture": "#2"},
				"up": {"uv": [0, 0, 12, 12], "rotation": 270, "texture": "#2"},
				"down": {"uv": [0, 0, 12, 12], "rotation": 90, "texture": "#2"}
			}
		},
		{
			"from": [2, 6.5, 2],
			"to": [2, 14.5, 14],
			"rotation": {"angle": 0, "axis": "y", "origin": [8, 10.5, 8]},
			"faces": {
				"north": {"uv": [7, 4, 16, 16], "texture": "#3"},
				"east": {"uv": [7, 4, 16, 16], "texture": "#3"},
				"south": {"uv": [7, 4, 16, 16], "texture": "#3"},
				"west": {"uv": [7, 4, 16, 16], "texture": "#3"},
				"up": {"uv": [0, 0, 12, 12], "texture": "#missing"},
				"down": {"uv": [0, 0, 12, 12], "texture": "#missing"}
			}
		},
		{
			"from": [2, 6.5, 13],
			"to": [14, 14.5, 14],
			"rotation": {"angle": 0, "axis": "y", "origin": [8, 10.5, 8]},
			"faces": {
				"north": {"uv": [7, 4, 16, 16], "texture": "#3"},
				"east": {"uv": [7, 4, 16, 16], "texture": "#3"},
				"south": {"uv": [7, 4, 16, 16], "texture": "#3"},
				"west": {"uv": [7, 4, 16, 16], "texture": "#3"},
				"up": {"uv": [0, 0, 12, 12], "rotation": 270, "texture": "#missing"},
				"down": {"uv": [0, 0, 12, 12], "rotation": 90, "texture": "#missing"}
			}
		},
		{
			"from": [2, -15, 8],
			"to": [14, 14, 9],
			"rotation": {"angle": 0, "axis": "y", "origin": [10, 8, 16]},
			"faces": {
				"north": {"uv": [0, 0, 12, 4], "texture": "#4"},
				"east": {"uv": [0, 0, 1, 16], "texture": "#missing"},
				"south": {"uv": [0, 0, 12, 16], "texture": "#missing"},
				"west": {"uv": [0, 0, 1, 16], "texture": "#missing"},
				"up": {"uv": [0, 0, 12, 1], "texture": "#missing"},
				"down": {"uv": [0, 0, 12, 1], "texture": "#missing"}
			}
		},
		{
			"from": [13.8, -15, 3],
			"to": [13.9, 14, 8],
			"rotation": {"angle": 0, "axis": "y", "origin": [9.9, 8, 11]},
			"faces": {
				"north": {"uv": [0, 0, 12, 4], "texture": "#4"},
				"east": {"uv": [0, 0, 1, 16], "texture": "#4"},
				"south": {"uv": [0, 0, 12, 16], "texture": "#4"},
				"west": {"uv": [0, 0, 1, 16], "texture": "#4"},
				"up": {"uv": [0, 0, 12, 1], "texture": "#4"},
				"down": {"uv": [0, 0, 12, 1], "texture": "#4"}
			}
		},
		{
			"from": [2.1, -15, 3],
			"to": [2.2, 14, 8],
			"rotation": {"angle": 0, "axis": "y", "origin": [-1.8, 8, 11]},
			"faces": {
				"north": {"uv": [0, 0, 12, 4], "texture": "#4"},
				"east": {"uv": [0, 0, 1, 16], "texture": "#4"},
				"south": {"uv": [0, 0, 12, 16], "texture": "#4"},
				"west": {"uv": [0, 0, 1, 16], "texture": "#4"},
				"up": {"uv": [0, 0, 12, 1], "texture": "#4"},
				"down": {"uv": [0, 0, 12, 1], "texture": "#4"}
			}
		}
	],
	"display": {
		"head": {
			"rotation": [0, -180, 0],
			"translation": [0.25, -2, 0],
			"scale": [1.72, 1.72, 1.72]
		}
	},
	"groups": [
		{
			"name": "group",
			"origin": [8, -4.25, 8],
			"children": [0, 1, 2, 3, 4, 5, 6, 7, 8, 9, 10, 11, 12, 13, 14, 15, 16, 17, 18, 19, 20, 21, 22, 23, 24, 25, 26, 27, 28, 29, 30, 31, 32, 33, 34, 35, 36, 37, 38, 39, 40, 41, 42, 43, 44, 45, 46, 47, 48, 49, 50, 51, 52, 53, 54, 55, 56, 57, 58, 59, 60, 61, 62, 63, 64, 65, 66, 67, 68, 69, 70, 71, 72, 73, 74, 75, 76, 77, 78, 79, 80, 81, 82, 83, 84, 85, 86, 87, 88, 89, 90, 91, 92, 93, 94, 95, 96]
		}
	]
}