{
	"credit": "Made with Blockbench",
	"textures": {
		"2": "custom/tardis_structure",
		"3": "custom/tardis_window",
		"4": "custom/bluebox_text2",
		"5": "custom/gallifrey_workbench",
		"6": "custom/tardis_int",
		"particle": "custom/tardis_structure"
	},
	"elements": [
		{
			"from": [9, -15, 1],
			"to": [13, -14, 2],
			"rotation": {"angle": 0, "axis": "y", "origin": [5, -7, 9]},
			"faces": {
				"north": {"uv": [0, 0, 4, 1], "texture": "#2"},
				"east": {"uv": [0, 0, 2, 1], "texture": "#2"},
				"south": {"uv": [0, 0, 4, 1], "texture": "#2"},
				"west": {"uv": [0, 0, 2, 1], "texture": "#2"},
				"up": {"uv": [0, 0, 4, 2], "texture": "#2"},
				"down": {"uv": [0, 0, 4, 2], "texture": "#2"}
			}
		},
		{
			"from": [9, -15, 2],
			"to": [13, -14, 3],
			"rotation": {"angle": 0, "axis": "y", "origin": [5, -7, 9]},
			"faces": {
				"north": {"uv": [0, 0, 4, 1], "texture": "#2"},
				"east": {"uv": [0, 0, 2, 1], "texture": "#6"},
				"south": {"uv": [0, 0, 4, 1], "texture": "#6"},
				"west": {"uv": [0, 0, 2, 1], "texture": "#2"},
				"up": {"uv": [0, 0, 4, 2], "texture": "#6"},
				"down": {"uv": [0, 0, 4, 2], "texture": "#6"}
			}
		},
		{
			"from": [7.5, -15, 0.75],
			"to": [8.5, 14, 1],
			"rotation": {"angle": 0, "axis": "y", "origin": [8, -0.5, 8]},
			"faces": {
				"north": {"uv": [0, 0, 2, 16], "texture": "#2"},
				"east": {"uv": [0, 0, 2, 16], "texture": "#2"},
				"south": {"uv": [0, 0, 2, 16], "texture": "#2"},
				"west": {"uv": [0, 0, 2, 16], "texture": "#2"},
				"up": {"uv": [0, 0, 2, 2], "rotation": 180, "texture": "#2"},
				"down": {"uv": [0, 0, 2, 2], "rotation": 180, "texture": "#2"}
			}
		},
		{
			"from": [8, -15, 1],
			"to": [9, 14, 2],
			"rotation": {"angle": 0, "axis": "y", "origin": [3, -7, 9]},
			"faces": {
				"north": {"uv": [0, 0, 2, 16], "texture": "#2"},
				"east": {"uv": [0, 0, 2, 16], "texture": "#2"},
				"south": {"uv": [0, 0, 2, 16], "texture": "#2"},
				"west": {"uv": [0, 0, 2, 16], "texture": "#2"},
				"up": {"uv": [0, 0, 2, 2], "texture": "#2"},
				"down": {"uv": [0, 0, 2, 2], "texture": "#2"}
			}
		},
		{
			"from": [8, -15, 2],
			"to": [9, 14, 3],
			"rotation": {"angle": 0, "axis": "y", "origin": [3, -7, 9]},
			"faces": {
				"north": {"uv": [0, 0, 2, 16], "texture": "#2"},
				"east": {"uv": [0, 0, 2, 16], "texture": "#6"},
				"south": {"uv": [0, 0, 2, 16], "texture": "#6"},
				"west": {"uv": [0, 0, 2, 16], "texture": "#6"},
				"up": {"uv": [0, 0, 2, 2], "texture": "#6"},
				"down": {"uv": [0, 0, 2, 2], "texture": "#6"}
			}
		},
		{
			"from": [13, -15, 1],
			"to": [14, 14, 2],
			"rotation": {"angle": 0, "axis": "y", "origin": [8, -7, 8]},
			"faces": {
				"north": {"uv": [0, 0, 2, 16], "texture": "#2"},
				"east": {"uv": [0, 0, 2, 16], "texture": "#2"},
				"south": {"uv": [0, 0, 2, 16], "texture": "#2"},
				"west": {"uv": [0, 0, 2, 16], "texture": "#2"},
				"up": {"uv": [0, 0, 2, 2], "texture": "#2"},
				"down": {"uv": [0, 0, 2, 2], "texture": "#2"}
			}
		},
		{
			"from": [13, -15, 2],
			"to": [14, 14, 3],
			"rotation": {"angle": 0, "axis": "y", "origin": [8, -7, 8]},
			"faces": {
				"north": {"uv": [0, 0, 2, 16], "texture": "#2"},
				"east": {"uv": [0, 0, 2, 16], "texture": "#2"},
				"south": {"uv": [0, 0, 2, 16], "texture": "#6"},
				"west": {"uv": [0, 0, 2, 16], "texture": "#6"},
				"up": {"uv": [0, 0, 2, 2], "texture": "#6"},
				"down": {"uv": [0, 0, 2, 2], "texture": "#6"}
			}
		},
		{
			"from": [9, -8, 1],
			"to": [13, -7, 2],
			"rotation": {"angle": 0, "axis": "y", "origin": [5, 0, 9]},
			"faces": {
				"north": {"uv": [0, 0, 4, 1], "texture": "#2"},
				"east": {"uv": [0, 0, 2, 1], "texture": "#2"},
				"south": {"uv": [0, 0, 4, 1], "texture": "#2"},
				"west": {"uv": [0, 0, 2, 1], "texture": "#2"},
				"up": {"uv": [0, 0, 4, 2], "texture": "#2"},
				"down": {"uv": [0, 0, 4, 2], "texture": "#2"}
			}
		},
		{
			"from": [9, -8, 2],
			"to": [13, -7, 3],
			"rotation": {"angle": 0, "axis": "y", "origin": [5, 0, 9]},
			"faces": {
				"north": {"uv": [0, 0, 4, 1], "texture": "#2"},
				"east": {"uv": [0, 0, 2, 1], "texture": "#6"},
				"south": {"uv": [0, 0, 4, 1], "texture": "#6"},
				"west": {"uv": [0, 0, 2, 1], "texture": "#2"},
				"up": {"uv": [0, 0, 4, 2], "texture": "#6"},
				"down": {"uv": [0, 0, 4, 2], "texture": "#6"}
			}
		},
		{
			"from": [8, -15, 2],
			"to": [13.1, 6.5, 2.25],
			"rotation": {"angle": 0, "axis": "y", "origin": [8, -4.25, 8]},
			"faces": {
				"north": {"uv": [0, 0, 12, 16], "texture": "#2"},
				"east": {"uv": [0, 0, 12, 16], "texture": "#6"},
				"south": {"uv": [0, 0, 12, 16], "texture": "#6"},
				"west": {"uv": [0, 0, 12, 16], "texture": "#6"},
				"up": {"uv": [0, 0, 12, 12], "rotation": 270, "texture": "#6"},
				"down": {"uv": [0, 0, 12, 12], "rotation": 90, "texture": "#6"}
			}
		},
		{
			"from": [9, -1, 1],
			"to": [13, 0, 2],
			"rotation": {"angle": 0, "axis": "y", "origin": [5, 7, 9]},
			"faces": {
				"north": {"uv": [0, 0, 4, 1], "texture": "#2"},
				"east": {"uv": [0, 0, 2, 1], "texture": "#2"},
				"south": {"uv": [0, 0, 4, 1], "texture": "#2"},
				"west": {"uv": [0, 0, 2, 1], "texture": "#2"},
				"up": {"uv": [0, 0, 4, 2], "texture": "#2"},
				"down": {"uv": [0, 0, 4, 2], "texture": "#2"}
			}
		},
		{
			"from": [9, -1, 2],
			"to": [13, 0, 3],
			"rotation": {"angle": 0, "axis": "y", "origin": [5, 7, 9]},
			"faces": {
				"north": {"uv": [0, 0, 4, 1], "texture": "#2"},
				"east": {"uv": [0, 0, 2, 1], "texture": "#6"},
				"south": {"uv": [0, 0, 4, 1], "texture": "#6"},
				"west": {"uv": [0, 0, 2, 1], "texture": "#2"},
				"up": {"uv": [0, 0, 4, 2], "texture": "#6"},
				"down": {"uv": [0, 0, 4, 2], "texture": "#6"}
			}
		},
		{
			"from": [9.25, 2.7, 1.7],
			"to": [9.45, 3.3, 1.8],
			"rotation": {"angle": 0, "axis": "y", "origin": [17.1, 10, 8.8]},
			"faces": {
				"north": {"uv": [0, 0, 0.2, 1.4], "texture": "#5"},
				"east": {"uv": [0, 0, 0.1, 1.4], "texture": "#5"},
				"south": {"uv": [0, 0, 0.2, 1.4], "texture": "#5"},
				"west": {"uv": [0, 0, 0.1, 1.4], "texture": "#5"},
				"up": {"uv": [0, 0, 0.2, 0.1], "texture": "#5"},
				"down": {"uv": [0, 0, 0.2, 0.1], "texture": "#5"}
			}
		},
		{
			"from": [9.25, 3.2, 1.8],
			"to": [9.45, 3.3, 1.9],
			"rotation": {"angle": 0, "axis": "y", "origin": [17.1, 9.6, 8.9]},
			"faces": {
				"north": {"uv": [0, 0, 0.2, 0.2], "texture": "#5"},
				"east": {"uv": [0, 0, 0.2, 0.2], "texture": "#5"},
				"south": {"uv": [0, 0, 0.2, 0.2], "texture": "#5"},
				"west": {"uv": [0, 0, 0.2, 0.2], "texture": "#5"},
				"up": {"uv": [0, 0, 0.2, 0.2], "texture": "#5"},
				"down": {"uv": [0, 0, 0.2, 0.2], "texture": "#5"}
			}
		},
		{
			"from": [9.25, 2.7, 1.8],
			"to": [9.45, 2.8, 1.9],
			"rotation": {"angle": 0, "axis": "y", "origin": [17.1, 9.1, 8.9]},
			"faces": {
				"north": {"uv": [0, 0, 0.2, 0.2], "texture": "#5"},
				"east": {"uv": [0, 0, 0.2, 0.2], "texture": "#5"},
				"south": {"uv": [0, 0, 0.2, 0.2], "texture": "#5"},
				"west": {"uv": [0, 0, 0.2, 0.2], "texture": "#5"},
				"up": {"uv": [0, 0, 0.2, 0.2], "texture": "#5"},
				"down": {"uv": [0, 0, 0.2, 0.2], "texture": "#5"}
			}
		},
		{
			"from": [9.25, 0.2, 1.9],
			"to": [12.75, 5.8, 2],
			"rotation": {"angle": 0, "axis": "y", "origin": [17.9, 6.7, 9]},
			"faces": {
				"north": {"uv": [0, 0, 15.881, 15.884], "texture": "#4"},
				"east": {"uv": [0, 0, 0.1, 5.6], "texture": "#5"},
				"south": {"uv": [0, 0, 3.5, 5.6], "texture": "#5"},
				"west": {"uv": [0, 0, 0.1, 5.6], "texture": "#5"},
				"up": {"uv": [0, 0, 3.5, 0.1], "texture": "#5"},
				"down": {"uv": [0, 0, 3.5, 0.1], "texture": "#5"}
			}
		},
		{
			"from": [9, 6, 1],
			"to": [13, 7, 2],
			"rotation": {"angle": 0, "axis": "y", "origin": [5, 14, 9]},
			"faces": {
				"north": {"uv": [0, 0, 4, 1], "texture": "#2"},
				"east": {"uv": [0, 0, 2, 1], "texture": "#2"},
				"south": {"uv": [0, 0, 4, 1], "texture": "#2"},
				"west": {"uv": [0, 0, 2, 1], "texture": "#2"},
				"up": {"uv": [0, 0, 4, 2], "texture": "#2"},
				"down": {"uv": [0, 0, 4, 2], "texture": "#2"}
			}
		},
		{
			"from": [9, 6, 2],
			"to": [13, 7, 3],
			"rotation": {"angle": 0, "axis": "y", "origin": [5, 14, 9]},
			"faces": {
				"north": {"uv": [0, 0, 4, 1], "texture": "#2"},
				"east": {"uv": [0, 0, 2, 1], "texture": "#6"},
				"south": {"uv": [0, 0, 4, 1], "texture": "#6"},
				"west": {"uv": [0, 0, 2, 1], "texture": "#2"},
				"up": {"uv": [0, 0, 4, 2], "texture": "#6"},
				"down": {"uv": [0, 0, 4, 2], "texture": "#6"}
			}
		},
		{
			"from": [10, 7, 1.5],
			"to": [10.5, 9.75, 2],
			"rotation": {"angle": 0, "axis": "y", "origin": [8, 10, 8]},
			"faces": {
				"north": {"uv": [0, 0, 4, 1], "rotation": 270, "texture": "#2"},
				"east": {"uv": [0, 0, 4, 2], "rotation": 90, "texture": "#2"},
				"south": {"uv": [0, 0, 4, 1], "rotation": 90, "texture": "#2"},
				"west": {"uv": [0, 0, 4, 2], "rotation": 90, "texture": "#2"},
				"up": {"uv": [0, 0, 2, 1], "rotation": 90, "texture": "#2"},
				"down": {"uv": [0, 0, 2, 1], "rotation": 90, "texture": "#2"}
			}
		},
		{
			"from": [10, 7, 2.25],
			"to": [10.5, 9.75, 2.75],
			"rotation": {"angle": 0, "axis": "y", "origin": [8, 10, 8.75]},
			"faces": {
				"north": {"uv": [0, 0, 4, 1], "rotation": 270, "texture": "#6"},
				"east": {"uv": [0, 0, 4, 2], "rotation": 90, "texture": "#6"},
				"south": {"uv": [0, 0, 4, 1], "rotation": 90, "texture": "#6"},
				"west": {"uv": [0, 0, 4, 2], "rotation": 90, "texture": "#6"},
				"up": {"uv": [0, 0, 2, 1], "rotation": 90, "texture": "#6"},
				"down": {"uv": [0, 0, 2, 1], "rotation": 90, "texture": "#6"}
			}
		},
		{
			"from": [11.5, 7, 1.5],
			"to": [12, 9.75, 2],
			"rotation": {"angle": 0, "axis": "y", "origin": [8, 10, 8]},
			"faces": {
				"north": {"uv": [0, 0, 4, 1], "rotation": 270, "texture": "#2"},
				"east": {"uv": [0, 0, 4, 2], "rotation": 90, "texture": "#2"},
				"south": {"uv": [0, 0, 4, 1], "rotation": 90, "texture": "#2"},
				"west": {"uv": [0, 0, 4, 2], "rotation": 90, "texture": "#2"},
				"up": {"uv": [0, 0, 2, 1], "rotation": 90, "texture": "#2"},
				"down": {"uv": [0, 0, 2, 1], "rotation": 90, "texture": "#2"}
			}
		},
		{
			"from": [11.5, 7, 2.25],
			"to": [12, 9.75, 2.75],
			"rotation": {"angle": 0, "axis": "y", "origin": [8, 10, 8.75]},
			"faces": {
				"north": {"uv": [0, 0, 4, 1], "rotation": 270, "texture": "#6"},
				"east": {"uv": [0, 0, 4, 2], "rotation": 90, "texture": "#6"},
				"south": {"uv": [0, 0, 4, 1], "rotation": 90, "texture": "#6"},
				"west": {"uv": [0, 0, 4, 2], "rotation": 90, "texture": "#6"},
				"up": {"uv": [0, 0, 2, 1], "rotation": 90, "texture": "#6"},
				"down": {"uv": [0, 0, 2, 1], "rotation": 90, "texture": "#6"}
			}
		},
		{
			"from": [8, 6.5, 2],
			"to": [13, 13.5, 2.25],
			"rotation": {"angle": 0, "axis": "y", "origin": [7, 10.5, 8]},
			"faces": {
				"north": {"uv": [7, 4, 16, 16], "texture": "#3"},
				"east": {"uv": [7, 4, 16, 16], "texture": "#6"},
				"south": {"uv": [7, 4, 16, 16], "texture": "#3"},
				"west": {"uv": [7, 4, 16, 16], "texture": "#6"},
				"up": {"uv": [0, 0, 12, 12], "rotation": 270, "texture": "#6"},
				"down": {"uv": [0, 0, 12, 12], "rotation": 90, "texture": "#6"}
			}
		},
		{
			"from": [9, 9.75, 1.5],
			"to": [13, 10.25, 2],
			"rotation": {"angle": 0, "axis": "y", "origin": [5, 17.5, 9]},
			"faces": {
				"north": {"uv": [0, 0, 4, 1], "texture": "#2"},
				"east": {"uv": [0, 0, 2, 1], "texture": "#2"},
				"south": {"uv": [0, 0, 4, 1], "texture": "#2"},
				"west": {"uv": [0, 0, 2, 1], "texture": "#2"},
				"up": {"uv": [0, 0, 4, 2], "texture": "#2"},
				"down": {"uv": [0, 0, 4, 2], "texture": "#2"}
			}
		},
		{
			"from": [9, 9.75, 2.25],
			"to": [13, 10.25, 2.75],
			"rotation": {"angle": 0, "axis": "y", "origin": [5, 17.5, 9.75]},
			"faces": {
				"north": {"uv": [0, 0, 4, 1], "texture": "#6"},
				"east": {"uv": [0, 0, 2, 1], "texture": "#6"},
				"south": {"uv": [0, 0, 4, 1], "texture": "#6"},
				"west": {"uv": [0, 0, 2, 1], "texture": "#6"},
				"up": {"uv": [0, 0, 4, 2], "texture": "#6"},
				"down": {"uv": [0, 0, 4, 2], "texture": "#6"}
			}
		},
		{
			"from": [11.5, 10.25, 1.5],
			"to": [12, 13, 2],
			"rotation": {"angle": 0, "axis": "y", "origin": [8, 10, 8]},
			"faces": {
				"north": {"uv": [0, 0, 4, 1], "rotation": 270, "texture": "#2"},
				"east": {"uv": [0, 0, 4, 2], "rotation": 90, "texture": "#2"},
				"south": {"uv": [0, 0, 4, 1], "rotation": 90, "texture": "#2"},
				"west": {"uv": [0, 0, 4, 2], "rotation": 90, "texture": "#2"},
				"up": {"uv": [0, 0, 2, 1], "rotation": 90, "texture": "#2"},
				"down": {"uv": [0, 0, 2, 1], "rotation": 90, "texture": "#2"}
			}
		},
		{
			"from": [11.5, 10.25, 2.25],
			"to": [12, 13, 2.75],
			"rotation": {"angle": 0, "axis": "y", "origin": [8, 10, 8.75]},
			"faces": {
				"north": {"uv": [0, 0, 4, 1], "rotation": 270, "texture": "#6"},
				"east": {"uv": [0, 0, 4, 2], "rotation": 90, "texture": "#6"},
				"south": {"uv": [0, 0, 4, 1], "rotation": 90, "texture": "#6"},
				"west": {"uv": [0, 0, 4, 2], "rotation": 90, "texture": "#6"},
				"up": {"uv": [0, 0, 2, 1], "rotation": 90, "texture": "#6"},
				"down": {"uv": [0, 0, 2, 1], "rotation": 90, "texture": "#6"}
			}
		},
		{
			"from": [10, 10.25, 1.5],
			"to": [10.5, 13, 2],
			"rotation": {"angle": 0, "axis": "y", "origin": [8, 10, 8]},
			"faces": {
				"north": {"uv": [0, 0, 4, 1], "rotation": 270, "texture": "#2"},
				"east": {"uv": [0, 0, 4, 2], "rotation": 90, "texture": "#2"},
				"south": {"uv": [0, 0, 4, 1], "rotation": 90, "texture": "#2"},
				"west": {"uv": [0, 0, 4, 2], "rotation": 90, "texture": "#2"},
				"up": {"uv": [0, 0, 2, 1], "rotation": 90, "texture": "#2"},
				"down": {"uv": [0, 0, 2, 1], "rotation": 90, "texture": "#2"}
			}
		},
		{
			"from": [10, 10.25, 2.25],
			"to": [10.5, 13, 2.75],
			"rotation": {"angle": 0, "axis": "y", "origin": [8, 10, 8.75]},
			"faces": {
				"north": {"uv": [0, 0, 4, 1], "rotation": 270, "texture": "#6"},
				"east": {"uv": [0, 0, 4, 2], "rotation": 90, "texture": "#6"},
				"south": {"uv": [0, 0, 4, 1], "rotation": 90, "texture": "#6"},
				"west": {"uv": [0, 0, 4, 2], "rotation": 90, "texture": "#6"},
				"up": {"uv": [0, 0, 2, 1], "rotation": 90, "texture": "#6"},
				"down": {"uv": [0, 0, 2, 1], "rotation": 90, "texture": "#6"}
			}
		},
		{
			"from": [9, 13, 1],
			"to": [13, 14, 2],
			"rotation": {"angle": 0, "axis": "y", "origin": [5, 21, 9]},
			"faces": {
				"north": {"uv": [0, 0, 4, 1], "texture": "#2"},
				"east": {"uv": [0, 0, 2, 1], "texture": "#2"},
				"south": {"uv": [0, 0, 4, 1], "texture": "#2"},
				"west": {"uv": [0, 0, 2, 1], "texture": "#2"},
				"up": {"uv": [0, 0, 4, 2], "texture": "#2"},
				"down": {"uv": [0, 0, 4, 2], "texture": "#2"}
			}
		},
		{
			"from": [9, 13, 2],
			"to": [13, 14, 3],
			"rotation": {"angle": 0, "axis": "y", "origin": [5, 21, 9]},
			"faces": {
				"north": {"uv": [0, 0, 4, 1], "texture": "#2"},
				"east": {"uv": [0, 0, 2, 1], "texture": "#6"},
				"south": {"uv": [0, 0, 4, 1], "texture": "#6"},
				"west": {"uv": [0, 0, 2, 1], "texture": "#2"},
				"up": {"uv": [0, 0, 4, 2], "texture": "#6"},
				"down": {"uv": [0, 0, 4, 2], "texture": "#6"}
			}
		}
	],
	"display": {
		"head": {
			"rotation": [0, -180, 0],
			"translation": [11, -2, -7.5],
			"scale": [1.72, 1.72, 1.72]
		}
	},
	"groups": [
		{
			"name": "door_l",
			"origin": [5, 21, 9],
			"children": [0, 1, 2, 3, 4, 5, 6, 7, 8, 9, 10, 11, 12, 13, 14, 15, 16, 17, 18, 19, 20, 21, 22, 23, 24, 25, 26, 27, 28, 29, 30]
		}
	]
}