{
	"credit": "Made with Blockbench",
	"textures": {
		"1": "custom/tardis_handle",
		"2": "custom/tardis_lamp",
		"particle": "custom/tardis_cons2r1"
	},
	"elements": [
		{
			"from": [7.5, 0.25, 7.5],
			"to": [8.5, 1.25, 8.5],
			"rotation": {"angle": 0, "axis": "y", "origin": [15.5, 8.25, 15]},
			"faces": {
				"north": {"uv": [0, 0, 1, 1], "texture": "#2"},
				"east": {"uv": [0, 0, 1, 1], "texture": "#2"},
				"south": {"uv": [0, 0, 1, 1], "texture": "#2"},
				"west": {"uv": [0, 0, 1, 1], "texture": "#2"},
				"up": {"uv": [0, 0, 1, 1], "texture": "#2"},
				"down": {"uv": [0, 0, 1, 1], "texture": "#2"}
			}
		},
		{
			"from": [8.5, 0.5, 7.75],
			"to": [10.5, 1, 8.25],
			"rotation": {"angle": 0, "axis": "y", "origin": [16.5, 8.25, 15]},
			"faces": {
				"north": {"uv": [0, 0, 2, 0.5], "texture": "#2"},
				"east": {"uv": [0, 0, 0.5, 0.5], "texture": "#2"},
				"south": {"uv": [0, 0, 2, 0.5], "texture": "#2"},
				"west": {"uv": [0, 0, 0.5, 0.5], "texture": "#2"},
				"up": {"uv": [0, 0, 2, 0.5], "texture": "#2"},
				"down": {"uv": [0, 0, 2, 0.5], "texture": "#2"}
			}
		},
		{
			"from": [7.75, 0.5, 7],
			"to": [8.25, 1, 9],
			"rotation": {"angle": 0, "axis": "y", "origin": [15.5, 8.25, 15]},
			"faces": {
				"north": {"uv": [0, 0, 0.5, 0.5], "texture": "#2"},
				"east": {"uv": [0, 0, 2, 0.5], "texture": "#2"},
				"south": {"uv": [0, 0, 0.5, 0.5], "texture": "#2"},
				"west": {"uv": [0, 0, 2, 0.5], "texture": "#2"},
				"up": {"uv": [0, 0, 0.5, 2], "texture": "#2"},
				"down": {"uv": [0, 0, 0.5, 2], "texture": "#2"}
			}
		},
		{
			"from": [10.5, 0.35, 7.6],
			"to": [12.5, 1.15, 8.4],
			"rotation": {"angle": 0, "axis": "y", "origin": [18.5, 8.25, 15]},
			"faces": {
				"north": {"uv": [0, 0, 2, 0.8], "texture": "#1"},
				"east": {"uv": [0, 0, 0.8, 0.8], "texture": "#1"},
				"south": {"uv": [0, 0, 2, 0.8], "texture": "#1"},
				"west": {"uv": [0, 0, 0.8, 0.8], "texture": "#1"},
				"up": {"uv": [0, 0, 2, 0.8], "texture": "#1"},
				"down": {"uv": [0, 0, 2, 0.8], "texture": "#1"}
			}
		}
	],
	"display": {
		"head": {
			"translation": [0, 6, 0]
		}
	},
	"groups": [
		{
			"name": "group",
			"origin": [15.5, 8.25, 15],
			"children": [0, 1, 2, 3]
		}
	]
}