{
	"credit": "Made with Blockbench",
	"textures": {
		"1": "custom/tardis_handle",
		"1_1": "custom/light_gray_concrete"
	},
	"elements": [
		{
			"from": [8.2, 0.2, 6],
			"to": [9, 0.5, 7.8],
			"rotation": {"angle": 0, "axis": "y", "origin": [13.4, 8.2, 11.8]},
			"faces": {
				"north": {"uv": [0, 0, 0.8, 0.3], "texture": "#1_1"},
				"east": {"uv": [0, 0, 1.8, 0.3], "texture": "#1_1"},
				"south": {"uv": [0, 0, 0.8, 0.3], "texture": "#1_1"},
				"west": {"uv": [0, 0, 1.8, 0.3], "texture": "#1_1"},
				"up": {"uv": [0, 0, 0.8, 1.8], "texture": "#1_1"},
				"down": {"uv": [0, 0, 0.8, 1.8], "texture": "#1_1"}
			}
		},
		{
			"from": [7, 0.2, 6],
			"to": [7.8, 0.5, 7.8],
			"rotation": {"angle": 0, "axis": "y", "origin": [12.2, 8.2, 11.8]},
			"faces": {
				"north": {"uv": [0, 0, 0.8, 0.3], "texture": "#1_1"},
				"east": {"uv": [0, 0, 1.8, 0.3], "texture": "#1_1"},
				"south": {"uv": [0, 0, 0.8, 0.3], "texture": "#1_1"},
				"west": {"uv": [0, 0, 1.8, 0.3], "texture": "#1_1"},
				"up": {"uv": [0, 0, 0.8, 1.8], "texture": "#1_1"},
				"down": {"uv": [0, 0, 0.8, 1.8], "texture": "#1_1"}
			}
		},
		{
			"from": [7, 0.2, 8.2],
			"to": [7.8, 0.5, 10],
			"rotation": {"angle": 0, "axis": "y", "origin": [12.2, 8.2, 14]},
			"faces": {
				"north": {"uv": [0, 0, 0.8, 0.3], "texture": "#1_1"},
				"east": {"uv": [0, 0, 1.8, 0.3], "texture": "#1_1"},
				"south": {"uv": [0, 0, 0.8, 0.3], "texture": "#1_1"},
				"west": {"uv": [0, 0, 1.8, 0.3], "texture": "#1_1"},
				"up": {"uv": [0, 0, 0.8, 1.8], "texture": "#1_1"},
				"down": {"uv": [0, 0, 0.8, 1.8], "texture": "#1_1"}
			}
		},
		{
			"from": [9, 0.2, 6],
			"to": [9.4, 0.5, 6.9],
			"rotation": {"angle": 0, "axis": "y", "origin": [13.8, 8.2, 11.8]},
			"faces": {
				"north": {"uv": [0, 0, 0.4, 0.3], "texture": "#1_1"},
				"east": {"uv": [0, 0, 0.9, 0.3], "texture": "#1_1"},
				"south": {"uv": [0, 0, 0.4, 0.3], "texture": "#1_1"},
				"west": {"uv": [0, 0, 0.9, 0.3], "texture": "#1_1"},
				"up": {"uv": [0, 0, 0.4, 0.9], "texture": "#1_1"},
				"down": {"uv": [0, 0, 0.4, 0.9], "texture": "#1_1"}
			}
		},
		{
			"from": [7.8, 0.2, 6],
			"to": [8.2, 0.5, 6.9],
			"rotation": {"angle": 0, "axis": "y", "origin": [12.6, 8.2, 11.8]},
			"faces": {
				"north": {"uv": [0, 0, 0.4, 0.3], "texture": "#1_1"},
				"east": {"uv": [0, 0, 0.9, 0.3], "texture": "#1_1"},
				"south": {"uv": [0, 0, 0.4, 0.3], "texture": "#1_1"},
				"west": {"uv": [0, 0, 0.9, 0.3], "texture": "#1_1"},
				"up": {"uv": [0, 0, 0.4, 0.9], "texture": "#1_1"},
				"down": {"uv": [0, 0, 0.4, 0.9], "texture": "#1_1"}
			}
		},
		{
			"from": [7.8, 0.2, 9.1],
			"to": [8.2, 0.5, 10],
			"rotation": {"angle": 0, "axis": "y", "origin": [12.6, 8.2, 14.9]},
			"faces": {
				"north": {"uv": [0, 0, 0.4, 0.3], "texture": "#1_1"},
				"east": {"uv": [0, 0, 0.9, 0.3], "texture": "#1_1"},
				"south": {"uv": [0, 0, 0.4, 0.3], "texture": "#1_1"},
				"west": {"uv": [0, 0, 0.9, 0.3], "texture": "#1_1"},
				"up": {"uv": [0, 0, 0.4, 0.9], "texture": "#1_1"},
				"down": {"uv": [0, 0, 0.4, 0.9], "texture": "#1_1"}
			}
		},
		{
			"from": [6.6, 0.2, 6],
			"to": [7, 0.5, 6.9],
			"rotation": {"angle": 0, "axis": "y", "origin": [11.4, 8.2, 11.8]},
			"faces": {
				"north": {"uv": [0, 0, 0.4, 0.3], "texture": "#1_1"},
				"east": {"uv": [0, 0, 0.9, 0.3], "texture": "#1_1"},
				"south": {"uv": [0, 0, 0.4, 0.3], "texture": "#1_1"},
				"west": {"uv": [0, 0, 0.9, 0.3], "texture": "#1_1"},
				"up": {"uv": [0, 0, 0.4, 0.9], "texture": "#1_1"},
				"down": {"uv": [0, 0, 0.4, 0.9], "texture": "#1_1"}
			}
		},
		{
			"from": [6.6, 0.2, 9.1],
			"to": [7, 0.5, 10],
			"rotation": {"angle": 0, "axis": "y", "origin": [11.4, 8.2, 14.9]},
			"faces": {
				"north": {"uv": [0, 0, 0.4, 0.3], "texture": "#1_1"},
				"east": {"uv": [0, 0, 0.9, 0.3], "texture": "#1_1"},
				"south": {"uv": [0, 0, 0.4, 0.3], "texture": "#1_1"},
				"west": {"uv": [0, 0, 0.9, 0.3], "texture": "#1_1"},
				"up": {"uv": [0, 0, 0.4, 0.9], "texture": "#1_1"},
				"down": {"uv": [0, 0, 0.4, 0.9], "texture": "#1_1"}
			}
		},
		{
			"from": [8.2, 0.2, 8.2],
			"to": [9.4, 0.5, 10],
			"rotation": {"angle": 0, "axis": "y", "origin": [13.4, 8.2, 14]},
			"faces": {
				"north": {"uv": [0, 0, 1.2, 0.3], "texture": "#1_1"},
				"east": {"uv": [0, 0, 1.8, 0.3], "texture": "#1_1"},
				"south": {"uv": [0, 0, 1.2, 0.3], "texture": "#1_1"},
				"west": {"uv": [0, 0, 1.8, 0.3], "texture": "#1_1"},
				"up": {"uv": [0, 0, 1.2, 1.8], "texture": "#1_1"},
				"down": {"uv": [0, 0, 1.2, 1.8], "texture": "#1_1"}
			}
		},
		{
			"from": [6, 0.2, 6],
			"to": [6.6, 0.5, 10],
			"rotation": {"angle": 0, "axis": "y", "origin": [10.6, 8.2, 14]},
			"faces": {
				"north": {"uv": [0, 0, 0.6, 0.3], "texture": "#1_1"},
				"east": {"uv": [0, 0, 4, 0.3], "texture": "#1_1"},
				"south": {"uv": [0, 0, 0.6, 0.3], "texture": "#1_1"},
				"west": {"uv": [0, 0, 4, 0.3], "texture": "#1_1"},
				"up": {"uv": [0, 0, 0.6, 4], "texture": "#1_1"},
				"down": {"uv": [0, 0, 0.6, 4], "texture": "#1_1"}
			}
		},
		{
			"from": [9.4, 0.2, 6],
			"to": [10, 0.5, 10],
			"rotation": {"angle": 0, "axis": "y", "origin": [14, 8.2, 14]},
			"faces": {
				"north": {"uv": [0, 0, 0.6, 0.3], "texture": "#1_1"},
				"east": {"uv": [0, 0, 4, 0.3], "texture": "#1_1"},
				"south": {"uv": [0, 0, 0.6, 0.3], "texture": "#1_1"},
				"west": {"uv": [0, 0, 4, 0.3], "texture": "#1_1"},
				"up": {"uv": [0, 0, 0.6, 4], "texture": "#1_1"},
				"down": {"uv": [0, 0, 0.6, 4], "texture": "#1_1"}
			}
		},
		{
			"from": [6, 0, 6],
			"to": [10, 0.2, 10],
			"rotation": {"angle": 0, "axis": "y", "origin": [14, 8, 14]},
			"faces": {
				"north": {"uv": [0, 0, 4, 0.2], "texture": "#1_1"},
				"east": {"uv": [0, 0, 4, 0.2], "texture": "#1_1"},
				"south": {"uv": [0, 0, 4, 0.2], "texture": "#1_1"},
				"west": {"uv": [0, 0, 4, 0.2], "texture": "#1_1"},
				"up": {"uv": [0, 0, 4, 4], "texture": "#1"},
				"down": {"uv": [0, 0, 4, 4], "texture": "#1_1"}
			}
		}
	],
	"display": {
		"head": {
			"translation": [0, 6, 0]
		}
	}
}