{
	"credit": "Made with Blockbench",
	"textures": {
		"1": "custom/tardis_handle",
		"3": "custom/tardis_printed_circuit2",
		"4": "custom/tardis_orb1"
	},
	"elements": [
		{
			"from": [7.9, 0.5, 7.9],
			"to": [8.15, 1.5, 8.15],
			"rotation": {"angle": 0, "axis": "y", "origin": [15.9, 8.5, 15.9]},
			"faces": {
				"north": {"uv": [0, 0, 0.25, 1], "texture": "#3"},
				"east": {"uv": [0, 0, 0.25, 1], "texture": "#3"},
				"south": {"uv": [0, 0, 0.25, 1], "texture": "#3"},
				"west": {"uv": [0, 0, 0.25, 1], "texture": "#3"},
				"up": {"uv": [0, 0, 0.25, 0.25], "texture": "#3"},
				"down": {"uv": [0, 0, 0.25, 0.25], "texture": "#3"}
			}
		},
		{
			"from": [7.9, 1.5, 7.65],
			"to": [8.15, 1.75, 8.4],
			"rotation": {"angle": 0, "axis": "y", "origin": [15.9, 9.5, 15.9]},
			"faces": {
				"north": {"uv": [0, 0, 0.25, 0.25], "texture": "#1"},
				"east": {"uv": [0, 0, 0.75, 0.25], "texture": "#1"},
				"south": {"uv": [0, 0, 0.25, 0.25], "texture": "#1"},
				"west": {"uv": [0, 0, 0.75, 0.25], "texture": "#1"},
				"up": {"uv": [0, 0, 0.25, 0.75], "texture": "#1"},
				"down": {"uv": [0, 0, 0.25, 0.75], "texture": "#1"}
			}
		},
		{
			"from": [7.65, 1.5, 7.9],
			"to": [7.9, 1.75, 8.15],
			"rotation": {"angle": 0, "axis": "y", "origin": [0.15, 9.5, 15.9]},
			"faces": {
				"north": {"uv": [0, 0, 0.25, 0.25], "texture": "#1"},
				"east": {"uv": [0, 0, 0.25, 0.25], "texture": "#1"},
				"south": {"uv": [0, 0, 0.25, 0.25], "texture": "#1"},
				"west": {"uv": [0, 0, 0.25, 0.25], "texture": "#1"},
				"up": {"uv": [0, 0, 0.25, 0.25], "rotation": 90, "texture": "#1"},
				"down": {"uv": [0, 0, 0.25, 0.25], "rotation": 270, "texture": "#1"}
			}
		},
		{
			"from": [8.15, 1.5, 7.9],
			"to": [8.4, 1.75, 8.15],
			"rotation": {"angle": 0, "axis": "y", "origin": [0.65, 9.5, 15.9]},
			"faces": {
				"north": {"uv": [0, 0, 0.25, 0.25], "texture": "#1"},
				"east": {"uv": [0, 0, 0.25, 0.25], "texture": "#1"},
				"south": {"uv": [0, 0, 0.25, 0.25], "texture": "#1"},
				"west": {"uv": [0, 0, 0.25, 0.25], "texture": "#1"},
				"up": {"uv": [0, 0, 0.25, 0.25], "rotation": 90, "texture": "#1"},
				"down": {"uv": [0, 0, 0.25, 0.25], "rotation": 270, "texture": "#1"}
			}
		},
		{
			"from": [7.95, 1.6, 8.05],
			"to": [8.3, 1.65, 9.25],
			"rotation": {"angle": 0, "axis": "y", "origin": [0.65, 9.5, 16.15]},
			"faces": {
				"north": {"uv": [0, 0, 0.35, 0.05], "texture": "#3"},
				"east": {"uv": [0, 0, 1.2, 0.05], "texture": "#3"},
				"south": {"uv": [0, 0, 0.35, 0.05], "texture": "#3"},
				"west": {"uv": [0, 0, 1.2, 0.05], "texture": "#3"},
				"up": {"uv": [0, 0, 1.2, 0.35], "rotation": 90, "texture": "#3"},
				"down": {"uv": [0, 0, 1.2, 0.35], "rotation": 270, "texture": "#3"}
			}
		},
		{
			"from": [7.85, 1.5, 9.05],
			"to": [8.4, 1.75, 9.55],
			"rotation": {"angle": 0, "axis": "y", "origin": [0.65, 9.4, 17.15]},
			"faces": {
				"north": {"uv": [0, 0, 0.55, 0.25], "texture": "#4"},
				"east": {"uv": [0, 0, 0.5, 0.25], "texture": "#4"},
				"south": {"uv": [0, 0, 0.55, 0.25], "texture": "#4"},
				"west": {"uv": [0, 0, 0.5, 0.25], "texture": "#4"},
				"up": {"uv": [0, 0, 0.5, 0.55], "rotation": 90, "texture": "#4"},
				"down": {"uv": [0, 0, 0.5, 0.55], "rotation": 270, "texture": "#4"}
			}
		},
		{
			"from": [8, 1.7, 9.2],
			"to": [8.3, 1.95, 9.45],
			"rotation": {"angle": 0, "axis": "y", "origin": [0.55, 9.6, 17.05]},
			"faces": {
				"north": {"uv": [0, 0, 0.3, 0.25], "texture": "#1"},
				"east": {"uv": [0, 0, 0.25, 0.25], "texture": "#1"},
				"south": {"uv": [0, 0, 0.3, 0.25], "texture": "#1"},
				"west": {"uv": [0, 0, 0.25, 0.25], "texture": "#1"},
				"up": {"uv": [0, 0, 0.25, 0.3], "rotation": 90, "texture": "#1"},
				"down": {"uv": [0, 0, 0.25, 0.3], "rotation": 270, "texture": "#1"}
			}
		}
	],
	"display": {
		"head": {
			"translation": [0, 9.5, 0],
			"scale": [1.64, 1.64, 1.64]
		}
	},
	"groups": [
		{
			"name": "group",
			"origin": [0.55, 9.6, 17.05],
			"children": [0, 1, 2, 3, 4, 5, 6]
		}
	]
}