{
	"credit": "Made with Blockbench",
	"textures": {
		"0": "custom/tardis_s_c1",
		"particle": "custom/tardis_s_c1"
	},
	"elements": [
		{
			"from": [14, -1, 0],
			"to": [16, 0, 16],
			"rotation": {"angle": 0, "axis": "z", "origin": [8, -0.5, 8]},
			"faces": {
				"north": {"uv": [0, 0, 2, 1], "rotation": 180, "texture": "#0"},
				"east": {"uv": [0, 0, 16, 1], "rotation": 180, "texture": "#0"},
				"south": {"uv": [0, 0, 2, 1], "rotation": 180, "texture": "#0"},
				"west": {"uv": [0, 0, 16, 1], "rotation": 180, "texture": "#0"},
				"up": {"uv": [0, 0, 2, 16], "rotation": 180, "texture": "#0"},
				"down": {"uv": [0, 0, 2, 16], "rotation": 180, "texture": "#0"}
			}
		},
		{
			"from": [16, -0.5, 3],
			"to": [18, 0, 13],
			"rotation": {"angle": 0, "axis": "z", "origin": [10, -0.5, 8]},
			"faces": {
				"north": {"uv": [0, 0, 2, 1], "rotation": 180, "texture": "#0"},
				"east": {"uv": [0, 0, 16, 1], "rotation": 180, "texture": "#0"},
				"south": {"uv": [0, 0, 2, 1], "rotation": 180, "texture": "#0"},
				"west": {"uv": [0, 0, 16, 1], "rotation": 180, "texture": "#0"},
				"up": {"uv": [0, 3, 2, 13], "rotation": 180, "texture": "#0"},
				"down": {"uv": [0, 0, 2, 16], "rotation": 180, "texture": "#0"}
			}
		},
		{
			"from": [0, -1, 0],
			"to": [2, 0, 16],
			"rotation": {"angle": 0, "axis": "z", "origin": [8, -0.5, 8]},
			"faces": {
				"north": {"uv": [0, 0, 2, 1], "rotation": 180, "texture": "#0"},
				"east": {"uv": [0, 0, 16, 1], "rotation": 180, "texture": "#0"},
				"south": {"uv": [0, 0, 2, 1], "rotation": 180, "texture": "#0"},
				"west": {"uv": [0, 0, 16, 1], "rotation": 180, "texture": "#0"},
				"up": {"uv": [0, 0, 2, 16], "rotation": 180, "texture": "#0"},
				"down": {"uv": [14, 0, 16, 16], "rotation": 180, "texture": "#0"}
			}
		},
		{
			"from": [-2, -0.5, 3],
			"to": [0, 0, 13],
			"rotation": {"angle": 0, "axis": "z", "origin": [6, -0.5, 8]},
			"faces": {
				"north": {"uv": [0, 0, 2, 1], "rotation": 180, "texture": "#0"},
				"east": {"uv": [0, 0, 16, 1], "rotation": 180, "texture": "#0"},
				"south": {"uv": [0, 0, 2, 1], "rotation": 180, "texture": "#0"},
				"west": {"uv": [0, 0, 16, 1], "rotation": 180, "texture": "#0"},
				"up": {"uv": [0, 0, 2, 16], "rotation": 180, "texture": "#0"},
				"down": {"uv": [14, 3, 16, 13], "rotation": 180, "texture": "#0"}
			}
		},
		{
			"from": [2, -1, 0],
			"to": [3, 0, 6],
			"rotation": {"angle": 0, "axis": "z", "origin": [8, -0.5, 8]},
			"faces": {
				"north": {"uv": [0, 0, 1, 1], "rotation": 180, "texture": "#0"},
				"east": {"uv": [0, 0, 6, 1], "rotation": 180, "texture": "#0"},
				"south": {"uv": [0, 0, 1, 1], "rotation": 180, "texture": "#0"},
				"west": {"uv": [0, 0, 6, 1], "rotation": 180, "texture": "#0"},
				"up": {"uv": [0, 0, 1, 6], "rotation": 180, "texture": "#0"},
				"down": {"uv": [13, 0, 14, 6], "rotation": 180, "texture": "#0"}
			}
		},
		{
			"from": [13, -1, 0],
			"to": [14, 0, 6],
			"rotation": {"angle": 0, "axis": "z", "origin": [8, -0.5, 8]},
			"faces": {
				"north": {"uv": [0, 0, 1, 1], "rotation": 180, "texture": "#0"},
				"east": {"uv": [0, 0, 6, 1], "rotation": 180, "texture": "#0"},
				"south": {"uv": [0, 0, 1, 1], "rotation": 180, "texture": "#0"},
				"west": {"uv": [0, 0, 6, 1], "rotation": 180, "texture": "#0"},
				"up": {"uv": [0, 0, 1, 6], "rotation": 180, "texture": "#0"},
				"down": {"uv": [2, 0, 3, 6], "rotation": 180, "texture": "#0"}
			}
		},
		{
			"from": [2, -1, 10],
			"to": [3, 0, 16],
			"rotation": {"angle": 0, "axis": "z", "origin": [8, -0.5, 8]},
			"faces": {
				"north": {"uv": [0, 0, 1, 1], "rotation": 180, "texture": "#0"},
				"east": {"uv": [0, 0, 6, 1], "rotation": 180, "texture": "#0"},
				"south": {"uv": [0, 0, 1, 1], "rotation": 180, "texture": "#0"},
				"west": {"uv": [0, 0, 6, 1], "rotation": 180, "texture": "#0"},
				"up": {"uv": [0, 0, 1, 6], "rotation": 180, "texture": "#0"},
				"down": {"uv": [13, 10, 14, 16], "rotation": 180, "texture": "#0"}
			}
		},
		{
			"from": [13, -1, 10],
			"to": [14, 0, 16],
			"rotation": {"angle": 0, "axis": "z", "origin": [8, -0.5, 8]},
			"faces": {
				"north": {"uv": [0, 0, 1, 1], "rotation": 180, "texture": "#0"},
				"east": {"uv": [0, 0, 6, 1], "rotation": 180, "texture": "#0"},
				"south": {"uv": [0, 0, 1, 1], "rotation": 180, "texture": "#0"},
				"west": {"uv": [0, 0, 6, 1], "rotation": 180, "texture": "#0"},
				"up": {"uv": [0, 0, 1, 6], "rotation": 180, "texture": "#0"},
				"down": {"uv": [2, 10, 3, 16], "rotation": 180, "texture": "#0"}
			}
		},
		{
			"from": [3, -1, 0],
			"to": [13, 0, 2],
			"rotation": {"angle": 0, "axis": "z", "origin": [8, -0.5, 8]},
			"faces": {
				"north": {"uv": [0, 0, 10, 1], "rotation": 180, "texture": "#0"},
				"east": {"uv": [0, 0, 2, 1], "rotation": 180, "texture": "#0"},
				"south": {"uv": [0, 0, 10, 1], "rotation": 180, "texture": "#0"},
				"west": {"uv": [0, 0, 2, 1], "rotation": 180, "texture": "#0"},
				"up": {"uv": [0, 0, 10, 2], "rotation": 180, "texture": "#0"},
				"down": {"uv": [3, 0, 13, 2], "rotation": 180, "texture": "#0"}
			}
		},
		{
			"from": [3, -0.5, -2],
			"to": [13, 0, 0],
			"rotation": {"angle": 0, "axis": "z", "origin": [8, -0.5, 6]},
			"faces": {
				"north": {"uv": [0, 0, 10, 1], "rotation": 180, "texture": "#0"},
				"east": {"uv": [0, 0, 2, 1], "rotation": 180, "texture": "#0"},
				"south": {"uv": [0, 0, 10, 1], "rotation": 180, "texture": "#0"},
				"west": {"uv": [0, 0, 2, 1], "rotation": 180, "texture": "#0"},
				"up": {"uv": [0, 0, 10, 2], "rotation": 180, "texture": "#0"},
				"down": {"uv": [3, 0, 13, 2], "rotation": 180, "texture": "#0"}
			}
		},
		{
			"from": [3, -1, 14],
			"to": [13, 0, 16],
			"rotation": {"angle": 0, "axis": "z", "origin": [8, -0.5, 8]},
			"faces": {
				"north": {"uv": [0, 0, 10, 1], "rotation": 180, "texture": "#0"},
				"east": {"uv": [0, 0, 2, 1], "rotation": 180, "texture": "#0"},
				"south": {"uv": [0, 0, 10, 1], "rotation": 180, "texture": "#0"},
				"west": {"uv": [0, 0, 2, 1], "rotation": 180, "texture": "#0"},
				"up": {"uv": [0, 0, 10, 2], "rotation": 180, "texture": "#0"},
				"down": {"uv": [3, 14, 13, 16], "rotation": 180, "texture": "#0"}
			}
		},
		{
			"from": [3, -0.5, 16],
			"to": [13, 0, 18],
			"rotation": {"angle": 0, "axis": "z", "origin": [8, -0.5, 10]},
			"faces": {
				"north": {"uv": [0, 0, 10, 1], "rotation": 180, "texture": "#0"},
				"east": {"uv": [0, 0, 2, 1], "rotation": 180, "texture": "#0"},
				"south": {"uv": [0, 0, 10, 1], "rotation": 180, "texture": "#0"},
				"west": {"uv": [0, 0, 2, 1], "rotation": 180, "texture": "#0"},
				"up": {"uv": [0, 0, 10, 2], "rotation": 180, "texture": "#0"},
				"down": {"uv": [3, 14, 13, 16], "rotation": 180, "texture": "#0"}
			}
		},
		{
			"from": [3, -1, 12],
			"to": [4, 0, 13],
			"rotation": {"angle": 0, "axis": "z", "origin": [8, -0.5, 8]},
			"faces": {
				"north": {"uv": [0, 0, 1, 1], "rotation": 180, "texture": "#0"},
				"east": {"uv": [0, 0, 1, 1], "rotation": 180, "texture": "#0"},
				"south": {"uv": [0, 0, 1, 1], "rotation": 180, "texture": "#0"},
				"west": {"uv": [0, 0, 1, 1], "rotation": 180, "texture": "#0"},
				"up": {"uv": [0, 0, 1, 1], "rotation": 180, "texture": "#0"},
				"down": {"uv": [12, 12, 13, 13], "rotation": 180, "texture": "#0"}
			}
		},
		{
			"from": [12, -1, 12],
			"to": [13, 0, 13],
			"rotation": {"angle": 0, "axis": "z", "origin": [8, -0.5, 8]},
			"faces": {
				"north": {"uv": [0, 0, 1, 1], "rotation": 180, "texture": "#0"},
				"east": {"uv": [0, 0, 1, 1], "rotation": 180, "texture": "#0"},
				"south": {"uv": [0, 0, 1, 1], "rotation": 180, "texture": "#0"},
				"west": {"uv": [0, 0, 1, 1], "rotation": 180, "texture": "#0"},
				"up": {"uv": [0, 0, 1, 1], "rotation": 180, "texture": "#0"},
				"down": {"uv": [3, 12, 4, 13], "rotation": 180, "texture": "#0"}
			}
		},
		{
			"from": [10, -1, 13],
			"to": [13, 0, 14],
			"rotation": {"angle": 0, "axis": "z", "origin": [8, -0.5, 8]},
			"faces": {
				"north": {"uv": [0, 0, 3, 1], "rotation": 180, "texture": "#0"},
				"east": {"uv": [0, 0, 1, 1], "rotation": 180, "texture": "#0"},
				"south": {"uv": [0, 0, 3, 1], "rotation": 180, "texture": "#0"},
				"west": {"uv": [0, 0, 1, 1], "rotation": 180, "texture": "#0"},
				"up": {"uv": [0, 0, 3, 1], "rotation": 180, "texture": "#0"},
				"down": {"uv": [3, 13, 6, 14], "rotation": 180, "texture": "#0"}
			}
		},
		{
			"from": [10, -1, 2],
			"to": [13, 0, 3],
			"rotation": {"angle": 0, "axis": "z", "origin": [8, -0.5, 8]},
			"faces": {
				"north": {"uv": [0, 0, 3, 1], "rotation": 180, "texture": "#0"},
				"east": {"uv": [0, 0, 1, 1], "rotation": 180, "texture": "#0"},
				"south": {"uv": [0, 0, 3, 1], "rotation": 180, "texture": "#0"},
				"west": {"uv": [0, 0, 1, 1], "rotation": 180, "texture": "#0"},
				"up": {"uv": [0, 0, 3, 1], "rotation": 180, "texture": "#0"},
				"down": {"uv": [3, 2, 6, 3], "rotation": 180, "texture": "#0"}
			}
		},
		{
			"from": [3, -1, 13],
			"to": [6, 0, 14],
			"rotation": {"angle": 0, "axis": "z", "origin": [8, -0.5, 8]},
			"faces": {
				"north": {"uv": [0, 0, 3, 1], "rotation": 180, "texture": "#0"},
				"east": {"uv": [0, 0, 1, 1], "rotation": 180, "texture": "#0"},
				"south": {"uv": [0, 0, 3, 1], "rotation": 180, "texture": "#0"},
				"west": {"uv": [0, 0, 1, 1], "rotation": 180, "texture": "#0"},
				"up": {"uv": [0, 0, 3, 1], "rotation": 180, "texture": "#0"},
				"down": {"uv": [10, 13, 13, 14], "rotation": 180, "texture": "#0"}
			}
		},
		{
			"from": [3, -1, 2],
			"to": [6, 0, 3],
			"rotation": {"angle": 0, "axis": "z", "origin": [8, -0.5, 8]},
			"faces": {
				"north": {"uv": [0, 0, 3, 1], "rotation": 180, "texture": "#0"},
				"east": {"uv": [0, 0, 1, 1], "rotation": 180, "texture": "#0"},
				"south": {"uv": [0, 0, 3, 1], "rotation": 180, "texture": "#0"},
				"west": {"uv": [0, 0, 1, 1], "rotation": 180, "texture": "#0"},
				"up": {"uv": [0, 0, 3, 1], "rotation": 180, "texture": "#0"},
				"down": {"uv": [10, 2, 13, 3], "rotation": 180, "texture": "#0"}
			}
		},
		{
			"from": [3, -1, 3],
			"to": [4, 0, 4],
			"rotation": {"angle": 0, "axis": "z", "origin": [8, -0.5, 8]},
			"faces": {
				"north": {"uv": [0, 0, 1, 1], "rotation": 180, "texture": "#0"},
				"east": {"uv": [0, 0, 1, 1], "rotation": 180, "texture": "#0"},
				"south": {"uv": [0, 0, 1, 1], "rotation": 180, "texture": "#0"},
				"west": {"uv": [0, 0, 1, 1], "rotation": 180, "texture": "#0"},
				"up": {"uv": [0, 0, 1, 1], "rotation": 180, "texture": "#0"},
				"down": {"uv": [12, 3, 13, 4], "rotation": 180, "texture": "#0"}
			}
		},
		{
			"from": [12, -1, 3],
			"to": [13, 0, 4],
			"rotation": {"angle": 0, "axis": "z", "origin": [8, -0.5, 8]},
			"faces": {
				"north": {"uv": [0, 0, 1, 1], "rotation": 180, "texture": "#0"},
				"east": {"uv": [0, 0, 1, 1], "rotation": 180, "texture": "#0"},
				"south": {"uv": [0, 0, 1, 1], "rotation": 180, "texture": "#0"},
				"west": {"uv": [0, 0, 1, 1], "rotation": 180, "texture": "#0"},
				"up": {"uv": [0, 0, 1, 1], "rotation": 180, "texture": "#0"},
				"down": {"uv": [3, 3, 4, 4], "rotation": 180, "texture": "#0"}
			}
		}
	],
	"display": {
		"head": {
			"translation": [0, -30.25, 0],
			"scale": [1.61, 1.61, 1.61]
		}
	}
}