{
	"credit": "Made with Blockbench",
	"textures": {
		"0": "custom/tardis_s_c1",
		"1": "custom/tardis_key",
		"particle": "custom/tardis_s_c1"
	},
	"elements": [
		{
			"from": [-9, -16, 9],
			"to": [-8, -1, 16],
			"rotation": {"angle": 0, "axis": "y", "origin": [-1, -8, -7]},
			"faces": {
				"north": {"uv": [0, 0, 1, 15], "texture": "#missing"},
				"east": {"uv": [12, 0, 16, 16], "texture": "#0"},
				"south": {"uv": [0, 0, 1, 15], "texture": "#missing"},
				"west": {"uv": [0, 0, 7, 15], "texture": "#missing"},
				"up": {"uv": [0, 0, 1, 7], "texture": "#missing"},
				"down": {"uv": [0, 0, 1, 7], "texture": "#missing"}
			}
		},
		{
			"from": [-9, -1, 9],
			"to": [-8, 15, 16],
			"rotation": {"angle": 0, "axis": "y", "origin": [-1, 7, -7]},
			"faces": {
				"north": {"uv": [0, 0, 1, 16], "texture": "#missing"},
				"east": {"uv": [12, 0, 16, 16], "texture": "#0"},
				"south": {"uv": [0, 0, 1, 16], "texture": "#missing"},
				"west": {"uv": [0, 0, 7, 16], "texture": "#missing"},
				"up": {"uv": [0, 0, 1, 7], "texture": "#missing"},
				"down": {"uv": [0, 0, 1, 7], "texture": "#missing"}
			}
		},
		{
			"from": [-9, 15, 9],
			"to": [-8, 31, 16],
			"rotation": {"angle": 0, "axis": "y", "origin": [-1, 23, -7]},
			"faces": {
				"north": {"uv": [0, 0, 1, 16], "texture": "#missing"},
				"east": {"uv": [12, 0, 16, 16], "texture": "#0"},
				"south": {"uv": [0, 0, 1, 16], "texture": "#missing"},
				"west": {"uv": [0, 0, 7, 16], "texture": "#missing"},
				"up": {"uv": [0, 0, 1, 7], "texture": "#missing"},
				"down": {"uv": [0, 0, 1, 7], "texture": "#missing"}
			}
		},
		{
			"from": [24, -16, 9],
			"to": [25, -1, 16],
			"rotation": {"angle": 0, "axis": "y", "origin": [32, -8, 2]},
			"faces": {
				"north": {"uv": [0, 0, 1, 15], "texture": "#missing"},
				"east": {"uv": [0, 0, 7, 15], "texture": "#missing"},
				"south": {"uv": [0, 0, 1, 15], "texture": "#missing"},
				"west": {"uv": [0, 0, 7, 15], "texture": "#0"},
				"up": {"uv": [0, 0, 1, 7], "texture": "#missing"},
				"down": {"uv": [0, 0, 1, 7], "texture": "#missing"}
			}
		},
		{
			"from": [24, -1, 9],
			"to": [25, 15, 16],
			"rotation": {"angle": 0, "axis": "y", "origin": [32, 7, 2]},
			"faces": {
				"north": {"uv": [0, 0, 1, 16], "texture": "#missing"},
				"east": {"uv": [0, 0, 7, 16], "texture": "#missing"},
				"south": {"uv": [0, 0, 1, 16], "texture": "#missing"},
				"west": {"uv": [0, 0, 7, 16], "texture": "#0"},
				"up": {"uv": [0, 0, 1, 7], "texture": "#missing"},
				"down": {"uv": [0, 0, 1, 7], "texture": "#missing"}
			}
		},
		{
			"from": [24, 15, 9],
			"to": [25, 31, 16],
			"rotation": {"angle": 0, "axis": "y", "origin": [32, 23, 2]},
			"faces": {
				"north": {"uv": [0, 0, 1, 16], "texture": "#missing"},
				"east": {"uv": [0, 0, 7, 16], "texture": "#missing"},
				"south": {"uv": [0, 0, 1, 16], "texture": "#missing"},
				"west": {"uv": [0, 0, 7, 16], "texture": "#0"},
				"up": {"uv": [0, 0, 1, 7], "texture": "#missing"},
				"down": {"uv": [0, 0, 1, 7], "texture": "#missing"}
			}
		},
		{
			"from": [-8, -16, 8],
			"to": [-6, 29, 9],
			"rotation": {"angle": 0, "axis": "y", "origin": [0, -8, 16]},
			"faces": {
				"north": {"uv": [0, 0, 2, 16], "texture": "#1"},
				"east": {"uv": [0, 0, 1, 16], "texture": "#1"},
				"south": {"uv": [0, 0, 2, 16], "texture": "#1"},
				"west": {"uv": [0, 0, 1, 16], "texture": "#missing"},
				"up": {"uv": [0, 0, 2, 1], "texture": "#missing"},
				"down": {"uv": [0, 0, 2, 1], "texture": "#missing"}
			}
		},
		{
			"from": [22, -16, 8],
			"to": [24, 29, 9],
			"rotation": {"angle": 0, "axis": "y", "origin": [30, -8, 16]},
			"faces": {
				"north": {"uv": [0, 0, 2, 16], "texture": "#1"},
				"east": {"uv": [0, 0, 1, 16], "texture": "#missing"},
				"south": {"uv": [0, 0, 2, 16], "texture": "#1"},
				"west": {"uv": [0, 0, 1, 16], "texture": "#1"},
				"up": {"uv": [0, 0, 2, 1], "texture": "#missing"},
				"down": {"uv": [0, 0, 2, 1], "texture": "#missing"}
			}
		},
		{
			"from": [-8, 29, 8],
			"to": [24, 31, 9],
			"rotation": {"angle": 0, "axis": "y", "origin": [30, -7, 16]},
			"faces": {
				"north": {"uv": [0, 0, 16, 2], "texture": "#1"},
				"east": {"uv": [0, 0, 1, 2], "texture": "#missing"},
				"south": {"uv": [0, 0, 16, 2], "texture": "#1"},
				"west": {"uv": [0, 0, 1, 2], "texture": "#missing"},
				"up": {"uv": [0, 0, 16, 1], "texture": "#missing"},
				"down": {"uv": [0, 0, 16, 1], "texture": "#1"}
			}
		},
		{
			"from": [8, 31, 9],
			"to": [24, 32, 16],
			"rotation": {"angle": 0, "axis": "y", "origin": [0, 39, -21]},
			"faces": {
				"north": {"uv": [0, 0, 16, 1], "texture": "#missing"},
				"east": {"uv": [0, 0, 7, 1], "texture": "#missing"},
				"south": {"uv": [0, 0, 16, 1], "texture": "#missing"},
				"west": {"uv": [0, 0, 7, 1], "texture": "#missing"},
				"up": {"uv": [0, 0, 16, 7], "texture": "#missing"},
				"down": {"uv": [0, 11, 16, 16], "texture": "#0"}
			}
		},
		{
			"from": [-8, 31, 9],
			"to": [8, 32, 16],
			"rotation": {"angle": 0, "axis": "y", "origin": [0, 39, -21]},
			"faces": {
				"north": {"uv": [0, 0, 16, 1], "texture": "#missing"},
				"east": {"uv": [0, 0, 7, 1], "texture": "#missing"},
				"south": {"uv": [0, 0, 16, 1], "texture": "#missing"},
				"west": {"uv": [0, 0, 7, 1], "texture": "#missing"},
				"up": {"uv": [0, 0, 16, 7], "texture": "#missing"},
				"down": {"uv": [0, 11, 16, 16], "texture": "#0"}
			}
		}
	],
	"display": {
		"head": {
			"translation": [0, -4.75, 0],
			"scale": [1.6, 1.6, 1.6]
		}
	}
}