{
	"credit": "Made with Blockbench",
	"textures": {
		"0": "custom/tardis_s_c1",
		"1": "custom/tardis_key",
		"particle": "custom/tardis_s_c1"
	},
	"elements": [
		{
			"from": [-9, -16, 8],
			"to": [-8, -1, 23],
			"rotation": {"angle": 0, "axis": "y", "origin": [-1, -8, 0]},
			"faces": {
				"north": {"uv": [0, 0, 1, 15], "texture": "#missing"},
				"east": {"uv": [0, 0, 15, 15], "texture": "#0"},
				"south": {"uv": [0, 0, 1, 15], "texture": "#missing"},
				"west": {"uv": [0, 0, 15, 15], "texture": "#missing"},
				"up": {"uv": [0, 0, 1, 15], "texture": "#missing"},
				"down": {"uv": [0, 0, 1, 15], "texture": "#missing"}
			}
		},
		{
			"from": [-9, -1, 8],
			"to": [-8, 15, 23],
			"rotation": {"angle": 0, "axis": "y", "origin": [-1, 7, 0]},
			"faces": {
				"north": {"uv": [0, 0, 1, 16], "texture": "#missing"},
				"east": {"uv": [0, 0, 15, 16], "texture": "#0"},
				"south": {"uv": [0, 0, 1, 16], "texture": "#missing"},
				"west": {"uv": [0, 0, 15, 16], "texture": "#missing"},
				"up": {"uv": [0, 0, 1, 15], "texture": "#missing"},
				"down": {"uv": [0, 0, 1, 15], "texture": "#missing"}
			}
		},
		{
			"from": [-9, 15, 8],
			"to": [-8, 31, 23],
			"rotation": {"angle": 0, "axis": "y", "origin": [-1, 23, 0]},
			"faces": {
				"north": {"uv": [0, 0, 1, 16], "texture": "#missing"},
				"east": {"uv": [0, 0, 15, 16], "texture": "#0"},
				"south": {"uv": [0, 0, 1, 16], "texture": "#missing"},
				"west": {"uv": [0, 0, 15, 16], "texture": "#missing"},
				"up": {"uv": [0, 0, 1, 15], "texture": "#missing"},
				"down": {"uv": [0, 0, 1, 15], "texture": "#missing"}
			}
		},
		{
			"from": [-9, -16, -7],
			"to": [-8, -1, 8],
			"rotation": {"angle": 0, "axis": "y", "origin": [-1, -8, -15]},
			"faces": {
				"north": {"uv": [0, 0, 1, 15], "texture": "#missing"},
				"east": {"uv": [0, 0, 15, 15], "texture": "#0"},
				"south": {"uv": [0, 0, 1, 15], "texture": "#missing"},
				"west": {"uv": [0, 0, 15, 15], "texture": "#missing"},
				"up": {"uv": [0, 0, 1, 15], "texture": "#missing"},
				"down": {"uv": [0, 0, 1, 15], "texture": "#missing"}
			}
		},
		{
			"from": [-9, -1, -7],
			"to": [-8, 15, 8],
			"rotation": {"angle": 0, "axis": "y", "origin": [-1, 7, -15]},
			"faces": {
				"north": {"uv": [0, 0, 1, 16], "texture": "#missing"},
				"east": {"uv": [0, 0, 15, 16], "texture": "#0"},
				"south": {"uv": [0, 0, 1, 16], "texture": "#missing"},
				"west": {"uv": [0, 0, 15, 16], "texture": "#missing"},
				"up": {"uv": [0, 0, 1, 15], "texture": "#missing"},
				"down": {"uv": [0, 0, 1, 15], "texture": "#missing"}
			}
		},
		{
			"from": [-9, 15, -7],
			"to": [-8, 31, 8],
			"rotation": {"angle": 0, "axis": "y", "origin": [-1, 23, -15]},
			"faces": {
				"north": {"uv": [0, 0, 1, 16], "texture": "#missing"},
				"east": {"uv": [0, 0, 15, 16], "texture": "#0"},
				"south": {"uv": [0, 0, 1, 16], "texture": "#missing"},
				"west": {"uv": [0, 0, 15, 16], "texture": "#missing"},
				"up": {"uv": [0, 0, 1, 15], "texture": "#missing"},
				"down": {"uv": [0, 0, 1, 15], "texture": "#missing"}
			}
		},
		{
			"from": [24, -1, 8],
			"to": [25, 15, 23],
			"rotation": {"angle": 0, "axis": "y", "origin": [32, -6, 1]},
			"faces": {
				"north": {"uv": [0, 0, 1, 16], "texture": "#missing"},
				"east": {"uv": [0, 0, 15, 16], "texture": "#missing"},
				"south": {"uv": [0, 0, 1, 16], "texture": "#missing"},
				"west": {"uv": [0, 0, 15, 16], "texture": "#0"},
				"up": {"uv": [0, 0, 1, 15], "texture": "#missing"},
				"down": {"uv": [0, 0, 1, 15], "texture": "#missing"}
			}
		},
		{
			"from": [24, 15, 8],
			"to": [25, 31, 23],
			"rotation": {"angle": 0, "axis": "y", "origin": [32, 10, 1]},
			"faces": {
				"north": {"uv": [0, 0, 1, 16], "texture": "#missing"},
				"east": {"uv": [0, 0, 15, 16], "texture": "#missing"},
				"south": {"uv": [0, 0, 1, 16], "texture": "#missing"},
				"west": {"uv": [0, 0, 15, 16], "texture": "#0"},
				"up": {"uv": [0, 0, 1, 15], "texture": "#missing"},
				"down": {"uv": [0, 0, 1, 15], "texture": "#missing"}
			}
		},
		{
			"from": [24, -16, 8],
			"to": [25, -1, 23],
			"rotation": {"angle": 0, "axis": "y", "origin": [32, -8, 1]},
			"faces": {
				"north": {"uv": [0, 0, 1, 15], "texture": "#missing"},
				"east": {"uv": [0, 0, 15, 15], "texture": "#missing"},
				"south": {"uv": [0, 0, 1, 15], "texture": "#missing"},
				"west": {"uv": [0, 0, 15, 15], "texture": "#0"},
				"up": {"uv": [0, 0, 1, 15], "texture": "#missing"},
				"down": {"uv": [0, 0, 1, 15], "texture": "#missing"}
			}
		},
		{
			"from": [24, -1, -7],
			"to": [25, 15, 8],
			"rotation": {"angle": 0, "axis": "y", "origin": [32, -6, -14]},
			"faces": {
				"north": {"uv": [0, 0, 1, 16], "texture": "#missing"},
				"east": {"uv": [0, 0, 15, 16], "texture": "#missing"},
				"south": {"uv": [0, 0, 1, 16], "texture": "#missing"},
				"west": {"uv": [0, 0, 15, 16], "texture": "#0"},
				"up": {"uv": [0, 0, 1, 15], "texture": "#missing"},
				"down": {"uv": [0, 0, 1, 15], "texture": "#missing"}
			}
		},
		{
			"from": [24, 15, -7],
			"to": [25, 31, 8],
			"rotation": {"angle": 0, "axis": "y", "origin": [32, 10, -14]},
			"faces": {
				"north": {"uv": [0, 0, 1, 16], "texture": "#missing"},
				"east": {"uv": [0, 0, 15, 16], "texture": "#missing"},
				"south": {"uv": [0, 0, 1, 16], "texture": "#missing"},
				"west": {"uv": [0, 0, 15, 16], "texture": "#0"},
				"up": {"uv": [0, 0, 1, 15], "texture": "#missing"},
				"down": {"uv": [0, 0, 1, 15], "texture": "#missing"}
			}
		},
		{
			"from": [24, -16, -7],
			"to": [25, -1, 8],
			"rotation": {"angle": 0, "axis": "y", "origin": [32, -8, -14]},
			"faces": {
				"north": {"uv": [0, 0, 1, 15], "texture": "#missing"},
				"east": {"uv": [0, 0, 15, 15], "texture": "#missing"},
				"south": {"uv": [0, 0, 1, 15], "texture": "#missing"},
				"west": {"uv": [0, 0, 15, 15], "texture": "#0"},
				"up": {"uv": [0, 0, 1, 15], "texture": "#missing"},
				"down": {"uv": [0, 0, 1, 15], "texture": "#missing"}
			}
		},
		{
			"from": [-8, -16, -8],
			"to": [-6, 29, -7],
			"rotation": {"angle": 0, "axis": "y", "origin": [0, -8, 0]},
			"faces": {
				"north": {"uv": [0, 0, 2, 16], "texture": "#1"},
				"east": {"uv": [0, 0, 1, 16], "texture": "#1"},
				"south": {"uv": [0, 0, 2, 16], "texture": "#1"},
				"west": {"uv": [0, 0, 1, 16], "texture": "#missing"},
				"up": {"uv": [0, 0, 2, 1], "texture": "#missing"},
				"down": {"uv": [0, 0, 2, 1], "texture": "#missing"}
			}
		},
		{
			"from": [-8, -16, 23],
			"to": [-6, 29, 24],
			"rotation": {"angle": 0, "axis": "y", "origin": [0, -8, 31]},
			"faces": {
				"north": {"uv": [0, 0, 2, 16], "texture": "#1"},
				"east": {"uv": [1, 0, 2, 16], "texture": "#1"},
				"south": {"uv": [0, 0, 2, 16], "texture": "#1"},
				"west": {"uv": [0, 0, 1, 16], "texture": "#missing"},
				"up": {"uv": [0, 0, 2, 1], "texture": "#missing"},
				"down": {"uv": [0, 0, 2, 1], "texture": "#missing"}
			}
		},
		{
			"from": [22, -16, -8],
			"to": [24, 29, -7],
			"rotation": {"angle": 0, "axis": "y", "origin": [30, -8, 0]},
			"faces": {
				"north": {"uv": [0, 0, 2, 16], "texture": "#1"},
				"east": {"uv": [0, 0, 1, 16], "texture": "#missing"},
				"south": {"uv": [0, 0, 2, 16], "texture": "#1"},
				"west": {"uv": [0, 0, 1, 16], "texture": "#1"},
				"up": {"uv": [0, 0, 2, 1], "texture": "#missing"},
				"down": {"uv": [0, 0, 2, 1], "texture": "#missing"}
			}
		},
		{
			"from": [22, -16, 23],
			"to": [24, 29, 24],
			"rotation": {"angle": 0, "axis": "y", "origin": [30, -8, 31]},
			"faces": {
				"north": {"uv": [0, 0, 2, 16], "texture": "#1"},
				"east": {"uv": [0, 0, 1, 16], "texture": "#missing"},
				"south": {"uv": [0, 0, 2, 16], "texture": "#1"},
				"west": {"uv": [1, 0, 2, 16], "texture": "#1"},
				"up": {"uv": [0, 0, 2, 1], "texture": "#missing"},
				"down": {"uv": [0, 0, 2, 1], "texture": "#missing"}
			}
		},
		{
			"from": [-8, 29, -8],
			"to": [24, 31, -7],
			"rotation": {"angle": 0, "axis": "y", "origin": [30, -7, 0]},
			"faces": {
				"north": {"uv": [0, 0, 16, 2], "texture": "#1"},
				"east": {"uv": [0, 0, 1, 2], "texture": "#missing"},
				"south": {"uv": [0, 0, 16, 2], "texture": "#1"},
				"west": {"uv": [0, 0, 1, 2], "texture": "#missing"},
				"up": {"uv": [0, 0, 16, 1], "texture": "#missing"},
				"down": {"uv": [0, 0, 16, 1], "texture": "#1"}
			}
		},
		{
			"from": [-8, 29, 23],
			"to": [24, 31, 24],
			"rotation": {"angle": 0, "axis": "y", "origin": [30, -7, 31]},
			"faces": {
				"north": {"uv": [0, 0, 16, 2], "texture": "#1"},
				"east": {"uv": [0, 0, 1, 2], "texture": "#missing"},
				"south": {"uv": [0, 0, 16, 2], "texture": "#1"},
				"west": {"uv": [0, 0, 1, 2], "texture": "#missing"},
				"up": {"uv": [0, 0, 16, 1], "texture": "#missing"},
				"down": {"uv": [0, 1, 16, 2], "texture": "#1"}
			}
		},
		{
			"from": [8, 31, -7],
			"to": [24, 32, 8],
			"rotation": {"angle": 0, "axis": "y", "origin": [0, 39, -14]},
			"faces": {
				"north": {"uv": [0, 0, 16, 1], "texture": "#missing"},
				"east": {"uv": [0, 0, 15, 1], "texture": "#missing"},
				"south": {"uv": [0, 0, 16, 1], "texture": "#missing"},
				"west": {"uv": [0, 0, 15, 1], "texture": "#missing"},
				"up": {"uv": [0, 0, 16, 15], "texture": "#missing"},
				"down": {"uv": [0, 0, 16, 15], "texture": "#0"}
			}
		},
		{
			"from": [8, 31, 8],
			"to": [24, 32, 23],
			"rotation": {"angle": 0, "axis": "y", "origin": [0, 39, -14]},
			"faces": {
				"north": {"uv": [0, 0, 16, 1], "texture": "#missing"},
				"east": {"uv": [0, 0, 15, 1], "texture": "#missing"},
				"south": {"uv": [0, 0, 16, 1], "texture": "#missing"},
				"west": {"uv": [0, 0, 15, 1], "texture": "#missing"},
				"up": {"uv": [0, 0, 16, 15], "texture": "#missing"},
				"down": {"uv": [0, 0, 16, 15], "texture": "#0"}
			}
		},
		{
			"from": [-8, 31, -7],
			"to": [8, 32, 8],
			"rotation": {"angle": 0, "axis": "y", "origin": [0, 39, -14]},
			"faces": {
				"north": {"uv": [0, 0, 16, 1], "texture": "#missing"},
				"east": {"uv": [0, 0, 15, 1], "texture": "#missing"},
				"south": {"uv": [0, 0, 16, 1], "texture": "#missing"},
				"west": {"uv": [0, 0, 15, 1], "texture": "#missing"},
				"up": {"uv": [0, 0, 16, 15], "texture": "#missing"},
				"down": {"uv": [0, 0, 16, 15], "texture": "#0"}
			}
		},
		{
			"from": [-8, 31, 8],
			"to": [8, 32, 23],
			"rotation": {"angle": 0, "axis": "y", "origin": [0, 39, -14]},
			"faces": {
				"north": {"uv": [0, 0, 16, 1], "texture": "#missing"},
				"east": {"uv": [0, 0, 15, 1], "texture": "#missing"},
				"south": {"uv": [0, 0, 16, 1], "texture": "#missing"},
				"west": {"uv": [0, 0, 15, 1], "texture": "#missing"},
				"up": {"uv": [0, 0, 16, 15], "texture": "#missing"},
				"down": {"uv": [0, 0, 16, 15], "texture": "#0"}
			}
		}
	],
	"display": {
		"head": {
			"translation": [0, -4.5, 0],
			"scale": [1.61, 1.61, 1.61]
		}
	}
}