{
	"credit": "Made with Blockbench",
	"textures": {
		"0": "custom/tardis_s_cb1",
		"1": "custom/tardis_handle",
		"2": "custom/tardis_lock4",
		"particle": "custom/tardis_s_cb1"
	},
	"elements": [
		{
			"from": [5, 0, 7],
			"to": [11, 6, 9],
			"rotation": {"angle": 0, "axis": "y", "origin": [12, 8, 15]},
			"faces": {
				"north": {"uv": [0, 0, 6, 6], "texture": "#2"},
				"east": {"uv": [0, 0, 2, 6], "texture": "#2"},
				"south": {"uv": [0, 0, 6, 6], "texture": "#2"},
				"west": {"uv": [0, 0, 2, 6], "texture": "#2"},
				"up": {"uv": [0, 0, 6, 2], "texture": "#2"},
				"down": {"uv": [0, 0, 6, 2], "texture": "#2"}
			}
		},
		{
			"from": [7, 2, 6],
			"to": [9, 4, 10],
			"rotation": {"angle": 0, "axis": "y", "origin": [16, 10, 17]},
			"faces": {
				"north": {"uv": [0, 0, 2, 2], "texture": "#1"},
				"east": {"uv": [0, 0, 4, 2], "texture": "#1"},
				"south": {"uv": [0, 0, 2, 2], "texture": "#1"},
				"west": {"uv": [0, 0, 4, 2], "texture": "#1"},
				"up": {"uv": [0, 0, 2, 4], "texture": "#1"},
				"down": {"uv": [0, 0, 2, 4], "texture": "#1"}
			}
		},
		{
			"from": [4, 2.5, 9],
			"to": [7, 3.5, 10],
			"rotation": {"angle": 0, "axis": "y", "origin": [14, 10.5, 17]},
			"faces": {
				"north": {"uv": [0, 0, 3, 1], "texture": "#0"},
				"east": {"uv": [0, 0, 1, 1], "texture": "#0"},
				"south": {"uv": [0, 0, 3, 1], "texture": "#0"},
				"west": {"uv": [0, 0, 1, 1], "texture": "#0"},
				"up": {"uv": [0, 0, 3, 1], "texture": "#0"},
				"down": {"uv": [0, 0, 3, 1], "texture": "#0"}
			}
		},
		{
			"from": [4, 2.5, 6],
			"to": [7, 3.5, 7],
			"rotation": {"angle": 0, "axis": "y", "origin": [14, 10.5, 14]},
			"faces": {
				"north": {"uv": [0, 0, 3, 1], "texture": "#0"},
				"east": {"uv": [0, 0, 1, 1], "texture": "#0"},
				"south": {"uv": [0, 0, 3, 1], "texture": "#0"},
				"west": {"uv": [0, 0, 1, 1], "texture": "#0"},
				"up": {"uv": [0, 0, 3, 1], "texture": "#0"},
				"down": {"uv": [0, 0, 3, 1], "texture": "#0"}
			}
		},
		{
			"from": [4, 2.5, 7],
			"to": [5, 3.5, 9],
			"rotation": {"angle": 0, "axis": "y", "origin": [14, 10.5, 15]},
			"faces": {
				"north": {"uv": [0, 0, 1, 1], "texture": "#0"},
				"east": {"uv": [0, 0, 2, 1], "texture": "#0"},
				"south": {"uv": [0, 0, 1, 1], "texture": "#0"},
				"west": {"uv": [0, 0, 2, 1], "texture": "#0"},
				"up": {"uv": [0, 0, 1, 2], "texture": "#0"},
				"down": {"uv": [0, 0, 1, 2], "texture": "#0"}
			}
		},
		{
			"from": [1, 2.25, 7.25],
			"to": [4.5, 3.75, 8.75],
			"rotation": {"angle": 0, "axis": "y", "origin": [13.5, 10.5, 15.5]},
			"faces": {
				"north": {"uv": [0, 0, 3.5, 1.5], "texture": "#0"},
				"east": {"uv": [0, 0, 1.5, 1.5], "texture": "#0"},
				"south": {"uv": [0, 0, 3.5, 1.5], "texture": "#0"},
				"west": {"uv": [0, 0, 1.5, 1.5], "texture": "#0"},
				"up": {"uv": [0, 0, 3.5, 1.5], "texture": "#0"},
				"down": {"uv": [0, 0, 3.5, 1.5], "texture": "#0"}
			}
		},
		{
			"from": [-4, 1.75, 6.75],
			"to": [1, 4.25, 9.25],
			"rotation": {"angle": 0, "axis": "y", "origin": [8, 11.25, 14.75]},
			"faces": {
				"north": {"uv": [0, 0, 5, 2.5], "texture": "#1"},
				"east": {"uv": [0, 0, 2.5, 2.5], "texture": "#1"},
				"south": {"uv": [0, 0, 5, 2.5], "texture": "#1"},
				"west": {"uv": [0, 0, 2.5, 2.5], "texture": "#1"},
				"up": {"uv": [0, 0, 5, 2.5], "texture": "#1"},
				"down": {"uv": [0, 0, 5, 2.5], "texture": "#1"}
			}
		}
	],
	"display": {
		"head": {
			"rotation": [0, 90, 0]
		}
	}
}