{
	"credit": "Made with Blockbench",
	"textures": {
		"0": "custom/quartz_block_bottom",
		"1": "custom/tardis_key",
		"2": "custom/gallifrey_workbench",
		"3": "custom/light_gray_concrete",
		"4": "custom/tardis_n-",
		"particle": "custom/quartz_block_bottom"
	},
	"elements": [
		{
			"from": [6, 8.2, 5],
			"to": [10, 12.2, 9],
			"rotation": {"angle": 22.5, "axis": "x", "origin": [8, 11.7, 7]},
			"faces": {
				"north": {"uv": [0, 0, 4, 4], "texture": "#3"},
				"east": {"uv": [0, 0, 4, 4], "texture": "#3"},
				"south": {"uv": [0, 0, 4, 4], "texture": "#3"},
				"west": {"uv": [0, 0, 4, 4], "texture": "#3"},
				"up": {"uv": [0, 0, 4, 4], "texture": "#3"},
				"down": {"uv": [0, 0, 4, 4], "texture": "#3"}
			}
		},
		{
			"from": [0, 16, 0],
			"to": [16, 32, 16],
			"rotation": {"angle": 0, "axis": "y", "origin": [8, 24, 8]},
			"faces": {
				"north": {"uv": [0, 0, 16, 16], "texture": "#0"},
				"east": {"uv": [0, 0, 16, 16], "texture": "#0"},
				"south": {"uv": [0, 0, 16, 16], "texture": "#0"},
				"west": {"uv": [0, 0, 16, 16], "texture": "#0"},
				"up": {"uv": [0, 0, 16, 16], "texture": "#0"},
				"down": {"uv": [0, 0, 16, 16], "texture": "#0"}
			}
		},
		{
			"from": [3, 15, 5],
			"to": [13, 16, 11],
			"rotation": {"angle": 0, "axis": "y", "origin": [12, 23, 15]},
			"faces": {
				"north": {"uv": [0, 0, 10, 1], "texture": "#3"},
				"east": {"uv": [0, 0, 6, 1], "texture": "#3"},
				"south": {"uv": [0, 0, 10, 1], "texture": "#3"},
				"west": {"uv": [0, 0, 6, 1], "texture": "#3"},
				"up": {"uv": [0, 0, 10, 6], "texture": "#3"},
				"down": {"uv": [0, 0, 10, 6], "texture": "#3"}
			}
		},
		{
			"from": [6, 14, 6],
			"to": [10, 15, 10],
			"rotation": {"angle": 0, "axis": "y", "origin": [12, 22, 15]},
			"faces": {
				"north": {"uv": [0, 0, 4, 1], "texture": "#3"},
				"east": {"uv": [0, 0, 4, 1], "texture": "#3"},
				"south": {"uv": [0, 0, 4, 1], "texture": "#3"},
				"west": {"uv": [0, 0, 4, 1], "texture": "#3"},
				"up": {"uv": [0, 0, 4, 4], "texture": "#3"},
				"down": {"uv": [0, 0, 4, 4], "texture": "#3"}
			}
		},
		{
			"from": [7, 7.5, 7.9],
			"to": [9, 9.5, 9.9],
			"rotation": {"angle": 22.5, "axis": "x", "origin": [8, 8.5, 10.4]},
			"faces": {
				"north": {"uv": [0, 0, 2, 2], "rotation": 180, "texture": "#2"},
				"east": {"uv": [0, 0, 2, 2], "rotation": 270, "texture": "#2"},
				"south": {"uv": [0, 0, 2, 2], "texture": "#2"},
				"west": {"uv": [0, 0, 2, 2], "rotation": 90, "texture": "#2"},
				"up": {"uv": [0, 0, 2, 2], "rotation": 180, "texture": "#2"},
				"down": {"uv": [0, 0, 2, 2], "texture": "#2"}
			}
		},
		{
			"from": [5.75, 7.25, 9.9],
			"to": [10.25, 9.75, 10.4],
			"rotation": {"angle": 22.5, "axis": "x", "origin": [8, 8.5, 10.4]},
			"faces": {
				"north": {"uv": [0, 0, 4.5, 2.5], "rotation": 180, "texture": "#3"},
				"east": {"uv": [0, 0, 2.5, 0.5], "rotation": 270, "texture": "#3"},
				"south": {"uv": [0, 0, 4.5, 2.5], "texture": "#3"},
				"west": {"uv": [0, 0, 2.5, 0.5], "rotation": 90, "texture": "#3"},
				"up": {"uv": [0, 0, 4.5, 0.5], "rotation": 180, "texture": "#3"},
				"down": {"uv": [0, 0, 4.5, 0.5], "texture": "#3"}
			}
		},
		{
			"from": [1.75, 4.25, 10.4],
			"to": [14.25, 12.75, 11.2],
			"rotation": {"angle": 22.5, "axis": "x", "origin": [8, 8.5, 10.4]},
			"faces": {
				"north": {"uv": [0, 0, 12.5, 8.5], "rotation": 180, "texture": "#1"},
				"east": {"uv": [0, 0, 8.5, 1], "rotation": 270, "texture": "#1"},
				"south": {"uv": [0, 0, 12.5, 8.5], "texture": "#4"},
				"west": {"uv": [0, 0, 8.5, 1], "rotation": 90, "texture": "#1"},
				"up": {"uv": [0, 0, 12.5, 1], "rotation": 180, "texture": "#1"},
				"down": {"uv": [0, 0, 12.5, 1], "texture": "#1"}
			}
		},
		{
			"from": [1.75, 4.75, 11.2],
			"to": [2.25, 12.25, 11.65],
			"rotation": {"angle": 22.5, "axis": "x", "origin": [8, 8.5, 10.4]},
			"faces": {
				"north": {"uv": [0, 0, 0.5, 7.5], "rotation": 180, "texture": "#1"},
				"east": {"uv": [0, 0, 7.5, 0.25], "rotation": 270, "texture": "#1"},
				"south": {"uv": [0, 0, 0.5, 7.5], "texture": "#1"},
				"west": {"uv": [0, 0, 7.5, 0.25], "rotation": 90, "texture": "#1"},
				"up": {"uv": [0, 0, 0.5, 0.25], "rotation": 180, "texture": "#1"},
				"down": {"uv": [0, 0, 0.5, 0.25], "texture": "#1"}
			}
		},
		{
			"from": [1.75, 4.25, 11.2],
			"to": [14.25, 4.75, 11.65],
			"rotation": {"angle": 22.5, "axis": "x", "origin": [8, 8.5, 10.4]},
			"faces": {
				"north": {"uv": [0, 0, 12.5, 0.5], "rotation": 180, "texture": "#1"},
				"east": {"uv": [0, 0, 0.5, 0.25], "rotation": 270, "texture": "#1"},
				"south": {"uv": [0, 0, 12.5, 0.5], "texture": "#1"},
				"west": {"uv": [0, 0, 0.5, 0.25], "rotation": 90, "texture": "#1"},
				"up": {"uv": [0, 0, 12.5, 0.25], "rotation": 180, "texture": "#1"},
				"down": {"uv": [0, 0, 12.5, 0.25], "texture": "#1"}
			}
		},
		{
			"from": [13.75, 4.75, 11.2],
			"to": [14.25, 12.25, 11.65],
			"rotation": {"angle": 22.5, "axis": "x", "origin": [20, 8.5, 10.4]},
			"faces": {
				"north": {"uv": [0, 0, 0.5, 7.5], "rotation": 180, "texture": "#1"},
				"east": {"uv": [0, 0, 7.5, 0.25], "rotation": 270, "texture": "#1"},
				"south": {"uv": [0, 0, 0.5, 7.5], "texture": "#1"},
				"west": {"uv": [0, 0, 7.5, 0.25], "rotation": 90, "texture": "#1"},
				"up": {"uv": [0, 0, 0.5, 0.25], "rotation": 180, "texture": "#1"},
				"down": {"uv": [0, 0, 0.5, 0.25], "texture": "#1"}
			}
		},
		{
			"from": [1.75, 12.25, 11.2],
			"to": [14.25, 12.75, 11.65],
			"rotation": {"angle": 22.5, "axis": "x", "origin": [8, 8.5, 10.4]},
			"faces": {
				"north": {"uv": [0, 0, 12.5, 0.5], "rotation": 180, "texture": "#1"},
				"east": {"uv": [0, 0, 0.5, 0.25], "rotation": 270, "texture": "#1"},
				"south": {"uv": [0, 0, 12.5, 0.5], "texture": "#1"},
				"west": {"uv": [0, 0, 0.5, 0.25], "rotation": 90, "texture": "#1"},
				"up": {"uv": [0, 0, 12.5, 0.25], "rotation": 180, "texture": "#1"},
				"down": {"uv": [0, 0, 12.5, 0.25], "texture": "#1"}
			}
		},
		{
			"from": [7, 10, 6.4],
			"to": [9, 15, 8.4],
			"rotation": {"angle": 22.5, "axis": "x", "origin": [8, 12.5, 7.4]},
			"faces": {
				"north": {"uv": [0, 0, 2, 5], "texture": "#2"},
				"east": {"uv": [0, 0, 2, 5], "texture": "#2"},
				"south": {"uv": [0, 0, 2, 5], "texture": "#2"},
				"west": {"uv": [0, 0, 2, 5], "texture": "#2"},
				"up": {"uv": [0, 0, 2, 2], "texture": "#2"},
				"down": {"uv": [0, 0, 2, 2], "texture": "#2"}
			}
		}
	],
	"display": {
		"head": {
			"rotation": [0, 90, 0],
			"translation": [0, -30.4, 0],
			"scale": [1.6, 1.6, 1.6]
		}
	},
	"groups": [
		{
			"name": "group",
			"origin": [8, 12.5, 7.4],
			"children": [0, 1, 2, 3, 4, 5, 6, 7, 8, 9, 10, 11]
		}
	]
}