{
	"credit": "Made with Blockbench",
	"textures": {
		"0": "custom/tardis_s_cb1",
		"1": "custom/tardis_handle",
		"2": "custom/tardis_lock4",
		"particle": "custom/tardis_s_cb1"
	},
	"elements": [
		{
			"from": [6, 0, 4.5],
			"to": [10, 1, 11.5],
			"rotation": {"angle": 0, "axis": "y", "origin": [15, 8, 15]},
			"faces": {
				"north": {"uv": [0, 0, 4, 1], "texture": "#0"},
				"east": {"uv": [0, 0, 7, 1], "texture": "#0"},
				"south": {"uv": [0, 0, 4, 1], "texture": "#0"},
				"west": {"uv": [0, 0, 7, 1], "texture": "#0"},
				"up": {"uv": [0, 0, 4, 7], "texture": "#0"},
				"down": {"uv": [0, 0, 4, 7], "texture": "#0"}
			}
		},
		{
			"from": [7, 1, 10.5],
			"to": [9, 1.75, 11.5],
			"rotation": {"angle": 0, "axis": "y", "origin": [15, 9, 18.5]},
			"faces": {
				"north": {"uv": [0, 0, 2, 0.75], "texture": "#1"},
				"east": {"uv": [0, 0, 1, 0.75], "texture": "#1"},
				"south": {"uv": [0, 0, 2, 0.75], "texture": "#1"},
				"west": {"uv": [0, 0, 1, 0.75], "texture": "#1"},
				"up": {"uv": [0, 0, 2, 1], "texture": "#1"},
				"down": {"uv": [0, 0, 2, 1], "texture": "#1"}
			}
		},
		{
			"from": [6, 1, 4.5],
			"to": [7, 1.75, 11.5],
			"rotation": {"angle": 0, "axis": "y", "origin": [14, 9, 13]},
			"faces": {
				"north": {"uv": [0, 0, 1, 0.75], "texture": "#1"},
				"east": {"uv": [0, 0, 7, 0.75], "texture": "#1"},
				"south": {"uv": [0, 0, 1, 0.75], "texture": "#1"},
				"west": {"uv": [0, 0, 7, 0.75], "texture": "#1"},
				"up": {"uv": [0, 0, 1, 7], "texture": "#1"},
				"down": {"uv": [0, 0, 1, 7], "texture": "#1"}
			}
		},
		{
			"from": [7, 1, 4.5],
			"to": [9, 1.75, 5.5],
			"rotation": {"angle": 0, "axis": "y", "origin": [15, 9, 12.5]},
			"faces": {
				"north": {"uv": [0, 0, 2, 0.75], "texture": "#1"},
				"east": {"uv": [0, 0, 1, 0.75], "texture": "#1"},
				"south": {"uv": [0, 0, 2, 0.75], "texture": "#1"},
				"west": {"uv": [0, 0, 1, 0.75], "texture": "#1"},
				"up": {"uv": [0, 0, 2, 1], "texture": "#1"},
				"down": {"uv": [0, 0, 2, 1], "texture": "#1"}
			}
		},
		{
			"from": [9, 1, 4.5],
			"to": [10, 1.75, 11.5],
			"rotation": {"angle": 0, "axis": "y", "origin": [17, 9, 13]},
			"faces": {
				"north": {"uv": [0, 0, 1, 0.75], "texture": "#1"},
				"east": {"uv": [0, 0, 7, 0.75], "texture": "#1"},
				"south": {"uv": [0, 0, 1, 0.75], "texture": "#1"},
				"west": {"uv": [0, 0, 7, 0.75], "texture": "#1"},
				"up": {"uv": [0, 0, 1, 7], "texture": "#1"},
				"down": {"uv": [0, 0, 1, 7], "texture": "#1"}
			}
		},
		{
			"from": [7, 1, 5.5],
			"to": [9, 1.5, 6.5],
			"rotation": {"angle": 0, "axis": "y", "origin": [15, 9, 13.5]},
			"faces": {
				"north": {"uv": [0, 0, 2, 0.5], "texture": "#2"},
				"east": {"uv": [0, 0, 1, 0.5], "texture": "#2"},
				"south": {"uv": [0, 0, 2, 0.5], "texture": "#2"},
				"west": {"uv": [0, 0, 1, 0.5], "texture": "#2"},
				"up": {"uv": [0, 0, 2, 1], "texture": "#2"},
				"down": {"uv": [0, 0, 2, 1], "texture": "#2"}
			}
		},
		{
			"from": [7, 1, 6.5],
			"to": [9, 2, 7.5],
			"rotation": {"angle": 0, "axis": "y", "origin": [15, 9, 14.5]},
			"faces": {
				"north": {"uv": [0, 0, 2, 1], "texture": "#2"},
				"east": {"uv": [0, 0, 1, 1], "texture": "#2"},
				"south": {"uv": [0, 0, 2, 1], "texture": "#2"},
				"west": {"uv": [0, 0, 1, 1], "texture": "#2"},
				"up": {"uv": [0, 0, 2, 1], "texture": "#2"},
				"down": {"uv": [0, 0, 2, 1], "texture": "#2"}
			}
		},
		{
			"from": [7, 1, 7.5],
			"to": [9, 1.5, 8.5],
			"rotation": {"angle": 0, "axis": "y", "origin": [15, 9, 15.5]},
			"faces": {
				"north": {"uv": [0, 0, 2, 0.5], "texture": "#2"},
				"east": {"uv": [0, 0, 1, 0.5], "texture": "#2"},
				"south": {"uv": [0, 0, 2, 0.5], "texture": "#2"},
				"west": {"uv": [0, 0, 1, 0.5], "texture": "#2"},
				"up": {"uv": [0, 0, 2, 1], "texture": "#2"},
				"down": {"uv": [0, 0, 2, 1], "texture": "#2"}
			}
		}
	],
	"display": {
		"head": {
			"rotation": [0, 90, 0],
			"translation": [0, 6, 0],
			"scale": [1.36, 1.36, 1.36]
		}
	},
	"groups": [0,
		{
			"name": "group",
			"origin": [17, 9, 13],
			"children": [1, 2, 3, 4]
		},
		{
			"name": "group",
			"origin": [15, 9, 16],
			"children": [5, 6, 7]
		}
	]
}