{
	"credit": "Made with Blockbench",
	"textures": {
		"0": "custom/tardis_s_c1",
		"1": "custom/tardis_key",
		"particle": "custom/tardis_s_c1"
	},
	"elements": [
		{
			"from": [-7, -16, -8],
			"to": [-6, 29, -7],
			"rotation": {"angle": 0, "axis": "y", "origin": [1, -8, 0]},
			"faces": {
				"north": {"uv": [0, 0, 2, 16], "texture": "#1"},
				"east": {"uv": [0, 0, 1, 16], "texture": "#1"},
				"south": {"uv": [0, 0, 2, 16], "texture": "#1"},
				"west": {"uv": [0, 0, 1, 16], "texture": "#missing"},
				"up": {"uv": [0, 0, 2, 1], "texture": "#missing"},
				"down": {"uv": [0, 0, 2, 1], "texture": "#missing"}
			}
		},
		{
			"from": [-8, -16, 22],
			"to": [-7, 29, 23],
			"rotation": {"angle": 0, "axis": "y", "origin": [8, 6.5, 8]},
			"faces": {
				"north": {"uv": [0, 0, 1, 16], "texture": "#1"},
				"east": {"uv": [0, 0, 2, 16], "texture": "#1"},
				"south": {"uv": [0, 0, 1, 16], "texture": "#missing"},
				"west": {"uv": [0, 0, 2, 16], "texture": "#1"},
				"up": {"uv": [0, 0, 2, 1], "rotation": 270, "texture": "#missing"},
				"down": {"uv": [0, 0, 2, 1], "rotation": 90, "texture": "#missing"}
			}
		},
		{
			"from": [-7, -16, 23],
			"to": [-6, 29, 24],
			"rotation": {"angle": 0, "axis": "y", "origin": [1, -8, 31]},
			"faces": {
				"north": {"uv": [0, 0, 2, 16], "texture": "#1"},
				"east": {"uv": [1, 0, 2, 16], "texture": "#1"},
				"south": {"uv": [0, 0, 2, 16], "texture": "#1"},
				"west": {"uv": [0, 0, 1, 16], "texture": "#missing"},
				"up": {"uv": [0, 0, 2, 1], "texture": "#missing"},
				"down": {"uv": [0, 0, 2, 1], "texture": "#missing"}
			}
		},
		{
			"from": [23, -16, 22],
			"to": [24, 29, 23],
			"rotation": {"angle": 0, "axis": "y", "origin": [8, 6.5, 8]},
			"faces": {
				"north": {"uv": [1, 0, 2, 16], "texture": "#1"},
				"east": {"uv": [0, 0, 2, 16], "texture": "#1"},
				"south": {"uv": [0, 0, 1, 16], "texture": "#missing"},
				"west": {"uv": [0, 0, 2, 16], "texture": "#1"},
				"up": {"uv": [0, 0, 2, 1], "rotation": 270, "texture": "#missing"},
				"down": {"uv": [0, 0, 2, 1], "rotation": 90, "texture": "#missing"}
			}
		},
		{
			"from": [22, -16, -8],
			"to": [23, 29, -7],
			"rotation": {"angle": 0, "axis": "y", "origin": [29, -8, 0]},
			"faces": {
				"north": {"uv": [0, 0, 2, 16], "texture": "#1"},
				"east": {"uv": [0, 0, 1, 16], "texture": "#missing"},
				"south": {"uv": [0, 0, 2, 16], "texture": "#1"},
				"west": {"uv": [0, 0, 1, 16], "texture": "#1"},
				"up": {"uv": [0, 0, 2, 1], "texture": "#missing"},
				"down": {"uv": [0, 0, 2, 1], "texture": "#missing"}
			}
		},
		{
			"from": [-8, -16, -7],
			"to": [-7, 29, -6],
			"rotation": {"angle": 0, "axis": "y", "origin": [8, 6.5, 8]},
			"faces": {
				"north": {"uv": [0, 0, 1, 16], "texture": "#missing"},
				"east": {"uv": [0, 0, 2, 16], "texture": "#1"},
				"south": {"uv": [0, 0, 1, 16], "texture": "#1"},
				"west": {"uv": [0, 0, 2, 16], "texture": "#1"},
				"up": {"uv": [0, 0, 2, 1], "rotation": 270, "texture": "#missing"},
				"down": {"uv": [0, 0, 2, 1], "rotation": 90, "texture": "#missing"}
			}
		},
		{
			"from": [22, -16, 23],
			"to": [23, 29, 24],
			"rotation": {"angle": 0, "axis": "y", "origin": [29, -8, 31]},
			"faces": {
				"north": {"uv": [0, 0, 2, 16], "texture": "#1"},
				"east": {"uv": [0, 0, 1, 16], "texture": "#missing"},
				"south": {"uv": [0, 0, 2, 16], "texture": "#1"},
				"west": {"uv": [1, 0, 2, 16], "texture": "#1"},
				"up": {"uv": [0, 0, 2, 1], "texture": "#missing"},
				"down": {"uv": [0, 0, 2, 1], "texture": "#missing"}
			}
		},
		{
			"from": [23, -16, -7],
			"to": [24, 29, -6],
			"rotation": {"angle": 0, "axis": "y", "origin": [8, 6.5, 8]},
			"faces": {
				"north": {"uv": [0, 0, 1, 16], "texture": "#missing"},
				"east": {"uv": [0, 0, 2, 16], "texture": "#1"},
				"south": {"uv": [1, 0, 2, 16], "texture": "#1"},
				"west": {"uv": [0, 0, 2, 16], "texture": "#1"},
				"up": {"uv": [0, 0, 2, 1], "rotation": 270, "texture": "#missing"},
				"down": {"uv": [0, 0, 2, 1], "rotation": 90, "texture": "#missing"}
			}
		},
		{
			"from": [-7, 29, -8],
			"to": [23, 31, -7],
			"rotation": {"angle": 0, "axis": "y", "origin": [30, -7, 0]},
			"faces": {
				"north": {"uv": [0, 0, 16, 2], "texture": "#1"},
				"east": {"uv": [0, 0, 1, 2], "texture": "#missing"},
				"south": {"uv": [0, 0, 16, 2], "texture": "#1"},
				"west": {"uv": [0, 0, 1, 2], "texture": "#missing"},
				"up": {"uv": [0, 0, 16, 1], "texture": "#missing"},
				"down": {"uv": [0, 0, 16, 1], "texture": "#1"}
			}
		},
		{
			"from": [-8, 29, -7],
			"to": [-7, 31, 23],
			"rotation": {"angle": 0, "axis": "y", "origin": [8, 30, 8]},
			"faces": {
				"north": {"uv": [0, 0, 1, 2], "texture": "#missing"},
				"east": {"uv": [0, 0, 16, 2], "texture": "#1"},
				"south": {"uv": [0, 0, 1, 2], "texture": "#missing"},
				"west": {"uv": [0, 0, 16, 2], "texture": "#1"},
				"up": {"uv": [0, 0, 16, 1], "rotation": 270, "texture": "#missing"},
				"down": {"uv": [0, 0, 16, 1], "rotation": 90, "texture": "#1"}
			}
		},
		{
			"from": [-7, 29, 23],
			"to": [23, 31, 24],
			"rotation": {"angle": 0, "axis": "y", "origin": [30, -7, 31]},
			"faces": {
				"north": {"uv": [0, 0, 16, 2], "texture": "#1"},
				"east": {"uv": [0, 0, 1, 2], "texture": "#missing"},
				"south": {"uv": [0, 0, 16, 2], "texture": "#1"},
				"west": {"uv": [0, 0, 1, 2], "texture": "#missing"},
				"up": {"uv": [0, 0, 16, 1], "texture": "#missing"},
				"down": {"uv": [0, 1, 16, 2], "texture": "#1"}
			}
		},
		{
			"from": [23, 29, -7],
			"to": [24, 31, 23],
			"rotation": {"angle": 0, "axis": "y", "origin": [8, 30, 8]},
			"faces": {
				"north": {"uv": [0, 0, 1, 2], "texture": "#missing"},
				"east": {"uv": [0, 0, 16, 2], "texture": "#1"},
				"south": {"uv": [0, 0, 1, 2], "texture": "#missing"},
				"west": {"uv": [0, 0, 16, 2], "texture": "#1"},
				"up": {"uv": [0, 0, 16, 1], "rotation": 270, "texture": "#missing"},
				"down": {"uv": [0, 1, 16, 2], "rotation": 90, "texture": "#1"}
			}
		},
		{
			"from": [8, 31, -7],
			"to": [24, 32, 8],
			"rotation": {"angle": 0, "axis": "y", "origin": [0, 39, -14]},
			"faces": {
				"north": {"uv": [0, 0, 16, 1], "texture": "#missing"},
				"east": {"uv": [0, 0, 15, 1], "texture": "#missing"},
				"south": {"uv": [0, 0, 16, 1], "texture": "#missing"},
				"west": {"uv": [0, 0, 15, 1], "texture": "#missing"},
				"up": {"uv": [0, 0, 16, 15], "texture": "#missing"},
				"down": {"uv": [0, 0, 16, 15], "texture": "#0"}
			}
		},
		{
			"from": [8, 31, 8],
			"to": [24, 32, 23],
			"rotation": {"angle": 0, "axis": "y", "origin": [0, 39, -14]},
			"faces": {
				"north": {"uv": [0, 0, 16, 1], "texture": "#missing"},
				"east": {"uv": [0, 0, 15, 1], "texture": "#missing"},
				"south": {"uv": [0, 0, 16, 1], "texture": "#missing"},
				"west": {"uv": [0, 0, 15, 1], "texture": "#missing"},
				"up": {"uv": [0, 0, 16, 15], "texture": "#missing"},
				"down": {"uv": [0, 0, 16, 15], "texture": "#0"}
			}
		},
		{
			"from": [-8, 31, -7],
			"to": [8, 32, 8],
			"rotation": {"angle": 0, "axis": "y", "origin": [0, 39, -14]},
			"faces": {
				"north": {"uv": [0, 0, 16, 1], "texture": "#missing"},
				"east": {"uv": [0, 0, 15, 1], "texture": "#missing"},
				"south": {"uv": [0, 0, 16, 1], "texture": "#missing"},
				"west": {"uv": [0, 0, 15, 1], "texture": "#missing"},
				"up": {"uv": [0, 0, 16, 15], "texture": "#missing"},
				"down": {"uv": [0, 0, 16, 15], "texture": "#0"}
			}
		},
		{
			"from": [-8, 31, 8],
			"to": [8, 32, 23],
			"rotation": {"angle": 0, "axis": "y", "origin": [0, 39, -14]},
			"faces": {
				"north": {"uv": [0, 0, 16, 1], "texture": "#missing"},
				"east": {"uv": [0, 0, 15, 1], "texture": "#missing"},
				"south": {"uv": [0, 0, 16, 1], "texture": "#missing"},
				"west": {"uv": [0, 0, 15, 1], "texture": "#missing"},
				"up": {"uv": [0, 0, 16, 15], "texture": "#missing"},
				"down": {"uv": [0, 0, 16, 15], "texture": "#0"}
			}
		},
		{
			"from": [24, -1, 8],
			"to": [25, 15, 23],
			"rotation": {"angle": 0, "axis": "y", "origin": [8, 7.16667, 8]},
			"faces": {
				"north": {"uv": [0, 0, 1, 16], "texture": "#missing"},
				"east": {"uv": [0, 0, 15, 16], "texture": "#missing"},
				"south": {"uv": [0, 0, 1, 16], "texture": "#missing"},
				"west": {"uv": [0, 0, 15, 16], "texture": "#0"},
				"up": {"uv": [0, 0, 1, 15], "texture": "#missing"},
				"down": {"uv": [0, 0, 1, 15], "texture": "#missing"}
			}
		},
		{
			"from": [24, 15, 8],
			"to": [25, 31, 23],
			"rotation": {"angle": 0, "axis": "y", "origin": [8, 7.16667, 8]},
			"faces": {
				"north": {"uv": [0, 0, 1, 16], "texture": "#missing"},
				"east": {"uv": [0, 0, 15, 16], "texture": "#missing"},
				"south": {"uv": [0, 0, 1, 16], "texture": "#missing"},
				"west": {"uv": [0, 0, 15, 16], "texture": "#0"},
				"up": {"uv": [0, 0, 1, 15], "texture": "#missing"},
				"down": {"uv": [0, 0, 1, 15], "texture": "#missing"}
			}
		},
		{
			"from": [24, -16, 8],
			"to": [25, -1, 23],
			"rotation": {"angle": 0, "axis": "y", "origin": [8, 7.16667, 8]},
			"faces": {
				"north": {"uv": [0, 0, 1, 15], "texture": "#missing"},
				"east": {"uv": [0, 0, 15, 15], "texture": "#missing"},
				"south": {"uv": [0, 0, 1, 15], "texture": "#missing"},
				"west": {"uv": [0, 0, 15, 15], "texture": "#0"},
				"up": {"uv": [0, 0, 1, 15], "texture": "#missing"},
				"down": {"uv": [0, 0, 1, 15], "texture": "#missing"}
			}
		},
		{
			"from": [24, -1, -7],
			"to": [25, 15, 8],
			"rotation": {"angle": 0, "axis": "y", "origin": [8, 7.16667, 8]},
			"faces": {
				"north": {"uv": [0, 0, 1, 16], "texture": "#missing"},
				"east": {"uv": [0, 0, 15, 16], "texture": "#missing"},
				"south": {"uv": [0, 0, 1, 16], "texture": "#missing"},
				"west": {"uv": [0, 0, 15, 16], "texture": "#0"},
				"up": {"uv": [0, 0, 1, 15], "texture": "#missing"},
				"down": {"uv": [0, 0, 1, 15], "texture": "#missing"}
			}
		},
		{
			"from": [24, 15, -7],
			"to": [25, 31, 8],
			"rotation": {"angle": 0, "axis": "y", "origin": [8, 7.16667, 8]},
			"faces": {
				"north": {"uv": [0, 0, 1, 16], "texture": "#missing"},
				"east": {"uv": [0, 0, 15, 16], "texture": "#missing"},
				"south": {"uv": [0, 0, 1, 16], "texture": "#missing"},
				"west": {"uv": [0, 0, 15, 16], "texture": "#0"},
				"up": {"uv": [0, 0, 1, 15], "texture": "#missing"},
				"down": {"uv": [0, 0, 1, 15], "texture": "#missing"}
			}
		},
		{
			"from": [24, -16, -7],
			"to": [25, -1, 8],
			"rotation": {"angle": 0, "axis": "y", "origin": [8, 7.16667, 8]},
			"faces": {
				"north": {"uv": [0, 0, 1, 15], "texture": "#missing"},
				"east": {"uv": [0, 0, 15, 15], "texture": "#missing"},
				"south": {"uv": [0, 0, 1, 15], "texture": "#missing"},
				"west": {"uv": [0, 0, 15, 15], "texture": "#0"},
				"up": {"uv": [0, 0, 1, 15], "texture": "#missing"},
				"down": {"uv": [0, 0, 1, 15], "texture": "#missing"}
			}
		},
		{
			"from": [8, 31, -7],
			"to": [24, 32, 8],
			"rotation": {"angle": 0, "axis": "y", "origin": [0, 39, -14]},
			"faces": {
				"north": {"uv": [0, 0, 16, 1], "texture": "#missing"},
				"east": {"uv": [0, 0, 15, 1], "texture": "#missing"},
				"south": {"uv": [0, 0, 16, 1], "texture": "#missing"},
				"west": {"uv": [0, 0, 15, 1], "texture": "#missing"},
				"up": {"uv": [0, 0, 16, 15], "texture": "#missing"},
				"down": {"uv": [0, 0, 16, 15], "texture": "#0"}
			}
		},
		{
			"from": [8, 31, 8],
			"to": [24, 32, 23],
			"rotation": {"angle": 0, "axis": "y", "origin": [0, 39, -14]},
			"faces": {
				"north": {"uv": [0, 0, 16, 1], "texture": "#missing"},
				"east": {"uv": [0, 0, 15, 1], "texture": "#missing"},
				"south": {"uv": [0, 0, 16, 1], "texture": "#missing"},
				"west": {"uv": [0, 0, 15, 1], "texture": "#missing"},
				"up": {"uv": [0, 0, 16, 15], "texture": "#missing"},
				"down": {"uv": [0, 0, 16, 15], "texture": "#0"}
			}
		},
		{
			"from": [-8, 31, -7],
			"to": [8, 32, 8],
			"rotation": {"angle": 0, "axis": "y", "origin": [0, 39, -14]},
			"faces": {
				"north": {"uv": [0, 0, 16, 1], "texture": "#missing"},
				"east": {"uv": [0, 0, 15, 1], "texture": "#missing"},
				"south": {"uv": [0, 0, 16, 1], "texture": "#missing"},
				"west": {"uv": [0, 0, 15, 1], "texture": "#missing"},
				"up": {"uv": [0, 0, 16, 15], "texture": "#missing"},
				"down": {"uv": [0, 0, 16, 15], "texture": "#0"}
			}
		},
		{
			"from": [-8, 31, 8],
			"to": [8, 32, 23],
			"rotation": {"angle": 0, "axis": "y", "origin": [0, 39, -14]},
			"faces": {
				"north": {"uv": [0, 0, 16, 1], "texture": "#missing"},
				"east": {"uv": [0, 0, 15, 1], "texture": "#missing"},
				"south": {"uv": [0, 0, 16, 1], "texture": "#missing"},
				"west": {"uv": [0, 0, 15, 1], "texture": "#missing"},
				"up": {"uv": [0, 0, 16, 15], "texture": "#missing"},
				"down": {"uv": [0, 0, 16, 15], "texture": "#0"}
			}
		}
	],
	"display": {
		"head": {
			"translation": [0, -4.5, 0],
			"scale": [1.61, 1.61, 1.61]
		}
	},
	"groups": [0, 1, 2, 3, 4, 5, 6, 7, 8, 9, 10, 11, 12, 13, 14, 15,
		{
			"name": "defaultcorridors",
			"origin": [8, 8, 8],
			"children": [16, 17, 18, 19, 20, 21, 22, 23, 24, 25,
				{
					"name": "defaultconsoleroof",
					"origin": [8, 8, 8],
					"children": []
				}
			]
		}
	]
}