{
	"credit": "Made with Blockbench",
	"textures": {
		"1": "custom/tardis_key",
		"2": "custom/gallifrey_workbench",
		"particle": "custom/gallifrey_workbench"
	},
	"elements": [
		{
			"from": [7, 0, 7.3],
			"to": [9, 0.5, 8.7],
			"rotation": {"angle": 0, "axis": "y", "origin": [15, 8, 15.5]},
			"faces": {
				"north": {"uv": [0, 0, 2, 0.5], "texture": "#1"},
				"east": {"uv": [0, 0, 1.4, 0.5], "texture": "#1"},
				"south": {"uv": [0, 0, 2, 0.5], "texture": "#1"},
				"west": {"uv": [0, 0, 1.4, 0.5], "texture": "#1"},
				"up": {"uv": [0, 0, 2, 1.4], "texture": "#1"},
				"down": {"uv": [0, 0, 2, 1.4], "texture": "#missing"}
			}
		},
		{
			"from": [7.2, 0.5, 7.5],
			"to": [8.8, 0.8, 8.5],
			"rotation": {"angle": 0, "axis": "y", "origin": [15, 8.5, 15.5]},
			"faces": {
				"north": {"uv": [0, 0, 1.6, 0.3], "texture": "#2"},
				"east": {"uv": [0, 0, 1, 0.3], "texture": "#2"},
				"south": {"uv": [0, 0, 1.6, 0.3], "texture": "#2"},
				"west": {"uv": [0, 0, 1, 0.3], "texture": "#2"},
				"up": {"uv": [0, 0, 1.6, 1], "texture": "#2"},
				"down": {"uv": [0, 0, 1.6, 1], "texture": "#missing"}
			}
		}
	],
	"display": {
		"head": {
			"translation": [0, 19, 0],
			"scale": [2.68, 2.68, 2.68]
		}
	}
}