{
	"credit": "Made with Blockbench",
	"textures": {
		"1": "custom/tardis_handle",
		"particle": "custom/tardis_cons2r1"
	},
	"elements": [
		{
			"from": [7.5, 1.10355, 7.49695],
			"to": [8.5, 1.60355, 9.49695],
			"rotation": {"angle": -45, "axis": "x", "origin": [8, 1.35355, 8.49695]},
			"faces": {
				"north": {"uv": [0, 0, 1, 0.5], "rotation": 180, "texture": "#1"},
				"east": {"uv": [0, 0, 0.5, 2], "rotation": 270, "texture": "#1"},
				"south": {"uv": [0, 0, 1, 0.5], "texture": "#1"},
				"west": {"uv": [0, 0, 0.5, 2], "rotation": 90, "texture": "#1"},
				"up": {"uv": [0, 0, 1, 2], "rotation": 180, "texture": "#1"},
				"down": {"uv": [0, 0, 1, 2], "texture": "#1"}
			}
		}
	],
	"display": {
		"head": {
			"translation": [0, 6, 0]
		}
	}
}