{
	"credit": "Made with Blockbench",
	"textures": {
		"1": "custom/light_gray_concrete",
		"2": "custom/gallifrey_workbench",
		"particle": "custom/gallifrey_workbench"
	},
	"elements": [
		{
			"from": [7.75, 0, 7.75],
			"to": [8.25, 2.25, 8.25],
			"rotation": {"angle": 0, "axis": "y", "origin": [15.5, 8, 15.5]},
			"faces": {
				"north": {"uv": [0, 0, 0.5, 2.25], "texture": "#1"},
				"east": {"uv": [0, 0, 0.5, 2.25], "texture": "#1"},
				"south": {"uv": [0, 0, 0.5, 2.25], "texture": "#1"},
				"west": {"uv": [0, 0, 0.5, 2.25], "texture": "#1"},
				"up": {"uv": [0, 0, 0.5, 0.5], "texture": "#1"},
				"down": {"uv": [0, 0, 0.5, 0.5], "texture": "#1"}
			}
		},
		{
			"from": [7.5, 2, 7.5],
			"to": [8.5, 3, 8.5],
			"rotation": {"angle": 0, "axis": "y", "origin": [15.5, 10, 15.5]},
			"faces": {
				"north": {"uv": [0, 0, 1, 1], "texture": "#2"},
				"east": {"uv": [0, 0, 1, 1], "texture": "#2"},
				"south": {"uv": [0, 0, 1, 1], "texture": "#2"},
				"west": {"uv": [0, 0, 1, 1], "texture": "#2"},
				"up": {"uv": [0, 0, 1, 1], "texture": "#2"},
				"down": {"uv": [0, 0, 1, 1], "texture": "#2"}
			}
		}
	],
	"display": {
		"head": {
			"translation": [0, 6, 0]
		}
	}
}