{
	"credit": "Made with Blockbench",
	"textures": {
		"0": "custom/tardis_s_c1",
		"1": "custom/tardis_key",
		"2": "custom/tardis_lamp",
		"particle": "custom/tardis_s_c1"
	},
	"elements": [
		{
			"from": [-9, -16, 8],
			"to": [-8, -1, 23],
			"rotation": {"angle": 0, "axis": "y", "origin": [-1, -8, 0]},
			"faces": {
				"north": {"uv": [0, 0, 1, 15], "texture": "#missing"},
				"east": {"uv": [0, 0, 15, 15], "texture": "#0"},
				"south": {"uv": [0, 0, 1, 15], "texture": "#missing"},
				"west": {"uv": [0, 0, 15, 15], "texture": "#missing"},
				"up": {"uv": [0, 0, 1, 15], "texture": "#missing"},
				"down": {"uv": [0, 0, 1, 15], "texture": "#missing"}
			}
		},
		{
			"from": [-9, -1, 8],
			"to": [-8, 15, 23],
			"rotation": {"angle": 0, "axis": "y", "origin": [-1, 7, 0]},
			"faces": {
				"north": {"uv": [0, 0, 1, 16], "texture": "#missing"},
				"east": {"uv": [0, 0, 15, 16], "texture": "#0"},
				"south": {"uv": [0, 0, 1, 16], "texture": "#missing"},
				"west": {"uv": [0, 0, 15, 16], "texture": "#missing"},
				"up": {"uv": [0, 0, 1, 15], "texture": "#missing"},
				"down": {"uv": [0, 0, 1, 15], "texture": "#missing"}
			}
		},
		{
			"from": [-9, 15, 8],
			"to": [-8, 31, 23],
			"rotation": {"angle": 0, "axis": "y", "origin": [-1, 23, 0]},
			"faces": {
				"north": {"uv": [0, 0, 1, 16], "texture": "#missing"},
				"east": {"uv": [0, 0, 15, 16], "texture": "#0"},
				"south": {"uv": [0, 0, 1, 16], "texture": "#missing"},
				"west": {"uv": [0, 0, 15, 16], "texture": "#missing"},
				"up": {"uv": [0, 0, 1, 15], "texture": "#missing"},
				"down": {"uv": [0, 0, 1, 15], "texture": "#missing"}
			}
		},
		{
			"from": [-9, -16, -7],
			"to": [-8, -1, 8],
			"rotation": {"angle": 0, "axis": "y", "origin": [-1, -8, -15]},
			"faces": {
				"north": {"uv": [0, 0, 1, 15], "texture": "#missing"},
				"east": {"uv": [0, 0, 15, 15], "texture": "#0"},
				"south": {"uv": [0, 0, 1, 15], "texture": "#missing"},
				"west": {"uv": [0, 0, 15, 15], "texture": "#missing"},
				"up": {"uv": [0, 0, 1, 15], "texture": "#missing"},
				"down": {"uv": [0, 0, 1, 15], "texture": "#missing"}
			}
		},
		{
			"from": [-9, -1, -7],
			"to": [-8, 15, 8],
			"rotation": {"angle": 0, "axis": "y", "origin": [-1, 7, -15]},
			"faces": {
				"north": {"uv": [0, 0, 1, 16], "texture": "#missing"},
				"east": {"uv": [0, 0, 15, 16], "texture": "#0"},
				"south": {"uv": [0, 0, 1, 16], "texture": "#missing"},
				"west": {"uv": [0, 0, 15, 16], "texture": "#missing"},
				"up": {"uv": [0, 0, 1, 15], "texture": "#missing"},
				"down": {"uv": [0, 0, 1, 15], "texture": "#missing"}
			}
		},
		{
			"from": [-9, 15, -7],
			"to": [-8, 31, 8],
			"rotation": {"angle": 0, "axis": "y", "origin": [-1, 23, -15]},
			"faces": {
				"north": {"uv": [0, 0, 1, 16], "texture": "#missing"},
				"east": {"uv": [0, 0, 15, 16], "texture": "#0"},
				"south": {"uv": [0, 0, 1, 16], "texture": "#missing"},
				"west": {"uv": [0, 0, 15, 16], "texture": "#missing"},
				"up": {"uv": [0, 0, 1, 15], "texture": "#missing"},
				"down": {"uv": [0, 0, 1, 15], "texture": "#missing"}
			}
		},
		{
			"from": [24, -1, 8],
			"to": [25, 15, 23],
			"rotation": {"angle": 0, "axis": "y", "origin": [32, -6, 1]},
			"faces": {
				"north": {"uv": [0, 0, 1, 16], "texture": "#missing"},
				"east": {"uv": [0, 0, 15, 16], "texture": "#missing"},
				"south": {"uv": [0, 0, 1, 16], "texture": "#missing"},
				"west": {"uv": [0, 0, 15, 16], "texture": "#0"},
				"up": {"uv": [0, 0, 1, 15], "texture": "#missing"},
				"down": {"uv": [0, 0, 1, 15], "texture": "#missing"}
			}
		},
		{
			"from": [24, 15, 8],
			"to": [25, 31, 23],
			"rotation": {"angle": 0, "axis": "y", "origin": [32, 10, 1]},
			"faces": {
				"north": {"uv": [0, 0, 1, 16], "texture": "#missing"},
				"east": {"uv": [0, 0, 15, 16], "texture": "#missing"},
				"south": {"uv": [0, 0, 1, 16], "texture": "#missing"},
				"west": {"uv": [0, 0, 15, 16], "texture": "#0"},
				"up": {"uv": [0, 0, 1, 15], "texture": "#missing"},
				"down": {"uv": [0, 0, 1, 15], "texture": "#missing"}
			}
		},
		{
			"from": [24, -16, 8],
			"to": [25, -1, 23],
			"rotation": {"angle": 0, "axis": "y", "origin": [32, -8, 1]},
			"faces": {
				"north": {"uv": [0, 0, 1, 15], "texture": "#missing"},
				"east": {"uv": [0, 0, 15, 15], "texture": "#missing"},
				"south": {"uv": [0, 0, 1, 15], "texture": "#missing"},
				"west": {"uv": [0, 0, 15, 15], "texture": "#0"},
				"up": {"uv": [0, 0, 1, 15], "texture": "#missing"},
				"down": {"uv": [0, 0, 1, 15], "texture": "#missing"}
			}
		},
		{
			"from": [24, -1, -7],
			"to": [25, 15, 8],
			"rotation": {"angle": 0, "axis": "y", "origin": [32, -6, -14]},
			"faces": {
				"north": {"uv": [0, 0, 1, 16], "texture": "#missing"},
				"east": {"uv": [0, 0, 15, 16], "texture": "#missing"},
				"south": {"uv": [0, 0, 1, 16], "texture": "#missing"},
				"west": {"uv": [0, 0, 15, 16], "texture": "#0"},
				"up": {"uv": [0, 0, 1, 15], "texture": "#missing"},
				"down": {"uv": [0, 0, 1, 15], "texture": "#missing"}
			}
		},
		{
			"from": [24, 15, -7],
			"to": [25, 31, 8],
			"rotation": {"angle": 0, "axis": "y", "origin": [32, 10, -14]},
			"faces": {
				"north": {"uv": [0, 0, 1, 16], "texture": "#missing"},
				"east": {"uv": [0, 0, 15, 16], "texture": "#missing"},
				"south": {"uv": [0, 0, 1, 16], "texture": "#missing"},
				"west": {"uv": [0, 0, 15, 16], "texture": "#0"},
				"up": {"uv": [0, 0, 1, 15], "texture": "#missing"},
				"down": {"uv": [0, 0, 1, 15], "texture": "#missing"}
			}
		},
		{
			"from": [24, -16, -7],
			"to": [25, -1, 8],
			"rotation": {"angle": 0, "axis": "y", "origin": [32, -8, -14]},
			"faces": {
				"north": {"uv": [0, 0, 1, 15], "texture": "#missing"},
				"east": {"uv": [0, 0, 15, 15], "texture": "#missing"},
				"south": {"uv": [0, 0, 1, 15], "texture": "#missing"},
				"west": {"uv": [0, 0, 15, 15], "texture": "#0"},
				"up": {"uv": [0, 0, 1, 15], "texture": "#missing"},
				"down": {"uv": [0, 0, 1, 15], "texture": "#missing"}
			}
		},
		{
			"from": [-8, -16, -8],
			"to": [-6, 29, -7],
			"rotation": {"angle": 0, "axis": "y", "origin": [0, -8, 0]},
			"faces": {
				"north": {"uv": [0, 0, 2, 16], "texture": "#1"},
				"east": {"uv": [0, 0, 1, 16], "texture": "#1"},
				"south": {"uv": [0, 0, 2, 16], "texture": "#1"},
				"west": {"uv": [0, 0, 1, 16], "texture": "#missing"},
				"up": {"uv": [0, 0, 2, 1], "texture": "#missing"},
				"down": {"uv": [0, 0, 2, 1], "texture": "#missing"}
			}
		},
		{
			"from": [-8, -16, 23],
			"to": [-6, 29, 24],
			"rotation": {"angle": 0, "axis": "y", "origin": [0, -8, 31]},
			"faces": {
				"north": {"uv": [0, 0, 2, 16], "texture": "#1"},
				"east": {"uv": [1, 0, 2, 16], "texture": "#1"},
				"south": {"uv": [0, 0, 2, 16], "texture": "#1"},
				"west": {"uv": [0, 0, 1, 16], "texture": "#missing"},
				"up": {"uv": [0, 0, 2, 1], "texture": "#missing"},
				"down": {"uv": [0, 0, 2, 1], "texture": "#missing"}
			}
		},
		{
			"from": [22, -16, -8],
			"to": [24, 29, -7],
			"rotation": {"angle": 0, "axis": "y", "origin": [30, -8, 0]},
			"faces": {
				"north": {"uv": [0, 0, 2, 16], "texture": "#1"},
				"east": {"uv": [0, 0, 1, 16], "texture": "#missing"},
				"south": {"uv": [0, 0, 2, 16], "texture": "#1"},
				"west": {"uv": [0, 0, 1, 16], "texture": "#1"},
				"up": {"uv": [0, 0, 2, 1], "texture": "#missing"},
				"down": {"uv": [0, 0, 2, 1], "texture": "#missing"}
			}
		},
		{
			"from": [22, -16, 23],
			"to": [24, 29, 24],
			"rotation": {"angle": 0, "axis": "y", "origin": [30, -8, 31]},
			"faces": {
				"north": {"uv": [0, 0, 2, 16], "texture": "#1"},
				"east": {"uv": [0, 0, 1, 16], "texture": "#missing"},
				"south": {"uv": [0, 0, 2, 16], "texture": "#1"},
				"west": {"uv": [1, 0, 2, 16], "texture": "#1"},
				"up": {"uv": [0, 0, 2, 1], "texture": "#missing"},
				"down": {"uv": [0, 0, 2, 1], "texture": "#missing"}
			}
		},
		{
			"from": [-8, 29, -8],
			"to": [24, 31, -7],
			"rotation": {"angle": 0, "axis": "y", "origin": [30, -7, 0]},
			"faces": {
				"north": {"uv": [0, 0, 16, 2], "texture": "#1"},
				"east": {"uv": [0, 0, 1, 2], "texture": "#missing"},
				"south": {"uv": [0, 0, 16, 2], "texture": "#1"},
				"west": {"uv": [0, 0, 1, 2], "texture": "#missing"},
				"up": {"uv": [0, 0, 16, 1], "texture": "#missing"},
				"down": {"uv": [0, 0, 16, 1], "texture": "#1"}
			}
		},
		{
			"from": [-8, 29, 23],
			"to": [24, 31, 24],
			"rotation": {"angle": 0, "axis": "y", "origin": [30, -7, 31]},
			"faces": {
				"north": {"uv": [0, 0, 16, 2], "texture": "#1"},
				"east": {"uv": [0, 0, 1, 2], "texture": "#missing"},
				"south": {"uv": [0, 0, 16, 2], "texture": "#1"},
				"west": {"uv": [0, 0, 1, 2], "texture": "#missing"},
				"up": {"uv": [0, 0, 16, 1], "texture": "#missing"},
				"down": {"uv": [0, 1, 16, 2], "texture": "#1"}
			}
		},
		{
			"from": [8, 31, -7],
			"to": [24, 32, 8],
			"rotation": {"angle": 0, "axis": "y", "origin": [0, 39, -14]},
			"faces": {
				"north": {"uv": [0, 0, 16, 1], "texture": "#missing"},
				"east": {"uv": [0, 0, 15, 1], "texture": "#missing"},
				"south": {"uv": [0, 0, 16, 1], "texture": "#missing"},
				"west": {"uv": [0, 0, 15, 1], "texture": "#missing"},
				"up": {"uv": [0, 0, 16, 15], "texture": "#missing"},
				"down": {"uv": [0, 0, 16, 15], "texture": "#0"}
			}
		},
		{
			"from": [8, 31, 8],
			"to": [24, 32, 23],
			"rotation": {"angle": 0, "axis": "y", "origin": [0, 39, -14]},
			"faces": {
				"north": {"uv": [0, 0, 16, 1], "texture": "#missing"},
				"east": {"uv": [0, 0, 15, 1], "texture": "#missing"},
				"south": {"uv": [0, 0, 16, 1], "texture": "#missing"},
				"west": {"uv": [0, 0, 15, 1], "texture": "#missing"},
				"up": {"uv": [0, 0, 16, 15], "texture": "#missing"},
				"down": {"uv": [0, 0, 16, 15], "texture": "#0"}
			}
		},
		{
			"from": [-8, 31, -7],
			"to": [8, 32, 8],
			"rotation": {"angle": 0, "axis": "y", "origin": [0, 39, -14]},
			"faces": {
				"north": {"uv": [0, 0, 16, 1], "texture": "#missing"},
				"east": {"uv": [0, 0, 15, 1], "texture": "#missing"},
				"south": {"uv": [0, 0, 16, 1], "texture": "#missing"},
				"west": {"uv": [0, 0, 15, 1], "texture": "#missing"},
				"up": {"uv": [0, 0, 16, 15], "texture": "#missing"},
				"down": {"uv": [0, 0, 16, 15], "texture": "#0"}
			}
		},
		{
			"from": [-8, 31, 8],
			"to": [8, 32, 23],
			"rotation": {"angle": 0, "axis": "y", "origin": [0, 39, -14]},
			"faces": {
				"north": {"uv": [0, 0, 16, 1], "texture": "#missing"},
				"east": {"uv": [0, 0, 15, 1], "texture": "#missing"},
				"south": {"uv": [0, 0, 16, 1], "texture": "#missing"},
				"west": {"uv": [0, 0, 15, 1], "texture": "#missing"},
				"up": {"uv": [0, 0, 16, 15], "texture": "#missing"},
				"down": {"uv": [0, 0, 16, 15], "texture": "#0"}
			}
		},
		{
			"from": [14, 30, 0],
			"to": [16, 31, 16],
			"rotation": {"angle": 0, "axis": "z", "origin": [8, 30.5, 8]},
			"faces": {
				"north": {"uv": [0, 0, 2, 1], "rotation": 180, "texture": "#0"},
				"east": {"uv": [0, 0, 16, 1], "rotation": 180, "texture": "#0"},
				"south": {"uv": [0, 0, 2, 1], "rotation": 180, "texture": "#0"},
				"west": {"uv": [0, 0, 16, 1], "rotation": 180, "texture": "#0"},
				"up": {"uv": [0, 0, 2, 16], "rotation": 180, "texture": "#0"},
				"down": {"uv": [0, 0, 2, 16], "rotation": 180, "texture": "#0"}
			}
		},
		{
			"from": [1, 30.9, 1],
			"to": [14, 31, 15],
			"rotation": {"angle": 0, "axis": "z", "origin": [6, 30.5, 8]},
			"faces": {
				"north": {"uv": [0, 0, 2, 1], "rotation": 180, "texture": "#0"},
				"east": {"uv": [0, 0, 16, 1], "rotation": 180, "texture": "#0"},
				"south": {"uv": [0, 0, 2, 1], "rotation": 180, "texture": "#0"},
				"west": {"uv": [0, 0, 16, 1], "rotation": 180, "texture": "#0"},
				"up": {"uv": [0, 0, 2, 16], "rotation": 180, "texture": "#0"},
				"down": {"uv": [0, 0, 2, 16], "rotation": 180, "texture": "#2"}
			}
		},
		{
			"from": [16, 30.5, 3],
			"to": [18, 31, 13],
			"rotation": {"angle": 0, "axis": "z", "origin": [10, 30.5, 8]},
			"faces": {
				"north": {"uv": [0, 0, 2, 1], "rotation": 180, "texture": "#0"},
				"east": {"uv": [0, 0, 16, 1], "rotation": 180, "texture": "#0"},
				"south": {"uv": [0, 0, 2, 1], "rotation": 180, "texture": "#0"},
				"west": {"uv": [0, 0, 16, 1], "rotation": 180, "texture": "#0"},
				"up": {"uv": [0, 3, 2, 13], "rotation": 180, "texture": "#0"},
				"down": {"uv": [0, 0, 2, 16], "rotation": 180, "texture": "#0"}
			}
		},
		{
			"from": [0, 30, 0],
			"to": [2, 31, 16],
			"rotation": {"angle": 0, "axis": "z", "origin": [8, 30.5, 8]},
			"faces": {
				"north": {"uv": [0, 0, 2, 1], "rotation": 180, "texture": "#0"},
				"east": {"uv": [0, 0, 16, 1], "rotation": 180, "texture": "#0"},
				"south": {"uv": [0, 0, 2, 1], "rotation": 180, "texture": "#0"},
				"west": {"uv": [0, 0, 16, 1], "rotation": 180, "texture": "#0"},
				"up": {"uv": [0, 0, 2, 16], "rotation": 180, "texture": "#0"},
				"down": {"uv": [14, 0, 16, 16], "rotation": 180, "texture": "#0"}
			}
		},
		{
			"from": [-2, 30.5, 3],
			"to": [0, 31, 13],
			"rotation": {"angle": 0, "axis": "z", "origin": [6, 30.5, 8]},
			"faces": {
				"north": {"uv": [0, 0, 2, 1], "rotation": 180, "texture": "#0"},
				"east": {"uv": [0, 0, 16, 1], "rotation": 180, "texture": "#0"},
				"south": {"uv": [0, 0, 2, 1], "rotation": 180, "texture": "#0"},
				"west": {"uv": [0, 0, 16, 1], "rotation": 180, "texture": "#0"},
				"up": {"uv": [0, 0, 2, 16], "rotation": 180, "texture": "#0"},
				"down": {"uv": [14, 3, 16, 13], "rotation": 180, "texture": "#0"}
			}
		},
		{
			"from": [2, 30, 0],
			"to": [3, 31, 6],
			"rotation": {"angle": 0, "axis": "z", "origin": [8, 30.5, 8]},
			"faces": {
				"north": {"uv": [0, 0, 1, 1], "rotation": 180, "texture": "#0"},
				"east": {"uv": [0, 0, 6, 1], "rotation": 180, "texture": "#0"},
				"south": {"uv": [0, 0, 1, 1], "rotation": 180, "texture": "#0"},
				"west": {"uv": [0, 0, 6, 1], "rotation": 180, "texture": "#0"},
				"up": {"uv": [0, 0, 1, 6], "rotation": 180, "texture": "#0"},
				"down": {"uv": [13, 0, 14, 6], "rotation": 180, "texture": "#0"}
			}
		},
		{
			"from": [13, 30, 0],
			"to": [14, 31, 6],
			"rotation": {"angle": 0, "axis": "z", "origin": [8, 30.5, 8]},
			"faces": {
				"north": {"uv": [0, 0, 1, 1], "rotation": 180, "texture": "#0"},
				"east": {"uv": [0, 0, 6, 1], "rotation": 180, "texture": "#0"},
				"south": {"uv": [0, 0, 1, 1], "rotation": 180, "texture": "#0"},
				"west": {"uv": [0, 0, 6, 1], "rotation": 180, "texture": "#0"},
				"up": {"uv": [0, 0, 1, 6], "rotation": 180, "texture": "#0"},
				"down": {"uv": [2, 0, 3, 6], "rotation": 180, "texture": "#0"}
			}
		},
		{
			"from": [2, 30, 10],
			"to": [3, 31, 16],
			"rotation": {"angle": 0, "axis": "z", "origin": [8, 30.5, 8]},
			"faces": {
				"north": {"uv": [0, 0, 1, 1], "rotation": 180, "texture": "#0"},
				"east": {"uv": [0, 0, 6, 1], "rotation": 180, "texture": "#0"},
				"south": {"uv": [0, 0, 1, 1], "rotation": 180, "texture": "#0"},
				"west": {"uv": [0, 0, 6, 1], "rotation": 180, "texture": "#0"},
				"up": {"uv": [0, 0, 1, 6], "rotation": 180, "texture": "#0"},
				"down": {"uv": [13, 10, 14, 16], "rotation": 180, "texture": "#0"}
			}
		},
		{
			"from": [13, 30, 10],
			"to": [14, 31, 16],
			"rotation": {"angle": 0, "axis": "z", "origin": [8, 30.5, 8]},
			"faces": {
				"north": {"uv": [0, 0, 1, 1], "rotation": 180, "texture": "#0"},
				"east": {"uv": [0, 0, 6, 1], "rotation": 180, "texture": "#0"},
				"south": {"uv": [0, 0, 1, 1], "rotation": 180, "texture": "#0"},
				"west": {"uv": [0, 0, 6, 1], "rotation": 180, "texture": "#0"},
				"up": {"uv": [0, 0, 1, 6], "rotation": 180, "texture": "#0"},
				"down": {"uv": [2, 10, 3, 16], "rotation": 180, "texture": "#0"}
			}
		},
		{
			"from": [3, 30, 0],
			"to": [13, 31, 2],
			"rotation": {"angle": 0, "axis": "z", "origin": [8, 30.5, 8]},
			"faces": {
				"north": {"uv": [0, 0, 10, 1], "rotation": 180, "texture": "#0"},
				"east": {"uv": [0, 0, 2, 1], "rotation": 180, "texture": "#0"},
				"south": {"uv": [0, 0, 10, 1], "rotation": 180, "texture": "#0"},
				"west": {"uv": [0, 0, 2, 1], "rotation": 180, "texture": "#0"},
				"up": {"uv": [0, 0, 10, 2], "rotation": 180, "texture": "#0"},
				"down": {"uv": [3, 0, 13, 2], "rotation": 180, "texture": "#0"}
			}
		},
		{
			"from": [3, 30.5, -2],
			"to": [13, 31, 0],
			"rotation": {"angle": 0, "axis": "z", "origin": [8, 30.5, 6]},
			"faces": {
				"north": {"uv": [0, 0, 10, 1], "rotation": 180, "texture": "#0"},
				"east": {"uv": [0, 0, 2, 1], "rotation": 180, "texture": "#0"},
				"south": {"uv": [0, 0, 10, 1], "rotation": 180, "texture": "#0"},
				"west": {"uv": [0, 0, 2, 1], "rotation": 180, "texture": "#0"},
				"up": {"uv": [0, 0, 10, 2], "rotation": 180, "texture": "#0"},
				"down": {"uv": [3, 0, 13, 2], "rotation": 180, "texture": "#0"}
			}
		},
		{
			"from": [3, 30, 14],
			"to": [13, 31, 16],
			"rotation": {"angle": 0, "axis": "z", "origin": [8, 30.5, 8]},
			"faces": {
				"north": {"uv": [0, 0, 10, 1], "rotation": 180, "texture": "#0"},
				"east": {"uv": [0, 0, 2, 1], "rotation": 180, "texture": "#0"},
				"south": {"uv": [0, 0, 10, 1], "rotation": 180, "texture": "#0"},
				"west": {"uv": [0, 0, 2, 1], "rotation": 180, "texture": "#0"},
				"up": {"uv": [0, 0, 10, 2], "rotation": 180, "texture": "#0"},
				"down": {"uv": [3, 14, 13, 16], "rotation": 180, "texture": "#0"}
			}
		},
		{
			"from": [3, 30.5, 16],
			"to": [13, 31, 18],
			"rotation": {"angle": 0, "axis": "z", "origin": [8, 30.5, 10]},
			"faces": {
				"north": {"uv": [0, 0, 10, 1], "rotation": 180, "texture": "#0"},
				"east": {"uv": [0, 0, 2, 1], "rotation": 180, "texture": "#0"},
				"south": {"uv": [0, 0, 10, 1], "rotation": 180, "texture": "#0"},
				"west": {"uv": [0, 0, 2, 1], "rotation": 180, "texture": "#0"},
				"up": {"uv": [0, 0, 10, 2], "rotation": 180, "texture": "#0"},
				"down": {"uv": [3, 14, 13, 16], "rotation": 180, "texture": "#0"}
			}
		},
		{
			"from": [3, 30, 12],
			"to": [4, 31, 13],
			"rotation": {"angle": 0, "axis": "z", "origin": [8, 30.5, 8]},
			"faces": {
				"north": {"uv": [0, 0, 1, 1], "rotation": 180, "texture": "#0"},
				"east": {"uv": [0, 0, 1, 1], "rotation": 180, "texture": "#0"},
				"south": {"uv": [0, 0, 1, 1], "rotation": 180, "texture": "#0"},
				"west": {"uv": [0, 0, 1, 1], "rotation": 180, "texture": "#0"},
				"up": {"uv": [0, 0, 1, 1], "rotation": 180, "texture": "#0"},
				"down": {"uv": [12, 12, 13, 13], "rotation": 180, "texture": "#0"}
			}
		},
		{
			"from": [12, 30, 12],
			"to": [13, 31, 13],
			"rotation": {"angle": 0, "axis": "z", "origin": [8, 30.5, 8]},
			"faces": {
				"north": {"uv": [0, 0, 1, 1], "rotation": 180, "texture": "#0"},
				"east": {"uv": [0, 0, 1, 1], "rotation": 180, "texture": "#0"},
				"south": {"uv": [0, 0, 1, 1], "rotation": 180, "texture": "#0"},
				"west": {"uv": [0, 0, 1, 1], "rotation": 180, "texture": "#0"},
				"up": {"uv": [0, 0, 1, 1], "rotation": 180, "texture": "#0"},
				"down": {"uv": [3, 12, 4, 13], "rotation": 180, "texture": "#0"}
			}
		},
		{
			"from": [10, 30, 13],
			"to": [13, 31, 14],
			"rotation": {"angle": 0, "axis": "z", "origin": [8, 30.5, 8]},
			"faces": {
				"north": {"uv": [0, 0, 3, 1], "rotation": 180, "texture": "#0"},
				"east": {"uv": [0, 0, 1, 1], "rotation": 180, "texture": "#0"},
				"south": {"uv": [0, 0, 3, 1], "rotation": 180, "texture": "#0"},
				"west": {"uv": [0, 0, 1, 1], "rotation": 180, "texture": "#0"},
				"up": {"uv": [0, 0, 3, 1], "rotation": 180, "texture": "#0"},
				"down": {"uv": [3, 13, 6, 14], "rotation": 180, "texture": "#0"}
			}
		},
		{
			"from": [10, 30, 2],
			"to": [13, 31, 3],
			"rotation": {"angle": 0, "axis": "z", "origin": [8, 30.5, 8]},
			"faces": {
				"north": {"uv": [0, 0, 3, 1], "rotation": 180, "texture": "#0"},
				"east": {"uv": [0, 0, 1, 1], "rotation": 180, "texture": "#0"},
				"south": {"uv": [0, 0, 3, 1], "rotation": 180, "texture": "#0"},
				"west": {"uv": [0, 0, 1, 1], "rotation": 180, "texture": "#0"},
				"up": {"uv": [0, 0, 3, 1], "rotation": 180, "texture": "#0"},
				"down": {"uv": [3, 2, 6, 3], "rotation": 180, "texture": "#0"}
			}
		},
		{
			"from": [3, 30, 13],
			"to": [6, 31, 14],
			"rotation": {"angle": 0, "axis": "z", "origin": [8, 30.5, 8]},
			"faces": {
				"north": {"uv": [0, 0, 3, 1], "rotation": 180, "texture": "#0"},
				"east": {"uv": [0, 0, 1, 1], "rotation": 180, "texture": "#0"},
				"south": {"uv": [0, 0, 3, 1], "rotation": 180, "texture": "#0"},
				"west": {"uv": [0, 0, 1, 1], "rotation": 180, "texture": "#0"},
				"up": {"uv": [0, 0, 3, 1], "rotation": 180, "texture": "#0"},
				"down": {"uv": [10, 13, 13, 14], "rotation": 180, "texture": "#0"}
			}
		},
		{
			"from": [3, 30, 2],
			"to": [6, 31, 3],
			"rotation": {"angle": 0, "axis": "z", "origin": [8, 30.5, 8]},
			"faces": {
				"north": {"uv": [0, 0, 3, 1], "rotation": 180, "texture": "#0"},
				"east": {"uv": [0, 0, 1, 1], "rotation": 180, "texture": "#0"},
				"south": {"uv": [0, 0, 3, 1], "rotation": 180, "texture": "#0"},
				"west": {"uv": [0, 0, 1, 1], "rotation": 180, "texture": "#0"},
				"up": {"uv": [0, 0, 3, 1], "rotation": 180, "texture": "#0"},
				"down": {"uv": [10, 2, 13, 3], "rotation": 180, "texture": "#0"}
			}
		},
		{
			"from": [3, 30, 3],
			"to": [4, 31, 4],
			"rotation": {"angle": 0, "axis": "z", "origin": [8, 30.5, 8]},
			"faces": {
				"north": {"uv": [0, 0, 1, 1], "rotation": 180, "texture": "#0"},
				"east": {"uv": [0, 0, 1, 1], "rotation": 180, "texture": "#0"},
				"south": {"uv": [0, 0, 1, 1], "rotation": 180, "texture": "#0"},
				"west": {"uv": [0, 0, 1, 1], "rotation": 180, "texture": "#0"},
				"up": {"uv": [0, 0, 1, 1], "rotation": 180, "texture": "#0"},
				"down": {"uv": [12, 3, 13, 4], "rotation": 180, "texture": "#0"}
			}
		},
		{
			"from": [12, 30, 3],
			"to": [13, 31, 4],
			"rotation": {"angle": 0, "axis": "z", "origin": [8, 30.5, 8]},
			"faces": {
				"north": {"uv": [0, 0, 1, 1], "rotation": 180, "texture": "#0"},
				"east": {"uv": [0, 0, 1, 1], "rotation": 180, "texture": "#0"},
				"south": {"uv": [0, 0, 1, 1], "rotation": 180, "texture": "#0"},
				"west": {"uv": [0, 0, 1, 1], "rotation": 180, "texture": "#0"},
				"up": {"uv": [0, 0, 1, 1], "rotation": 180, "texture": "#0"},
				"down": {"uv": [3, 3, 4, 4], "rotation": 180, "texture": "#0"}
			}
		}
	],
	"display": {
		"head": {
			"translation": [0, -4.5, 0],
			"scale": [1.61, 1.61, 1.61]
		}
	},
	"groups": [0, 1, 2, 3, 4, 5, 6, 7, 8, 9, 10, 11, 12, 13, 14, 15, 16, 17, 18, 19, 20, 21,
		{
			"name": "defaultconsoleroof",
			"origin": [8, 8, 8],
			"children": [22, 23, 24, 25, 26, 27, 28, 29, 30, 31, 32, 33, 34, 35, 36, 37, 38, 39, 40, 41, 42]
		}
	]
}