{
	"credit": "Made with Blockbench",
	"textures": {
		"3": "custom/image/maindoorlocking",
		"5": "custom/led_off",
		"particle": "custom/quartz_block_bottom"
	},
	"elements": [
		{
			"from": [2.25, 4.75, 11.5],
			"to": [13.75, 12.25, 11.5],
			"rotation": {"angle": 22.5, "axis": "x", "origin": [8, 8.5, 10.4]},
			"faces": {
				"north": {"uv": [0, 0, 11.5, 7.5], "rotation": 180, "texture": "#5"},
				"east": {"uv": [0, 0, 7.5, 0], "rotation": 270, "texture": "#5"},
				"south": {"uv": [1.425, 1.31667, 15.075, 14.31667], "texture": "#3"},
				"west": {"uv": [0, 0, 7.5, 0], "rotation": 90, "texture": "#5"},
				"up": {"uv": [0, 0, 11.5, 0], "rotation": 180, "texture": "#5"},
				"down": {"uv": [0, 0, 11.5, 0], "texture": "#5"}
			}
		}
	],
	"display": {
		"head": {
			"rotation": [0, 90, 0],
			"translation": [0, -30.4, 0],
			"scale": [1.6, 1.6, 1.6]
		}
	}
}