{
	"credit": "Made with Blockbench",
	"textures": {
		"1": "custom/quartz_block_side",
		"particle": "custom/quartz_block_bottom"
	},
	"elements": [
		{
			"from": [0, -6, 8],
			"to": [1, -2, 12],
			"rotation": {"angle": 0, "axis": "y", "origin": [8, 2, 16]},
			"faces": {
				"north": {"uv": [0, 0, 1, 4], "texture": "#1"},
				"east": {"uv": [0, 0, 4, 4], "texture": "#1"},
				"south": {"uv": [0, 0, 1, 4], "texture": "#1"},
				"west": {"uv": [8, 2, 12, 6], "texture": "#1"},
				"up": {"uv": [0, 0, 1, 4], "texture": "#1"},
				"down": {"uv": [0, 0, 1, 4], "texture": "#1"}
			}
		}
	],
	"display": {
		"head": {
			"translation": [12, -30.5, -5.5],
			"scale": [1.6, 1.6, 1.6]
		}
	}
}