{
	"credit": "Made with Blockbench",
	"textures": {
		"0": "custom/quartz_block_bottom",
		"1": "custom/quartz_block_side",
		"2": "custom/quartz_block_top",
		"particle": "custom/quartz_block_bottom"
	},
	"elements": [
		{
			"from": [0, -6, 5],
			"to": [1, -2, 11],
			"rotation": {"angle": 0, "axis": "y", "origin": [8, 2, 13]},
			"faces": {
				"north": {"uv": [0, 0, 1, 4], "texture": "#1"},
				"east": {"uv": [0, 0, 6, 4], "texture": "#1"},
				"south": {"uv": [0, 0, 1, 4], "texture": "#1"},
				"west": {"uv": [0, 0, 6, 4], "texture": "#1"},
				"up": {"uv": [0, 0, 1, 6], "texture": "#2"},
				"down": {"uv": [0, 0, 1, 6], "texture": "#0"}
			}
		},
		{
			"from": [-4, -6, 5],
			"to": [0, -5, 11],
			"rotation": {"angle": 0, "axis": "y", "origin": [7, 2, 13]},
			"faces": {
				"north": {"uv": [0, 0, 4, 1], "texture": "#1"},
				"east": {"uv": [0, 0, 6, 1], "texture": "#1"},
				"south": {"uv": [0, 0, 4, 1], "texture": "#1"},
				"west": {"uv": [0, 0, 6, 1], "texture": "#1"},
				"up": {"uv": [0, 0, 4, 6], "texture": "#2"},
				"down": {"uv": [0, 0, 4, 6], "texture": "#0"}
			}
		}
	],
	"display": {
		"head": {
			"translation": [0, -30.5, 0],
			"scale": [1.6, 1.6, 1.6]
		}
	}
}