{
	"credit": "Made with Blockbench",
	"textures": {
		"1": "custom/cactus_side",
		"3": "custom/stone",
		"particle": "custom/cactus_top"
	},
	"elements": [
		{
			"from": [12, 1, 8],
			"to": [15, 16, 14],
			"rotation": {"angle": 0, "axis": "y", "origin": [23, 9, 16]},
			"faces": {
				"north": {"uv": [0, 0, 3, 15], "texture": "#3"},
				"east": {"uv": [2, 0, 8, 15], "texture": "#1"},
				"south": {"uv": [0, 0, 3, 15], "texture": "#3"},
				"west": {"uv": [0, 0, 6, 15], "texture": "#3"},
				"up": {"uv": [0, 0, 3, 6], "texture": "#missing"},
				"down": {"uv": [0, 0, 3, 6], "texture": "#3"}
			}
		},
		{
			"from": [12, 16, 8],
			"to": [15, 31, 14],
			"rotation": {"angle": 0, "axis": "y", "origin": [23, 24, 16]},
			"faces": {
				"north": {"uv": [0, 0, 3, 15], "texture": "#3"},
				"east": {"uv": [2, 1, 8, 16], "texture": "#1"},
				"south": {"uv": [0, 0, 3, 15], "texture": "#3"},
				"west": {"uv": [0, 0, 6, 15], "texture": "#3"},
				"up": {"uv": [0, 0, 3, 6], "texture": "#3"},
				"down": {"uv": [0, 0, 3, 6], "texture": "#missing"}
			}
		}
	],
	"display": {
		"head": {
			"rotation": [0, -90, 0],
			"translation": [10.75, -27.25, -7.15],
			"scale": [2, 2, 2]
		}
	},
	"groups": [
		{
			"name": "plains_ext1_doorL",
			"origin": [8, 8, 8],
			"children": [
				{
					"name": "group",
					"origin": [23, 9, 17],
					"children": []
				}
			]
		},
		{
			"name": "desert_ext1_doorR",
			"origin": [8, 8, 8],
			"children": [
				{
					"name": "group",
					"origin": [8, 24, -6],
					"children": [0, 1]
				}
			]
		}
	]
}