{
	"credit": "Made with Blockbench",
	"textures": {
		"1": "custom/cactus_side",
		"3": "custom/stone",
		"particle": "custom/cactus_top"
	},
	"elements": [
		{
			"from": [12, 1, 2],
			"to": [15, 16, 8],
			"rotation": {"angle": 0, "axis": "y", "origin": [23, 9, 10]},
			"faces": {
				"north": {"uv": [0, 0, 3, 15], "texture": "#3"},
				"east": {"uv": [8, 0, 14, 15], "texture": "#1"},
				"south": {"uv": [0, 0, 3, 15], "texture": "#3"},
				"west": {"uv": [0, 0, 6, 15], "texture": "#3"},
				"up": {"uv": [0, 0, 3, 6], "texture": "#missing"},
				"down": {"uv": [0, 0, 3, 6], "texture": "#3"}
			}
		},
		{
			"from": [12, 16, 2],
			"to": [15, 31, 8],
			"rotation": {"angle": 0, "axis": "y", "origin": [23, 24, 10]},
			"faces": {
				"north": {"uv": [0, 0, 3, 15], "texture": "#3"},
				"east": {"uv": [8, 1, 14, 16], "texture": "#1"},
				"south": {"uv": [0, 0, 3, 15], "texture": "#3"},
				"west": {"uv": [0, 0, 6, 15], "texture": "#3"},
				"up": {"uv": [0, 0, 3, 6], "texture": "#3"},
				"down": {"uv": [0, 0, 3, 6], "texture": "#missing"}
			}
		}
	],
	"display": {
		"head": {
			"rotation": [0, -90, 0],
			"translation": [-11.25, -27.25, -7.15],
			"scale": [2, 2, 2]
		}
	},
	"groups": [
		{
			"name": "group",
			"origin": [8, 24, -6],
			"children": [0, 1]
		}
	]
}