{
    "parent":"item/handheld",
    "textures": {
        "layer0": "item/gold_ingot"
    },

    "overrides": [
        { "predicate": {"custom_model_data": 1}, "model": "item/tardis_ext1"},
        { "predicate": {"custom_model_data": 2}, "model": "item/tardis_ext1_1"},
        { "predicate": {"custom_model_data": 3}, "model": "item/tardis_ext1_2"},
        { "predicate": {"custom_model_data": 4}, "model": "item/tardis_ext1_3"},
        { "predicate": {"custom_model_data": 5}, "model": "item/ars_circuit"}
    ]
}