{
    "parent":"item/handheld",
    "textures": {
        "layer0": "item/iron_ingot"
    },

    "overrides": [
	{ "predicate": {"custom_model_data": 1}, "model": "item/default_ext"},
	{ "predicate": {"custom_model_data": 2}, "model": "item/default_ext_door_l"},
	{ "predicate": {"custom_model_data": 3}, "model": "item/default_ext_door_r"},
        { "predicate": {"custom_model_data": 4}, "model": "item/tardis_cons2r"},
        { "predicate": {"custom_model_data": 5}, "model": "item/tardis_cons2r1"},
        { "predicate": {"custom_model_data": 6}, "model": "item/tardis_cons2r2"},
        { "predicate": {"custom_model_data": 7}, "model": "item/tardis_cons2r3"},
        { "predicate": {"custom_model_data": 8}, "model": "item/tardis_cons2r4"},
        { "predicate": {"custom_model_data": 9}, "model": "item/tardis_int_door"},
        { "predicate": {"custom_model_data": 10}, "model": "item/tardis_cons2_rotordeco"},
        { "predicate": {"custom_model_data": 11}, "model": "item/tardis_cons2_rotor"},
        { "predicate": {"custom_model_data": 12}, "model": "item/tardis_cons2_circle1"},
        { "predicate": {"custom_model_data": 13}, "model": "item/tardis_cons2_circle2"},
        { "predicate": {"custom_model_data": 14}, "model": "item/tardis_cons2_circle3"},
	{ "predicate": {"custom_model_data": 15}, "model": "item/defaultconsolewallcorner"},
	{ "predicate": {"custom_model_data": 16}, "model": "item/defaultconsolewallcorner1"},
	{ "predicate": {"custom_model_data": 17}, "model": "item/defaultconsolewallcorner2"},
	{ "predicate": {"custom_model_data": 18}, "model": "item/defaultconsolewallcorner3"},
	{ "predicate": {"custom_model_data": 19}, "model": "item/desert_ext1"},
	{ "predicate": {"custom_model_data": 20}, "model": "item/desert_ext1_door_l"},
    	{ "predicate": {"custom_model_data": 21}, "model": "item/desert_ext1_door_r"},
	{ "predicate": {"custom_model_data": 22}, "model": "item/plains_ext1"},
	{ "predicate": {"custom_model_data": 23}, "model": "item/plains_ext1_door_l"},
    	{ "predicate": {"custom_model_data": 24}, "model": "item/plains_ext1_door_r"},
    	{ "predicate": {"custom_model_data": 25}, "model": "item/defaultconsoleroof"},
    	{ "predicate": {"custom_model_data": 26}, "model": "item/defaultconsoledoor"},
    	{ "predicate": {"custom_model_data": 27}, "model": "item/defaultconsoledoor1"},
    	{ "predicate": {"custom_model_data": 28}, "model": "item/defaultconsoleselector"},
    	{ "predicate": {"custom_model_data": 29}, "model": "item/defaultconsolepanel"},
    	{ "predicate": {"custom_model_data": 30}, "model": "item/defaultconsolepanel1"},
    	{ "predicate": {"custom_model_data": 31}, "model": "item/ars_circuit"},
    	{ "predicate": {"custom_model_data": 32}, "model": "item/bluebox_ext"},
    	{ "predicate": {"custom_model_data": 33}, "model": "item/bluebox_ext_door_l"},
    	{ "predicate": {"custom_model_data": 34}, "model": "item/bluebox_ext_door_r"},
    	{ "predicate": {"custom_model_data": 35}, "model": "item/defaultconsoleselectorf"},
    	{ "predicate": {"custom_model_data": 36}, "model": "item/defaultconsolepanel2"},
    	{ "predicate": {"custom_model_data": 37}, "model": "item/defaultconsolepanel2_l"},
    	{ "predicate": {"custom_model_data": 38}, "model": "item/defaultconsolepanel2_r"},
    	{ "predicate": {"custom_model_data": 39}, "model": "item/defaultconsolepanel3"},
    	{ "predicate": {"custom_model_data": 40}, "model": "item/defaultcorridors"},
    	{ "predicate": {"custom_model_data": 41}, "model": "item/defaultcorridors1"},
    	{ "predicate": {"custom_model_data": 42}, "model": "item/defaultcorridors2"},
    	{ "predicate": {"custom_model_data": 43}, "model": "item/defaultcorridors3"},
    	{ "predicate": {"custom_model_data": 44}, "model": "item/defaultcorridors4"},
    	{ "predicate": {"custom_model_data": 45}, "model": "item/defaultcorridors5"},
    	{ "predicate": {"custom_model_data": 46}, "model": "item/defaultmanualbutton"},
    	{ "predicate": {"custom_model_data": 47}, "model": "item/maintenancecorridor"},
    	{ "predicate": {"custom_model_data": 48}, "model": "item/maintenancecorridor1"},
    	{ "predicate": {"custom_model_data": 49}, "model": "item/neon_deco_circle2"},
    	{ "predicate": {"custom_model_data": 50}, "model": "item/neon_deco_circle1"},
    	{ "predicate": {"custom_model_data": 51}, "model": "item/neon_deco_circle"},
    	{ "predicate": {"custom_model_data": 52}, "model": "item/neon_deco_rotor"},
    	{ "predicate": {"custom_model_data": 53}, "model": "item/neondoorframe"},
    	{ "predicate": {"custom_model_data": 54}, "model": "item/neon_deco_wallu"},
    	{ "predicate": {"custom_model_data": 55}, "model": "item/neon_deco_walluto"},
    	{ "predicate": {"custom_model_data": 56}, "model": "item/neon_deco_wallutoff"},
    	{ "predicate": {"custom_model_data": 57}, "model": "item/neon_deco_top_s"},
    	{ "predicate": {"custom_model_data": 58}, "model": "item/neon_deco_top_s1"},
    	{ "predicate": {"custom_model_data": 59}, "model": "item/neon_deco_top_s2"},
    	{ "predicate": {"custom_model_data": 60}, "model": "item/neon_deco_top_s3"},
    	{ "predicate": {"custom_model_data": 61}, "model": "item/neon_deco_wallue"},
    	{ "predicate": {"custom_model_data": 62}, "model": "item/neon_deco_wallutoe"},
    	{ "predicate": {"custom_model_data": 63}, "model": "item/neon_deco_wallutoffe"},
    	{ "predicate": {"custom_model_data": 64}, "model": "item/neon_deco_top_se"},
    	{ "predicate": {"custom_model_data": 65}, "model": "item/neon_deco_top_s1e"},
    	{ "predicate": {"custom_model_data": 66}, "model": "item/neon_deco_top_s2e"},
    	{ "predicate": {"custom_model_data": 67}, "model": "item/neon_deco_top_s3e"},
    	{ "predicate": {"custom_model_data": 68}, "model": "item/neon_deco_wallue2"},
    	{ "predicate": {"custom_model_data": 69}, "model": "item/neon_deco_top2_s"},
    	{ "predicate": {"custom_model_data": 70}, "model": "item/neon_deco_ground"},
    	{ "predicate": {"custom_model_data": 71}, "model": "item/neon_deco_wallo"},
    	{ "predicate": {"custom_model_data": 72}, "model": "item/neon_deco_walloff"},
    	{ "predicate": {"custom_model_data": 73}, "model": "item/neon_deco_wallo1"},
    	{ "predicate": {"custom_model_data": 74}, "model": "item/neon_deco_walloff1"},
    	{ "predicate": {"custom_model_data": 75}, "model": "item/neon_deco_wallue1"},
    	{ "predicate": {"custom_model_data": 76}, "model": "item/neon_deco_top2_s1"},
    	{ "predicate": {"custom_model_data": 77}, "model": "item/neon_deco_top_s1e1"},
    	{ "predicate": {"custom_model_data": 78}, "model": "item/neon_deco_wallue3"},
    	{ "predicate": {"custom_model_data": 79}, "model": "item/default_roof_monitor"},
    	{ "predicate": {"custom_model_data": 80}, "model": "item/default_monitor"},
    	{ "predicate": {"custom_model_data": 81}, "model": "item/default_monitor_1"},
    	{ "predicate": {"custom_model_data": 82}, "model": "item/neon_deco_wallod"},
    	{ "predicate": {"custom_model_data": 83}, "model": "item/neon_deco_wallued"},
    	{ "predicate": {"custom_model_data": 84}, "model": "item/neon_deco_wallod1"},
    	{ "predicate": {"custom_model_data": 85}, "model": "item/neon_deco_wallued1"},
    	{ "predicate": {"custom_model_data": 86}, "model": "item/neon_deco_corridor"},
    	{ "predicate": {"custom_model_data": 87}, "model": "item/neon_deco_corridor1"},
    	{ "predicate": {"custom_model_data": 88}, "model": "item/image/tardis_monitor_theme_0"},
    	{ "predicate": {"custom_model_data": 89}, "model": "item/neon_deco_corridor2"},
    	{ "predicate": {"custom_model_data": 90}, "model": "item/neon_deco_wallu1"},
    	{ "predicate": {"custom_model_data": 91}, "model": "item/neon_deco_wallu2"},
    	{ "predicate": {"custom_model_data": 92}, "model": "item/neon_deco_corridor3"},
    	{ "predicate": {"custom_model_data": 93}, "model": "item/neon_deco_corridor4"},
    	{ "predicate": {"custom_model_data": 94}, "model": "item/neon_deco_corridor5"},
    	{ "predicate": {"custom_model_data": 95}, "model": "item/neon_deco_corridor6"},
    	{ "predicate": {"custom_model_data": 96}, "model": "item/neon_deco_walluto001"},
    	{ "predicate": {"custom_model_data": 97}, "model": "item/neon_deco_walluto010"},
    	{ "predicate": {"custom_model_data": 98}, "model": "item/neon_deco_walluto011"},
    	{ "predicate": {"custom_model_data": 99}, "model": "item/neon_deco_walluto100"},
    	{ "predicate": {"custom_model_data": 100}, "model": "item/neon_deco_walluto101"},
    	{ "predicate": {"custom_model_data": 101}, "model": "item/neon_deco_walluto000"},
    	{ "predicate": {"custom_model_data": 102}, "model": "item/neon_deco_circle2o"},
    	{ "predicate": {"custom_model_data": 103}, "model": "item/neon_deco_circle1o"},
    	{ "predicate": {"custom_model_data": 104}, "model": "item/neon_deco_circleo"},
    	{ "predicate": {"custom_model_data": 105}, "model": "item/neon_deco_walluto110"},
    	{ "predicate": {"custom_model_data": 106}, "model": "item/neon_deco_ground1"}
    ]
}