{
	"credit": "Made with Blockbench",
	"textures": {
		"1": "custom/tardis_key",
		"3": "custom/tardis_maintenance_corridor",
		"particle": "custom/tardis_s_c1"
	},
	"elements": [
		{
			"from": [4, 27.55, 4],
			"to": [20, 28.55, 20],
			"rotation": {"angle": 0, "axis": "y", "origin": [10, 35.55, -8]},
			"faces": {
				"north": {"uv": [0, 0, 16, 16], "texture": "#1"},
				"east": {"uv": [0, 0, 16, 16], "texture": "#1"},
				"south": {"uv": [0, 0, 16, 16], "texture": "#1"},
				"west": {"uv": [0, 0, 16, 16], "texture": "#1"},
				"up": {"uv": [0, 0, 16, 16], "texture": "#1"},
				"down": {"uv": [0, 0, 16, 16], "texture": "#1"}
			}
		},
		{
			"from": [-2, 10.8, -4],
			"to": [4, 27.8, 20],
			"rotation": {"angle": -22.5, "axis": "z", "origin": [3.5, 27.8, 8]},
			"faces": {
				"north": {"uv": [0, 0, 1, 16], "texture": "#1"},
				"east": {"uv": [0, 0, 16, 16], "texture": "#1"},
				"south": {"uv": [0, 0, 1, 16], "texture": "#1"},
				"west": {"uv": [0, 0, 16, 16], "texture": "#1"},
				"up": {"uv": [0, 0, 1, 16], "texture": "#1"},
				"down": {"uv": [0, 0, 1, 16], "texture": "#1"}
			}
		},
		{
			"from": [-3.99318, 7.93597, -7.41086],
			"to": [20.00682, 24.93597, -1.41086],
			"rotation": {"angle": 22.5, "axis": "x", "origin": [8.00682, 12.7356, 8]},
			"faces": {
				"north": {"uv": [0, 0, 16, 16], "texture": "#1"},
				"east": {"uv": [0, 0, 1, 16], "texture": "#1"},
				"south": {"uv": [0, 0, 16, 16], "texture": "#1"},
				"west": {"uv": [0, 0, 1, 16], "texture": "#1"},
				"up": {"uv": [0, 0, 1, 16], "rotation": 270, "texture": "#1"},
				"down": {"uv": [0, 0, 1, 16], "rotation": 90, "texture": "#1"}
			}
		},
		{
			"from": [-4.25281, -1.55298, -4],
			"to": [0.74719, 12.44702, 20],
			"rotation": {"angle": 22.5, "axis": "z", "origin": [0.24719, 3.94702, 8]},
			"faces": {
				"north": {"uv": [0, 0, 1, 9], "texture": "#1"},
				"east": {"uv": [0, 0, 16, 9], "texture": "#1"},
				"south": {"uv": [0, 0, 1, 9], "texture": "#1"},
				"west": {"uv": [0, 0, 16, 9], "texture": "#1"},
				"up": {"uv": [0, 0, 1, 16], "texture": "#1"},
				"down": {"uv": [0, 0, 1, 16], "texture": "#1"}
			}
		},
		{
			"from": [0.84719, -1.60298, 19.75],
			"to": [2.84719, 12.79702, 20],
			"rotation": {"angle": 22.5, "axis": "z", "origin": [1.34719, 3.89702, 4]},
			"faces": {
				"north": {"uv": [0, 0, 2, 9.4], "texture": "#3"},
				"east": {"uv": [0, 0, 0.25, 9.4], "texture": "#3"},
				"south": {"uv": [0, 0, 2, 9.4], "texture": "#3"},
				"west": {"uv": [0, 0, 0.25, 9.4], "texture": "#3"},
				"up": {"uv": [0, 0, 2, 0.25], "texture": "#3"},
				"down": {"uv": [0, 0, 2, 0.25], "texture": "#3"}
			}
		},
		{
			"from": [19.74719, 0.29702, 13.3],
			"to": [19.99719, 14.69702, 15.3],
			"rotation": {"angle": 22.5, "axis": "x", "origin": [4.24719, 5.79702, 9.8]},
			"faces": {
				"north": {"uv": [0, 0, 0.25, 9.4], "texture": "#3"},
				"east": {"uv": [0, 0, 2, 9.4], "texture": "#3"},
				"south": {"uv": [0, 0, 0.25, 9.4], "texture": "#3"},
				"west": {"uv": [0, 0, 2, 9.4], "texture": "#3"},
				"up": {"uv": [0, 0, 2, 0.25], "rotation": 270, "texture": "#3"},
				"down": {"uv": [0, 0, 2, 0.25], "rotation": 90, "texture": "#3"}
			}
		},
		{
			"from": [13.19719, -1.60298, 19.75],
			"to": [15.19719, 12.79702, 20],
			"rotation": {"angle": -22.5, "axis": "z", "origin": [14.69719, 3.89702, 4]},
			"faces": {
				"north": {"uv": [0, 0, 2, 9.4], "texture": "#3"},
				"east": {"uv": [0, 0, 0.25, 9.4], "texture": "#3"},
				"south": {"uv": [0, 0, 2, 9.4], "texture": "#3"},
				"west": {"uv": [0, 0, 0.25, 9.4], "texture": "#3"},
				"up": {"uv": [0, 0, 2, 0.25], "texture": "#3"},
				"down": {"uv": [0, 0, 2, 0.25], "texture": "#3"}
			}
		},
		{
			"from": [19.74719, -3.10298, 1],
			"to": [19.99719, 11.29702, 3],
			"rotation": {"angle": -22.5, "axis": "x", "origin": [7.24719, 2.39702, -2.5]},
			"faces": {
				"north": {"uv": [0, 0, 0.25, 9.4], "texture": "#3"},
				"east": {"uv": [0, 0, 2, 9.4], "texture": "#3"},
				"south": {"uv": [0, 0, 0.25, 9.4], "texture": "#3"},
				"west": {"uv": [0, 0, 2, 9.4], "texture": "#3"},
				"up": {"uv": [0, 0, 2, 0.25], "rotation": 270, "texture": "#3"},
				"down": {"uv": [0, 0, 2, 0.25], "rotation": 90, "texture": "#3"}
			}
		},
		{
			"from": [-2.65281, 11.39702, 19.75],
			"to": [-0.65281, 29.04702, 20],
			"rotation": {"angle": -22.5, "axis": "z", "origin": [-2.15281, 11.89702, 4]},
			"faces": {
				"north": {"uv": [0, 0, 2, 16], "texture": "#3"},
				"east": {"uv": [0, 0, 2, 16], "texture": "#3"},
				"south": {"uv": [0, 0, 2, 16], "texture": "#3"},
				"west": {"uv": [0, 0, 2, 16], "texture": "#3"},
				"up": {"uv": [0, 0, 2, 16], "texture": "#3"},
				"down": {"uv": [0, 0, 2, 16], "texture": "#3"}
			}
		},
		{
			"from": [19.74719, 9.19702, 16.9],
			"to": [19.99719, 26.84702, 18.9],
			"rotation": {"angle": -22.5, "axis": "x", "origin": [7.24719, 9.69702, 13.4]},
			"faces": {
				"north": {"uv": [0, 0, 0.25, 16], "texture": "#3"},
				"east": {"uv": [0, 0, 2, 16], "texture": "#3"},
				"south": {"uv": [0, 0, 0.25, 16], "texture": "#3"},
				"west": {"uv": [0, 0, 2, 16], "texture": "#3"},
				"up": {"uv": [0, 0, 2, 0.25], "rotation": 270, "texture": "#3"},
				"down": {"uv": [0, 0, 2, 0.25], "rotation": 90, "texture": "#3"}
			}
		},
		{
			"from": [16.59719, 11.39702, 19.75],
			"to": [18.59719, 29.04702, 20],
			"rotation": {"angle": 22.5, "axis": "z", "origin": [18.09719, 11.89702, 4]},
			"faces": {
				"north": {"uv": [0, 0, 2, 16], "texture": "#3"},
				"east": {"uv": [0, 0, 0.25, 16], "texture": "#3"},
				"south": {"uv": [0, 0, 2, 16], "texture": "#3"},
				"west": {"uv": [0, 0, 0.25, 16], "texture": "#3"},
				"up": {"uv": [0, 0, 2, 0.25], "texture": "#3"},
				"down": {"uv": [0, 0, 2, 0.25], "texture": "#3"}
			}
		},
		{
			"from": [19.75, 12.64702, -2.5],
			"to": [20, 30.29702, -0.5],
			"rotation": {"angle": 22.5, "axis": "x", "origin": [6.09719, 13.14702, -6]},
			"faces": {
				"north": {"uv": [0, 0, 0.25, 16], "texture": "#3"},
				"east": {"uv": [0, 0, 2, 16], "texture": "#3"},
				"south": {"uv": [0, 0, 0.25, 16], "texture": "#3"},
				"west": {"uv": [0, 0, 2, 16], "texture": "#3"},
				"up": {"uv": [0, 0, 2, 0.25], "rotation": 270, "texture": "#3"},
				"down": {"uv": [0, 0, 2, 0.25], "rotation": 90, "texture": "#3"}
			}
		},
		{
			"from": [4.34719, 25.59702, 19.75],
			"to": [11.49719, 27.59702, 20],
			"rotation": {"angle": 0, "axis": "z", "origin": [-0.15281, 27.09702, 4]},
			"faces": {
				"north": {"uv": [0, 0, 2, 7.15], "rotation": 270, "texture": "#3"},
				"east": {"uv": [0, 0, 2, 0.25], "rotation": 90, "texture": "#3"},
				"south": {"uv": [0, 0, 2, 7.15], "rotation": 90, "texture": "#3"},
				"west": {"uv": [0, 0, 2, 0.25], "rotation": 90, "texture": "#3"},
				"up": {"uv": [0, 0, 0.25, 7.15], "rotation": 90, "texture": "#3"},
				"down": {"uv": [0, 0, 0.25, 7.15], "rotation": 90, "texture": "#3"}
			}
		},
		{
			"from": [19.74719, 25.59702, 4.25],
			"to": [19.99719, 27.59702, 11.4],
			"rotation": {"angle": 0, "axis": "y", "origin": [4.24719, 27.09702, 0.75]},
			"faces": {
				"north": {"uv": [0, 0, 2, 0.25], "rotation": 90, "texture": "#3"},
				"east": {"uv": [0, 0, 2, 7.15], "rotation": 90, "texture": "#3"},
				"south": {"uv": [0, 0, 2, 0.25], "rotation": 90, "texture": "#3"},
				"west": {"uv": [0, 0, 2, 7.15], "rotation": 270, "texture": "#3"},
				"up": {"uv": [0, 0, 0.25, 7.15], "texture": "#3"},
				"down": {"uv": [0, 0, 0.25, 7.15], "rotation": 180, "texture": "#3"}
			}
		},
		{
			"from": [-3.99318, 2.09287, -7.05001],
			"to": [20.00682, 16.09287, -2.05001],
			"rotation": {"angle": -22.5, "axis": "x", "origin": [8.00682, 12.7356, 8]},
			"faces": {
				"north": {"uv": [0, 0, 16, 9], "texture": "#1"},
				"east": {"uv": [0, 0, 1, 9], "texture": "#1"},
				"south": {"uv": [0, 0, 16, 9], "texture": "#1"},
				"west": {"uv": [0, 0, 1, 9], "texture": "#1"},
				"up": {"uv": [0, 0, 1, 16], "rotation": 270, "texture": "#1"},
				"down": {"uv": [0, 0, 1, 16], "rotation": 90, "texture": "#1"}
			}
		}
	],
	"display": {
		"head": {
			"translation": [0, -23.5, 0],
			"scale": [2.665, 2.665, 2.665]
		}
	},
	"groups": [
		{
			"name": "defaultconsoleroof",
			"origin": [8, 8, 8],
			"children": []
		}, 0, 1, 2, 3, 4, 5, 6, 7, 8, 9, 10, 11, 12, 13, 14]
}