{
	"credit": "Made with Blockbench",
	"textures": {
		"1": "custom/tardis_key",
		"3": "custom/tardis_maintenance_corridor",
		"particle": "custom/tardis_s_c1"
	},
	"elements": [
		{
			"from": [4, 27.55, -4],
			"to": [12, 28.55, 20],
			"rotation": {"angle": 0, "axis": "y", "origin": [10, 35.55, 0]},
			"faces": {
				"north": {"uv": [0, 0, 8, 1], "texture": "#1"},
				"east": {"uv": [0, 0, 16, 1], "texture": "#1"},
				"south": {"uv": [0, 0, 8, 1], "texture": "#1"},
				"west": {"uv": [0, 0, 16, 1], "texture": "#1"},
				"up": {"uv": [0, 0, 8, 16], "texture": "#1"},
				"down": {"uv": [0, 0, 8, 16], "texture": "#1"}
			}
		},
		{
			"from": [-2, 10.8, -4],
			"to": [4, 27.8, 20],
			"rotation": {"angle": -22.5, "axis": "z", "origin": [3.5, 27.8, 8]},
			"faces": {
				"north": {"uv": [0, 0, 1, 16], "texture": "#1"},
				"east": {"uv": [0, 0, 16, 16], "texture": "#1"},
				"south": {"uv": [0, 0, 1, 16], "texture": "#1"},
				"west": {"uv": [0, 0, 16, 16], "texture": "#1"},
				"up": {"uv": [0, 0, 1, 16], "texture": "#1"},
				"down": {"uv": [0, 0, 1, 16], "texture": "#1"}
			}
		},
		{
			"from": [15.24719, 11.44702, -4],
			"to": [21.24719, 28.44702, 20],
			"rotation": {"angle": 22.5, "axis": "z", "origin": [15.74719, 19.94702, 8]},
			"faces": {
				"north": {"uv": [0, 0, 1, 16], "texture": "#1"},
				"east": {"uv": [0, 0, 16, 16], "texture": "#1"},
				"south": {"uv": [0, 0, 1, 16], "texture": "#1"},
				"west": {"uv": [0, 0, 16, 16], "texture": "#1"},
				"up": {"uv": [0, 0, 1, 16], "texture": "#1"},
				"down": {"uv": [0, 0, 1, 16], "texture": "#1"}
			}
		},
		{
			"from": [-4.25281, -1.55298, -4],
			"to": [0.74719, 12.44702, 20],
			"rotation": {"angle": 22.5, "axis": "z", "origin": [0.24719, 3.94702, 8]},
			"faces": {
				"north": {"uv": [0, 0, 1, 9], "texture": "#1"},
				"east": {"uv": [0, 0, 16, 9], "texture": "#1"},
				"south": {"uv": [0, 0, 1, 9], "texture": "#1"},
				"west": {"uv": [0, 0, 16, 9], "texture": "#1"},
				"up": {"uv": [0, 0, 1, 16], "texture": "#1"},
				"down": {"uv": [0, 0, 1, 16], "texture": "#1"}
			}
		},
		{
			"from": [0.84719, -1.60298, 19.75],
			"to": [2.84719, 12.79702, 20],
			"rotation": {"angle": 22.5, "axis": "z", "origin": [1.34719, 3.89702, 4]},
			"faces": {
				"north": {"uv": [0, 0, 2, 9.4], "texture": "#3"},
				"east": {"uv": [0, 0, 0.25, 9.4], "texture": "#3"},
				"south": {"uv": [0, 0, 2, 9.4], "texture": "#3"},
				"west": {"uv": [0, 0, 0.25, 9.4], "texture": "#3"},
				"up": {"uv": [0, 0, 2, 0.25], "texture": "#3"},
				"down": {"uv": [0, 0, 2, 0.25], "texture": "#3"}
			}
		},
		{
			"from": [0.84719, -1.60298, -4],
			"to": [2.84719, 12.79702, -3.75],
			"rotation": {"angle": 22.5, "axis": "z", "origin": [1.34719, 3.89702, -19.5]},
			"faces": {
				"north": {"uv": [0, 0, 2, 9.4], "texture": "#3"},
				"east": {"uv": [0, 0, 0.25, 9.4], "texture": "#3"},
				"south": {"uv": [0, 0, 2, 9.4], "texture": "#3"},
				"west": {"uv": [0, 0, 0.25, 9.4], "texture": "#3"},
				"up": {"uv": [0, 0, 2, 0.25], "texture": "#3"},
				"down": {"uv": [0, 0, 2, 0.25], "texture": "#3"}
			}
		},
		{
			"from": [13.19719, -1.60298, 19.75],
			"to": [15.19719, 12.79702, 20],
			"rotation": {"angle": -22.5, "axis": "z", "origin": [14.69719, 3.89702, 4]},
			"faces": {
				"north": {"uv": [0, 0, 2, 9.4], "texture": "#3"},
				"east": {"uv": [0, 0, 0.25, 9.4], "texture": "#3"},
				"south": {"uv": [0, 0, 2, 9.4], "texture": "#3"},
				"west": {"uv": [0, 0, 0.25, 9.4], "texture": "#3"},
				"up": {"uv": [0, 0, 2, 0.25], "texture": "#3"},
				"down": {"uv": [0, 0, 2, 0.25], "texture": "#3"}
			}
		},
		{
			"from": [13.19719, -1.60298, -4],
			"to": [15.19719, 12.79702, -3.75],
			"rotation": {"angle": -22.5, "axis": "z", "origin": [14.69719, 3.89702, -19.5]},
			"faces": {
				"north": {"uv": [0, 0, 2, 9.4], "texture": "#3"},
				"east": {"uv": [0, 0, 0.25, 9.4], "texture": "#3"},
				"south": {"uv": [0, 0, 2, 9.4], "texture": "#3"},
				"west": {"uv": [0, 0, 0.25, 9.4], "texture": "#3"},
				"up": {"uv": [0, 0, 2, 0.25], "texture": "#3"},
				"down": {"uv": [0, 0, 2, 0.25], "texture": "#3"}
			}
		},
		{
			"from": [-2.65281, 11.39702, 19.75],
			"to": [-0.65281, 29.04702, 20],
			"rotation": {"angle": -22.5, "axis": "z", "origin": [-2.15281, 11.89702, 4]},
			"faces": {
				"north": {"uv": [0, 0, 2, 16], "texture": "#3"},
				"east": {"uv": [0, 0, 2, 16], "texture": "#3"},
				"south": {"uv": [0, 0, 2, 16], "texture": "#3"},
				"west": {"uv": [0, 0, 2, 16], "texture": "#3"},
				"up": {"uv": [0, 0, 2, 16], "texture": "#3"},
				"down": {"uv": [0, 0, 2, 16], "texture": "#3"}
			}
		},
		{
			"from": [-2.65281, 11.39702, -4],
			"to": [-0.65281, 29.04702, -3.75],
			"rotation": {"angle": -22.5, "axis": "z", "origin": [-2.15281, 11.89702, -19.5]},
			"faces": {
				"north": {"uv": [0, 0, 2, 16], "texture": "#3"},
				"east": {"uv": [0, 0, 0.25, 16], "texture": "#3"},
				"south": {"uv": [0, 0, 2, 16], "texture": "#3"},
				"west": {"uv": [0, 0, 0.25, 16], "texture": "#3"},
				"up": {"uv": [0, 0, 2, 0.25], "texture": "#3"},
				"down": {"uv": [0, 0, 2, 0.25], "texture": "#3"}
			}
		},
		{
			"from": [16.59719, 11.39702, 19.75],
			"to": [18.59719, 29.04702, 20],
			"rotation": {"angle": 22.5, "axis": "z", "origin": [18.09719, 11.89702, 4]},
			"faces": {
				"north": {"uv": [0, 0, 2, 16], "texture": "#3"},
				"east": {"uv": [0, 0, 0.25, 16], "texture": "#3"},
				"south": {"uv": [0, 0, 2, 16], "texture": "#3"},
				"west": {"uv": [0, 0, 0.25, 16], "texture": "#3"},
				"up": {"uv": [0, 0, 2, 0.25], "texture": "#3"},
				"down": {"uv": [0, 0, 2, 0.25], "texture": "#3"}
			}
		},
		{
			"from": [16.59719, 11.39702, -4],
			"to": [18.59719, 29.04702, -3.75],
			"rotation": {"angle": 22.5, "axis": "z", "origin": [18.09719, 11.89702, -19.5]},
			"faces": {
				"north": {"uv": [0, 0, 2, 16], "texture": "#3"},
				"east": {"uv": [0, 0, 0.25, 16], "texture": "#3"},
				"south": {"uv": [0, 0, 2, 16], "texture": "#3"},
				"west": {"uv": [0, 0, 0.25, 16], "texture": "#3"},
				"up": {"uv": [0, 0, 2, 0.25], "texture": "#3"},
				"down": {"uv": [0, 0, 2, 0.25], "texture": "#3"}
			}
		},
		{
			"from": [4.34719, 25.59702, 19.75],
			"to": [11.49719, 27.59702, 20],
			"rotation": {"angle": 0, "axis": "z", "origin": [-0.15281, 27.09702, 4]},
			"faces": {
				"north": {"uv": [0, 0, 2, 7.15], "rotation": 270, "texture": "#3"},
				"east": {"uv": [0, 0, 2, 0.25], "rotation": 90, "texture": "#3"},
				"south": {"uv": [0, 0, 2, 7.15], "rotation": 90, "texture": "#3"},
				"west": {"uv": [0, 0, 2, 0.25], "rotation": 90, "texture": "#3"},
				"up": {"uv": [0, 0, 0.25, 7.15], "rotation": 90, "texture": "#3"},
				"down": {"uv": [0, 0, 0.25, 7.15], "rotation": 90, "texture": "#3"}
			}
		},
		{
			"from": [4.34719, 25.59702, -4],
			"to": [11.49719, 27.59702, -3.75],
			"rotation": {"angle": 0, "axis": "z", "origin": [-0.15281, 27.09702, -19.5]},
			"faces": {
				"north": {"uv": [0, 0, 2, 7.15], "rotation": 270, "texture": "#3"},
				"east": {"uv": [0, 0, 2, 0.25], "rotation": 90, "texture": "#3"},
				"south": {"uv": [0, 0, 2, 7.15], "rotation": 90, "texture": "#3"},
				"west": {"uv": [0, 0, 2, 0.25], "rotation": 90, "texture": "#3"},
				"up": {"uv": [0, 0, 0.25, 7.15], "rotation": 90, "texture": "#3"},
				"down": {"uv": [0, 0, 0.25, 7.15], "rotation": 90, "texture": "#3"}
			}
		},
		{
			"from": [16.81646, -1.85746, -4],
			"to": [21.81646, 12.14254, 20],
			"rotation": {"angle": -22.5, "axis": "z", "origin": [17.31646, 7.64254, 8]},
			"faces": {
				"north": {"uv": [0, 0, 1, 9], "texture": "#1"},
				"east": {"uv": [0, 0, 16, 9], "texture": "#1"},
				"south": {"uv": [0, 0, 1, 9], "texture": "#1"},
				"west": {"uv": [0, 0, 16, 9], "texture": "#1"},
				"up": {"uv": [0, 0, 1, 16], "texture": "#1"},
				"down": {"uv": [0, 0, 1, 16], "texture": "#1"}
			}
		}
	],
	"display": {
		"head": {
			"translation": [0, -23.5, 0],
			"scale": [2.665, 2.665, 2.665]
		}
	},
	"groups": [
		{
			"name": "defaultconsoleroof",
			"origin": [8, 8, 8],
			"children": []
		}, 0, 1, 2, 3, 4, 5, 6, 7, 8, 9, 10, 11, 12, 13, 14]
}