{
	"credit": "Made with Blockbench",
	"textures": {
		"0": "custom/tardis_maintenance_corridor",
		"particle": "custom/tardis_lamp"
	},
	"elements": [
		{
			"from": [21.09273, -1.88029, 15.7],
			"to": [22.59273, 6.71971, 31.7],
			"rotation": {"angle": -22.5, "axis": "z", "origin": [22.09273, 2.41971, 23.7], "rescale": true},
			"faces": {
				"north": {"uv": [0, 0, 1, 8.6], "texture": "#0"},
				"east": {"uv": [0, 0, 16, 8.6], "texture": "#0"},
				"south": {"uv": [0, 0, 1, 8.6], "texture": "#0"},
				"west": {"uv": [0, 0, 16, 8.6], "texture": "#0"},
				"up": {"uv": [0, 0, 1, 16], "texture": "#0"},
				"down": {"uv": [0, 0, 1, 16], "texture": "#0"}
			}
		},
		{
			"from": [-0.2, 29.8, 15.7],
			"to": [15.8, 30.8, 31.7],
			"rotation": {"angle": 0, "axis": "y", "origin": [1.2, 22.8, 23.7]},
			"faces": {
				"north": {"uv": [0, 0, 16, 1], "texture": "#0"},
				"east": {"uv": [0, 0, 16, 1], "texture": "#0"},
				"south": {"uv": [0, 0, 16, 1], "texture": "#0"},
				"west": {"uv": [0, 0, 16, 1], "texture": "#0"},
				"up": {"uv": [0, 0, 16, 16], "texture": "#0"},
				"down": {"uv": [0, 0, 16, 16], "texture": "#0"}
			}
		},
		{
			"from": [-4.2, -2.1, 15.7],
			"to": [19.8, -1.1, 31.7],
			"rotation": {"angle": 0, "axis": "y", "origin": [1.2, -9.1, 23.7]},
			"faces": {
				"north": {"uv": [0, 0, 16, 1], "texture": "#0"},
				"east": {"uv": [0, 0, 16, 1], "texture": "#0"},
				"south": {"uv": [0, 0, 16, 1], "texture": "#0"},
				"west": {"uv": [0, 0, 16, 1], "texture": "#0"},
				"up": {"uv": [0, 0, 16, 16], "texture": "#0"},
				"down": {"uv": [0, 0, 16, 16], "texture": "#0"}
			}
		},
		{
			"from": [20.7, 9.8, 15.7],
			"to": [24.2, 31.8, 31.7],
			"rotation": {"angle": 22.5, "axis": "z", "origin": [21.7, 15.3, 21.2]},
			"faces": {
				"north": {"uv": [0, 0, 3, 16], "texture": "#0"},
				"east": {"uv": [0, 0, 16, 16], "texture": "#0"},
				"south": {"uv": [0, 0, 3, 16], "texture": "#0"},
				"west": {"uv": [0, 0, 16, 16], "texture": "#0"},
				"up": {"uv": [0, 0, 3, 16], "texture": "#0"},
				"down": {"uv": [0, 0, 3, 16], "texture": "#0"}
			}
		},
		{
			"from": [20.99273, 12.91971, 15.7],
			"to": [24.2, 22.81971, 31.7],
			"rotation": {"angle": 0, "axis": "z", "origin": [22.09273, 2.41971, 23.7], "rescale": true},
			"faces": {
				"north": {"uv": [0, 0, 3.20727, 9.9], "texture": "#0"},
				"east": {"uv": [0, 0, 16, 9.9], "texture": "#0"},
				"south": {"uv": [0, 0, 3.20727, 9.9], "texture": "#0"},
				"west": {"uv": [0, 0, 16, 9.9], "texture": "#0"},
				"up": {"uv": [0, 0, 3.20727, 16], "texture": "#0"},
				"down": {"uv": [0, 0, 3.20727, 16], "texture": "#0"}
			}
		},
		{
			"from": [-10.00727, 10.01971, 15.7],
			"to": [-6.8, 22.81971, 31.7],
			"rotation": {"angle": 0, "axis": "z", "origin": [-8.90727, 2.41971, 23.7], "rescale": true},
			"faces": {
				"north": {"uv": [0, 0, 3.20727, 9.9], "texture": "#0"},
				"east": {"uv": [0, 0, 16, 9.9], "texture": "#0"},
				"south": {"uv": [0, 0, 3.20727, 9.9], "texture": "#0"},
				"west": {"uv": [0, 0, 16, 9.9], "texture": "#0"},
				"up": {"uv": [0, 0, 3.20727, 16], "texture": "#0"},
				"down": {"uv": [0, 0, 3.20727, 16], "texture": "#0"}
			}
		},
		{
			"from": [19.09273, 17.41971, 15.7],
			"to": [20.99273, 22.81971, 31.7],
			"rotation": {"angle": 0, "axis": "z", "origin": [22.09273, 2.41971, 23.7], "rescale": true},
			"faces": {
				"north": {"uv": [0, 0, 1.9, 5.4], "texture": "#0"},
				"east": {"uv": [0, 0, 16, 5.4], "texture": "#0"},
				"south": {"uv": [0, 0, 1.9, 5.4], "texture": "#0"},
				"west": {"uv": [0, 0, 16, 5.4], "texture": "#0"},
				"up": {"uv": [0, 0, 1.9, 16], "texture": "#0"},
				"down": {"uv": [0, 0, 1.9, 16], "texture": "#0"}
			}
		},
		{
			"from": [-4.70727, 17.41971, 15.7],
			"to": [-2.80727, 22.81971, 31.7],
			"rotation": {"angle": 0, "axis": "z", "origin": [-1.70727, 2.41971, 23.7], "rescale": true},
			"faces": {
				"north": {"uv": [0, 0, 1.9, 5.4], "texture": "#0"},
				"east": {"uv": [0, 0, 16, 5.4], "texture": "#0"},
				"south": {"uv": [0, 0, 1.9, 5.4], "texture": "#0"},
				"west": {"uv": [0, 0, 16, 5.4], "texture": "#0"},
				"up": {"uv": [0, 0, 1.9, 16], "texture": "#0"},
				"down": {"uv": [0, 0, 1.9, 16], "texture": "#0"}
			}
		},
		{
			"from": [23.09273, 4.41971, 15.7],
			"to": [24.2, 22.81971, 31.7],
			"rotation": {"angle": 0, "axis": "z", "origin": [22.09273, 2.41971, 23.7], "rescale": true},
			"faces": {
				"north": {"uv": [0, 0, 1.10727, 16], "texture": "#0"},
				"east": {"uv": [0, 0, 16, 16], "texture": "#0"},
				"south": {"uv": [0, 0, 1.10727, 16], "texture": "#0"},
				"west": {"uv": [0, 0, 16, 16], "texture": "#0"},
				"up": {"uv": [0, 0, 1.10727, 16], "texture": "#0"},
				"down": {"uv": [0, 0, 1.10727, 16], "texture": "#0"}
			}
		},
		{
			"from": [-12.40727, 4.41971, 15.7],
			"to": [-10.1, 22.81971, 31.7],
			"rotation": {"angle": 0, "axis": "z", "origin": [-13.40727, 2.41971, 23.7], "rescale": true},
			"faces": {
				"north": {"uv": [0, 0, 1.10727, 16], "texture": "#0"},
				"east": {"uv": [0, 0, 16, 16], "texture": "#0"},
				"south": {"uv": [0, 0, 1.10727, 16], "texture": "#0"},
				"west": {"uv": [0, 0, 16, 16], "texture": "#0"},
				"up": {"uv": [0, 0, 1.10727, 16], "texture": "#0"},
				"down": {"uv": [0, 0, 1.10727, 16], "texture": "#0"}
			}
		},
		{
			"from": [22.7, 6.1, 15.7],
			"to": [24.2, 10.4, 31.7],
			"rotation": {"angle": 0, "axis": "y", "origin": [31.2, 21.8, 23.7]},
			"faces": {
				"north": {"uv": [0, 0, 1, 4.3], "texture": "#0"},
				"east": {"uv": [0, 0, 16, 4.3], "texture": "#0"},
				"south": {"uv": [0, 0, 1, 4.3], "texture": "#0"},
				"west": {"uv": [0, 0, 16, 4.3], "texture": "#0"},
				"up": {"uv": [0, 0, 1, 16], "texture": "#0"},
				"down": {"uv": [0, 0, 1, 16], "texture": "#0"}
			}
		},
		{
			"from": [22.59273, 2.91971, 15.7],
			"to": [24.2, 4.41971, 31.7],
			"rotation": {"angle": 0, "axis": "z", "origin": [22.09273, 2.41971, 23.7], "rescale": true},
			"faces": {
				"north": {"uv": [0, 0, 1.60727, 1.5], "texture": "#0"},
				"east": {"uv": [0, 0, 16, 1.5], "texture": "#0"},
				"south": {"uv": [0, 0, 1.60727, 1.5], "texture": "#0"},
				"west": {"uv": [0, 0, 16, 1.5], "texture": "#0"},
				"up": {"uv": [0, 0, 1.60727, 16], "texture": "#0"},
				"down": {"uv": [0, 0, 1.60727, 16], "texture": "#0"}
			}
		},
		{
			"from": [-11.90727, 2.91971, 15.7],
			"to": [-9.8, 4.41971, 31.7],
			"rotation": {"angle": 0, "axis": "z", "origin": [-11.90727, 2.41971, 23.7], "rescale": true},
			"faces": {
				"north": {"uv": [0, 0, 1.60727, 1.5], "texture": "#0"},
				"east": {"uv": [0, 0, 16, 1.5], "texture": "#0"},
				"south": {"uv": [0, 0, 1.60727, 1.5], "texture": "#0"},
				"west": {"uv": [0, 0, 16, 1.5], "texture": "#0"},
				"up": {"uv": [0, 0, 1.60727, 16], "texture": "#0"},
				"down": {"uv": [0, 0, 1.60727, 16], "texture": "#0"}
			}
		},
		{
			"from": [21.89273, 0.91971, 15.7],
			"to": [24.2, 2.91971, 31.7],
			"rotation": {"angle": 0, "axis": "z", "origin": [22.09273, 2.41971, 23.7], "rescale": true},
			"faces": {
				"north": {"uv": [0, 0, 2.30727, 2], "texture": "#0"},
				"east": {"uv": [0, 0, 16, 2], "texture": "#0"},
				"south": {"uv": [0, 0, 2.30727, 2], "texture": "#0"},
				"west": {"uv": [0, 0, 16, 2], "texture": "#0"},
				"up": {"uv": [0, 0, 2.30727, 16], "texture": "#0"},
				"down": {"uv": [0, 0, 2.30727, 16], "texture": "#0"}
			}
		},
		{
			"from": [-11.40727, 0.91971, 15.7],
			"to": [-8.4, 2.91971, 31.7],
			"rotation": {"angle": 0, "axis": "z", "origin": [-10.50727, 2.41971, 23.7], "rescale": true},
			"faces": {
				"north": {"uv": [0, 0, 2.30727, 2], "texture": "#0"},
				"east": {"uv": [0, 0, 16, 2], "texture": "#0"},
				"south": {"uv": [0, 0, 2.30727, 2], "texture": "#0"},
				"west": {"uv": [0, 0, 16, 2], "texture": "#0"},
				"up": {"uv": [0, 0, 2.30727, 16], "texture": "#0"},
				"down": {"uv": [0, 0, 2.30727, 16], "texture": "#0"}
			}
		},
		{
			"from": [21.09273, -1.28029, 15.7],
			"to": [24.2, 0.91971, 31.7],
			"rotation": {"angle": 0, "axis": "z", "origin": [22.09273, 2.41971, 23.7], "rescale": true},
			"faces": {
				"north": {"uv": [0, 0, 3.10727, 2.2], "texture": "#0"},
				"east": {"uv": [0, 0, 16, 2.2], "texture": "#0"},
				"south": {"uv": [0, 0, 3.10727, 2.2], "texture": "#0"},
				"west": {"uv": [0, 0, 16, 2.2], "texture": "#0"},
				"up": {"uv": [0, 0, 3.10727, 16], "texture": "#0"},
				"down": {"uv": [0, 0, 3.10727, 16], "texture": "#0"}
			}
		},
		{
			"from": [-11.80727, -1.28029, 15.7],
			"to": [-7.2, 0.91971, 31.7],
			"rotation": {"angle": 0, "axis": "z", "origin": [-11.90727, 2.41971, 23.7], "rescale": true},
			"faces": {
				"north": {"uv": [0, 0, 3.10727, 2.2], "texture": "#0"},
				"east": {"uv": [0, 0, 16, 2.2], "texture": "#0"},
				"south": {"uv": [0, 0, 3.10727, 2.2], "texture": "#0"},
				"west": {"uv": [0, 0, 16, 2.2], "texture": "#0"},
				"up": {"uv": [0, 0, 3.10727, 16], "texture": "#0"},
				"down": {"uv": [0, 0, 3.10727, 16], "texture": "#0"}
			}
		},
		{
			"from": [-11.6, -2.2, 15.7],
			"to": [-7.3, 6.4, 31.7],
			"rotation": {"angle": 22.5, "axis": "z", "origin": [-8.3, 6.3, 21.2], "rescale": true},
			"faces": {
				"north": {"uv": [0, 0, 2.3, 8.6], "texture": "#0"},
				"east": {"uv": [0, 0, 16, 8.6], "texture": "#0"},
				"south": {"uv": [0, 0, 2.3, 8.6], "texture": "#0"},
				"west": {"uv": [0, 0, 16, 8.6], "texture": "#0"},
				"up": {"uv": [0, 0, 2.3, 16], "texture": "#0"},
				"down": {"uv": [0, 0, 2.3, 16], "texture": "#0"}
			}
		},
		{
			"from": [-10.3, 6.1, 15.7],
			"to": [-7.3, 10.2, 31.7],
			"rotation": {"angle": 0, "axis": "y", "origin": [-0.8, 21.8, 23.7]},
			"faces": {
				"north": {"uv": [0, 0, 2.5, 4.1], "texture": "#0"},
				"east": {"uv": [0, 0, 16, 4.1], "texture": "#0"},
				"south": {"uv": [0, 0, 2.5, 4.1], "texture": "#0"},
				"west": {"uv": [0, 0, 16, 4.1], "texture": "#0"},
				"up": {"uv": [0, 0, 2.5, 16], "texture": "#0"},
				"down": {"uv": [0, 0, 2.5, 16], "texture": "#0"}
			}
		},
		{
			"from": [-9.7, 9.5, 15.7],
			"to": [-5.3, 31.9, 31.7],
			"rotation": {"angle": -22.5, "axis": "z", "origin": [-6.3, 14.8, 21.2]},
			"faces": {
				"north": {"uv": [0, 0, 12.2, 16], "texture": "#0"},
				"east": {"uv": [0, 0, 16, 16], "texture": "#0"},
				"south": {"uv": [0, 0, 12.2, 16], "texture": "#0"},
				"west": {"uv": [0, 0, 16, 16], "texture": "#0"},
				"up": {"uv": [0, 0, 12.2, 16], "texture": "#0"},
				"down": {"uv": [0, 0, 12.2, 16], "texture": "#0"}
			}
		},
		{
			"from": [-8.8, -2.2, -16],
			"to": [-7.3, 6.4, 15.7],
			"rotation": {"angle": 22.5, "axis": "z", "origin": [-8.3, 6.3, 13.2], "rescale": true},
			"faces": {
				"north": {"uv": [0, 0, 1, 8.6], "texture": "#0"},
				"east": {"uv": [0, 0, 11, 8.6], "texture": "#0"},
				"south": {"uv": [0, 0, 1, 8.6], "texture": "#0"},
				"west": {"uv": [0, 0, 11, 8.6], "texture": "#0"},
				"up": {"uv": [0, 0, 1, 11], "texture": "#0"},
				"down": {"uv": [0, 0, 1, 11], "texture": "#0"}
			}
		},
		{
			"from": [-8.8, 6.1, -16],
			"to": [-7.3, 10.2, 15.7],
			"rotation": {"angle": 0, "axis": "y", "origin": [-0.8, 21.8, 15.7]},
			"faces": {
				"north": {"uv": [0, 0, 1, 4.1], "texture": "#0"},
				"east": {"uv": [0, 0, 11, 4.1], "texture": "#0"},
				"south": {"uv": [0, 0, 1, 4.1], "texture": "#0"},
				"west": {"uv": [0, 0, 11, 4.1], "texture": "#0"},
				"up": {"uv": [0, 0, 1, 11], "texture": "#0"},
				"down": {"uv": [0, 0, 1, 11], "texture": "#0"}
			}
		},
		{
			"from": [-6.8, 9.5, -16],
			"to": [-5.3, 31.9, 15.7],
			"rotation": {"angle": -22.5, "axis": "z", "origin": [-6.3, 14.8, 13.2]},
			"faces": {
				"north": {"uv": [0, 0, 1, 16], "texture": "#0"},
				"east": {"uv": [0, 0, 11, 16], "texture": "#0"},
				"south": {"uv": [0, 0, 1, 16], "texture": "#0"},
				"west": {"uv": [0, 0, 11, 16], "texture": "#0"},
				"up": {"uv": [0, 0, 1, 11], "texture": "#0"},
				"down": {"uv": [0, 0, 1, 11], "texture": "#0"}
			}
		},
		{
			"from": [-0.2, 29.8, -16],
			"to": [15.8, 30.8, 15.7],
			"rotation": {"angle": 0, "axis": "y", "origin": [1.2, 22.8, 15.7]},
			"faces": {
				"north": {"uv": [0, 0, 16, 1], "texture": "#0"},
				"east": {"uv": [0, 0, 11, 1], "texture": "#0"},
				"south": {"uv": [0, 0, 16, 1], "texture": "#0"},
				"west": {"uv": [0, 0, 11, 1], "texture": "#0"},
				"up": {"uv": [0, 0, 16, 11], "texture": "#0"},
				"down": {"uv": [0, 0, 16, 11], "texture": "#0"}
			}
		},
		{
			"from": [-4.2, -2.1, -16],
			"to": [19.8, -1.1, 15.7],
			"rotation": {"angle": 0, "axis": "y", "origin": [1.2, -9.1, 15.7]},
			"faces": {
				"north": {"uv": [0, 0, 16, 1], "texture": "#0"},
				"east": {"uv": [0, 0, 11, 1], "texture": "#0"},
				"south": {"uv": [0, 0, 16, 1], "texture": "#0"},
				"west": {"uv": [0, 0, 11, 1], "texture": "#0"},
				"up": {"uv": [0, 0, 16, 11], "texture": "#0"},
				"down": {"uv": [0, 0, 16, 11], "texture": "#0"}
			}
		},
		{
			"from": [20.7, 9.8, -16],
			"to": [22.2, 31.8, 15.7],
			"rotation": {"angle": 22.5, "axis": "z", "origin": [21.7, 15.3, 13.2]},
			"faces": {
				"north": {"uv": [0, 0, 1, 16], "texture": "#0"},
				"east": {"uv": [0, 0, 11, 16], "texture": "#0"},
				"south": {"uv": [0, 0, 1, 16], "texture": "#0"},
				"west": {"uv": [0, 0, 11, 16], "texture": "#0"},
				"up": {"uv": [0, 0, 1, 11], "texture": "#0"},
				"down": {"uv": [0, 0, 1, 11], "texture": "#0"}
			}
		},
		{
			"from": [22.7, 6.1, -16],
			"to": [24.2, 10.4, 15.7],
			"rotation": {"angle": 0, "axis": "y", "origin": [31.2, 21.8, 15.7]},
			"faces": {
				"north": {"uv": [0, 0, 1, 4.3], "texture": "#0"},
				"east": {"uv": [0, 0, 11, 4.3], "texture": "#0"},
				"south": {"uv": [0, 0, 1, 4.3], "texture": "#0"},
				"west": {"uv": [0, 0, 11, 4.3], "texture": "#0"},
				"up": {"uv": [0, 0, 1, 11], "texture": "#0"},
				"down": {"uv": [0, 0, 1, 11], "texture": "#0"}
			}
		},
		{
			"from": [22.7, -2.2, -16],
			"to": [24.2, 6.4, 15.7],
			"rotation": {"angle": -22.5, "axis": "z", "origin": [23.7, 6.3, 13.2], "rescale": true},
			"faces": {
				"north": {"uv": [0, 0, 1, 8.6], "texture": "#0"},
				"east": {"uv": [0, 0, 11, 8.6], "texture": "#0"},
				"south": {"uv": [0, 0, 1, 8.6], "texture": "#0"},
				"west": {"uv": [0, 0, 11, 8.6], "texture": "#0"},
				"up": {"uv": [0, 0, 1, 11], "texture": "#0"},
				"down": {"uv": [0, 0, 1, 11], "texture": "#0"}
			}
		}
	],
	"display": {
		"thirdperson_righthand": {
			"translation": [0, 0, 9.5]
		},
		"head": {
			"translation": [0.25, -28, 13],
			"scale": [1.6, 1.6, 1.6]
		}
	},
	"groups": [
		{
			"name": "group",
			"origin": [1.5, 1, -10.5],
			"children": [0, 1, 2, 3, 4, 5, 6, 7, 8, 9, 10, 11, 12, 13, 14, 15, 16, 17, 18, 19]
		},
		{
			"name": "group",
			"origin": [31.5, -7.5, 5.5],
			"children": [20, 21, 22, 23, 24, 25, 26, 27]
		}
	]
}