{
	"credit": "Made with Blockbench",
	"textures": {
		"particle": "custom/light_gray_concrete",
		"1_7": "custom/light_gray_concrete"
	},
	"elements": [
		{
			"from": [6, -15.4, -3],
			"to": [14, 3.9, 7],
			"rotation": {"angle": 0, "axis": "y", "origin": [6.80852, -3.83433, 2]},
			"faces": {
				"north": {"uv": [0, 0, 16, 16], "texture": "#1_7"},
				"east": {"uv": [0, 0, 0.25, 16], "texture": "#1_7"},
				"south": {"uv": [0, 0, 16, 16], "texture": "#1_7"},
				"west": {"uv": [0, 0, 0.25, 16], "texture": "#1_7"},
				"up": {"uv": [0, 0, 16, 0.25], "texture": "#1_7"},
				"down": {"uv": [0, 0, 16, 0.25], "texture": "#1_7"}
			}
		},
		{
			"from": [3.8, -15.4, -3],
			"to": [6, -10.4, 7],
			"rotation": {"angle": 0, "axis": "y", "origin": [6.80852, -3.83433, 2]},
			"faces": {
				"north": {"uv": [0, 0, 16, 16], "texture": "#1_7"},
				"east": {"uv": [0, 0, 0.25, 16], "texture": "#1_7"},
				"south": {"uv": [0, 0, 16, 16], "texture": "#1_7"},
				"west": {"uv": [0, 0, 0.25, 16], "texture": "#1_7"},
				"up": {"uv": [0, 0, 16, 0.25], "texture": "#1_7"},
				"down": {"uv": [0, 0, 16, 0.25], "texture": "#1_7"}
			}
		},
		{
			"from": [6.92003, -2.16135, -3],
			"to": [8.92003, 8.93865, 7],
			"rotation": {"angle": 22.5, "axis": "z", "origin": [6.80852, -3.83433, 2]},
			"faces": {
				"north": {"uv": [0, 0, 16, 16], "texture": "#1_7"},
				"east": {"uv": [0, 0, 0.25, 16], "texture": "#1_7"},
				"south": {"uv": [0, 0, 16, 16], "texture": "#1_7"},
				"west": {"uv": [0, 0, 0.25, 16], "texture": "#1_7"},
				"up": {"uv": [0, 0, 16, 0.25], "texture": "#1_7"},
				"down": {"uv": [0, 0, 16, 0.25], "texture": "#1_7"}
			}
		},
		{
			"from": [6.66195, -16, -3],
			"to": [8.46195, -4.3, 7],
			"rotation": {"angle": -22.5, "axis": "z", "origin": [6.80852, -3.83433, 2]},
			"faces": {
				"north": {"uv": [0, 0, 16, 16], "texture": "#1_7"},
				"east": {"uv": [0, 0, 0.25, 16], "texture": "#1_7"},
				"south": {"uv": [0, 0, 16, 16], "texture": "#1_7"},
				"west": {"uv": [0, 0, 0.25, 16], "texture": "#1_7"},
				"up": {"uv": [0, 0, 16, 0.25], "texture": "#1_7"},
				"down": {"uv": [0, 0, 16, 0.25], "texture": "#1_7"}
			}
		},
		{
			"from": [4, 3.9, -3],
			"to": [14, 8, 7],
			"rotation": {"angle": 0, "axis": "y", "origin": [6.80852, -3.83433, 2]},
			"faces": {
				"north": {"uv": [0, 0, 16, 16], "texture": "#1_7"},
				"east": {"uv": [0, 0, 0.25, 16], "texture": "#1_7"},
				"south": {"uv": [0, 0, 16, 16], "texture": "#1_7"},
				"west": {"uv": [0, 0, 0.25, 16], "texture": "#1_7"},
				"up": {"uv": [0, 0, 16, 0.25], "texture": "#1_7"},
				"down": {"uv": [0, 0, 16, 0.25], "texture": "#1_7"}
			}
		},
		{
			"from": [2, 7.9, -3],
			"to": [14, 32, 7],
			"rotation": {"angle": 0, "axis": "y", "origin": [17, 7, 9]},
			"faces": {
				"north": {"uv": [0, 0, 16, 16], "texture": "#1_7"},
				"east": {"uv": [0, 0, 0.25, 16], "texture": "#1_7"},
				"south": {"uv": [0, 0, 16, 16], "texture": "#1_7"},
				"west": {"uv": [0, 0, 0.25, 16], "texture": "#1_7"},
				"up": {"uv": [0, 0, 16, 0.25], "texture": "#1_7"},
				"down": {"uv": [0, 0, 16, 0.25], "texture": "#1_7"}
			}
		}
	],
	"display": {
		"thirdperson_righthand": {
			"translation": [0, 0, 9.5]
		},
		"head": {
			"translation": [0, -30.5, 0],
			"scale": [1.6, 1.6, 1.6]
		}
	},
	"groups": [
		{
			"name": "neon_deco_wallued",
			"origin": [8, 8, 8],
			"children": [0, 1, 2, 3, 4, 5]
		}
	]
}