{
	"credit": "Made with Blockbench",
	"textures": {
		"0": "custom/tardis_maintenance_corridor",
		"particle": "custom/tardis_lamp"
	},
	"elements": [
		{
			"from": [-5.2, 29.8, -12.2],
			"to": [10.8, 30.8, 19.9],
			"rotation": {"angle": 0, "axis": "y", "origin": [0.522, 14.95638, 3.8875]},
			"faces": {
				"north": {"uv": [0, 0, 16, 1], "texture": "#0"},
				"east": {"uv": [0, 0, 11, 1], "texture": "#0"},
				"south": {"uv": [0, 0, 16, 1], "texture": "#0"},
				"west": {"uv": [0, 0, 11, 1], "texture": "#0"},
				"up": {"uv": [0, 0, 16, 11], "texture": "#0"},
				"down": {"uv": [0, 0, 16, 11], "texture": "#0"}
			}
		},
		{
			"from": [9.75, -1.2, -12.15],
			"to": [18.65, 30.8, -3.15],
			"rotation": {"angle": 0, "axis": "y", "origin": [0.522, 14.95638, 3.8875]},
			"faces": {
				"north": {"uv": [0, 0, 11, 1], "texture": "#0"},
				"east": {"uv": [0, 0, 16, 1], "texture": "#0"},
				"south": {"uv": [0, 0, 11, 1], "texture": "#0"},
				"west": {"uv": [0, 0, 16, 1], "texture": "#0"},
				"up": {"uv": [0, 0, 16, 11], "rotation": 270, "texture": "#0"},
				"down": {"uv": [0, 0, 16, 11], "rotation": 90, "texture": "#0"}
			}
		},
		{
			"from": [-14, -1.2, 10.925],
			"to": [-5.1, 30.8, 19.925],
			"rotation": {"angle": 0, "axis": "y", "origin": [-11.15599, 14.8, 3.925]},
			"faces": {
				"north": {"uv": [0, 0, 11, 1], "texture": "#0"},
				"east": {"uv": [0, 0, 16, 1], "texture": "#0"},
				"south": {"uv": [0, 0, 11, 1], "texture": "#0"},
				"west": {"uv": [0, 0, 16, 1], "texture": "#0"},
				"up": {"uv": [0, 0, 16, 11], "rotation": 90, "texture": "#0"},
				"down": {"uv": [0, 0, 16, 11], "rotation": 270, "texture": "#0"}
			}
		},
		{
			"from": [9.75, -1.2, 10.85],
			"to": [18.65, 30.8, 19.85],
			"rotation": {"angle": 0, "axis": "y", "origin": [0.522, 14.95638, 3.8875]},
			"faces": {
				"north": {"uv": [0, 0, 11, 1], "texture": "#0"},
				"east": {"uv": [0, 0, 16, 1], "texture": "#0"},
				"south": {"uv": [0, 0, 11, 1], "texture": "#0"},
				"west": {"uv": [0, 0, 16, 1], "texture": "#0"},
				"up": {"uv": [0, 0, 16, 11], "rotation": 270, "texture": "#0"},
				"down": {"uv": [0, 0, 16, 11], "rotation": 90, "texture": "#0"}
			}
		},
		{
			"from": [-14, -1.2, -12.075],
			"to": [-5.1, 30.8, -3.075],
			"rotation": {"angle": 0, "axis": "y", "origin": [-11.15599, 14.8, 3.925]},
			"faces": {
				"north": {"uv": [0, 0, 11, 1], "texture": "#0"},
				"east": {"uv": [0, 0, 16, 1], "texture": "#0"},
				"south": {"uv": [0, 0, 11, 1], "texture": "#0"},
				"west": {"uv": [0, 0, 16, 1], "texture": "#0"},
				"up": {"uv": [0, 0, 16, 11], "rotation": 90, "texture": "#0"},
				"down": {"uv": [0, 0, 16, 11], "rotation": 270, "texture": "#0"}
			}
		},
		{
			"from": [-14.05, 29.8, -4.15],
			"to": [18.65, 30.8, 11.85],
			"rotation": {"angle": 0, "axis": "y", "origin": [0.522, 14.95638, 3.8875]},
			"faces": {
				"north": {"uv": [0, 0, 11, 1], "texture": "#0"},
				"east": {"uv": [0, 0, 16, 1], "texture": "#0"},
				"south": {"uv": [0, 0, 11, 1], "texture": "#0"},
				"west": {"uv": [0, 0, 16, 1], "texture": "#0"},
				"up": {"uv": [0, 0, 16, 11], "rotation": 270, "texture": "#0"},
				"down": {"uv": [0, 0, 16, 11], "rotation": 90, "texture": "#0"}
			}
		},
		{
			"from": [-14.2, -2.1, -12.2],
			"to": [19.4, -1.1, 19.9],
			"rotation": {"angle": 0, "axis": "y", "origin": [0.522, 14.95638, 3.8875]},
			"faces": {
				"north": {"uv": [0, 0, 16, 1], "texture": "#0"},
				"east": {"uv": [0, 0, 11, 1], "texture": "#0"},
				"south": {"uv": [0, 0, 16, 1], "texture": "#0"},
				"west": {"uv": [0, 0, 11, 1], "texture": "#0"},
				"up": {"uv": [0, 0, 16, 11], "texture": "#0"},
				"down": {"uv": [0, 0, 16, 11], "texture": "#0"}
			}
		}
	],
	"display": {
		"thirdperson_righthand": {
			"translation": [0, 0, 9.5]
		},
		"head": {
			"rotation": [0, -180, 0],
			"translation": [-8.75, -28, -6.75],
			"scale": [1.6, 1.6, 1.6]
		}
	},
	"groups": [
		{
			"name": "group",
			"origin": [31.5, -7.5, 5.5],
			"children": [0, 1, 2, 3, 4, 5, 6]
		}
	]
}