{
	"credit": "Made with Blockbench",
	"textures": {
		"0": "custom/tardis_maintenance_corridor",
		"1": "custom/tardis_printed_circuit2",
		"2": "custom/neon_wall",
		"3": "custom/tardis_cons2r1",
		"4": "custom/orange_stained_glass",
		"particle": "custom/stone",
		"1_1": "custom/yellow_terracotta",
		"1_2": "custom/tardis_cons2r"
	},
	"elements": [
		{
			"from": [-16, -16, 0.75],
			"to": [-9, 25, 1],
			"faces": {
				"north": {"uv": [0, 0, 7, 16], "texture": "#0"},
				"east": {"uv": [0, 0, 0.25, 16], "texture": "#0"},
				"south": {"uv": [0, 0, 7, 16], "texture": "#0"},
				"west": {"uv": [0, 0, 0.25, 16], "texture": "#0"},
				"up": {"uv": [0, 0, 7, 0.25], "texture": "#0"},
				"down": {"uv": [0, 0, 7, 0.25], "texture": "#0"}
			}
		},
		{
			"from": [25, -16, 0.75],
			"to": [32, 25, 1],
			"rotation": {"angle": 0, "axis": "y", "origin": [49, 8, 8]},
			"faces": {
				"north": {"uv": [0, 0, 7, 16], "texture": "#0"},
				"east": {"uv": [0, 0, 0.25, 16], "texture": "#0"},
				"south": {"uv": [0, 0, 7, 16], "texture": "#0"},
				"west": {"uv": [0, 0, 0.25, 16], "texture": "#0"},
				"up": {"uv": [0, 0, 7, 0.25], "texture": "#0"},
				"down": {"uv": [0, 0, 7, 0.25], "texture": "#0"}
			}
		},
		{
			"from": [23, -16, 0.75],
			"to": [25, 7, 1],
			"rotation": {"angle": 0, "axis": "y", "origin": [47, 8, 8]},
			"faces": {
				"north": {"uv": [0, 0, 2, 16], "texture": "#0"},
				"east": {"uv": [0, 0, 0.25, 16], "texture": "#0"},
				"south": {"uv": [0, 0, 2, 16], "texture": "#0"},
				"west": {"uv": [0, 0, 0.25, 16], "texture": "#0"},
				"up": {"uv": [0, 0, 2, 0.25], "texture": "#0"},
				"down": {"uv": [0, 0, 2, 0.25], "texture": "#0"}
			}
		},
		{
			"from": [23, 9, 0.75],
			"to": [25, 25, 1],
			"rotation": {"angle": 0, "axis": "y", "origin": [47, 26, 8]},
			"faces": {
				"north": {"uv": [0, 0, 2, 16], "texture": "#0"},
				"east": {"uv": [0, 0, 0.25, 16], "texture": "#0"},
				"south": {"uv": [0, 0, 2, 16], "texture": "#0"},
				"west": {"uv": [0, 0, 0.25, 16], "texture": "#0"},
				"up": {"uv": [0, 0, 2, 0.25], "texture": "#0"},
				"down": {"uv": [0, 0, 2, 0.25], "texture": "#0"}
			}
		},
		{
			"from": [-9, -16, 0.75],
			"to": [-7, 7, 1],
			"rotation": {"angle": 0, "axis": "y", "origin": [15, 8, 8]},
			"faces": {
				"north": {"uv": [0, 0, 2, 16], "texture": "#0"},
				"east": {"uv": [0, 0, 0.25, 16], "texture": "#0"},
				"south": {"uv": [0, 0, 2, 16], "texture": "#0"},
				"west": {"uv": [0, 0, 0.25, 16], "texture": "#0"},
				"up": {"uv": [0, 0, 2, 0.25], "texture": "#0"},
				"down": {"uv": [0, 0, 2, 0.25], "texture": "#0"}
			}
		},
		{
			"from": [-9, 9, 0.75],
			"to": [-7, 25, 1],
			"rotation": {"angle": 0, "axis": "y", "origin": [15, 26, 8]},
			"faces": {
				"north": {"uv": [0, 0, 2, 16], "texture": "#0"},
				"east": {"uv": [0, 0, 0.25, 16], "texture": "#0"},
				"south": {"uv": [0, 0, 2, 16], "texture": "#0"},
				"west": {"uv": [0, 0, 0.25, 16], "texture": "#0"},
				"up": {"uv": [0, 0, 2, 0.25], "texture": "#0"},
				"down": {"uv": [0, 0, 2, 0.25], "texture": "#0"}
			}
		},
		{
			"from": [-7, -16, 0.75],
			"to": [23, 25, 1],
			"rotation": {"angle": 0, "axis": "y", "origin": [17, 8, 8]},
			"faces": {
				"north": {"uv": [0, 0, 16, 16], "texture": "#0"},
				"east": {"uv": [0, 0, 0.25, 16], "texture": "#0"},
				"south": {"uv": [0, 0, 16, 16], "texture": "#0"},
				"west": {"uv": [0, 0, 0.25, 16], "texture": "#0"},
				"up": {"uv": [0, 0, 16, 0.25], "texture": "#0"},
				"down": {"uv": [0, 0, 16, 0.25], "texture": "#0"}
			}
		},
		{
			"from": [-16, 0.3, 1],
			"to": [-15, 16, 2],
			"rotation": {"angle": 0, "axis": "y", "origin": [-8, 8, 9]},
			"faces": {
				"north": {"uv": [0, 0, 1, 15.7], "texture": "#2"},
				"east": {"uv": [0, 0, 1, 15.7], "texture": "#2"},
				"south": {"uv": [0, 0, 1, 15.7], "texture": "#2"},
				"west": {"uv": [0, 0, 1, 15.7], "texture": "#2"},
				"up": {"uv": [0, 0, 1, 1], "texture": "#2"},
				"down": {"uv": [0, 0, 1, 1], "texture": "#2"}
			}
		},
		{
			"from": [-16, -0.7, 1],
			"to": [-14, 17.2, 1.25],
			"rotation": {"angle": 0, "axis": "y", "origin": [-8, 8, 9]},
			"faces": {
				"north": {"uv": [0, 0, 2, 16], "texture": "#1"},
				"east": {"uv": [0, 0, 0.25, 16], "texture": "#1"},
				"south": {"uv": [0, 0, 2, 16], "texture": "#1"},
				"west": {"uv": [0, 0, 0.25, 16], "texture": "#1"},
				"up": {"uv": [0, 0, 2, 0.25], "texture": "#1"},
				"down": {"uv": [0, 0, 2, 0.25], "texture": "#1"}
			}
		},
		{
			"from": [16, 0.3, 1],
			"to": [17, 16, 2],
			"rotation": {"angle": 0, "axis": "y", "origin": [24, 8, 9]},
			"faces": {
				"north": {"uv": [0, 0, 1, 15.7], "texture": "#2"},
				"east": {"uv": [0, 0, 1, 15.7], "texture": "#2"},
				"south": {"uv": [0, 0, 1, 15.7], "texture": "#2"},
				"west": {"uv": [0, 0, 1, 15.7], "texture": "#2"},
				"up": {"uv": [0, 0, 1, 1], "texture": "#2"},
				"down": {"uv": [0, 0, 1, 1], "texture": "#2"}
			}
		},
		{
			"from": [15, -0.3, 1],
			"to": [18, 16, 1.25],
			"rotation": {"angle": 0, "axis": "y", "origin": [24, 8, 9]},
			"faces": {
				"north": {"uv": [0, 0, 3, 16], "texture": "#1"},
				"east": {"uv": [0, 0, 0.25, 16], "texture": "#1"},
				"south": {"uv": [0, 0, 3, 16], "texture": "#1"},
				"west": {"uv": [0, 0, 0.25, 16], "texture": "#1"},
				"up": {"uv": [0, 0, 3, 0.25], "texture": "#1"},
				"down": {"uv": [0, 0, 3, 0.25], "texture": "#1"}
			}
		},
		{
			"from": [-1, 0.3, 1],
			"to": [0, 16, 2],
			"rotation": {"angle": 0, "axis": "y", "origin": [7, 8, 9]},
			"faces": {
				"north": {"uv": [0, 0, 1, 15.7], "texture": "#2"},
				"east": {"uv": [0, 0, 1, 15.7], "texture": "#2"},
				"south": {"uv": [0, 0, 1, 15.7], "texture": "#2"},
				"west": {"uv": [0, 0, 1, 15.7], "texture": "#2"},
				"up": {"uv": [0, 0, 1, 1], "texture": "#2"},
				"down": {"uv": [0, 0, 1, 1], "texture": "#2"}
			}
		},
		{
			"from": [-2, -0.3, 1],
			"to": [1, 16, 1.25],
			"rotation": {"angle": 0, "axis": "y", "origin": [7, 8, 9]},
			"faces": {
				"north": {"uv": [0, 0, 3, 16], "texture": "#1"},
				"east": {"uv": [0, 0, 0.25, 16], "texture": "#1"},
				"south": {"uv": [0, 0, 3, 16], "texture": "#1"},
				"west": {"uv": [0, 0, 0.25, 16], "texture": "#1"},
				"up": {"uv": [0, 0, 3, 0.25], "texture": "#1"},
				"down": {"uv": [0, 0, 3, 0.25], "texture": "#1"}
			}
		},
		{
			"from": [31, 0.3, 1],
			"to": [32, 16, 2],
			"rotation": {"angle": 0, "axis": "y", "origin": [39, 8, 9]},
			"faces": {
				"north": {"uv": [0, 0, 1, 15.7], "texture": "#2"},
				"east": {"uv": [0, 0, 1, 15.7], "texture": "#2"},
				"south": {"uv": [0, 0, 1, 15.7], "texture": "#2"},
				"west": {"uv": [0, 0, 1, 15.7], "texture": "#2"},
				"up": {"uv": [0, 0, 1, 1], "texture": "#2"},
				"down": {"uv": [0, 0, 1, 1], "texture": "#2"}
			}
		},
		{
			"from": [30, -0.7, 1],
			"to": [32, 17, 1.25],
			"rotation": {"angle": 0, "axis": "y", "origin": [39, 8, 9]},
			"faces": {
				"north": {"uv": [0, 0, 2, 16], "texture": "#1"},
				"east": {"uv": [0, 0, 0.25, 16], "texture": "#1"},
				"south": {"uv": [0, 0, 2, 16], "texture": "#1"},
				"west": {"uv": [0, 0, 0.25, 16], "texture": "#1"},
				"up": {"uv": [0, 0, 2, 0.25], "texture": "#1"},
				"down": {"uv": [0, 0, 2, 0.25], "texture": "#1"}
			}
		},
		{
			"from": [-15.99703, 15.89212, 1],
			"to": [-11.99703, 16.89212, 2],
			"rotation": {"angle": 22.5, "axis": "z", "origin": [-13.99703, 16.39212, 1.5]},
			"faces": {
				"north": {"uv": [0, 0, 4, 1], "texture": "#2"},
				"east": {"uv": [0, 0, 1, 1], "texture": "#2"},
				"south": {"uv": [0, 0, 4, 1], "texture": "#2"},
				"west": {"uv": [0, 0, 1, 1], "texture": "#2"},
				"up": {"uv": [0, 0, 4, 1], "texture": "#2"},
				"down": {"uv": [0, 0, 4, 1], "texture": "#2"}
			}
		},
		{
			"from": [-15.49703, 14.89212, 1],
			"to": [-11.39703, 17.89212, 1.25],
			"rotation": {"angle": 22.5, "axis": "z", "origin": [-13.99703, 16.39212, 1.5]},
			"faces": {
				"north": {"uv": [0, 0, 4.1, 3], "texture": "#1"},
				"east": {"uv": [0, 0, 0.25, 3], "texture": "#1"},
				"south": {"uv": [0, 0, 4.1, 3], "texture": "#1"},
				"west": {"uv": [0, 0, 0.25, 3], "texture": "#1"},
				"up": {"uv": [0, 0, 4.1, 0.25], "texture": "#1"},
				"down": {"uv": [0, 0, 4.1, 0.25], "texture": "#1"}
			}
		},
		{
			"from": [16.00297, 15.89212, 1],
			"to": [20.00297, 16.89212, 2],
			"rotation": {"angle": 22.5, "axis": "z", "origin": [18.00297, 16.39212, 1.5]},
			"faces": {
				"north": {"uv": [0, 0, 4, 1], "texture": "#2"},
				"east": {"uv": [0, 0, 1, 1], "texture": "#2"},
				"south": {"uv": [0, 0, 4, 1], "texture": "#2"},
				"west": {"uv": [0, 0, 1, 1], "texture": "#2"},
				"up": {"uv": [0, 0, 4, 1], "texture": "#2"},
				"down": {"uv": [0, 0, 4, 1], "texture": "#2"}
			}
		},
		{
			"from": [16.00297, 14.89212, 1],
			"to": [20.50297, 17.89212, 1.25],
			"rotation": {"angle": 22.5, "axis": "z", "origin": [18.00297, 16.39212, 1.5]},
			"faces": {
				"north": {"uv": [0, 0, 4.5, 3], "texture": "#1"},
				"east": {"uv": [0, 0, 0.25, 3], "texture": "#1"},
				"south": {"uv": [0, 0, 4.5, 3], "texture": "#1"},
				"west": {"uv": [0, 0, 0.25, 3], "texture": "#1"},
				"up": {"uv": [0, 0, 4.5, 0.25], "texture": "#1"},
				"down": {"uv": [0, 0, 4.5, 0.25], "texture": "#1"}
			}
		},
		{
			"from": [-0.99703, 15.89212, 1],
			"to": [3.00297, 16.89212, 2],
			"rotation": {"angle": 22.5, "axis": "z", "origin": [1.00297, 16.39212, 1.5]},
			"faces": {
				"north": {"uv": [0, 0, 4, 1], "texture": "#2"},
				"east": {"uv": [0, 0, 1, 1], "texture": "#2"},
				"south": {"uv": [0, 0, 4, 1], "texture": "#2"},
				"west": {"uv": [0, 0, 1, 1], "texture": "#2"},
				"up": {"uv": [0, 0, 4, 1], "texture": "#2"},
				"down": {"uv": [0, 0, 4, 1], "texture": "#2"}
			}
		},
		{
			"from": [-0.99703, 14.89212, 1],
			"to": [3.50297, 17.89212, 1.25],
			"rotation": {"angle": 22.5, "axis": "z", "origin": [1.00297, 16.39212, 1.5]},
			"faces": {
				"north": {"uv": [0, 0, 4.5, 3], "texture": "#1"},
				"east": {"uv": [0, 0, 0.25, 3], "texture": "#1"},
				"south": {"uv": [0, 0, 4.5, 3], "texture": "#1"},
				"west": {"uv": [0, 0, 0.25, 3], "texture": "#1"},
				"up": {"uv": [0, 0, 4.5, 0.25], "texture": "#1"},
				"down": {"uv": [0, 0, 4.5, 0.25], "texture": "#1"}
			}
		},
		{
			"from": [-4.09703, 15.89212, 1],
			"to": [-0.09703, 16.89212, 2],
			"rotation": {"angle": -22.5, "axis": "z", "origin": [-2.09703, 16.39212, 1.5]},
			"faces": {
				"north": {"uv": [0, 0, 4, 1], "texture": "#2"},
				"east": {"uv": [0, 0, 1, 1], "texture": "#2"},
				"south": {"uv": [0, 0, 4, 1], "texture": "#2"},
				"west": {"uv": [0, 0, 1, 1], "texture": "#2"},
				"up": {"uv": [0, 0, 4, 1], "texture": "#2"},
				"down": {"uv": [0, 0, 4, 1], "texture": "#2"}
			}
		},
		{
			"from": [-4.69703, 14.89212, 1],
			"to": [-0.09703, 17.89212, 1.25],
			"rotation": {"angle": -22.5, "axis": "z", "origin": [-2.09703, 16.39212, 1.5]},
			"faces": {
				"north": {"uv": [0, 0, 4.6, 3], "texture": "#1"},
				"east": {"uv": [0, 0, 0.25, 3], "texture": "#1"},
				"south": {"uv": [0, 0, 4.6, 3], "texture": "#1"},
				"west": {"uv": [0, 0, 0.25, 3], "texture": "#1"},
				"up": {"uv": [0, 0, 4.6, 0.25], "texture": "#1"},
				"down": {"uv": [0, 0, 4.6, 0.25], "texture": "#1"}
			}
		},
		{
			"from": [12.90297, 15.89212, 1],
			"to": [16.90297, 16.89212, 2],
			"rotation": {"angle": -22.5, "axis": "z", "origin": [14.90297, 16.39212, 1.5]},
			"faces": {
				"north": {"uv": [0, 0, 4, 1], "texture": "#2"},
				"east": {"uv": [0, 0, 1, 1], "texture": "#2"},
				"south": {"uv": [0, 0, 4, 1], "texture": "#2"},
				"west": {"uv": [0, 0, 1, 1], "texture": "#2"},
				"up": {"uv": [0, 0, 4, 1], "texture": "#2"},
				"down": {"uv": [0, 0, 4, 1], "texture": "#2"}
			}
		},
		{
			"from": [12.30297, 14.89212, 1],
			"to": [16.90297, 17.89212, 1.25],
			"rotation": {"angle": -22.5, "axis": "z", "origin": [14.90297, 16.39212, 1.5]},
			"faces": {
				"north": {"uv": [0, 0, 4.6, 3], "texture": "#1"},
				"east": {"uv": [0, 0, 0.25, 3], "texture": "#1"},
				"south": {"uv": [0, 0, 4.6, 3], "texture": "#1"},
				"west": {"uv": [0, 0, 0.25, 3], "texture": "#1"},
				"up": {"uv": [0, 0, 4.6, 0.25], "texture": "#1"},
				"down": {"uv": [0, 0, 4.6, 0.25], "texture": "#1"}
			}
		},
		{
			"from": [27.90297, 15.89212, 1],
			"to": [31.90297, 16.89212, 2],
			"rotation": {"angle": -22.5, "axis": "z", "origin": [29.90297, 16.39212, 1.5]},
			"faces": {
				"north": {"uv": [0, 0, 4, 1], "texture": "#2"},
				"east": {"uv": [0, 0, 1, 1], "texture": "#2"},
				"south": {"uv": [0, 0, 4, 1], "texture": "#2"},
				"west": {"uv": [0, 0, 1, 1], "texture": "#2"},
				"up": {"uv": [0, 0, 4, 1], "texture": "#2"},
				"down": {"uv": [0, 0, 4, 1], "texture": "#2"}
			}
		},
		{
			"from": [27.30297, 14.89212, 1],
			"to": [31.60297, 17.89212, 1.25],
			"rotation": {"angle": -22.5, "axis": "z", "origin": [29.90297, 16.39212, 1.5]},
			"faces": {
				"north": {"uv": [0, 0, 4.3, 3], "texture": "#1"},
				"east": {"uv": [0, 0, 0.25, 3], "texture": "#1"},
				"south": {"uv": [0, 0, 4.3, 3], "texture": "#1"},
				"west": {"uv": [0, 0, 0.25, 3], "texture": "#1"},
				"up": {"uv": [0, 0, 4.3, 0.25], "texture": "#1"},
				"down": {"uv": [0, 0, 4.3, 0.25], "texture": "#1"}
			}
		},
		{
			"from": [-13, 16.7, 1],
			"to": [-12, 25, 2],
			"rotation": {"angle": 0, "axis": "y", "origin": [-5, 24.7, 9]},
			"faces": {
				"north": {"uv": [0, 0, 1, 8.3], "texture": "#2"},
				"east": {"uv": [0, 0, 1, 8.3], "texture": "#2"},
				"south": {"uv": [0, 0, 1, 8.3], "texture": "#2"},
				"west": {"uv": [0, 0, 1, 8.3], "texture": "#2"},
				"up": {"uv": [0, 0, 1, 1], "texture": "#2"},
				"down": {"uv": [0, 0, 1, 1], "texture": "#2"}
			}
		},
		{
			"from": [-14, 16, 1],
			"to": [-11, 25, 1.25],
			"rotation": {"angle": 0, "axis": "y", "origin": [-5, 24.7, 9]},
			"faces": {
				"north": {"uv": [0, 0, 3, 9], "texture": "#1"},
				"east": {"uv": [0, 0, 0.25, 9], "texture": "#1"},
				"south": {"uv": [0, 0, 3, 9], "texture": "#1"},
				"west": {"uv": [0, 0, 0.25, 9], "texture": "#1"},
				"up": {"uv": [0, 0, 3, 0.25], "texture": "#1"},
				"down": {"uv": [0, 0, 3, 0.25], "texture": "#1"}
			}
		},
		{
			"from": [19, 16.7, 1],
			"to": [20, 25, 2],
			"rotation": {"angle": 0, "axis": "y", "origin": [27, 24.7, 9]},
			"faces": {
				"north": {"uv": [0, 0, 1, 8.3], "texture": "#2"},
				"east": {"uv": [0, 0, 1, 8.3], "texture": "#2"},
				"south": {"uv": [0, 0, 1, 8.3], "texture": "#2"},
				"west": {"uv": [0, 0, 1, 8.3], "texture": "#2"},
				"up": {"uv": [0, 0, 1, 1], "texture": "#2"},
				"down": {"uv": [0, 0, 1, 1], "texture": "#2"}
			}
		},
		{
			"from": [18, 16, 1],
			"to": [21, 25, 1.25],
			"rotation": {"angle": 0, "axis": "y", "origin": [27, 24.7, 9]},
			"faces": {
				"north": {"uv": [0, 0, 3, 9], "texture": "#1"},
				"east": {"uv": [0, 0, 0.25, 9], "texture": "#1"},
				"south": {"uv": [0, 0, 3, 9], "texture": "#1"},
				"west": {"uv": [0, 0, 0.25, 9], "texture": "#1"},
				"up": {"uv": [0, 0, 3, 0.25], "texture": "#1"},
				"down": {"uv": [0, 0, 3, 0.25], "texture": "#1"}
			}
		},
		{
			"from": [2, 16.7, 1],
			"to": [3, 25, 2],
			"rotation": {"angle": 0, "axis": "y", "origin": [10, 24.7, 9]},
			"faces": {
				"north": {"uv": [0, 0, 1, 8.3], "texture": "#2"},
				"east": {"uv": [0, 0, 1, 8.3], "texture": "#2"},
				"south": {"uv": [0, 0, 1, 8.3], "texture": "#2"},
				"west": {"uv": [0, 0, 1, 8.3], "texture": "#2"},
				"up": {"uv": [0, 0, 1, 1], "texture": "#2"},
				"down": {"uv": [0, 0, 1, 1], "texture": "#2"}
			}
		},
		{
			"from": [1, 16, 1],
			"to": [4, 25, 1.25],
			"rotation": {"angle": 0, "axis": "y", "origin": [10, 24.7, 9]},
			"faces": {
				"north": {"uv": [0, 0, 3, 9], "texture": "#1"},
				"east": {"uv": [0, 0, 0.25, 9], "texture": "#1"},
				"south": {"uv": [0, 0, 3, 9], "texture": "#1"},
				"west": {"uv": [0, 0, 0.25, 9], "texture": "#1"},
				"up": {"uv": [0, 0, 3, 0.25], "texture": "#1"},
				"down": {"uv": [0, 0, 3, 0.25], "texture": "#1"}
			}
		},
		{
			"from": [-4.1, 16.7, 1],
			"to": [-3.1, 25, 2],
			"rotation": {"angle": 0, "axis": "y", "origin": [3.9, 24.7, 9]},
			"faces": {
				"north": {"uv": [0, 0, 1, 8.3], "texture": "#2"},
				"east": {"uv": [0, 0, 1, 8.3], "texture": "#2"},
				"south": {"uv": [0, 0, 1, 8.3], "texture": "#2"},
				"west": {"uv": [0, 0, 1, 8.3], "texture": "#2"},
				"up": {"uv": [0, 0, 1, 1], "texture": "#2"},
				"down": {"uv": [0, 0, 1, 1], "texture": "#2"}
			}
		},
		{
			"from": [-5.1, 16, 1],
			"to": [-2.1, 25, 1.25],
			"rotation": {"angle": 0, "axis": "y", "origin": [3.9, 24.7, 9]},
			"faces": {
				"north": {"uv": [0, 0, 3, 9], "texture": "#1"},
				"east": {"uv": [0, 0, 0.25, 9], "texture": "#1"},
				"south": {"uv": [0, 0, 3, 9], "texture": "#1"},
				"west": {"uv": [0, 0, 0.25, 9], "texture": "#1"},
				"up": {"uv": [0, 0, 3, 0.25], "texture": "#1"},
				"down": {"uv": [0, 0, 3, 0.25], "texture": "#1"}
			}
		},
		{
			"from": [12.9, 16.7, 1],
			"to": [13.9, 25, 2],
			"rotation": {"angle": 0, "axis": "y", "origin": [20.9, 24.7, 9]},
			"faces": {
				"north": {"uv": [0, 0, 1, 8.3], "texture": "#2"},
				"east": {"uv": [0, 0, 1, 8.3], "texture": "#2"},
				"south": {"uv": [0, 0, 1, 8.3], "texture": "#2"},
				"west": {"uv": [0, 0, 1, 8.3], "texture": "#2"},
				"up": {"uv": [0, 0, 1, 1], "texture": "#2"},
				"down": {"uv": [0, 0, 1, 1], "texture": "#2"}
			}
		},
		{
			"from": [11.9, 16, 1],
			"to": [14.9, 25, 1.25],
			"rotation": {"angle": 0, "axis": "y", "origin": [20.9, 24.7, 9]},
			"faces": {
				"north": {"uv": [0, 0, 3, 9], "texture": "#1"},
				"east": {"uv": [0, 0, 0.25, 9], "texture": "#1"},
				"south": {"uv": [0, 0, 3, 9], "texture": "#1"},
				"west": {"uv": [0, 0, 0.25, 9], "texture": "#1"},
				"up": {"uv": [0, 0, 3, 0.25], "texture": "#1"},
				"down": {"uv": [0, 0, 3, 0.25], "texture": "#1"}
			}
		},
		{
			"from": [27.9, 16.7, 1],
			"to": [28.9, 25, 2],
			"rotation": {"angle": 0, "axis": "y", "origin": [35.9, 24.7, 9]},
			"faces": {
				"north": {"uv": [0, 0, 1, 8.3], "texture": "#2"},
				"east": {"uv": [0, 0, 1, 8.3], "texture": "#2"},
				"south": {"uv": [0, 0, 1, 8.3], "texture": "#2"},
				"west": {"uv": [0, 0, 1, 8.3], "texture": "#2"},
				"up": {"uv": [0, 0, 1, 1], "texture": "#2"},
				"down": {"uv": [0, 0, 1, 1], "texture": "#2"}
			}
		},
		{
			"from": [26.9, 16, 1],
			"to": [29.9, 25, 1.25],
			"rotation": {"angle": 0, "axis": "y", "origin": [35.9, 24.7, 9]},
			"faces": {
				"north": {"uv": [0, 0, 3, 9], "texture": "#1"},
				"east": {"uv": [0, 0, 0.25, 9], "texture": "#1"},
				"south": {"uv": [0, 0, 3, 9], "texture": "#1"},
				"west": {"uv": [0, 0, 0.25, 9], "texture": "#1"},
				"up": {"uv": [0, 0, 3, 0.25], "texture": "#1"},
				"down": {"uv": [0, 0, 3, 0.25], "texture": "#1"}
			}
		},
		{
			"from": [7, -16, 1],
			"to": [9, -9, 2],
			"rotation": {"angle": 0, "axis": "y", "origin": [15, -8, 9]},
			"faces": {
				"north": {"uv": [0, 0, 2, 7], "texture": "#2"},
				"east": {"uv": [0, 0, 1, 7], "texture": "#2"},
				"south": {"uv": [0, 0, 2, 7], "texture": "#2"},
				"west": {"uv": [0, 0, 1, 7], "texture": "#2"},
				"up": {"uv": [0, 0, 2, 1], "texture": "#2"},
				"down": {"uv": [0, 0, 2, 1], "texture": "#2"}
			}
		},
		{
			"from": [6, -16, 1],
			"to": [10, -9, 1.25],
			"rotation": {"angle": 0, "axis": "y", "origin": [15, -8, 9]},
			"faces": {
				"north": {"uv": [0, 0, 4, 7], "texture": "#1"},
				"east": {"uv": [0, 0, 0.25, 7], "texture": "#1"},
				"south": {"uv": [0, 0, 4, 7], "texture": "#1"},
				"west": {"uv": [0, 0, 0.25, 7], "texture": "#1"},
				"up": {"uv": [0, 0, 4, 0.25], "texture": "#1"},
				"down": {"uv": [0, 0, 4, 0.25], "texture": "#1"}
			}
		},
		{
			"from": [0, -9, 1],
			"to": [16, -8, 2],
			"rotation": {"angle": 0, "axis": "y", "origin": [15, -1, 9]},
			"faces": {
				"north": {"uv": [0, 0, 16, 1], "texture": "#2"},
				"east": {"uv": [0, 0, 1, 1], "texture": "#2"},
				"south": {"uv": [0, 0, 16, 1], "texture": "#2"},
				"west": {"uv": [0, 0, 1, 1], "texture": "#2"},
				"up": {"uv": [0, 0, 16, 1], "texture": "#2"},
				"down": {"uv": [0, 0, 16, 1], "texture": "#2"}
			}
		},
		{
			"from": [-0.2, -10, 1],
			"to": [16.2, -7, 1.25],
			"rotation": {"angle": 0, "axis": "y", "origin": [15, -1, 9]},
			"faces": {
				"north": {"uv": [0, 0, 16, 3], "texture": "#1"},
				"east": {"uv": [0, 0, 0.25, 3], "texture": "#1"},
				"south": {"uv": [0, 0, 16, 3], "texture": "#1"},
				"west": {"uv": [0, 0, 0.25, 3], "texture": "#1"},
				"up": {"uv": [0, 0, 16, 0.25], "texture": "#1"},
				"down": {"uv": [0, 0, 16, 0.25], "texture": "#1"}
			}
		},
		{
			"from": [-6.7, -13, 1],
			"to": [2.4, -12, 2],
			"rotation": {"angle": -22.5, "axis": "z", "origin": [11.2, -5, 9]},
			"faces": {
				"north": {"uv": [0, 0, 9.1, 1], "texture": "#2"},
				"east": {"uv": [0, 0, 1, 1], "texture": "#2"},
				"south": {"uv": [0, 0, 9.1, 1], "texture": "#2"},
				"west": {"uv": [0, 0, 1, 1], "texture": "#2"},
				"up": {"uv": [0, 0, 9.1, 1], "texture": "#2"},
				"down": {"uv": [0, 0, 9.1, 1], "texture": "#2"}
			}
		},
		{
			"from": [-7.4, -14, 1],
			"to": [2.6, -11, 1.25],
			"rotation": {"angle": -22.5, "axis": "z", "origin": [11.2, -5, 9]},
			"faces": {
				"north": {"uv": [0, 0, 10, 3], "texture": "#1"},
				"east": {"uv": [0, 0, 0.25, 3], "texture": "#1"},
				"south": {"uv": [0, 0, 10, 3], "texture": "#1"},
				"west": {"uv": [0, 0, 0.25, 3], "texture": "#1"},
				"up": {"uv": [0, 0, 10, 0.25], "texture": "#1"},
				"down": {"uv": [0, 0, 10, 0.25], "texture": "#1"}
			}
		},
		{
			"from": [15.44608, -7.32027, 1],
			"to": [24.54608, -6.32027, 2],
			"rotation": {"angle": 22.5, "axis": "z", "origin": [19.99608, -6.82027, 1.5]},
			"faces": {
				"north": {"uv": [0, 0, 9.1, 1], "texture": "#2"},
				"east": {"uv": [0, 0, 1, 1], "texture": "#2"},
				"south": {"uv": [0, 0, 9.1, 1], "texture": "#2"},
				"west": {"uv": [0, 0, 1, 1], "texture": "#2"},
				"up": {"uv": [0, 0, 9.1, 1], "texture": "#2"},
				"down": {"uv": [0, 0, 9.1, 1], "texture": "#2"}
			}
		},
		{
			"from": [15.24608, -8.32027, 1],
			"to": [25.29608, -5.32027, 1.25],
			"rotation": {"angle": 22.5, "axis": "z", "origin": [19.99608, -6.82027, 1.5]},
			"faces": {
				"north": {"uv": [0, 0, 10.05, 3], "texture": "#1"},
				"east": {"uv": [0, 0, 0.25, 3], "texture": "#1"},
				"south": {"uv": [0, 0, 10.05, 3], "texture": "#1"},
				"west": {"uv": [0, 0, 0.25, 3], "texture": "#1"},
				"up": {"uv": [0, 0, 10.05, 0.25], "texture": "#1"},
				"down": {"uv": [0, 0, 10.05, 0.25], "texture": "#1"}
			}
		},
		{
			"from": [-14.3, -7, 1],
			"to": [-5.5, -6, 2],
			"rotation": {"angle": -22.5, "axis": "z", "origin": [3.3, 1, 9]},
			"faces": {
				"north": {"uv": [0, 0, 8.8, 1], "texture": "#2"},
				"east": {"uv": [0, 0, 1, 1], "texture": "#2"},
				"south": {"uv": [0, 0, 8.8, 1], "texture": "#2"},
				"west": {"uv": [0, 0, 1, 1], "texture": "#2"},
				"up": {"uv": [0, 0, 8.8, 1], "texture": "#2"},
				"down": {"uv": [0, 0, 8.8, 1], "texture": "#2"}
			}
		},
		{
			"from": [-13.8, -8, 1],
			"to": [-5.5, -5, 1.25],
			"rotation": {"angle": -22.5, "axis": "z", "origin": [3.3, 1, 9]},
			"faces": {
				"north": {"uv": [0, 0, 8.3, 3], "texture": "#1"},
				"east": {"uv": [0, 0, 0.25, 3], "texture": "#1"},
				"south": {"uv": [0, 0, 8.3, 3], "texture": "#1"},
				"west": {"uv": [0, 0, 0.25, 3], "texture": "#1"},
				"up": {"uv": [0, 0, 8.3, 0.25], "texture": "#1"},
				"down": {"uv": [0, 0, 8.3, 0.25], "texture": "#1"}
			}
		},
		{
			"from": [17.7, -7, 1],
			"to": [26.5, -6, 2],
			"rotation": {"angle": -22.5, "axis": "z", "origin": [35.3, 1, 9]},
			"faces": {
				"north": {"uv": [0, 0, 8.8, 1], "texture": "#2"},
				"east": {"uv": [0, 0, 1, 1], "texture": "#2"},
				"south": {"uv": [0, 0, 8.8, 1], "texture": "#2"},
				"west": {"uv": [0, 0, 1, 1], "texture": "#2"},
				"up": {"uv": [0, 0, 8.8, 1], "texture": "#2"},
				"down": {"uv": [0, 0, 8.8, 1], "texture": "#2"}
			}
		},
		{
			"from": [17.1, -8, 1],
			"to": [26.5, -5, 1.25],
			"rotation": {"angle": -22.5, "axis": "z", "origin": [35.3, 1, 9]},
			"faces": {
				"north": {"uv": [0, 0, 9.4, 3], "texture": "#1"},
				"east": {"uv": [0, 0, 0.25, 3], "texture": "#1"},
				"south": {"uv": [0, 0, 9.4, 3], "texture": "#1"},
				"west": {"uv": [0, 0, 0.25, 3], "texture": "#1"},
				"up": {"uv": [0, 0, 9.4, 0.25], "texture": "#1"},
				"down": {"uv": [0, 0, 9.4, 0.25], "texture": "#1"}
			}
		},
		{
			"from": [-12.5, 3.1, 1],
			"to": [-3.7, 4.1, 2],
			"rotation": {"angle": 22.5, "axis": "z", "origin": [5.1, 11.1, 9]},
			"faces": {
				"north": {"uv": [0, 0, 8.8, 1], "texture": "#2"},
				"east": {"uv": [0, 0, 1, 1], "texture": "#2"},
				"south": {"uv": [0, 0, 8.8, 1], "texture": "#2"},
				"west": {"uv": [0, 0, 1, 1], "texture": "#2"},
				"up": {"uv": [0, 0, 8.8, 1], "texture": "#2"},
				"down": {"uv": [0, 0, 8.8, 1], "texture": "#2"}
			}
		},
		{
			"from": [-12.5, 2.1, 1],
			"to": [-3.1, 5.1, 1.25],
			"rotation": {"angle": 22.5, "axis": "z", "origin": [5.1, 11.1, 9]},
			"faces": {
				"north": {"uv": [0, 0, 9.4, 3], "texture": "#1"},
				"east": {"uv": [0, 0, 0.25, 3], "texture": "#1"},
				"south": {"uv": [0, 0, 9.4, 3], "texture": "#1"},
				"west": {"uv": [0, 0, 0.25, 3], "texture": "#1"},
				"up": {"uv": [0, 0, 9.4, 0.25], "texture": "#1"},
				"down": {"uv": [0, 0, 9.4, 0.25], "texture": "#1"}
			}
		},
		{
			"from": [19.5, 3.1, 1],
			"to": [28.2, 4.1, 2],
			"rotation": {"angle": 22.5, "axis": "z", "origin": [37.1, 11.1, 9]},
			"faces": {
				"north": {"uv": [0, 0, 8.7, 1], "texture": "#2"},
				"east": {"uv": [0, 0, 1, 1], "texture": "#2"},
				"south": {"uv": [0, 0, 8.7, 1], "texture": "#2"},
				"west": {"uv": [0, 0, 1, 1], "texture": "#2"},
				"up": {"uv": [0, 0, 8.7, 1], "texture": "#2"},
				"down": {"uv": [0, 0, 8.7, 1], "texture": "#2"}
			}
		},
		{
			"from": [19.5, 2.1, 1],
			"to": [27.8, 5.1, 1.25],
			"rotation": {"angle": 22.5, "axis": "z", "origin": [37.1, 11.1, 9]},
			"faces": {
				"north": {"uv": [0, 0, 8.3, 3], "texture": "#1"},
				"east": {"uv": [0, 0, 0.25, 3], "texture": "#1"},
				"south": {"uv": [0, 0, 8.3, 3], "texture": "#1"},
				"west": {"uv": [0, 0, 0.25, 3], "texture": "#1"},
				"up": {"uv": [0, 0, 8.3, 0.25], "texture": "#1"},
				"down": {"uv": [0, 0, 8.3, 0.25], "texture": "#1"}
			}
		},
		{
			"from": [-8.5, -5.5, 1],
			"to": [-7.5, -2, 2],
			"rotation": {"angle": 0, "axis": "y", "origin": [-0.5, 1, 9]},
			"faces": {
				"north": {"uv": [0, 0, 1, 3.5], "texture": "#2"},
				"east": {"uv": [0, 0, 1, 3.5], "texture": "#2"},
				"south": {"uv": [0, 0, 1, 3.5], "texture": "#2"},
				"west": {"uv": [0, 0, 1, 3.5], "texture": "#2"},
				"up": {"uv": [0, 0, 1, 1], "texture": "#2"},
				"down": {"uv": [0, 0, 1, 1], "texture": "#2"}
			}
		},
		{
			"from": [-9.5, -6.1, 1],
			"to": [-6.5, -2, 1.25],
			"rotation": {"angle": 0, "axis": "y", "origin": [-0.5, 1, 9]},
			"faces": {
				"north": {"uv": [0, 0, 3, 4.1], "texture": "#1"},
				"east": {"uv": [0, 0, 0.25, 4.1], "texture": "#1"},
				"south": {"uv": [0, 0, 3, 4.1], "texture": "#1"},
				"west": {"uv": [0, 0, 0.25, 4.1], "texture": "#1"},
				"up": {"uv": [0, 0, 3, 0.25], "texture": "#1"},
				"down": {"uv": [0, 0, 3, 0.25], "texture": "#1"}
			}
		},
		{
			"from": [23.5, -5.5, 1],
			"to": [24.5, -2, 2],
			"rotation": {"angle": 0, "axis": "y", "origin": [31.5, 1, 9]},
			"faces": {
				"north": {"uv": [0, 0, 1, 3.5], "texture": "#2"},
				"east": {"uv": [0, 0, 1, 3.5], "texture": "#2"},
				"south": {"uv": [0, 0, 1, 3.5], "texture": "#2"},
				"west": {"uv": [0, 0, 1, 3.5], "texture": "#2"},
				"up": {"uv": [0, 0, 1, 1], "texture": "#2"},
				"down": {"uv": [0, 0, 1, 1], "texture": "#2"}
			}
		},
		{
			"from": [22.5, -6.2, 1],
			"to": [25.5, -2, 1.25],
			"rotation": {"angle": 0, "axis": "y", "origin": [31.5, 1, 9]},
			"faces": {
				"north": {"uv": [0, 0, 3, 4.2], "texture": "#1"},
				"east": {"uv": [0, 0, 0.25, 4.2], "texture": "#1"},
				"south": {"uv": [0, 0, 3, 4.2], "texture": "#1"},
				"west": {"uv": [0, 0, 0.25, 4.2], "texture": "#1"},
				"up": {"uv": [0, 0, 3, 0.25], "texture": "#1"},
				"down": {"uv": [0, 0, 3, 0.25], "texture": "#1"}
			}
		},
		{
			"from": [-9.04003, 7.2, 0.92409],
			"to": [-7.04003, 9.2, 1.92409],
			"rotation": {"angle": 0, "axis": "y", "origin": [-8.04457, 8.35682, 1.36954]},
			"faces": {
				"north": {"uv": [0, 0, 2, 2], "texture": "#4"},
				"east": {"uv": [0, 0, 1, 2], "texture": "#4"},
				"south": {"uv": [0, 0, 16, 16], "texture": "#4"},
				"west": {"uv": [0, 0, 1, 2], "texture": "#4"},
				"up": {"uv": [0, 0, 2, 1], "rotation": 180, "texture": "#4"},
				"down": {"uv": [0, 0, 2, 1], "rotation": 180, "texture": "#4"}
			}
		},
		{
			"from": [22.95997, 7.2, 0.92409],
			"to": [24.95997, 9.2, 1.92409],
			"rotation": {"angle": 0, "axis": "y", "origin": [23.95543, 8.35682, 1.36954]},
			"faces": {
				"north": {"uv": [0, 0, 2, 2], "texture": "#4"},
				"east": {"uv": [0, 0, 1, 2], "texture": "#4"},
				"south": {"uv": [0, 0, 16, 16], "texture": "#4"},
				"west": {"uv": [0, 0, 1, 2], "texture": "#4"},
				"up": {"uv": [0, 0, 2, 1], "rotation": 180, "texture": "#4"},
				"down": {"uv": [0, 0, 2, 1], "rotation": 180, "texture": "#4"}
			}
		},
		{
			"from": [-11.94003, 4.3, 0.92409],
			"to": [-9.04003, 12.1, 1.32409],
			"rotation": {"angle": 0, "axis": "y", "origin": [-8.04457, 8.35682, 1.36954]},
			"faces": {
				"north": {"uv": [0, 0, 7.8, 7.8], "texture": "#1_2"},
				"east": {"uv": [0, 0, 0.4, 7.8], "texture": "#1_2"},
				"south": {"uv": [4, 5, 11.8, 12.8], "texture": "#1_2"},
				"west": {"uv": [0, 0, 0.4, 7.8], "texture": "#1_2"},
				"up": {"uv": [0, 0, 7.8, 0.4], "rotation": 180, "texture": "#1_2"},
				"down": {"uv": [0, 0, 7.8, 0.4], "rotation": 180, "texture": "#1_2"}
			}
		},
		{
			"from": [20.05997, 4.3, 0.92409],
			"to": [22.95997, 12.1, 1.32409],
			"rotation": {"angle": 0, "axis": "y", "origin": [23.95543, 8.35682, 1.36954]},
			"faces": {
				"north": {"uv": [0, 0, 7.8, 7.8], "texture": "#1_2"},
				"east": {"uv": [0, 0, 0.4, 7.8], "texture": "#1_2"},
				"south": {"uv": [4, 5, 11.8, 12.8], "texture": "#1_2"},
				"west": {"uv": [0, 0, 0.4, 7.8], "texture": "#1_2"},
				"up": {"uv": [0, 0, 7.8, 0.4], "rotation": 180, "texture": "#1_2"},
				"down": {"uv": [0, 0, 7.8, 0.4], "rotation": 180, "texture": "#1_2"}
			}
		},
		{
			"from": [-7.04003, 4.3, 0.92409],
			"to": [-4.14003, 12.1, 1.32409],
			"rotation": {"angle": 0, "axis": "y", "origin": [-8.04457, 8.35682, 1.36954]},
			"faces": {
				"north": {"uv": [0, 0, 7.8, 7.8], "texture": "#1_2"},
				"east": {"uv": [0, 0, 0.4, 7.8], "texture": "#1_2"},
				"south": {"uv": [4, 5, 11.8, 12.8], "texture": "#1_2"},
				"west": {"uv": [0, 0, 0.4, 7.8], "texture": "#1_2"},
				"up": {"uv": [0, 0, 7.8, 0.4], "rotation": 180, "texture": "#1_2"},
				"down": {"uv": [0, 0, 7.8, 0.4], "rotation": 180, "texture": "#1_2"}
			}
		},
		{
			"from": [24.95997, 4.3, 0.92409],
			"to": [27.85997, 12.1, 1.32409],
			"rotation": {"angle": 0, "axis": "y", "origin": [23.95543, 8.35682, 1.36954]},
			"faces": {
				"north": {"uv": [0, 0, 7.8, 7.8], "texture": "#1_2"},
				"east": {"uv": [0, 0, 0.4, 7.8], "texture": "#1_2"},
				"south": {"uv": [4, 5, 11.8, 12.8], "texture": "#1_2"},
				"west": {"uv": [0, 0, 0.4, 7.8], "texture": "#1_2"},
				"up": {"uv": [0, 0, 7.8, 0.4], "rotation": 180, "texture": "#1_2"},
				"down": {"uv": [0, 0, 7.8, 0.4], "rotation": 180, "texture": "#1_2"}
			}
		},
		{
			"from": [-9.14003, 9.2, 0.92409],
			"to": [-7.04003, 12.1, 1.32409],
			"rotation": {"angle": 0, "axis": "y", "origin": [-8.04457, 8.35682, 1.36954]},
			"faces": {
				"north": {"uv": [0, 0, 7.8, 7.8], "texture": "#1_2"},
				"east": {"uv": [0, 0, 0.4, 7.8], "texture": "#1_2"},
				"south": {"uv": [4, 5, 11.8, 12.8], "texture": "#1_2"},
				"west": {"uv": [0, 0, 0.4, 7.8], "texture": "#1_2"},
				"up": {"uv": [0, 0, 7.8, 0.4], "rotation": 180, "texture": "#1_2"},
				"down": {"uv": [0, 0, 7.8, 0.4], "rotation": 180, "texture": "#1_2"}
			}
		},
		{
			"from": [22.85997, 9.2, 0.92409],
			"to": [24.95997, 12.1, 1.32409],
			"rotation": {"angle": 0, "axis": "y", "origin": [23.95543, 8.35682, 1.36954]},
			"faces": {
				"north": {"uv": [0, 0, 7.8, 7.8], "texture": "#1_2"},
				"east": {"uv": [0, 0, 0.4, 7.8], "texture": "#1_2"},
				"south": {"uv": [4, 5, 11.8, 12.8], "texture": "#1_2"},
				"west": {"uv": [0, 0, 0.4, 7.8], "texture": "#1_2"},
				"up": {"uv": [0, 0, 7.8, 0.4], "rotation": 180, "texture": "#1_2"},
				"down": {"uv": [0, 0, 7.8, 0.4], "rotation": 180, "texture": "#1_2"}
			}
		},
		{
			"from": [-9.14003, 4.2, 0.92409],
			"to": [-7.04003, 7.2, 1.32409],
			"rotation": {"angle": 0, "axis": "y", "origin": [-8.04457, 8.35682, 1.36954]},
			"faces": {
				"north": {"uv": [0, 0, 7.8, 7.8], "texture": "#1_2"},
				"east": {"uv": [0, 0, 0.4, 7.8], "texture": "#1_2"},
				"south": {"uv": [4, 5, 11.8, 12.8], "texture": "#1_2"},
				"west": {"uv": [0, 0, 0.4, 7.8], "texture": "#1_2"},
				"up": {"uv": [0, 0, 7.8, 0.4], "rotation": 180, "texture": "#1_2"},
				"down": {"uv": [0, 0, 7.8, 0.4], "rotation": 180, "texture": "#1_2"}
			}
		},
		{
			"from": [22.85997, 4.2, 0.92409],
			"to": [24.95997, 7.2, 1.32409],
			"rotation": {"angle": 0, "axis": "y", "origin": [23.95543, 8.35682, 1.36954]},
			"faces": {
				"north": {"uv": [0, 0, 7.8, 7.8], "texture": "#1_2"},
				"east": {"uv": [0, 0, 0.4, 7.8], "texture": "#1_2"},
				"south": {"uv": [4, 5, 11.8, 12.8], "texture": "#1_2"},
				"west": {"uv": [0, 0, 0.4, 7.8], "texture": "#1_2"},
				"up": {"uv": [0, 0, 7.8, 0.4], "rotation": 180, "texture": "#1_2"},
				"down": {"uv": [0, 0, 7.8, 0.4], "rotation": 180, "texture": "#1_2"}
			}
		},
		{
			"from": [-10.04003, 12.1, 0.92409],
			"to": [-6.04003, 13.1, 1.92409],
			"rotation": {"angle": 0, "axis": "y", "origin": [-8.04457, 8.35682, 1.36954]},
			"faces": {
				"north": {"uv": [0, 0, 4, 1], "texture": "#3"},
				"east": {"uv": [0, 0, 1, 1], "texture": "#3"},
				"south": {"uv": [0, 0, 4, 1], "texture": "#3"},
				"west": {"uv": [0, 0, 1, 1], "texture": "#3"},
				"up": {"uv": [0, 0, 4, 1], "rotation": 180, "texture": "#3"},
				"down": {"uv": [0, 0, 4, 1], "rotation": 180, "texture": "#3"}
			}
		},
		{
			"from": [21.95997, 12.1, 0.92409],
			"to": [25.95997, 13.1, 1.92409],
			"rotation": {"angle": 0, "axis": "y", "origin": [23.95543, 8.35682, 1.36954]},
			"faces": {
				"north": {"uv": [0, 0, 4, 1], "texture": "#3"},
				"east": {"uv": [0, 0, 1, 1], "texture": "#3"},
				"south": {"uv": [0, 0, 4, 1], "texture": "#3"},
				"west": {"uv": [0, 0, 1, 1], "texture": "#3"},
				"up": {"uv": [0, 0, 4, 1], "rotation": 180, "texture": "#3"},
				"down": {"uv": [0, 0, 4, 1], "rotation": 180, "texture": "#3"}
			}
		},
		{
			"from": [-6.04003, 11.2, 0.92409],
			"to": [-4.04003, 12.2, 1.92409],
			"rotation": {"angle": 0, "axis": "y", "origin": [-8.04457, 8.35682, 1.36954]},
			"faces": {
				"north": {"uv": [0, 0, 2, 1], "texture": "#3"},
				"east": {"uv": [0, 0, 1, 1], "texture": "#3"},
				"south": {"uv": [0, 0, 2, 1], "texture": "#3"},
				"west": {"uv": [0, 0, 1, 1], "texture": "#3"},
				"up": {"uv": [0, 0, 2, 1], "rotation": 180, "texture": "#3"},
				"down": {"uv": [0, 0, 2, 1], "rotation": 180, "texture": "#3"}
			}
		},
		{
			"from": [25.95997, 11.2, 0.92409],
			"to": [27.95997, 12.2, 1.92409],
			"rotation": {"angle": 0, "axis": "y", "origin": [23.95543, 8.35682, 1.36954]},
			"faces": {
				"north": {"uv": [0, 0, 2, 1], "texture": "#3"},
				"east": {"uv": [0, 0, 1, 1], "texture": "#3"},
				"south": {"uv": [0, 0, 2, 1], "texture": "#3"},
				"west": {"uv": [0, 0, 1, 1], "texture": "#3"},
				"up": {"uv": [0, 0, 2, 1], "rotation": 180, "texture": "#3"},
				"down": {"uv": [0, 0, 2, 1], "rotation": 180, "texture": "#3"}
			}
		},
		{
			"from": [-5.04003, 10.2, 0.92409],
			"to": [-4.04003, 11.2, 1.92409],
			"rotation": {"angle": 0, "axis": "y", "origin": [-8.04457, 8.35682, 1.36954]},
			"faces": {
				"north": {"uv": [0, 0, 1, 1], "texture": "#3"},
				"east": {"uv": [0, 0, 1, 1], "texture": "#3"},
				"south": {"uv": [0, 0, 1, 1], "texture": "#3"},
				"west": {"uv": [0, 0, 1, 1], "texture": "#3"},
				"up": {"uv": [0, 0, 1, 1], "rotation": 180, "texture": "#3"},
				"down": {"uv": [0, 0, 1, 1], "rotation": 180, "texture": "#3"}
			}
		},
		{
			"from": [26.95997, 10.2, 0.92409],
			"to": [27.95997, 11.2, 1.92409],
			"rotation": {"angle": 0, "axis": "y", "origin": [23.95543, 8.35682, 1.36954]},
			"faces": {
				"north": {"uv": [0, 0, 1, 1], "texture": "#3"},
				"east": {"uv": [0, 0, 1, 1], "texture": "#3"},
				"south": {"uv": [0, 0, 1, 1], "texture": "#3"},
				"west": {"uv": [0, 0, 1, 1], "texture": "#3"},
				"up": {"uv": [0, 0, 1, 1], "rotation": 180, "texture": "#3"},
				"down": {"uv": [0, 0, 1, 1], "rotation": 180, "texture": "#3"}
			}
		},
		{
			"from": [-4.14003, 6.2, 0.92409],
			"to": [-3.14003, 10.2, 1.92409],
			"rotation": {"angle": 0, "axis": "y", "origin": [-8.04457, 8.35682, 1.36954]},
			"faces": {
				"north": {"uv": [0, 0, 1, 4], "texture": "#3"},
				"east": {"uv": [0, 0, 1, 4], "texture": "#3"},
				"south": {"uv": [0, 0, 1, 4], "texture": "#3"},
				"west": {"uv": [0, 0, 1, 4], "texture": "#3"},
				"up": {"uv": [0, 0, 1, 1], "rotation": 180, "texture": "#3"},
				"down": {"uv": [0, 0, 1, 1], "rotation": 180, "texture": "#3"}
			}
		},
		{
			"from": [27.85997, 6.2, 0.92409],
			"to": [28.85997, 10.2, 1.92409],
			"rotation": {"angle": 0, "axis": "y", "origin": [23.95543, 8.35682, 1.36954]},
			"faces": {
				"north": {"uv": [0, 0, 1, 4], "texture": "#3"},
				"east": {"uv": [0, 0, 1, 4], "texture": "#3"},
				"south": {"uv": [0, 0, 1, 4], "texture": "#3"},
				"west": {"uv": [0, 0, 1, 4], "texture": "#3"},
				"up": {"uv": [0, 0, 1, 1], "rotation": 180, "texture": "#3"},
				"down": {"uv": [0, 0, 1, 1], "rotation": 180, "texture": "#3"}
			}
		},
		{
			"from": [-5.04003, 5.2, 0.92409],
			"to": [-4.04003, 6.2, 1.92409],
			"rotation": {"angle": 0, "axis": "y", "origin": [-8.04457, 8.35682, 1.36954]},
			"faces": {
				"north": {"uv": [0, 0, 1, 1], "texture": "#3"},
				"east": {"uv": [0, 0, 1, 1], "texture": "#3"},
				"south": {"uv": [0, 0, 1, 1], "texture": "#3"},
				"west": {"uv": [0, 0, 1, 1], "texture": "#3"},
				"up": {"uv": [0, 0, 1, 1], "rotation": 180, "texture": "#3"},
				"down": {"uv": [0, 0, 1, 1], "rotation": 180, "texture": "#3"}
			}
		},
		{
			"from": [26.95997, 5.2, 0.92409],
			"to": [27.95997, 6.2, 1.92409],
			"rotation": {"angle": 0, "axis": "y", "origin": [23.95543, 8.35682, 1.36954]},
			"faces": {
				"north": {"uv": [0, 0, 1, 1], "texture": "#3"},
				"east": {"uv": [0, 0, 1, 1], "texture": "#3"},
				"south": {"uv": [0, 0, 1, 1], "texture": "#3"},
				"west": {"uv": [0, 0, 1, 1], "texture": "#3"},
				"up": {"uv": [0, 0, 1, 1], "rotation": 180, "texture": "#3"},
				"down": {"uv": [0, 0, 1, 1], "rotation": 180, "texture": "#3"}
			}
		},
		{
			"from": [-6.04003, 4.2, 0.92409],
			"to": [-4.04003, 5.2, 1.92409],
			"rotation": {"angle": 0, "axis": "y", "origin": [-8.04457, 8.35682, 1.36954]},
			"faces": {
				"north": {"uv": [0, 0, 2, 1], "texture": "#3"},
				"east": {"uv": [0, 0, 1, 1], "texture": "#3"},
				"south": {"uv": [0, 0, 2, 1], "texture": "#3"},
				"west": {"uv": [0, 0, 1, 1], "texture": "#3"},
				"up": {"uv": [0, 0, 2, 1], "rotation": 180, "texture": "#3"},
				"down": {"uv": [0, 0, 2, 1], "rotation": 180, "texture": "#3"}
			}
		},
		{
			"from": [25.95997, 4.2, 0.92409],
			"to": [27.95997, 5.2, 1.92409],
			"rotation": {"angle": 0, "axis": "y", "origin": [23.95543, 8.35682, 1.36954]},
			"faces": {
				"north": {"uv": [0, 0, 2, 1], "texture": "#3"},
				"east": {"uv": [0, 0, 1, 1], "texture": "#3"},
				"south": {"uv": [0, 0, 2, 1], "texture": "#3"},
				"west": {"uv": [0, 0, 1, 1], "texture": "#3"},
				"up": {"uv": [0, 0, 2, 1], "rotation": 180, "texture": "#3"},
				"down": {"uv": [0, 0, 2, 1], "rotation": 180, "texture": "#3"}
			}
		},
		{
			"from": [-10.04003, 3.3, 0.92409],
			"to": [-6.04003, 4.3, 1.92409],
			"rotation": {"angle": 0, "axis": "y", "origin": [-8.04457, 8.35682, 1.36954]},
			"faces": {
				"north": {"uv": [0, 0, 4, 1], "texture": "#3"},
				"east": {"uv": [0, 0, 1, 1], "texture": "#3"},
				"south": {"uv": [0, 0, 4, 1], "texture": "#3"},
				"west": {"uv": [0, 0, 1, 1], "texture": "#3"},
				"up": {"uv": [0, 0, 4, 1], "rotation": 180, "texture": "#3"},
				"down": {"uv": [0, 0, 4, 1], "rotation": 180, "texture": "#3"}
			}
		},
		{
			"from": [21.95997, 3.3, 0.92409],
			"to": [25.95997, 4.3, 1.92409],
			"rotation": {"angle": 0, "axis": "y", "origin": [23.95543, 8.35682, 1.36954]},
			"faces": {
				"north": {"uv": [0, 0, 4, 1], "texture": "#3"},
				"east": {"uv": [0, 0, 1, 1], "texture": "#3"},
				"south": {"uv": [0, 0, 4, 1], "texture": "#3"},
				"west": {"uv": [0, 0, 1, 1], "texture": "#3"},
				"up": {"uv": [0, 0, 4, 1], "rotation": 180, "texture": "#3"},
				"down": {"uv": [0, 0, 4, 1], "rotation": 180, "texture": "#3"}
			}
		},
		{
			"from": [-12.04003, 4.2, 0.92409],
			"to": [-10.04003, 5.2, 1.92409],
			"rotation": {"angle": 0, "axis": "y", "origin": [-8.04457, 8.35682, 1.36954]},
			"faces": {
				"north": {"uv": [0, 0, 2, 1], "texture": "#3"},
				"east": {"uv": [0, 0, 1, 1], "texture": "#3"},
				"south": {"uv": [0, 0, 2, 1], "texture": "#3"},
				"west": {"uv": [0, 0, 1, 1], "texture": "#3"},
				"up": {"uv": [0, 0, 2, 1], "rotation": 180, "texture": "#3"},
				"down": {"uv": [0, 0, 2, 1], "rotation": 180, "texture": "#3"}
			}
		},
		{
			"from": [19.95997, 4.2, 0.92409],
			"to": [21.95997, 5.2, 1.92409],
			"rotation": {"angle": 0, "axis": "y", "origin": [23.95543, 8.35682, 1.36954]},
			"faces": {
				"north": {"uv": [0, 0, 2, 1], "texture": "#3"},
				"east": {"uv": [0, 0, 1, 1], "texture": "#3"},
				"south": {"uv": [0, 0, 2, 1], "texture": "#3"},
				"west": {"uv": [0, 0, 1, 1], "texture": "#3"},
				"up": {"uv": [0, 0, 2, 1], "rotation": 180, "texture": "#3"},
				"down": {"uv": [0, 0, 2, 1], "rotation": 180, "texture": "#3"}
			}
		},
		{
			"from": [-12.04003, 5.2, 0.92409],
			"to": [-11.04003, 6.2, 1.92409],
			"rotation": {"angle": 0, "axis": "y", "origin": [-8.04457, 8.35682, 1.36954]},
			"faces": {
				"north": {"uv": [0, 0, 1, 1], "texture": "#3"},
				"east": {"uv": [0, 0, 1, 1], "texture": "#3"},
				"south": {"uv": [0, 0, 1, 1], "texture": "#3"},
				"west": {"uv": [0, 0, 1, 1], "texture": "#3"},
				"up": {"uv": [0, 0, 1, 1], "rotation": 180, "texture": "#3"},
				"down": {"uv": [0, 0, 1, 1], "rotation": 180, "texture": "#3"}
			}
		},
		{
			"from": [19.95997, 5.2, 0.92409],
			"to": [20.95997, 6.2, 1.92409],
			"rotation": {"angle": 0, "axis": "y", "origin": [23.95543, 8.35682, 1.36954]},
			"faces": {
				"north": {"uv": [0, 0, 1, 1], "texture": "#3"},
				"east": {"uv": [0, 0, 1, 1], "texture": "#3"},
				"south": {"uv": [0, 0, 1, 1], "texture": "#3"},
				"west": {"uv": [0, 0, 1, 1], "texture": "#3"},
				"up": {"uv": [0, 0, 1, 1], "rotation": 180, "texture": "#3"},
				"down": {"uv": [0, 0, 1, 1], "rotation": 180, "texture": "#3"}
			}
		},
		{
			"from": [-12.94003, 6.2, 0.92409],
			"to": [-11.94003, 10.2, 1.92409],
			"rotation": {"angle": 0, "axis": "y", "origin": [-8.04457, 8.35682, 1.36954]},
			"faces": {
				"north": {"uv": [0, 0, 1, 4], "texture": "#3"},
				"east": {"uv": [0, 0, 1, 4], "texture": "#3"},
				"south": {"uv": [0, 0, 1, 4], "texture": "#3"},
				"west": {"uv": [0, 0, 1, 4], "texture": "#3"},
				"up": {"uv": [0, 0, 1, 1], "rotation": 180, "texture": "#3"},
				"down": {"uv": [0, 0, 1, 1], "rotation": 180, "texture": "#3"}
			}
		},
		{
			"from": [19.05997, 6.2, 0.92409],
			"to": [20.05997, 10.2, 1.92409],
			"rotation": {"angle": 0, "axis": "y", "origin": [23.95543, 8.35682, 1.36954]},
			"faces": {
				"north": {"uv": [0, 0, 1, 4], "texture": "#3"},
				"east": {"uv": [0, 0, 1, 4], "texture": "#3"},
				"south": {"uv": [0, 0, 1, 4], "texture": "#3"},
				"west": {"uv": [0, 0, 1, 4], "texture": "#3"},
				"up": {"uv": [0, 0, 1, 1], "rotation": 180, "texture": "#3"},
				"down": {"uv": [0, 0, 1, 1], "rotation": 180, "texture": "#3"}
			}
		},
		{
			"from": [-12.04003, 10.2, 0.92409],
			"to": [-11.04003, 11.2, 1.92409],
			"rotation": {"angle": 0, "axis": "y", "origin": [-8.04457, 8.35682, 1.36954]},
			"faces": {
				"north": {"uv": [0, 0, 1, 1], "texture": "#3"},
				"east": {"uv": [0, 0, 1, 1], "texture": "#3"},
				"south": {"uv": [0, 0, 1, 1], "texture": "#3"},
				"west": {"uv": [0, 0, 1, 1], "texture": "#3"},
				"up": {"uv": [0, 0, 1, 1], "rotation": 180, "texture": "#3"},
				"down": {"uv": [0, 0, 1, 1], "rotation": 180, "texture": "#3"}
			}
		},
		{
			"from": [19.95997, 10.2, 0.92409],
			"to": [20.95997, 11.2, 1.92409],
			"rotation": {"angle": 0, "axis": "y", "origin": [23.95543, 8.35682, 1.36954]},
			"faces": {
				"north": {"uv": [0, 0, 1, 1], "texture": "#3"},
				"east": {"uv": [0, 0, 1, 1], "texture": "#3"},
				"south": {"uv": [0, 0, 1, 1], "texture": "#3"},
				"west": {"uv": [0, 0, 1, 1], "texture": "#3"},
				"up": {"uv": [0, 0, 1, 1], "rotation": 180, "texture": "#3"},
				"down": {"uv": [0, 0, 1, 1], "rotation": 180, "texture": "#3"}
			}
		},
		{
			"from": [-12.04003, 11.2, 0.92409],
			"to": [-10.04003, 12.2, 1.92409],
			"rotation": {"angle": 0, "axis": "y", "origin": [-8.04457, 8.35682, 1.36954]},
			"faces": {
				"north": {"uv": [0, 0, 2, 1], "texture": "#3"},
				"east": {"uv": [0, 0, 1, 1], "texture": "#3"},
				"south": {"uv": [0, 0, 2, 1], "texture": "#3"},
				"west": {"uv": [0, 0, 1, 1], "texture": "#3"},
				"up": {"uv": [0, 0, 2, 1], "rotation": 180, "texture": "#3"},
				"down": {"uv": [0, 0, 2, 1], "rotation": 180, "texture": "#3"}
			}
		},
		{
			"from": [19.95997, 11.2, 0.92409],
			"to": [21.95997, 12.2, 1.92409],
			"rotation": {"angle": 0, "axis": "y", "origin": [23.95543, 8.35682, 1.36954]},
			"faces": {
				"north": {"uv": [0, 0, 2, 1], "texture": "#3"},
				"east": {"uv": [0, 0, 1, 1], "texture": "#3"},
				"south": {"uv": [0, 0, 2, 1], "texture": "#3"},
				"west": {"uv": [0, 0, 1, 1], "texture": "#3"},
				"up": {"uv": [0, 0, 2, 1], "rotation": 180, "texture": "#3"},
				"down": {"uv": [0, 0, 2, 1], "rotation": 180, "texture": "#3"}
			}
		},
		{
			"from": [-10.04003, 10.2, 0.92409],
			"to": [-9.04003, 11.2, 1.92409],
			"rotation": {"angle": 0, "axis": "y", "origin": [-8.04457, 8.35682, 1.36954]},
			"faces": {
				"north": {"uv": [0, 0, 1, 1], "texture": "#1_1"},
				"east": {"uv": [0, 0, 1, 1], "texture": "#1_1"},
				"south": {"uv": [5, 3, 6, 4], "texture": "#1_1"},
				"west": {"uv": [0, 0, 1, 1], "texture": "#1_1"},
				"up": {"uv": [0, 0, 1, 1], "rotation": 180, "texture": "#1_1"},
				"down": {"uv": [0, 0, 1, 1], "rotation": 180, "texture": "#1_1"}
			}
		},
		{
			"from": [21.95997, 10.2, 0.92409],
			"to": [22.95997, 11.2, 1.92409],
			"rotation": {"angle": 0, "axis": "y", "origin": [23.95543, 8.35682, 1.36954]},
			"faces": {
				"north": {"uv": [0, 0, 1, 1], "texture": "#1_1"},
				"east": {"uv": [0, 0, 1, 1], "texture": "#1_1"},
				"south": {"uv": [5, 3, 6, 4], "texture": "#1_1"},
				"west": {"uv": [0, 0, 1, 1], "texture": "#1_1"},
				"up": {"uv": [0, 0, 1, 1], "rotation": 180, "texture": "#1_1"},
				"down": {"uv": [0, 0, 1, 1], "rotation": 180, "texture": "#1_1"}
			}
		},
		{
			"from": [-7.04003, 10.2, 0.92409],
			"to": [-6.04003, 11.2, 1.92409],
			"rotation": {"angle": 0, "axis": "y", "origin": [-8.04457, 8.35682, 1.36954]},
			"faces": {
				"north": {"uv": [0, 0, 1, 1], "texture": "#1_1"},
				"east": {"uv": [0, 0, 1, 1], "texture": "#1_1"},
				"south": {"uv": [8, 3, 9, 4], "texture": "#1_1"},
				"west": {"uv": [0, 0, 1, 1], "texture": "#1_1"},
				"up": {"uv": [0, 0, 1, 1], "rotation": 180, "texture": "#1_1"},
				"down": {"uv": [0, 0, 1, 1], "rotation": 180, "texture": "#1_1"}
			}
		},
		{
			"from": [24.95997, 10.2, 0.92409],
			"to": [25.95997, 11.2, 1.92409],
			"rotation": {"angle": 0, "axis": "y", "origin": [23.95543, 8.35682, 1.36954]},
			"faces": {
				"north": {"uv": [0, 0, 1, 1], "texture": "#1_1"},
				"east": {"uv": [0, 0, 1, 1], "texture": "#1_1"},
				"south": {"uv": [8, 3, 9, 4], "texture": "#1_1"},
				"west": {"uv": [0, 0, 1, 1], "texture": "#1_1"},
				"up": {"uv": [0, 0, 1, 1], "rotation": 180, "texture": "#1_1"},
				"down": {"uv": [0, 0, 1, 1], "rotation": 180, "texture": "#1_1"}
			}
		},
		{
			"from": [-6.04003, 7.2, 0.92409],
			"to": [-5.04003, 10.2, 1.92409],
			"rotation": {"angle": 0, "axis": "y", "origin": [-8.04457, 8.35682, 1.36954]},
			"faces": {
				"north": {"uv": [0, 0, 1, 3], "texture": "#1_1"},
				"east": {"uv": [0, 0, 1, 3], "texture": "#1_1"},
				"south": {"uv": [9, 4, 10, 7], "texture": "#1_1"},
				"west": {"uv": [0, 0, 1, 3], "texture": "#1_1"},
				"up": {"uv": [0, 0, 1, 1], "rotation": 180, "texture": "#1_1"},
				"down": {"uv": [0, 0, 1, 1], "rotation": 180, "texture": "#1_1"}
			}
		},
		{
			"from": [25.95997, 7.2, 0.92409],
			"to": [26.95997, 10.2, 1.92409],
			"rotation": {"angle": 0, "axis": "y", "origin": [23.95543, 8.35682, 1.36954]},
			"faces": {
				"north": {"uv": [0, 0, 1, 3], "texture": "#1_1"},
				"east": {"uv": [0, 0, 1, 3], "texture": "#1_1"},
				"south": {"uv": [9, 4, 10, 7], "texture": "#1_1"},
				"west": {"uv": [0, 0, 1, 3], "texture": "#1_1"},
				"up": {"uv": [0, 0, 1, 1], "rotation": 180, "texture": "#1_1"},
				"down": {"uv": [0, 0, 1, 1], "rotation": 180, "texture": "#1_1"}
			}
		},
		{
			"from": [-10.04003, 5.2, 0.92409],
			"to": [-6.04003, 6.2, 1.92409],
			"rotation": {"angle": 0, "axis": "y", "origin": [-8.04457, 8.35682, 1.36954]},
			"faces": {
				"north": {"uv": [0, 0, 4, 1], "texture": "#1_1"},
				"east": {"uv": [0, 0, 1, 1], "texture": "#1_1"},
				"south": {"uv": [5, 8, 9, 9], "texture": "#1_1"},
				"west": {"uv": [0, 0, 1, 1], "texture": "#1_1"},
				"up": {"uv": [0, 0, 4, 1], "rotation": 180, "texture": "#1_1"},
				"down": {"uv": [0, 0, 4, 1], "rotation": 180, "texture": "#1_1"}
			}
		},
		{
			"from": [21.95997, 5.2, 0.92409],
			"to": [25.95997, 6.2, 1.92409],
			"rotation": {"angle": 0, "axis": "y", "origin": [23.95543, 8.35682, 1.36954]},
			"faces": {
				"north": {"uv": [0, 0, 4, 1], "texture": "#1_1"},
				"east": {"uv": [0, 0, 1, 1], "texture": "#1_1"},
				"south": {"uv": [5, 8, 9, 9], "texture": "#1_1"},
				"west": {"uv": [0, 0, 1, 1], "texture": "#1_1"},
				"up": {"uv": [0, 0, 4, 1], "rotation": 180, "texture": "#1_1"},
				"down": {"uv": [0, 0, 4, 1], "rotation": 180, "texture": "#1_1"}
			}
		},
		{
			"from": [-11.04003, 7.2, 0.92409],
			"to": [-10.04003, 10.2, 1.92409],
			"rotation": {"angle": 0, "axis": "y", "origin": [-8.04457, 8.35682, 1.36954]},
			"faces": {
				"north": {"uv": [0, 0, 1, 3], "texture": "#1_1"},
				"east": {"uv": [0, 0, 1, 3], "texture": "#1_1"},
				"south": {"uv": [4, 4, 5, 7], "texture": "#1_1"},
				"west": {"uv": [0, 0, 1, 3], "texture": "#1_1"},
				"up": {"uv": [0, 0, 1, 1], "rotation": 180, "texture": "#1_1"},
				"down": {"uv": [0, 0, 1, 1], "rotation": 180, "texture": "#1_1"}
			}
		},
		{
			"from": [20.95997, 7.2, 0.92409],
			"to": [21.95997, 10.2, 1.92409],
			"rotation": {"angle": 0, "axis": "y", "origin": [23.95543, 8.35682, 1.36954]},
			"faces": {
				"north": {"uv": [0, 0, 1, 3], "texture": "#1_1"},
				"east": {"uv": [0, 0, 1, 3], "texture": "#1_1"},
				"south": {"uv": [4, 4, 5, 7], "texture": "#1_1"},
				"west": {"uv": [0, 0, 1, 3], "texture": "#1_1"},
				"up": {"uv": [0, 0, 1, 1], "rotation": 180, "texture": "#1_1"},
				"down": {"uv": [0, 0, 1, 1], "rotation": 180, "texture": "#1_1"}
			}
		}
	],
	"display": {
		"thirdperson_righthand": {
			"translation": [0, 0, 9.5]
		},
		"head": {
			"translation": [0, -30.5, 0],
			"scale": [1.6, 1.6, 1.6]
		}
	},
	"groups": [0, 1, 2, 3, 4, 5, 6, 7, 8, 9, 10, 11, 12, 13, 14, 15, 16, 17, 18, 19, 20, 21, 22, 23, 24, 25, 26, 27, 28, 29, 30, 31, 32, 33, 34, 35, 36, 37, 38, 39, 40, 41, 42, 43, 44, 45, 46, 47, 48, 49, 50, 51, 52, 53, 54, 55, 56, 57, 58,
		{
			"name": "tardis_cons2r1",
			"origin": [8, 8, 8],
			"children": [59, 60, 61, 62, 63, 64, 65, 66, 67, 68,
				{
					"name": "group",
					"origin": [8, 8, 8],
					"children": [69, 70, 71, 72, 73, 74, 75, 76, 77, 78, 79, 80, 81, 82, 83, 84, 85, 86, 87, 88, 89, 90, 91, 92]
				},
				{
					"name": "group",
					"origin": [8, 8, 8],
					"children": [93, 94, 95, 96, 97, 98, 99, 100, 101, 102]
				},
				{
					"name": "group",
					"origin": [8, 8, 8],
					"children": []
				}
			]
		}
	]
}