{
	"credit": "Made with Blockbench",
	"textures": {
		"0": "custom/tardis_maintenance_corridor"
	},
	"elements": [
		{
			"from": [-16, -16, 1.6],
			"to": [32, 2, 2.6],
			"rotation": {"angle": 22.5, "axis": "x", "origin": [8, -8, 2.1]},
			"faces": {
				"north": {"uv": [0, 0, 16, 16], "texture": "#0"},
				"east": {"uv": [0, 0, 1, 16], "texture": "#0"},
				"south": {"uv": [0, 0, 16, 16], "texture": "#0"},
				"west": {"uv": [0, 0, 1, 16], "texture": "#0"},
				"up": {"uv": [0, 0, 16, 1], "texture": "#0"},
				"down": {"uv": [0, 0, 16, 1], "texture": "#0"}
			}
		},
		{
			"from": [-16, -4.07612, 10.38268],
			"to": [32, 14.92388, 11.38268],
			"rotation": {"angle": 45, "axis": "x", "origin": [8, 5.92388, 10.88268]},
			"faces": {
				"north": {"uv": [0, 0, 16, 16], "texture": "#0"},
				"east": {"uv": [0, 0, 1, 16], "texture": "#0"},
				"south": {"uv": [0, 0, 16, 16], "texture": "#0"},
				"west": {"uv": [0, 0, 1, 16], "texture": "#0"},
				"up": {"uv": [0, 0, 16, 1], "texture": "#0"},
				"down": {"uv": [0, 0, 16, 1], "texture": "#0"}
			}
		},
		{
			"from": [-16, 14.07033, 14.02913],
			"to": [32, 15.07033, 32],
			"rotation": {"angle": -22.5, "axis": "x", "origin": [8, 14.57033, 23.52913]},
			"faces": {
				"north": {"uv": [0, 0, 16, 1], "rotation": 180, "texture": "#0"},
				"east": {"uv": [0, 0, 1, 16], "rotation": 270, "texture": "#0"},
				"south": {"uv": [0, 0, 16, 1], "texture": "#0"},
				"west": {"uv": [0, 0, 1, 16], "rotation": 90, "texture": "#0"},
				"up": {"uv": [0, 0, 16, 16], "rotation": 180, "texture": "#0"},
				"down": {"uv": [0, 0, 16, 16], "texture": "#0"}
			}
		}
	],
	"display": {
		"thirdperson_righthand": {
			"translation": [0, 0, 9.5]
		},
		"head": {
			"translation": [0, -30.5, 0.75],
			"scale": [1.6, 1.6, 1.6]
		}
	},
	"groups": [
		{
			"name": "group",
			"origin": [-8, 33, 8],
			"children": [0, 1, 2]
		}
	]
}