{
	"credit": "Made with Blockbench",
	"textures": {
		"1": "custom/tardis_maintenance_corridor",
		"2": "custom/neoncircle2",
		"4": "custom/tardis_orb1",
		"particle": "custom/tardis_lamp"
	},
	"elements": [
		{
			"from": [25.54, 11, 2.168],
			"to": [30.79, 16.5, 13.868],
			"rotation": {"angle": 0, "axis": "y", "origin": [23.6, 11.5, 8]},
			"faces": {
				"north": {"uv": [0, 0, 5.25, 5.5], "texture": "#1"},
				"east": {"uv": [12, 0, 13.26829, 16], "texture": "#2"},
				"south": {"uv": [0, 0, 5.25, 5.5], "texture": "#1"},
				"west": {"uv": [0, 0, 11.7, 5.5], "texture": "#1"},
				"up": {"uv": [0, 0, 11.7, 5.25], "rotation": 90, "texture": "#1"},
				"down": {"uv": [0, 0, 11.7, 5.25], "rotation": 270, "texture": "#1"}
			}
		},
		{
			"from": [25.54, 10.8, 9.468],
			"to": [31.09, 16.5, 10.768],
			"rotation": {"angle": 0, "axis": "y", "origin": [23.6, 11.5, 8]},
			"faces": {
				"north": {"uv": [0, 0, 5.25, 5.5], "texture": "#1"},
				"east": {"uv": [12, 0, 13.26829, 16], "texture": "#1"},
				"south": {"uv": [0, 0, 5.25, 5.5], "texture": "#1"},
				"west": {"uv": [0, 0, 11.7, 5.5], "texture": "#1"},
				"up": {"uv": [0, 0, 11.7, 5.25], "rotation": 90, "texture": "#1"},
				"down": {"uv": [0, 0, 11.7, 5.25], "rotation": 270, "texture": "#1"}
			}
		},
		{
			"from": [25.2018, 11, -6.0645],
			"to": [30.4518, 16.5, 2.1355],
			"rotation": {"angle": 22.5, "axis": "y", "origin": [30.7, 11.5, 1.25]},
			"faces": {
				"north": {"uv": [0, 0, 5.25, 5.5], "texture": "#1"},
				"east": {"uv": [13.26829, 0, 14.15718, 16], "texture": "#2"},
				"south": {"uv": [0, 0, 5.25, 5.5], "texture": "#1"},
				"west": {"uv": [0, 0, 8.2, 5.5], "texture": "#1"},
				"up": {"uv": [0, 0, 8.2, 5.25], "rotation": 90, "texture": "#1"},
				"down": {"uv": [0, 0, 8.2, 5.25], "rotation": 270, "texture": "#1"}
			}
		},
		{
			"from": [25.2018, 10.8, 0.8355],
			"to": [30.7518, 16.5, 2.4355],
			"rotation": {"angle": 22.5, "axis": "y", "origin": [30.7, 11.5, 1.25]},
			"faces": {
				"north": {"uv": [0, 0, 5.25, 5.5], "texture": "#1"},
				"east": {"uv": [13.26829, 0, 14.15718, 16], "texture": "#1"},
				"south": {"uv": [0, 0, 5.25, 5.5], "texture": "#1"},
				"west": {"uv": [0, 0, 8.2, 5.5], "texture": "#1"},
				"up": {"uv": [0, 0, 8.2, 5.25], "rotation": 90, "texture": "#1"},
				"down": {"uv": [0, 0, 8.2, 5.25], "rotation": 270, "texture": "#1"}
			}
		},
		{
			"from": [13.928, 11, -14.485],
			"to": [22.028, 16.5, -9.235],
			"rotation": {"angle": -22.5, "axis": "y", "origin": [14.7, 11.5, -14.7]},
			"faces": {
				"north": {"uv": [15.12195, 0, 16, 16], "texture": "#2"},
				"east": {"uv": [0, 0, 5.25, 5.5], "texture": "#1"},
				"south": {"uv": [0, 0, 8.1, 5.5], "texture": "#1"},
				"west": {"uv": [0, 0, 5.25, 5.5], "texture": "#1"},
				"up": {"uv": [0, 0, 8, 7], "texture": "#1"},
				"down": {"uv": [0, 0, 8.1, 5.25], "texture": "#1"}
			}
		},
		{
			"from": [20.728, 10.8, -14.785],
			"to": [22.528, 16.5, -9.235],
			"rotation": {"angle": -22.5, "axis": "y", "origin": [14.7, 11.5, -14.7]},
			"faces": {
				"north": {"uv": [15.12195, 0, 16, 16], "texture": "#1"},
				"east": {"uv": [0, 0, 5.25, 5.5], "texture": "#1"},
				"south": {"uv": [0, 0, 8.1, 5.5], "texture": "#1"},
				"west": {"uv": [0, 0, 5.25, 5.5], "texture": "#1"},
				"up": {"uv": [0, 0, 8, 7], "texture": "#1"},
				"down": {"uv": [0, 0, 8.1, 5.25], "texture": "#1"}
			}
		},
		{
			"from": [13.628, 10.8, -14.785],
			"to": [14.828, 16.5, -9.235],
			"rotation": {"angle": -22.5, "axis": "y", "origin": [14.7, 11.5, -14.7]},
			"faces": {
				"north": {"uv": [15.12195, 0, 16, 16], "texture": "#1"},
				"east": {"uv": [0, 0, 5.25, 5.5], "texture": "#1"},
				"south": {"uv": [0, 0, 8.1, 5.5], "texture": "#1"},
				"west": {"uv": [0, 0, 5.25, 5.5], "texture": "#1"},
				"up": {"uv": [0, 0, 8, 7], "texture": "#1"},
				"down": {"uv": [0, 0, 8.1, 5.25], "texture": "#1"}
			}
		},
		{
			"from": [21.3955, 11, -14.049],
			"to": [26.6455, 16.5, -5.149],
			"rotation": {"angle": 45, "axis": "y", "origin": [26.8818, 11.5, -6.5182]},
			"faces": {
				"north": {"uv": [0, 0, 5.25, 5.5], "texture": "#1"},
				"east": {"uv": [14.15718, 0, 15.12195, 16], "texture": "#2"},
				"south": {"uv": [0, 0, 5.25, 5.5], "texture": "#1"},
				"west": {"uv": [0, 0, 8.9, 5.5], "texture": "#1"},
				"up": {"uv": [0, 0, 8.9, 5.25], "rotation": 90, "texture": "#1"},
				"down": {"uv": [0, 0, 8.9, 5.25], "rotation": 270, "texture": "#1"}
			}
		},
		{
			"from": [21.3955, 10.8, -6.649],
			"to": [26.9455, 16.5, -4.849],
			"rotation": {"angle": 45, "axis": "y", "origin": [26.8818, 11.5, -6.5182]},
			"faces": {
				"north": {"uv": [0, 0, 5.25, 5.5], "texture": "#1"},
				"east": {"uv": [14.15718, 0, 15.12195, 16], "texture": "#1"},
				"south": {"uv": [0, 0, 5.25, 5.5], "texture": "#1"},
				"west": {"uv": [0, 0, 8.9, 5.5], "texture": "#1"},
				"up": {"uv": [0, 0, 8.9, 5.25], "rotation": 90, "texture": "#1"},
				"down": {"uv": [0, 0, 8.9, 5.25], "rotation": 270, "texture": "#1"}
			}
		},
		{
			"from": [-14.773, 11, 2.068],
			"to": [-9.523, 16.5, 13.768],
			"rotation": {"angle": 0, "axis": "y", "origin": [-22.5, 11.5, 8]},
			"faces": {
				"north": {"uv": [0, 0, 5.25, 5.5], "texture": "#1"},
				"east": {"uv": [0, 0, 11.7, 5.5], "texture": "#1"},
				"south": {"uv": [0, 0, 5.25, 5.5], "texture": "#1"},
				"west": {"uv": [4, 0, 5.26829, 16], "texture": "#2"},
				"up": {"uv": [0, 0, 11.7, 5.25], "rotation": 90, "texture": "#1"},
				"down": {"uv": [0, 0, 11.7, 5.25], "rotation": 270, "texture": "#1"}
			}
		},
		{
			"from": [-15.073, 10.8, 4.668],
			"to": [-9.523, 16.5, 6.368],
			"rotation": {"angle": 0, "axis": "y", "origin": [-22.5, 11.5, 8]},
			"faces": {
				"north": {"uv": [0, 0, 5.25, 5.5], "texture": "#1"},
				"east": {"uv": [0, 0, 11.7, 5.5], "texture": "#1"},
				"south": {"uv": [0, 0, 5.25, 5.5], "texture": "#1"},
				"west": {"uv": [4, 0, 5.26829, 16], "texture": "#1"},
				"up": {"uv": [0, 0, 11.7, 5.25], "rotation": 90, "texture": "#1"},
				"down": {"uv": [0, 0, 11.7, 5.25], "rotation": 270, "texture": "#1"}
			}
		},
		{
			"from": [-15.073, 10.8, 12.568],
			"to": [-9.523, 16.5, 14.268],
			"rotation": {"angle": 0, "axis": "y", "origin": [-22.5, 11.5, 8]},
			"faces": {
				"north": {"uv": [0, 0, 5.25, 5.5], "texture": "#1"},
				"east": {"uv": [0, 0, 11.7, 5.5], "texture": "#1"},
				"south": {"uv": [0, 0, 5.25, 5.5], "texture": "#1"},
				"west": {"uv": [4, 0, 5.26829, 16], "texture": "#1"},
				"up": {"uv": [0, 0, 11.7, 5.25], "rotation": 90, "texture": "#1"},
				"down": {"uv": [0, 0, 11.7, 5.25], "rotation": 270, "texture": "#1"}
			}
		},
		{
			"from": [2, 11, 25.5],
			"to": [13.8, 16.5, 30.75],
			"rotation": {"angle": 0, "axis": "y", "origin": [8, 11.5, 25]},
			"faces": {
				"north": {"uv": [0, 0, 11.8, 5.5], "texture": "#1"},
				"east": {"uv": [0, 0, 5.25, 5.5], "texture": "#1"},
				"south": {"uv": [7.97832, 0, 9.25745, 16], "texture": "#2"},
				"west": {"uv": [0, 0, 5.25, 5.5], "texture": "#1"},
				"up": {"uv": [0, 0, 11.8, 5.25], "texture": "#1"},
				"down": {"uv": [0, 0, 11.8, 5.25], "texture": "#1"}
			}
		},
		{
			"from": [9.1, 10.8, 25.5],
			"to": [10.6, 16.5, 31.05],
			"rotation": {"angle": 0, "axis": "y", "origin": [8, 11.5, 25]},
			"faces": {
				"north": {"uv": [0, 0, 11.8, 5.5], "texture": "#1"},
				"east": {"uv": [0, 0, 5.25, 5.5], "texture": "#1"},
				"south": {"uv": [7.97832, 0, 9.25745, 16], "texture": "#1"},
				"west": {"uv": [0, 0, 5.25, 5.5], "texture": "#1"},
				"up": {"uv": [0, 0, 11.8, 5.25], "texture": "#1"},
				"down": {"uv": [0, 0, 11.8, 5.25], "texture": "#1"}
			}
		},
		{
			"from": [2.208, 11, -14.8152],
			"to": [13.908, 16.5, -9.5652],
			"rotation": {"angle": 0, "axis": "y", "origin": [8, 11.5, -9]},
			"faces": {
				"north": {"uv": [0, 0, 1.2667, 16], "texture": "#2"},
				"east": {"uv": [0, 0, 5.25, 5.5], "texture": "#1"},
				"south": {"uv": [0, 0, 11.7, 5.5], "texture": "#1"},
				"west": {"uv": [0, 0, 5.25, 5.5], "texture": "#1"},
				"up": {"uv": [0, 0, 11.7, 5.25], "texture": "#1"},
				"down": {"uv": [0, 0, 11.7, 5.25], "texture": "#1"}
			}
		},
		{
			"from": [6.008, 10.8, -15.1152],
			"to": [7.908, 16.5, -9.5652],
			"rotation": {"angle": 0, "axis": "y", "origin": [8, 11.5, -9]},
			"faces": {
				"north": {"uv": [0, 0, 1.2667, 16], "texture": "#1"},
				"east": {"uv": [0, 0, 5.25, 5.5], "texture": "#1"},
				"south": {"uv": [0, 0, 11.7, 5.5], "texture": "#1"},
				"west": {"uv": [0, 0, 5.25, 5.5], "texture": "#1"},
				"up": {"uv": [0, 0, 11.7, 5.25], "texture": "#1"},
				"down": {"uv": [0, 0, 11.7, 5.25], "texture": "#1"}
			}
		},
		{
			"from": [-10.9744, 11, 21.356],
			"to": [-5.7244, 16.5, 30.256],
			"rotation": {"angle": 45, "axis": "y", "origin": [-11.2682, 11.5, 22.1818]},
			"faces": {
				"north": {"uv": [0, 0, 5.25, 5.5], "texture": "#1"},
				"east": {"uv": [0, 0, 8.9, 5.5], "texture": "#1"},
				"south": {"uv": [0, 0, 5.25, 5.5], "texture": "#1"},
				"west": {"uv": [6.15718, 0, 7.12195, 16], "texture": "#2"},
				"up": {"uv": [0, 0, 8.9, 5.25], "rotation": 90, "texture": "#1"},
				"down": {"uv": [0, 0, 8.9, 5.25], "rotation": 270, "texture": "#1"}
			}
		},
		{
			"from": [-11.2744, 10.8, 28.856],
			"to": [-5.7244, 16.5, 30.356],
			"rotation": {"angle": 45, "axis": "y", "origin": [-11.2682, 11.5, 22.1818]},
			"faces": {
				"north": {"uv": [0, 0, 5.25, 5.5], "texture": "#1"},
				"east": {"uv": [0, 0, 8.9, 5.5], "texture": "#1"},
				"south": {"uv": [0, 0, 5.25, 5.5], "texture": "#1"},
				"west": {"uv": [6.15718, 0, 7.12195, 16], "texture": "#1"},
				"up": {"uv": [0, 0, 8.9, 5.25], "rotation": 90, "texture": "#1"},
				"down": {"uv": [0, 0, 8.9, 5.25], "rotation": 270, "texture": "#1"}
			}
		},
		{
			"from": [-5.481, 11, 22.758],
			"to": [2.419, 16.5, 28.008],
			"rotation": {"angle": -22.5, "axis": "y", "origin": [-4.6, 11.5, 28.25]},
			"faces": {
				"north": {"uv": [0, 0, 7.9, 5.5], "texture": "#1"},
				"east": {"uv": [0, 0, 5.25, 5.5], "texture": "#1"},
				"south": {"uv": [7.12195, 0, 7.97832, 16], "texture": "#2"},
				"west": {"uv": [0, 0, 5.25, 5.5], "texture": "#1"},
				"up": {"uv": [0, 0, 7.9, 5.25], "texture": "#1"},
				"down": {"uv": [0, 0, 7.9, 5.25], "texture": "#1"}
			}
		},
		{
			"from": [1.519, 10.8, 22.758],
			"to": [2.819, 16.5, 28.308],
			"rotation": {"angle": -22.5, "axis": "y", "origin": [-4.6, 11.5, 28.25]},
			"faces": {
				"north": {"uv": [0, 0, 7.9, 5.5], "texture": "#1"},
				"east": {"uv": [0, 0, 5.25, 5.5], "texture": "#1"},
				"south": {"uv": [7.12195, 0, 7.97832, 16], "texture": "#1"},
				"west": {"uv": [0, 0, 5.25, 5.5], "texture": "#1"},
				"up": {"uv": [0, 0, 7.9, 5.25], "texture": "#1"},
				"down": {"uv": [0, 0, 7.9, 5.25], "texture": "#1"}
			}
		},
		{
			"from": [-14.204, 11, 13.774],
			"to": [-8.954, 16.5, 21.974],
			"rotation": {"angle": 22.5, "axis": "y", "origin": [-14.5, 11.5, 15.25]},
			"faces": {
				"north": {"uv": [0, 0, 5.25, 5.5], "texture": "#1"},
				"east": {"uv": [0, 0, 8.2, 5.5], "texture": "#1"},
				"south": {"uv": [0, 0, 5.25, 5.5], "texture": "#1"},
				"west": {"uv": [5.26829, 0, 6.15718, 16], "texture": "#2"},
				"up": {"uv": [0, 0, 8.2, 5.25], "rotation": 90, "texture": "#1"},
				"down": {"uv": [0, 0, 8.2, 5.25], "rotation": 270, "texture": "#1"}
			}
		},
		{
			"from": [-14.504, 10.8, 21.574],
			"to": [-8.954, 16.5, 22.774],
			"rotation": {"angle": 22.5, "axis": "y", "origin": [-14.5, 11.5, 15.25]},
			"faces": {
				"north": {"uv": [0, 0, 5.25, 5.5], "texture": "#1"},
				"east": {"uv": [0, 0, 8.2, 5.5], "texture": "#1"},
				"south": {"uv": [0, 0, 5.25, 5.5], "texture": "#1"},
				"west": {"uv": [5.26829, 0, 6.15718, 16], "texture": "#1"},
				"up": {"uv": [0, 0, 8.2, 5.25], "rotation": 90, "texture": "#1"},
				"down": {"uv": [0, 0, 8.2, 5.25], "rotation": 270, "texture": "#1"}
			}
		},
		{
			"from": [-5.975, 11, -14.272],
			"to": [2.225, 16.5, -9.022],
			"rotation": {"angle": 22.5, "axis": "y", "origin": [0.8, 11.5, -14.5]},
			"faces": {
				"north": {"uv": [1.2667, 0, 2.15559, 16], "texture": "#2"},
				"east": {"uv": [0, 0, 5.25, 5.5], "texture": "#1"},
				"south": {"uv": [0, 0, 8.2, 5.5], "texture": "#1"},
				"west": {"uv": [0, 0, 5.25, 5.5], "texture": "#1"},
				"up": {"uv": [0, 0, 8.2, 5.25], "texture": "#1"},
				"down": {"uv": [0, 0, 8.2, 5.25], "texture": "#1"}
			}
		},
		{
			"from": [-2.475, 10.8, -14.572],
			"to": [-0.475, 16.5, -9.022],
			"rotation": {"angle": 22.5, "axis": "y", "origin": [0.8, 11.5, -14.5]},
			"faces": {
				"north": {"uv": [1.2667, 0, 2.15559, 16], "texture": "#1"},
				"east": {"uv": [0, 0, 5.25, 5.5], "texture": "#1"},
				"south": {"uv": [0, 0, 8.2, 5.5], "texture": "#1"},
				"west": {"uv": [0, 0, 5.25, 5.5], "texture": "#1"},
				"up": {"uv": [0, 0, 8.2, 5.25], "texture": "#1"},
				"down": {"uv": [0, 0, 8.2, 5.25], "texture": "#1"}
			}
		},
		{
			"from": [-13.897, 11, -10.0145],
			"to": [-4.797, 16.5, -4.7645],
			"rotation": {"angle": 45, "axis": "y", "origin": [-7.1182, 11.5, -10.2182]},
			"faces": {
				"north": {"uv": [2.15609, 0, 3.14254, 16], "texture": "#2"},
				"east": {"uv": [0, 0, 5.25, 5.5], "texture": "#1"},
				"south": {"uv": [0, 0, 9.1, 5.5], "texture": "#1"},
				"west": {"uv": [0, 0, 5.25, 5.5], "texture": "#1"},
				"up": {"uv": [0, 0, 9.1, 5.25], "texture": "#1"},
				"down": {"uv": [0, 0, 9.1, 5.25], "texture": "#1"}
			}
		},
		{
			"from": [-9.397, 10.8, -10.3145],
			"to": [-7.497, 16.5, -4.7645],
			"rotation": {"angle": 45, "axis": "y", "origin": [-7.1182, 11.5, -10.2182]},
			"faces": {
				"north": {"uv": [2.15609, 0, 3.14254, 16], "texture": "#1"},
				"east": {"uv": [0, 0, 5.25, 5.5], "texture": "#1"},
				"south": {"uv": [0, 0, 9.1, 5.5], "texture": "#1"},
				"west": {"uv": [0, 0, 5.25, 5.5], "texture": "#1"},
				"up": {"uv": [0, 0, 9.1, 5.25], "texture": "#1"},
				"down": {"uv": [0, 0, 9.1, 5.25], "texture": "#1"}
			}
		},
		{
			"from": [-14.455, 11, -5.868],
			"to": [-9.205, 16.5, 2.032],
			"rotation": {"angle": -22.5, "axis": "y", "origin": [-14.7, 11.5, 1.3]},
			"faces": {
				"north": {"uv": [0, 0, 5.25, 5.5], "texture": "#1"},
				"east": {"uv": [0, 0, 7.9, 5.5], "texture": "#1"},
				"south": {"uv": [0, 0, 5.25, 5.5], "texture": "#1"},
				"west": {"uv": [3.1443, 0, 4.00067, 15.99551], "texture": "#2"},
				"up": {"uv": [0, 0, 7.9, 5.25], "rotation": 270, "texture": "#1"},
				"down": {"uv": [0, 0, 7.9, 5.25], "rotation": 90, "texture": "#1"}
			}
		},
		{
			"from": [-14.755, 10.8, -3.668],
			"to": [-9.205, 16.5, -1.868],
			"rotation": {"angle": -22.5, "axis": "y", "origin": [-14.7, 11.5, 1.3]},
			"faces": {
				"north": {"uv": [0, 0, 5.25, 5.5], "texture": "#1"},
				"east": {"uv": [0, 0, 7.9, 5.5], "texture": "#1"},
				"south": {"uv": [0, 0, 5.25, 5.5], "texture": "#1"},
				"west": {"uv": [3.1443, 0, 4.00067, 15.99551], "texture": "#1"},
				"up": {"uv": [0, 0, 7.9, 5.25], "rotation": 270, "texture": "#1"},
				"down": {"uv": [0, 0, 7.9, 5.25], "rotation": 90, "texture": "#1"}
			}
		},
		{
			"from": [21.272, 11, 21.675],
			"to": [30.172, 16.5, 26.925],
			"rotation": {"angle": 45, "axis": "y", "origin": [22.1818, 11.5, 27.1818]},
			"faces": {
				"north": {"uv": [0, 0, 8.9, 5.5], "texture": "#1"},
				"east": {"uv": [0, 0, 5.25, 5.5], "texture": "#1"},
				"south": {"uv": [10.14634, 0, 11.11111, 16], "texture": "#2"},
				"west": {"uv": [0, 0, 5.25, 5.5], "texture": "#1"},
				"up": {"uv": [0, 0, 8.9, 5.25], "texture": "#1"},
				"down": {"uv": [0, 0, 8.9, 5.25], "texture": "#1"}
			}
		},
		{
			"from": [24.672, 10.8, 21.675],
			"to": [26.172, 16.5, 27.225],
			"rotation": {"angle": 45, "axis": "y", "origin": [22.1818, 11.5, 27.1818]},
			"faces": {
				"north": {"uv": [0, 0, 8.9, 5.5], "texture": "#1"},
				"east": {"uv": [0, 0, 5.25, 5.5], "texture": "#1"},
				"south": {"uv": [10.14634, 0, 11.11111, 16], "texture": "#1"},
				"west": {"uv": [0, 0, 5.25, 5.5], "texture": "#1"},
				"up": {"uv": [0, 0, 8.9, 5.25], "texture": "#1"},
				"down": {"uv": [0, 0, 8.9, 5.25], "texture": "#1"}
			}
		},
		{
			"from": [13.85, 11, 25.175],
			"to": [22.05, 16.5, 30.425],
			"rotation": {"angle": 22.5, "axis": "y", "origin": [14.7, 11.5, 30.7]},
			"faces": {
				"north": {"uv": [0, 0, 8.2, 5.5], "texture": "#1"},
				"east": {"uv": [0, 0, 5.25, 5.5], "texture": "#1"},
				"south": {"uv": [9.25745, 0, 10.14634, 16], "texture": "#2"},
				"west": {"uv": [0, 0, 5.25, 5.5], "texture": "#1"},
				"up": {"uv": [0, 0, 8.2, 5.25], "texture": "#1"},
				"down": {"uv": [0, 0, 8.2, 5.25], "texture": "#1"}
			}
		},
		{
			"from": [17.25, 10.8, 25.175],
			"to": [18.55, 16.5, 30.725],
			"rotation": {"angle": 22.5, "axis": "y", "origin": [14.7, 11.5, 30.7]},
			"faces": {
				"north": {"uv": [0, 0, 8.2, 5.5], "texture": "#1"},
				"east": {"uv": [0, 0, 5.25, 5.5], "texture": "#1"},
				"south": {"uv": [9.25745, 0, 10.14634, 16], "texture": "#1"},
				"west": {"uv": [0, 0, 5.25, 5.5], "texture": "#1"},
				"up": {"uv": [0, 0, 8.2, 5.25], "texture": "#1"},
				"down": {"uv": [0, 0, 8.2, 5.25], "texture": "#1"}
			}
		},
		{
			"from": [22.682, 11, 13.325],
			"to": [27.932, 16.5, 21.525],
			"rotation": {"angle": -22.5, "axis": "y", "origin": [28.1, 11.5, 20.7]},
			"faces": {
				"north": {"uv": [0, 0, 5.25, 5.5], "texture": "#1"},
				"east": {"uv": [11.11111, 0, 12, 16], "texture": "#2"},
				"south": {"uv": [0, 0, 5.25, 5.5], "texture": "#1"},
				"west": {"uv": [0, 0, 8.2, 5.5], "texture": "#1"},
				"up": {"uv": [0, 0, 8.2, 5.25], "rotation": 270, "texture": "#1"},
				"down": {"uv": [0, 0, 8.2, 5.25], "rotation": 90, "texture": "#1"}
			}
		},
		{
			"from": [22.682, 10.8, 17.425],
			"to": [28.232, 16.5, 18.925],
			"rotation": {"angle": -22.5, "axis": "y", "origin": [28.1, 11.5, 20.7]},
			"faces": {
				"north": {"uv": [0, 0, 5.25, 5.5], "texture": "#1"},
				"east": {"uv": [11.11111, 0, 12, 16], "texture": "#1"},
				"south": {"uv": [0, 0, 5.25, 5.5], "texture": "#1"},
				"west": {"uv": [0, 0, 8.2, 5.5], "texture": "#1"},
				"up": {"uv": [0, 0, 8.2, 5.25], "rotation": 270, "texture": "#1"},
				"down": {"uv": [0, 0, 8.2, 5.25], "rotation": 90, "texture": "#1"}
			}
		},
		{
			"from": [-14, 10.75, 9],
			"to": [-13.5, 10.95, 10],
			"rotation": {"angle": 0, "axis": "y", "origin": [-13, 10.805, 9.5]},
			"faces": {
				"north": {"uv": [0, 0, 0.5, 0.2], "texture": "#1"},
				"east": {"uv": [0, 0, 1, 0.2], "texture": "#1"},
				"south": {"uv": [0, 0, 0.5, 0.2], "texture": "#1"},
				"west": {"uv": [0, 0, 1, 0.2], "texture": "#1"},
				"up": {"uv": [0, 0, 1, 0.5], "rotation": 90, "texture": "#1"},
				"down": {"uv": [0, 0, 1, 0.5], "rotation": 270, "texture": "#1"}
			}
		},
		{
			"from": [-12.5, 10.75, 16.2],
			"to": [-12, 10.95, 17.2],
			"rotation": {"angle": 22.5, "axis": "y", "origin": [-11.5, 10.805, 16.7]},
			"faces": {
				"north": {"uv": [0, 0, 0.5, 0.2], "texture": "#1"},
				"east": {"uv": [0, 0, 1, 0.2], "texture": "#1"},
				"south": {"uv": [0, 0, 0.5, 0.2], "texture": "#1"},
				"west": {"uv": [0, 0, 1, 0.2], "texture": "#1"},
				"up": {"uv": [0, 0, 1, 0.5], "rotation": 90, "texture": "#1"},
				"down": {"uv": [0, 0, 1, 0.5], "rotation": 270, "texture": "#1"}
			}
		},
		{
			"from": [-8.3, 10.75, 22.5],
			"to": [-7.8, 10.95, 23.5],
			"rotation": {"angle": 45, "axis": "y", "origin": [-7.3, 10.805, 23]},
			"faces": {
				"north": {"uv": [0, 0, 0.5, 0.2], "texture": "#1"},
				"east": {"uv": [0, 0, 1, 0.2], "texture": "#1"},
				"south": {"uv": [0, 0, 0.5, 0.2], "texture": "#1"},
				"west": {"uv": [0, 0, 1, 0.2], "texture": "#1"},
				"up": {"uv": [0, 0, 1, 0.5], "rotation": 90, "texture": "#1"},
				"down": {"uv": [0, 0, 1, 0.5], "rotation": 270, "texture": "#1"}
			}
		},
		{
			"from": [-1.6, 10.75, 28.1],
			"to": [-0.6, 10.95, 28.6],
			"rotation": {"angle": -22.5, "axis": "y", "origin": [-1.1, 10.805, 27.6]},
			"faces": {
				"north": {"uv": [0, 0, 1, 0.2], "texture": "#1"},
				"east": {"uv": [0, 0, 0.5, 0.2], "texture": "#1"},
				"south": {"uv": [0, 0, 1, 0.2], "texture": "#1"},
				"west": {"uv": [0, 0, 0.5, 0.2], "texture": "#1"},
				"up": {"uv": [0, 0, 1, 0.5], "texture": "#1"},
				"down": {"uv": [0, 0, 1, 0.5], "texture": "#1"}
			}
		},
		{
			"from": [5.4, 10.75, 29.5],
			"to": [6.4, 10.95, 30],
			"rotation": {"angle": 0, "axis": "y", "origin": [5.9, 10.805, 29]},
			"faces": {
				"north": {"uv": [0, 0, 1, 0.2], "texture": "#1"},
				"east": {"uv": [0, 0, 0.5, 0.2], "texture": "#1"},
				"south": {"uv": [0, 0, 1, 0.2], "texture": "#1"},
				"west": {"uv": [0, 0, 0.5, 0.2], "texture": "#1"},
				"up": {"uv": [0, 0, 1, 0.5], "texture": "#1"},
				"down": {"uv": [0, 0, 1, 0.5], "texture": "#1"}
			}
		},
		{
			"from": [13, 10.75, 29.3],
			"to": [14, 10.95, 29.8],
			"rotation": {"angle": 22.5, "axis": "y", "origin": [13.5, 10.805, 28.8]},
			"faces": {
				"north": {"uv": [0, 0, 1, 0.2], "texture": "#1"},
				"east": {"uv": [0, 0, 0.5, 0.2], "texture": "#1"},
				"south": {"uv": [0, 0, 1, 0.2], "texture": "#1"},
				"west": {"uv": [0, 0, 0.5, 0.2], "texture": "#1"},
				"up": {"uv": [0, 0, 1, 0.5], "texture": "#1"},
				"down": {"uv": [0, 0, 1, 0.5], "texture": "#1"}
			}
		},
		{
			"from": [19.7, 10.75, 26.2],
			"to": [20.7, 10.95, 26.7],
			"rotation": {"angle": 45, "axis": "y", "origin": [20.2, 10.805, 25.7]},
			"faces": {
				"north": {"uv": [0, 0, 1, 0.2], "texture": "#1"},
				"east": {"uv": [0, 0, 0.5, 0.2], "texture": "#1"},
				"south": {"uv": [0, 0, 1, 0.2], "texture": "#1"},
				"west": {"uv": [0, 0, 0.5, 0.2], "texture": "#1"},
				"up": {"uv": [0, 0, 1, 0.5], "texture": "#1"},
				"down": {"uv": [0, 0, 1, 0.5], "texture": "#1"}
			}
		},
		{
			"from": [26, 10.75, 19.8],
			"to": [26.5, 10.95, 20.8],
			"rotation": {"angle": -22.5, "axis": "y", "origin": [25.5, 10.805, 20.3]},
			"faces": {
				"north": {"uv": [0, 0, 0.5, 0.2], "texture": "#1"},
				"east": {"uv": [0, 0, 1, 0.2], "texture": "#1"},
				"south": {"uv": [0, 0, 0.5, 0.2], "texture": "#1"},
				"west": {"uv": [0, 0, 1, 0.2], "texture": "#1"},
				"up": {"uv": [0, 0, 1, 0.5], "rotation": 270, "texture": "#1"},
				"down": {"uv": [0, 0, 1, 0.5], "rotation": 90, "texture": "#1"}
			}
		},
		{
			"from": [28.8, 10.75, 13.3],
			"to": [29.3, 10.95, 14.3],
			"rotation": {"angle": 0, "axis": "y", "origin": [28.3, 10.805, 13.8]},
			"faces": {
				"north": {"uv": [0, 0, 0.5, 0.2], "texture": "#1"},
				"east": {"uv": [0, 0, 1, 0.2], "texture": "#1"},
				"south": {"uv": [0, 0, 0.5, 0.2], "texture": "#1"},
				"west": {"uv": [0, 0, 1, 0.2], "texture": "#1"},
				"up": {"uv": [0, 0, 1, 0.5], "rotation": 270, "texture": "#1"},
				"down": {"uv": [0, 0, 1, 0.5], "rotation": 90, "texture": "#1"}
			}
		},
		{
			"from": [28.8, 10.75, 5.7],
			"to": [29.3, 10.95, 6.7],
			"rotation": {"angle": 0, "axis": "y", "origin": [28.3, 10.805, 6.2]},
			"faces": {
				"north": {"uv": [0, 0, 0.5, 0.2], "texture": "#1"},
				"east": {"uv": [0, 0, 1, 0.2], "texture": "#1"},
				"south": {"uv": [0, 0, 0.5, 0.2], "texture": "#1"},
				"west": {"uv": [0, 0, 1, 0.2], "texture": "#1"},
				"up": {"uv": [0, 0, 1, 0.5], "rotation": 270, "texture": "#1"},
				"down": {"uv": [0, 0, 1, 0.5], "rotation": 90, "texture": "#1"}
			}
		},
		{
			"from": [28, 10.75, -1.6],
			"to": [28.5, 10.95, -0.6],
			"rotation": {"angle": 22.5, "axis": "y", "origin": [27.5, 10.805, -1.1]},
			"faces": {
				"north": {"uv": [0, 0, 0.5, 0.2], "texture": "#1"},
				"east": {"uv": [0, 0, 1, 0.2], "texture": "#1"},
				"south": {"uv": [0, 0, 0.5, 0.2], "texture": "#1"},
				"west": {"uv": [0, 0, 1, 0.2], "texture": "#1"},
				"up": {"uv": [0, 0, 1, 0.5], "rotation": 270, "texture": "#1"},
				"down": {"uv": [0, 0, 1, 0.5], "rotation": 90, "texture": "#1"}
			}
		},
		{
			"from": [23.5, 10.75, -7.9],
			"to": [24, 10.95, -6.9],
			"rotation": {"angle": 45, "axis": "y", "origin": [23, 10.805, -7.4]},
			"faces": {
				"north": {"uv": [0, 0, 0.5, 0.2], "texture": "#1"},
				"east": {"uv": [0, 0, 1, 0.2], "texture": "#1"},
				"south": {"uv": [0, 0, 0.5, 0.2], "texture": "#1"},
				"west": {"uv": [0, 0, 1, 0.2], "texture": "#1"},
				"up": {"uv": [0, 0, 1, 0.5], "rotation": 270, "texture": "#1"},
				"down": {"uv": [0, 0, 1, 0.5], "rotation": 90, "texture": "#1"}
			}
		},
		{
			"from": [16.1, 10.75, -12.4],
			"to": [17.1, 10.95, -11.9],
			"rotation": {"angle": -22.5, "axis": "y", "origin": [16.6, 10.805, -11.4]},
			"faces": {
				"north": {"uv": [0, 0, 1, 0.2], "texture": "#1"},
				"east": {"uv": [0, 0, 0.5, 0.2], "texture": "#1"},
				"south": {"uv": [0, 0, 1, 0.2], "texture": "#1"},
				"west": {"uv": [0, 0, 0.5, 0.2], "texture": "#1"},
				"up": {"uv": [0, 0, 1, 0.5], "rotation": 180, "texture": "#1"},
				"down": {"uv": [0, 0, 1, 0.5], "rotation": 180, "texture": "#1"}
			}
		},
		{
			"from": [9.8, 10.75, -13.8],
			"to": [10.8, 10.95, -13.3],
			"rotation": {"angle": 0, "axis": "y", "origin": [10.3, 10.805, -12.8]},
			"faces": {
				"north": {"uv": [0, 0, 1, 0.2], "texture": "#1"},
				"east": {"uv": [0, 0, 0.5, 0.2], "texture": "#1"},
				"south": {"uv": [0, 0, 1, 0.2], "texture": "#1"},
				"west": {"uv": [0, 0, 0.5, 0.2], "texture": "#1"},
				"up": {"uv": [0, 0, 1, 0.5], "rotation": 180, "texture": "#1"},
				"down": {"uv": [0, 0, 1, 0.5], "rotation": 180, "texture": "#1"}
			}
		},
		{
			"from": [2.7, 10.75, -13.7],
			"to": [3.7, 10.95, -13.2],
			"rotation": {"angle": 0, "axis": "y", "origin": [3.2, 10.805, -12.7]},
			"faces": {
				"north": {"uv": [0, 0, 1, 0.2], "texture": "#1"},
				"east": {"uv": [0, 0, 0.5, 0.2], "texture": "#1"},
				"south": {"uv": [0, 0, 1, 0.2], "texture": "#1"},
				"west": {"uv": [0, 0, 0.5, 0.2], "texture": "#1"},
				"up": {"uv": [0, 0, 1, 0.5], "rotation": 180, "texture": "#1"},
				"down": {"uv": [0, 0, 1, 0.5], "rotation": 180, "texture": "#1"}
			}
		},
		{
			"from": [-4.4, 10.75, -11],
			"to": [-3.4, 10.95, -10.5],
			"rotation": {"angle": 22.5, "axis": "y", "origin": [-3.9, 10.805, -10]},
			"faces": {
				"north": {"uv": [0, 0, 1, 0.2], "texture": "#1"},
				"east": {"uv": [0, 0, 0.5, 0.2], "texture": "#1"},
				"south": {"uv": [0, 0, 1, 0.2], "texture": "#1"},
				"west": {"uv": [0, 0, 0.5, 0.2], "texture": "#1"},
				"up": {"uv": [0, 0, 1, 0.5], "rotation": 180, "texture": "#1"},
				"down": {"uv": [0, 0, 1, 0.5], "rotation": 180, "texture": "#1"}
			}
		},
		{
			"from": [-9.9, 10.75, -5.9],
			"to": [-8.9, 10.95, -5.4],
			"rotation": {"angle": 45, "axis": "y", "origin": [-9.4, 10.805, -4.9]},
			"faces": {
				"north": {"uv": [0, 0, 1, 0.2], "texture": "#1"},
				"east": {"uv": [0, 0, 0.5, 0.2], "texture": "#1"},
				"south": {"uv": [0, 0, 1, 0.2], "texture": "#1"},
				"west": {"uv": [0, 0, 0.5, 0.2], "texture": "#1"},
				"up": {"uv": [0, 0, 1, 0.5], "rotation": 180, "texture": "#1"},
				"down": {"uv": [0, 0, 1, 0.5], "rotation": 180, "texture": "#1"}
			}
		},
		{
			"from": [-13.4, 10.75, 1.5],
			"to": [-12.9, 10.95, 2.5],
			"rotation": {"angle": -22.5, "axis": "y", "origin": [-12.4, 10.805, 2]},
			"faces": {
				"north": {"uv": [0, 0, 0.5, 0.2], "texture": "#1"},
				"east": {"uv": [0, 0, 1, 0.2], "texture": "#1"},
				"south": {"uv": [0, 0, 0.5, 0.2], "texture": "#1"},
				"west": {"uv": [0, 0, 1, 0.2], "texture": "#1"},
				"up": {"uv": [0, 0, 1, 0.5], "rotation": 90, "texture": "#1"},
				"down": {"uv": [0, 0, 1, 0.5], "rotation": 270, "texture": "#1"}
			}
		},
		{
			"from": [-13.5, 10.75, 10],
			"to": [-12.5, 10.95, 10.5],
			"rotation": {"angle": 0, "axis": "y", "origin": [-13, 10.805, 9.5]},
			"faces": {
				"north": {"uv": [0, 0, 1, 0.2], "texture": "#1"},
				"east": {"uv": [0, 0, 0.5, 0.2], "texture": "#1"},
				"south": {"uv": [0, 0, 1, 0.2], "texture": "#1"},
				"west": {"uv": [0, 0, 0.5, 0.2], "texture": "#1"},
				"up": {"uv": [0, 0, 1, 0.5], "rotation": 180, "texture": "#1"},
				"down": {"uv": [0, 0, 1, 0.5], "rotation": 180, "texture": "#1"}
			}
		},
		{
			"from": [-12, 10.75, 17.2],
			"to": [-11, 10.95, 17.7],
			"rotation": {"angle": 22.5, "axis": "y", "origin": [-11.5, 10.805, 16.7]},
			"faces": {
				"north": {"uv": [0, 0, 1, 0.2], "texture": "#1"},
				"east": {"uv": [0, 0, 0.5, 0.2], "texture": "#1"},
				"south": {"uv": [0, 0, 1, 0.2], "texture": "#1"},
				"west": {"uv": [0, 0, 0.5, 0.2], "texture": "#1"},
				"up": {"uv": [0, 0, 1, 0.5], "rotation": 180, "texture": "#1"},
				"down": {"uv": [0, 0, 1, 0.5], "rotation": 180, "texture": "#1"}
			}
		},
		{
			"from": [-7.8, 10.75, 23.5],
			"to": [-6.8, 10.95, 24],
			"rotation": {"angle": 45, "axis": "y", "origin": [-7.3, 10.805, 23]},
			"faces": {
				"north": {"uv": [0, 0, 1, 0.2], "texture": "#1"},
				"east": {"uv": [0, 0, 0.5, 0.2], "texture": "#1"},
				"south": {"uv": [0, 0, 1, 0.2], "texture": "#1"},
				"west": {"uv": [0, 0, 0.5, 0.2], "texture": "#1"},
				"up": {"uv": [0, 0, 1, 0.5], "rotation": 180, "texture": "#1"},
				"down": {"uv": [0, 0, 1, 0.5], "rotation": 180, "texture": "#1"}
			}
		},
		{
			"from": [-0.6, 10.75, 27.1],
			"to": [-0.1, 10.95, 28.1],
			"rotation": {"angle": -22.5, "axis": "y", "origin": [-1.1, 10.805, 27.6]},
			"faces": {
				"north": {"uv": [0, 0, 0.5, 0.2], "texture": "#1"},
				"east": {"uv": [0, 0, 1, 0.2], "texture": "#1"},
				"south": {"uv": [0, 0, 0.5, 0.2], "texture": "#1"},
				"west": {"uv": [0, 0, 1, 0.2], "texture": "#1"},
				"up": {"uv": [0, 0, 1, 0.5], "rotation": 90, "texture": "#1"},
				"down": {"uv": [0, 0, 1, 0.5], "rotation": 270, "texture": "#1"}
			}
		},
		{
			"from": [6.4, 10.75, 28.5],
			"to": [6.9, 10.95, 29.5],
			"rotation": {"angle": 0, "axis": "y", "origin": [5.9, 10.805, 29]},
			"faces": {
				"north": {"uv": [0, 0, 0.5, 0.2], "texture": "#1"},
				"east": {"uv": [0, 0, 1, 0.2], "texture": "#1"},
				"south": {"uv": [0, 0, 0.5, 0.2], "texture": "#1"},
				"west": {"uv": [0, 0, 1, 0.2], "texture": "#1"},
				"up": {"uv": [0, 0, 1, 0.5], "rotation": 90, "texture": "#1"},
				"down": {"uv": [0, 0, 1, 0.5], "rotation": 270, "texture": "#1"}
			}
		},
		{
			"from": [14, 10.75, 28.3],
			"to": [14.5, 10.95, 29.3],
			"rotation": {"angle": 22.5, "axis": "y", "origin": [13.5, 10.805, 28.8]},
			"faces": {
				"north": {"uv": [0, 0, 0.5, 0.2], "texture": "#1"},
				"east": {"uv": [0, 0, 1, 0.2], "texture": "#1"},
				"south": {"uv": [0, 0, 0.5, 0.2], "texture": "#1"},
				"west": {"uv": [0, 0, 1, 0.2], "texture": "#1"},
				"up": {"uv": [0, 0, 1, 0.5], "rotation": 90, "texture": "#1"},
				"down": {"uv": [0, 0, 1, 0.5], "rotation": 270, "texture": "#1"}
			}
		},
		{
			"from": [20.7, 10.75, 25.2],
			"to": [21.2, 10.95, 26.2],
			"rotation": {"angle": 45, "axis": "y", "origin": [20.2, 10.805, 25.7]},
			"faces": {
				"north": {"uv": [0, 0, 0.5, 0.2], "texture": "#1"},
				"east": {"uv": [0, 0, 1, 0.2], "texture": "#1"},
				"south": {"uv": [0, 0, 0.5, 0.2], "texture": "#1"},
				"west": {"uv": [0, 0, 1, 0.2], "texture": "#1"},
				"up": {"uv": [0, 0, 1, 0.5], "rotation": 90, "texture": "#1"},
				"down": {"uv": [0, 0, 1, 0.5], "rotation": 270, "texture": "#1"}
			}
		},
		{
			"from": [25, 10.75, 19.3],
			"to": [26, 10.95, 19.8],
			"rotation": {"angle": -22.5, "axis": "y", "origin": [25.5, 10.805, 20.3]},
			"faces": {
				"north": {"uv": [0, 0, 1, 0.2], "texture": "#1"},
				"east": {"uv": [0, 0, 0.5, 0.2], "texture": "#1"},
				"south": {"uv": [0, 0, 1, 0.2], "texture": "#1"},
				"west": {"uv": [0, 0, 0.5, 0.2], "texture": "#1"},
				"up": {"uv": [0, 0, 1, 0.5], "texture": "#1"},
				"down": {"uv": [0, 0, 1, 0.5], "texture": "#1"}
			}
		},
		{
			"from": [27.8, 10.75, 12.8],
			"to": [28.8, 10.95, 13.3],
			"rotation": {"angle": 0, "axis": "y", "origin": [28.3, 10.805, 13.8]},
			"faces": {
				"north": {"uv": [0, 0, 1, 0.2], "texture": "#1"},
				"east": {"uv": [0, 0, 0.5, 0.2], "texture": "#1"},
				"south": {"uv": [0, 0, 1, 0.2], "texture": "#1"},
				"west": {"uv": [0, 0, 0.5, 0.2], "texture": "#1"},
				"up": {"uv": [0, 0, 1, 0.5], "texture": "#1"},
				"down": {"uv": [0, 0, 1, 0.5], "texture": "#1"}
			}
		},
		{
			"from": [27.8, 10.75, 5.2],
			"to": [28.8, 10.95, 5.7],
			"rotation": {"angle": 0, "axis": "y", "origin": [28.3, 10.805, 6.2]},
			"faces": {
				"north": {"uv": [0, 0, 1, 0.2], "texture": "#1"},
				"east": {"uv": [0, 0, 0.5, 0.2], "texture": "#1"},
				"south": {"uv": [0, 0, 1, 0.2], "texture": "#1"},
				"west": {"uv": [0, 0, 0.5, 0.2], "texture": "#1"},
				"up": {"uv": [0, 0, 1, 0.5], "texture": "#1"},
				"down": {"uv": [0, 0, 1, 0.5], "texture": "#1"}
			}
		},
		{
			"from": [27, 10.75, -2.1],
			"to": [28, 10.95, -1.6],
			"rotation": {"angle": 22.5, "axis": "y", "origin": [27.5, 10.805, -1.1]},
			"faces": {
				"north": {"uv": [0, 0, 1, 0.2], "texture": "#1"},
				"east": {"uv": [0, 0, 0.5, 0.2], "texture": "#1"},
				"south": {"uv": [0, 0, 1, 0.2], "texture": "#1"},
				"west": {"uv": [0, 0, 0.5, 0.2], "texture": "#1"},
				"up": {"uv": [0, 0, 1, 0.5], "texture": "#1"},
				"down": {"uv": [0, 0, 1, 0.5], "texture": "#1"}
			}
		},
		{
			"from": [22.5, 10.75, -8.4],
			"to": [23.5, 10.95, -7.9],
			"rotation": {"angle": 45, "axis": "y", "origin": [23, 10.805, -7.4]},
			"faces": {
				"north": {"uv": [0, 0, 1, 0.2], "texture": "#1"},
				"east": {"uv": [0, 0, 0.5, 0.2], "texture": "#1"},
				"south": {"uv": [0, 0, 1, 0.2], "texture": "#1"},
				"west": {"uv": [0, 0, 0.5, 0.2], "texture": "#1"},
				"up": {"uv": [0, 0, 1, 0.5], "texture": "#1"},
				"down": {"uv": [0, 0, 1, 0.5], "texture": "#1"}
			}
		},
		{
			"from": [15.6, 10.75, -11.9],
			"to": [16.1, 10.95, -10.9],
			"rotation": {"angle": -22.5, "axis": "y", "origin": [16.6, 10.805, -11.4]},
			"faces": {
				"north": {"uv": [0, 0, 0.5, 0.2], "texture": "#1"},
				"east": {"uv": [0, 0, 1, 0.2], "texture": "#1"},
				"south": {"uv": [0, 0, 0.5, 0.2], "texture": "#1"},
				"west": {"uv": [0, 0, 1, 0.2], "texture": "#1"},
				"up": {"uv": [0, 0, 1, 0.5], "rotation": 270, "texture": "#1"},
				"down": {"uv": [0, 0, 1, 0.5], "rotation": 90, "texture": "#1"}
			}
		},
		{
			"from": [9.3, 10.75, -13.3],
			"to": [9.8, 10.95, -12.3],
			"rotation": {"angle": 0, "axis": "y", "origin": [10.3, 10.805, -12.8]},
			"faces": {
				"north": {"uv": [0, 0, 0.5, 0.2], "texture": "#1"},
				"east": {"uv": [0, 0, 1, 0.2], "texture": "#1"},
				"south": {"uv": [0, 0, 0.5, 0.2], "texture": "#1"},
				"west": {"uv": [0, 0, 1, 0.2], "texture": "#1"},
				"up": {"uv": [0, 0, 1, 0.5], "rotation": 270, "texture": "#1"},
				"down": {"uv": [0, 0, 1, 0.5], "rotation": 90, "texture": "#1"}
			}
		},
		{
			"from": [2.2, 10.75, -13.2],
			"to": [2.7, 10.95, -12.2],
			"rotation": {"angle": 0, "axis": "y", "origin": [3.2, 10.805, -12.7]},
			"faces": {
				"north": {"uv": [0, 0, 0.5, 0.2], "texture": "#1"},
				"east": {"uv": [0, 0, 1, 0.2], "texture": "#1"},
				"south": {"uv": [0, 0, 0.5, 0.2], "texture": "#1"},
				"west": {"uv": [0, 0, 1, 0.2], "texture": "#1"},
				"up": {"uv": [0, 0, 1, 0.5], "rotation": 270, "texture": "#1"},
				"down": {"uv": [0, 0, 1, 0.5], "rotation": 90, "texture": "#1"}
			}
		},
		{
			"from": [-4.9, 10.75, -10.5],
			"to": [-4.4, 10.95, -9.5],
			"rotation": {"angle": 22.5, "axis": "y", "origin": [-3.9, 10.805, -10]},
			"faces": {
				"north": {"uv": [0, 0, 0.5, 0.2], "texture": "#1"},
				"east": {"uv": [0, 0, 1, 0.2], "texture": "#1"},
				"south": {"uv": [0, 0, 0.5, 0.2], "texture": "#1"},
				"west": {"uv": [0, 0, 1, 0.2], "texture": "#1"},
				"up": {"uv": [0, 0, 1, 0.5], "rotation": 270, "texture": "#1"},
				"down": {"uv": [0, 0, 1, 0.5], "rotation": 90, "texture": "#1"}
			}
		},
		{
			"from": [-10.4, 10.75, -5.4],
			"to": [-9.9, 10.95, -4.4],
			"rotation": {"angle": 45, "axis": "y", "origin": [-9.4, 10.805, -4.9]},
			"faces": {
				"north": {"uv": [0, 0, 0.5, 0.2], "texture": "#1"},
				"east": {"uv": [0, 0, 1, 0.2], "texture": "#1"},
				"south": {"uv": [0, 0, 0.5, 0.2], "texture": "#1"},
				"west": {"uv": [0, 0, 1, 0.2], "texture": "#1"},
				"up": {"uv": [0, 0, 1, 0.5], "rotation": 270, "texture": "#1"},
				"down": {"uv": [0, 0, 1, 0.5], "rotation": 90, "texture": "#1"}
			}
		},
		{
			"from": [-12.9, 10.75, 2.5],
			"to": [-11.9, 10.95, 3],
			"rotation": {"angle": -22.5, "axis": "y", "origin": [-12.4, 10.805, 2]},
			"faces": {
				"north": {"uv": [0, 0, 1, 0.2], "texture": "#1"},
				"east": {"uv": [0, 0, 0.5, 0.2], "texture": "#1"},
				"south": {"uv": [0, 0, 1, 0.2], "texture": "#1"},
				"west": {"uv": [0, 0, 0.5, 0.2], "texture": "#1"},
				"up": {"uv": [0, 0, 1, 0.5], "rotation": 180, "texture": "#1"},
				"down": {"uv": [0, 0, 1, 0.5], "rotation": 180, "texture": "#1"}
			}
		},
		{
			"from": [-12.9, 10.5, 1.5],
			"to": [-11.9, 10.75, 2.5],
			"rotation": {"angle": -22.5, "axis": "y", "origin": [-12.4, 10.805, 2]},
			"faces": {
				"north": {"uv": [0, 0, 1, 0.25], "texture": "#4"},
				"east": {"uv": [0, 0, 1, 0.25], "texture": "#4"},
				"south": {"uv": [0, 0, 1, 0.25], "texture": "#4"},
				"west": {"uv": [0, 0, 1, 0.25], "texture": "#4"},
				"up": {"uv": [0, 0, 1, 1], "rotation": 180, "texture": "#4"},
				"down": {"uv": [0, 0, 1, 1], "rotation": 180, "texture": "#4"}
			}
		},
		{
			"from": [-9.9, 10.5, -5.4],
			"to": [-8.9, 10.75, -4.4],
			"rotation": {"angle": 45, "axis": "y", "origin": [-9.4, 10.805, -4.9]},
			"faces": {
				"north": {"uv": [0, 0, 1, 0.25], "texture": "#4"},
				"east": {"uv": [0, 0, 1, 0.25], "texture": "#4"},
				"south": {"uv": [0, 0, 1, 0.25], "texture": "#4"},
				"west": {"uv": [0, 0, 1, 0.25], "texture": "#4"},
				"up": {"uv": [0, 0, 1, 1], "rotation": 270, "texture": "#4"},
				"down": {"uv": [0, 0, 1, 1], "rotation": 90, "texture": "#4"}
			}
		},
		{
			"from": [-4.4, 10.5, -10.5],
			"to": [-3.4, 10.75, -9.5],
			"rotation": {"angle": 22.5, "axis": "y", "origin": [-3.9, 10.805, -10]},
			"faces": {
				"north": {"uv": [0, 0, 1, 0.25], "texture": "#4"},
				"east": {"uv": [0, 0, 1, 0.25], "texture": "#4"},
				"south": {"uv": [0, 0, 1, 0.25], "texture": "#4"},
				"west": {"uv": [0, 0, 1, 0.25], "texture": "#4"},
				"up": {"uv": [0, 0, 1, 1], "rotation": 270, "texture": "#4"},
				"down": {"uv": [0, 0, 1, 1], "rotation": 90, "texture": "#4"}
			}
		},
		{
			"from": [2.7, 10.5, -13.2],
			"to": [3.7, 10.75, -12.2],
			"rotation": {"angle": 0, "axis": "y", "origin": [3.2, 10.805, -12.7]},
			"faces": {
				"north": {"uv": [0, 0, 1, 0.25], "texture": "#4"},
				"east": {"uv": [0, 0, 1, 0.25], "texture": "#4"},
				"south": {"uv": [0, 0, 1, 0.25], "texture": "#4"},
				"west": {"uv": [0, 0, 1, 0.25], "texture": "#4"},
				"up": {"uv": [0, 0, 1, 1], "rotation": 270, "texture": "#4"},
				"down": {"uv": [0, 0, 1, 1], "rotation": 90, "texture": "#4"}
			}
		},
		{
			"from": [9.8, 10.5, -13.3],
			"to": [10.8, 10.75, -12.3],
			"rotation": {"angle": 0, "axis": "y", "origin": [10.3, 10.805, -12.8]},
			"faces": {
				"north": {"uv": [0, 0, 1, 0.25], "texture": "#4"},
				"east": {"uv": [0, 0, 1, 0.25], "texture": "#4"},
				"south": {"uv": [0, 0, 1, 0.25], "texture": "#4"},
				"west": {"uv": [0, 0, 1, 0.25], "texture": "#4"},
				"up": {"uv": [0, 0, 1, 1], "rotation": 270, "texture": "#4"},
				"down": {"uv": [0, 0, 1, 1], "rotation": 90, "texture": "#4"}
			}
		},
		{
			"from": [16.1, 10.5, -11.9],
			"to": [17.1, 10.75, -10.9],
			"rotation": {"angle": -22.5, "axis": "y", "origin": [16.6, 10.805, -11.4]},
			"faces": {
				"north": {"uv": [0, 0, 1, 0.25], "texture": "#4"},
				"east": {"uv": [0, 0, 1, 0.25], "texture": "#4"},
				"south": {"uv": [0, 0, 1, 0.25], "texture": "#4"},
				"west": {"uv": [0, 0, 1, 0.25], "texture": "#4"},
				"up": {"uv": [0, 0, 1, 1], "rotation": 270, "texture": "#4"},
				"down": {"uv": [0, 0, 1, 1], "rotation": 90, "texture": "#4"}
			}
		},
		{
			"from": [22.5, 10.5, -7.9],
			"to": [23.5, 10.75, -6.9],
			"rotation": {"angle": 45, "axis": "y", "origin": [23, 10.805, -7.4]},
			"faces": {
				"north": {"uv": [0, 0, 1, 0.25], "texture": "#4"},
				"east": {"uv": [0, 0, 1, 0.25], "texture": "#4"},
				"south": {"uv": [0, 0, 1, 0.25], "texture": "#4"},
				"west": {"uv": [0, 0, 1, 0.25], "texture": "#4"},
				"up": {"uv": [0, 0, 1, 1], "texture": "#4"},
				"down": {"uv": [0, 0, 1, 1], "texture": "#4"}
			}
		},
		{
			"from": [27, 10.5, -1.6],
			"to": [28, 10.75, -0.6],
			"rotation": {"angle": 22.5, "axis": "y", "origin": [27.5, 10.805, -1.1]},
			"faces": {
				"north": {"uv": [0, 0, 1, 0.25], "texture": "#4"},
				"east": {"uv": [0, 0, 1, 0.25], "texture": "#4"},
				"south": {"uv": [0, 0, 1, 0.25], "texture": "#4"},
				"west": {"uv": [0, 0, 1, 0.25], "texture": "#4"},
				"up": {"uv": [0, 0, 1, 1], "texture": "#4"},
				"down": {"uv": [0, 0, 1, 1], "texture": "#4"}
			}
		},
		{
			"from": [27.8, 10.5, 5.7],
			"to": [28.8, 10.75, 6.7],
			"rotation": {"angle": 0, "axis": "y", "origin": [28.3, 10.805, 6.2]},
			"faces": {
				"north": {"uv": [0, 0, 1, 0.25], "texture": "#4"},
				"east": {"uv": [0, 0, 1, 0.25], "texture": "#4"},
				"south": {"uv": [0, 0, 1, 0.25], "texture": "#4"},
				"west": {"uv": [0, 0, 1, 0.25], "texture": "#4"},
				"up": {"uv": [0, 0, 1, 1], "texture": "#4"},
				"down": {"uv": [0, 0, 1, 1], "texture": "#4"}
			}
		},
		{
			"from": [27.8, 10.5, 13.3],
			"to": [28.8, 10.75, 14.3],
			"rotation": {"angle": 0, "axis": "y", "origin": [28.3, 10.805, 13.8]},
			"faces": {
				"north": {"uv": [0, 0, 1, 0.25], "texture": "#4"},
				"east": {"uv": [0, 0, 1, 0.25], "texture": "#4"},
				"south": {"uv": [0, 0, 1, 0.25], "texture": "#4"},
				"west": {"uv": [0, 0, 1, 0.25], "texture": "#4"},
				"up": {"uv": [0, 0, 1, 1], "texture": "#4"},
				"down": {"uv": [0, 0, 1, 1], "texture": "#4"}
			}
		},
		{
			"from": [25, 10.5, 19.8],
			"to": [26, 10.75, 20.8],
			"rotation": {"angle": -22.5, "axis": "y", "origin": [25.5, 10.805, 20.3]},
			"faces": {
				"north": {"uv": [0, 0, 1, 0.25], "texture": "#4"},
				"east": {"uv": [0, 0, 1, 0.25], "texture": "#4"},
				"south": {"uv": [0, 0, 1, 0.25], "texture": "#4"},
				"west": {"uv": [0, 0, 1, 0.25], "texture": "#4"},
				"up": {"uv": [0, 0, 1, 1], "texture": "#4"},
				"down": {"uv": [0, 0, 1, 1], "texture": "#4"}
			}
		},
		{
			"from": [19.7, 10.5, 25.2],
			"to": [20.7, 10.75, 26.2],
			"rotation": {"angle": 45, "axis": "y", "origin": [20.2, 10.805, 25.7]},
			"faces": {
				"north": {"uv": [0, 0, 1, 0.25], "texture": "#4"},
				"east": {"uv": [0, 0, 1, 0.25], "texture": "#4"},
				"south": {"uv": [0, 0, 1, 0.25], "texture": "#4"},
				"west": {"uv": [0, 0, 1, 0.25], "texture": "#4"},
				"up": {"uv": [0, 0, 1, 1], "rotation": 90, "texture": "#4"},
				"down": {"uv": [0, 0, 1, 1], "rotation": 270, "texture": "#4"}
			}
		},
		{
			"from": [13, 10.5, 28.3],
			"to": [14, 10.75, 29.3],
			"rotation": {"angle": 22.5, "axis": "y", "origin": [13.5, 10.805, 28.8]},
			"faces": {
				"north": {"uv": [0, 0, 1, 0.25], "texture": "#4"},
				"east": {"uv": [0, 0, 1, 0.25], "texture": "#4"},
				"south": {"uv": [0, 0, 1, 0.25], "texture": "#4"},
				"west": {"uv": [0, 0, 1, 0.25], "texture": "#4"},
				"up": {"uv": [0, 0, 1, 1], "rotation": 90, "texture": "#4"},
				"down": {"uv": [0, 0, 1, 1], "rotation": 270, "texture": "#4"}
			}
		},
		{
			"from": [5.4, 10.5, 28.5],
			"to": [6.4, 10.75, 29.5],
			"rotation": {"angle": 0, "axis": "y", "origin": [5.9, 10.805, 29]},
			"faces": {
				"north": {"uv": [0, 0, 1, 0.25], "texture": "#4"},
				"east": {"uv": [0, 0, 1, 0.25], "texture": "#4"},
				"south": {"uv": [0, 0, 1, 0.25], "texture": "#4"},
				"west": {"uv": [0, 0, 1, 0.25], "texture": "#4"},
				"up": {"uv": [0, 0, 1, 1], "rotation": 90, "texture": "#4"},
				"down": {"uv": [0, 0, 1, 1], "rotation": 270, "texture": "#4"}
			}
		},
		{
			"from": [-1.6, 10.5, 27.1],
			"to": [-0.6, 10.75, 28.1],
			"rotation": {"angle": -22.5, "axis": "y", "origin": [-1.1, 10.805, 27.6]},
			"faces": {
				"north": {"uv": [0, 0, 1, 0.25], "texture": "#4"},
				"east": {"uv": [0, 0, 1, 0.25], "texture": "#4"},
				"south": {"uv": [0, 0, 1, 0.25], "texture": "#4"},
				"west": {"uv": [0, 0, 1, 0.25], "texture": "#4"},
				"up": {"uv": [0, 0, 1, 1], "rotation": 90, "texture": "#4"},
				"down": {"uv": [0, 0, 1, 1], "rotation": 270, "texture": "#4"}
			}
		},
		{
			"from": [-7.8, 10.5, 22.5],
			"to": [-6.8, 10.75, 23.5],
			"rotation": {"angle": 45, "axis": "y", "origin": [-7.3, 10.805, 23]},
			"faces": {
				"north": {"uv": [0, 0, 1, 0.25], "texture": "#4"},
				"east": {"uv": [0, 0, 1, 0.25], "texture": "#4"},
				"south": {"uv": [0, 0, 1, 0.25], "texture": "#4"},
				"west": {"uv": [0, 0, 1, 0.25], "texture": "#4"},
				"up": {"uv": [0, 0, 1, 1], "rotation": 180, "texture": "#4"},
				"down": {"uv": [0, 0, 1, 1], "rotation": 180, "texture": "#4"}
			}
		},
		{
			"from": [-12, 10.5, 16.2],
			"to": [-11, 10.75, 17.2],
			"rotation": {"angle": 22.5, "axis": "y", "origin": [-11.5, 10.805, 16.7]},
			"faces": {
				"north": {"uv": [0, 0, 1, 0.25], "texture": "#4"},
				"east": {"uv": [0, 0, 1, 0.25], "texture": "#4"},
				"south": {"uv": [0, 0, 1, 0.25], "texture": "#4"},
				"west": {"uv": [0, 0, 1, 0.25], "texture": "#4"},
				"up": {"uv": [0, 0, 1, 1], "rotation": 180, "texture": "#4"},
				"down": {"uv": [0, 0, 1, 1], "rotation": 180, "texture": "#4"}
			}
		},
		{
			"from": [-13.5, 10.5, 9],
			"to": [-12.5, 10.75, 10],
			"rotation": {"angle": 0, "axis": "y", "origin": [-13, 10.805, 9.5]},
			"faces": {
				"north": {"uv": [0, 0, 1, 0.25], "texture": "#4"},
				"east": {"uv": [0, 0, 1, 0.25], "texture": "#4"},
				"south": {"uv": [0, 0, 1, 0.25], "texture": "#4"},
				"west": {"uv": [0, 0, 1, 0.25], "texture": "#4"},
				"up": {"uv": [0, 0, 1, 1], "rotation": 180, "texture": "#4"},
				"down": {"uv": [0, 0, 1, 1], "rotation": 180, "texture": "#4"}
			}
		},
		{
			"from": [-13.5, 10.75, 8.5],
			"to": [-12.5, 10.95, 9],
			"rotation": {"angle": 0, "axis": "y", "origin": [-13, 10.805, 9.5]},
			"faces": {
				"north": {"uv": [0, 0, 1, 0.2], "texture": "#1"},
				"east": {"uv": [0, 0, 0.5, 0.2], "texture": "#1"},
				"south": {"uv": [0, 0, 1, 0.2], "texture": "#1"},
				"west": {"uv": [0, 0, 0.5, 0.2], "texture": "#1"},
				"up": {"uv": [0, 0, 1, 0.5], "rotation": 180, "texture": "#1"},
				"down": {"uv": [0, 0, 1, 0.5], "rotation": 180, "texture": "#1"}
			}
		},
		{
			"from": [-12, 10.75, 15.7],
			"to": [-11, 10.95, 16.2],
			"rotation": {"angle": 22.5, "axis": "y", "origin": [-11.5, 10.805, 16.7]},
			"faces": {
				"north": {"uv": [0, 0, 1, 0.2], "texture": "#1"},
				"east": {"uv": [0, 0, 0.5, 0.2], "texture": "#1"},
				"south": {"uv": [0, 0, 1, 0.2], "texture": "#1"},
				"west": {"uv": [0, 0, 0.5, 0.2], "texture": "#1"},
				"up": {"uv": [0, 0, 1, 0.5], "rotation": 180, "texture": "#1"},
				"down": {"uv": [0, 0, 1, 0.5], "rotation": 180, "texture": "#1"}
			}
		},
		{
			"from": [-7.8, 10.75, 22],
			"to": [-6.8, 10.95, 22.5],
			"rotation": {"angle": 45, "axis": "y", "origin": [-7.3, 10.805, 23]},
			"faces": {
				"north": {"uv": [0, 0, 1, 0.2], "texture": "#1"},
				"east": {"uv": [0, 0, 0.5, 0.2], "texture": "#1"},
				"south": {"uv": [0, 0, 1, 0.2], "texture": "#1"},
				"west": {"uv": [0, 0, 0.5, 0.2], "texture": "#1"},
				"up": {"uv": [0, 0, 1, 0.5], "rotation": 180, "texture": "#1"},
				"down": {"uv": [0, 0, 1, 0.5], "rotation": 180, "texture": "#1"}
			}
		},
		{
			"from": [-2.1, 10.75, 27.1],
			"to": [-1.6, 10.95, 28.1],
			"rotation": {"angle": -22.5, "axis": "y", "origin": [-1.1, 10.805, 27.6]},
			"faces": {
				"north": {"uv": [0, 0, 0.5, 0.2], "texture": "#1"},
				"east": {"uv": [0, 0, 1, 0.2], "texture": "#1"},
				"south": {"uv": [0, 0, 0.5, 0.2], "texture": "#1"},
				"west": {"uv": [0, 0, 1, 0.2], "texture": "#1"},
				"up": {"uv": [0, 0, 1, 0.5], "rotation": 90, "texture": "#1"},
				"down": {"uv": [0, 0, 1, 0.5], "rotation": 270, "texture": "#1"}
			}
		},
		{
			"from": [4.9, 10.75, 28.5],
			"to": [5.4, 10.95, 29.5],
			"rotation": {"angle": 0, "axis": "y", "origin": [5.9, 10.805, 29]},
			"faces": {
				"north": {"uv": [0, 0, 0.5, 0.2], "texture": "#1"},
				"east": {"uv": [0, 0, 1, 0.2], "texture": "#1"},
				"south": {"uv": [0, 0, 0.5, 0.2], "texture": "#1"},
				"west": {"uv": [0, 0, 1, 0.2], "texture": "#1"},
				"up": {"uv": [0, 0, 1, 0.5], "rotation": 90, "texture": "#1"},
				"down": {"uv": [0, 0, 1, 0.5], "rotation": 270, "texture": "#1"}
			}
		},
		{
			"from": [12.5, 10.75, 28.3],
			"to": [13, 10.95, 29.3],
			"rotation": {"angle": 22.5, "axis": "y", "origin": [13.5, 10.805, 28.8]},
			"faces": {
				"north": {"uv": [0, 0, 0.5, 0.2], "texture": "#1"},
				"east": {"uv": [0, 0, 1, 0.2], "texture": "#1"},
				"south": {"uv": [0, 0, 0.5, 0.2], "texture": "#1"},
				"west": {"uv": [0, 0, 1, 0.2], "texture": "#1"},
				"up": {"uv": [0, 0, 1, 0.5], "rotation": 90, "texture": "#1"},
				"down": {"uv": [0, 0, 1, 0.5], "rotation": 270, "texture": "#1"}
			}
		},
		{
			"from": [19.2, 10.75, 25.2],
			"to": [19.7, 10.95, 26.2],
			"rotation": {"angle": 45, "axis": "y", "origin": [20.2, 10.805, 25.7]},
			"faces": {
				"north": {"uv": [0, 0, 0.5, 0.2], "texture": "#1"},
				"east": {"uv": [0, 0, 1, 0.2], "texture": "#1"},
				"south": {"uv": [0, 0, 0.5, 0.2], "texture": "#1"},
				"west": {"uv": [0, 0, 1, 0.2], "texture": "#1"},
				"up": {"uv": [0, 0, 1, 0.5], "rotation": 90, "texture": "#1"},
				"down": {"uv": [0, 0, 1, 0.5], "rotation": 270, "texture": "#1"}
			}
		},
		{
			"from": [25, 10.75, 20.8],
			"to": [26, 10.95, 21.3],
			"rotation": {"angle": -22.5, "axis": "y", "origin": [25.5, 10.805, 20.3]},
			"faces": {
				"north": {"uv": [0, 0, 1, 0.2], "texture": "#1"},
				"east": {"uv": [0, 0, 0.5, 0.2], "texture": "#1"},
				"south": {"uv": [0, 0, 1, 0.2], "texture": "#1"},
				"west": {"uv": [0, 0, 0.5, 0.2], "texture": "#1"},
				"up": {"uv": [0, 0, 1, 0.5], "texture": "#1"},
				"down": {"uv": [0, 0, 1, 0.5], "texture": "#1"}
			}
		},
		{
			"from": [27.8, 10.75, 14.3],
			"to": [28.8, 10.95, 14.8],
			"rotation": {"angle": 0, "axis": "y", "origin": [28.3, 10.805, 13.8]},
			"faces": {
				"north": {"uv": [0, 0, 1, 0.2], "texture": "#1"},
				"east": {"uv": [0, 0, 0.5, 0.2], "texture": "#1"},
				"south": {"uv": [0, 0, 1, 0.2], "texture": "#1"},
				"west": {"uv": [0, 0, 0.5, 0.2], "texture": "#1"},
				"up": {"uv": [0, 0, 1, 0.5], "texture": "#1"},
				"down": {"uv": [0, 0, 1, 0.5], "texture": "#1"}
			}
		},
		{
			"from": [27.8, 10.75, 6.7],
			"to": [28.8, 10.95, 7.2],
			"rotation": {"angle": 0, "axis": "y", "origin": [28.3, 10.805, 6.2]},
			"faces": {
				"north": {"uv": [0, 0, 1, 0.2], "texture": "#1"},
				"east": {"uv": [0, 0, 0.5, 0.2], "texture": "#1"},
				"south": {"uv": [0, 0, 1, 0.2], "texture": "#1"},
				"west": {"uv": [0, 0, 0.5, 0.2], "texture": "#1"},
				"up": {"uv": [0, 0, 1, 0.5], "texture": "#1"},
				"down": {"uv": [0, 0, 1, 0.5], "texture": "#1"}
			}
		},
		{
			"from": [27, 10.75, -0.6],
			"to": [28, 10.95, -0.1],
			"rotation": {"angle": 22.5, "axis": "y", "origin": [27.5, 10.805, -1.1]},
			"faces": {
				"north": {"uv": [0, 0, 1, 0.2], "texture": "#1"},
				"east": {"uv": [0, 0, 0.5, 0.2], "texture": "#1"},
				"south": {"uv": [0, 0, 1, 0.2], "texture": "#1"},
				"west": {"uv": [0, 0, 0.5, 0.2], "texture": "#1"},
				"up": {"uv": [0, 0, 1, 0.5], "texture": "#1"},
				"down": {"uv": [0, 0, 1, 0.5], "texture": "#1"}
			}
		},
		{
			"from": [22.5, 10.75, -6.9],
			"to": [23.5, 10.95, -6.4],
			"rotation": {"angle": 45, "axis": "y", "origin": [23, 10.805, -7.4]},
			"faces": {
				"north": {"uv": [0, 0, 1, 0.2], "texture": "#1"},
				"east": {"uv": [0, 0, 0.5, 0.2], "texture": "#1"},
				"south": {"uv": [0, 0, 1, 0.2], "texture": "#1"},
				"west": {"uv": [0, 0, 0.5, 0.2], "texture": "#1"},
				"up": {"uv": [0, 0, 1, 0.5], "texture": "#1"},
				"down": {"uv": [0, 0, 1, 0.5], "texture": "#1"}
			}
		},
		{
			"from": [17.1, 10.75, -11.9],
			"to": [17.6, 10.95, -10.9],
			"rotation": {"angle": -22.5, "axis": "y", "origin": [16.6, 10.805, -11.4]},
			"faces": {
				"north": {"uv": [0, 0, 0.5, 0.2], "texture": "#1"},
				"east": {"uv": [0, 0, 1, 0.2], "texture": "#1"},
				"south": {"uv": [0, 0, 0.5, 0.2], "texture": "#1"},
				"west": {"uv": [0, 0, 1, 0.2], "texture": "#1"},
				"up": {"uv": [0, 0, 1, 0.5], "rotation": 270, "texture": "#1"},
				"down": {"uv": [0, 0, 1, 0.5], "rotation": 90, "texture": "#1"}
			}
		},
		{
			"from": [10.8, 10.75, -13.3],
			"to": [11.3, 10.95, -12.3],
			"rotation": {"angle": 0, "axis": "y", "origin": [10.3, 10.805, -12.8]},
			"faces": {
				"north": {"uv": [0, 0, 0.5, 0.2], "texture": "#1"},
				"east": {"uv": [0, 0, 1, 0.2], "texture": "#1"},
				"south": {"uv": [0, 0, 0.5, 0.2], "texture": "#1"},
				"west": {"uv": [0, 0, 1, 0.2], "texture": "#1"},
				"up": {"uv": [0, 0, 1, 0.5], "rotation": 270, "texture": "#1"},
				"down": {"uv": [0, 0, 1, 0.5], "rotation": 90, "texture": "#1"}
			}
		},
		{
			"from": [3.7, 10.75, -13.2],
			"to": [4.2, 10.95, -12.2],
			"rotation": {"angle": 0, "axis": "y", "origin": [3.2, 10.805, -12.7]},
			"faces": {
				"north": {"uv": [0, 0, 0.5, 0.2], "texture": "#1"},
				"east": {"uv": [0, 0, 1, 0.2], "texture": "#1"},
				"south": {"uv": [0, 0, 0.5, 0.2], "texture": "#1"},
				"west": {"uv": [0, 0, 1, 0.2], "texture": "#1"},
				"up": {"uv": [0, 0, 1, 0.5], "rotation": 270, "texture": "#1"},
				"down": {"uv": [0, 0, 1, 0.5], "rotation": 90, "texture": "#1"}
			}
		},
		{
			"from": [-3.4, 10.75, -10.5],
			"to": [-2.9, 10.95, -9.5],
			"rotation": {"angle": 22.5, "axis": "y", "origin": [-3.9, 10.805, -10]},
			"faces": {
				"north": {"uv": [0, 0, 0.5, 0.2], "texture": "#1"},
				"east": {"uv": [0, 0, 1, 0.2], "texture": "#1"},
				"south": {"uv": [0, 0, 0.5, 0.2], "texture": "#1"},
				"west": {"uv": [0, 0, 1, 0.2], "texture": "#1"},
				"up": {"uv": [0, 0, 1, 0.5], "rotation": 270, "texture": "#1"},
				"down": {"uv": [0, 0, 1, 0.5], "rotation": 90, "texture": "#1"}
			}
		},
		{
			"from": [-8.9, 10.75, -5.4],
			"to": [-8.4, 10.95, -4.4],
			"rotation": {"angle": 45, "axis": "y", "origin": [-9.4, 10.805, -4.9]},
			"faces": {
				"north": {"uv": [0, 0, 0.5, 0.2], "texture": "#1"},
				"east": {"uv": [0, 0, 1, 0.2], "texture": "#1"},
				"south": {"uv": [0, 0, 0.5, 0.2], "texture": "#1"},
				"west": {"uv": [0, 0, 1, 0.2], "texture": "#1"},
				"up": {"uv": [0, 0, 1, 0.5], "rotation": 270, "texture": "#1"},
				"down": {"uv": [0, 0, 1, 0.5], "rotation": 90, "texture": "#1"}
			}
		},
		{
			"from": [-12.9, 10.75, 1],
			"to": [-11.9, 10.95, 1.5],
			"rotation": {"angle": -22.5, "axis": "y", "origin": [-12.4, 10.805, 2]},
			"faces": {
				"north": {"uv": [0, 0, 1, 0.2], "texture": "#1"},
				"east": {"uv": [0, 0, 0.5, 0.2], "texture": "#1"},
				"south": {"uv": [0, 0, 1, 0.2], "texture": "#1"},
				"west": {"uv": [0, 0, 0.5, 0.2], "texture": "#1"},
				"up": {"uv": [0, 0, 1, 0.5], "rotation": 180, "texture": "#1"},
				"down": {"uv": [0, 0, 1, 0.5], "rotation": 180, "texture": "#1"}
			}
		},
		{
			"from": [-12.5, 10.75, 9],
			"to": [-12, 10.95, 10],
			"rotation": {"angle": 0, "axis": "y", "origin": [-13, 10.805, 9.5]},
			"faces": {
				"north": {"uv": [0, 0, 0.5, 0.2], "texture": "#1"},
				"east": {"uv": [0, 0, 1, 0.2], "texture": "#1"},
				"south": {"uv": [0, 0, 0.5, 0.2], "texture": "#1"},
				"west": {"uv": [0, 0, 1, 0.2], "texture": "#1"},
				"up": {"uv": [0, 0, 1, 0.5], "rotation": 90, "texture": "#1"},
				"down": {"uv": [0, 0, 1, 0.5], "rotation": 270, "texture": "#1"}
			}
		},
		{
			"from": [-11, 10.75, 16.2],
			"to": [-10.5, 10.95, 17.2],
			"rotation": {"angle": 22.5, "axis": "y", "origin": [-11.5, 10.805, 16.7]},
			"faces": {
				"north": {"uv": [0, 0, 0.5, 0.2], "texture": "#1"},
				"east": {"uv": [0, 0, 1, 0.2], "texture": "#1"},
				"south": {"uv": [0, 0, 0.5, 0.2], "texture": "#1"},
				"west": {"uv": [0, 0, 1, 0.2], "texture": "#1"},
				"up": {"uv": [0, 0, 1, 0.5], "rotation": 90, "texture": "#1"},
				"down": {"uv": [0, 0, 1, 0.5], "rotation": 270, "texture": "#1"}
			}
		},
		{
			"from": [-6.8, 10.75, 22.5],
			"to": [-6.3, 10.95, 23.5],
			"rotation": {"angle": 45, "axis": "y", "origin": [-7.3, 10.805, 23]},
			"faces": {
				"north": {"uv": [0, 0, 0.5, 0.2], "texture": "#1"},
				"east": {"uv": [0, 0, 1, 0.2], "texture": "#1"},
				"south": {"uv": [0, 0, 0.5, 0.2], "texture": "#1"},
				"west": {"uv": [0, 0, 1, 0.2], "texture": "#1"},
				"up": {"uv": [0, 0, 1, 0.5], "rotation": 90, "texture": "#1"},
				"down": {"uv": [0, 0, 1, 0.5], "rotation": 270, "texture": "#1"}
			}
		},
		{
			"from": [-1.6, 10.75, 26.6],
			"to": [-0.6, 10.95, 27.1],
			"rotation": {"angle": -22.5, "axis": "y", "origin": [-1.1, 10.805, 27.6]},
			"faces": {
				"north": {"uv": [0, 0, 1, 0.2], "texture": "#1"},
				"east": {"uv": [0, 0, 0.5, 0.2], "texture": "#1"},
				"south": {"uv": [0, 0, 1, 0.2], "texture": "#1"},
				"west": {"uv": [0, 0, 0.5, 0.2], "texture": "#1"},
				"up": {"uv": [0, 0, 1, 0.5], "texture": "#1"},
				"down": {"uv": [0, 0, 1, 0.5], "texture": "#1"}
			}
		},
		{
			"from": [5.4, 10.75, 28],
			"to": [6.4, 10.95, 28.5],
			"rotation": {"angle": 0, "axis": "y", "origin": [5.9, 10.805, 29]},
			"faces": {
				"north": {"uv": [0, 0, 1, 0.2], "texture": "#1"},
				"east": {"uv": [0, 0, 0.5, 0.2], "texture": "#1"},
				"south": {"uv": [0, 0, 1, 0.2], "texture": "#1"},
				"west": {"uv": [0, 0, 0.5, 0.2], "texture": "#1"},
				"up": {"uv": [0, 0, 1, 0.5], "texture": "#1"},
				"down": {"uv": [0, 0, 1, 0.5], "texture": "#1"}
			}
		},
		{
			"from": [13, 10.75, 27.8],
			"to": [14, 10.95, 28.3],
			"rotation": {"angle": 22.5, "axis": "y", "origin": [13.5, 10.805, 28.8]},
			"faces": {
				"north": {"uv": [0, 0, 1, 0.2], "texture": "#1"},
				"east": {"uv": [0, 0, 0.5, 0.2], "texture": "#1"},
				"south": {"uv": [0, 0, 1, 0.2], "texture": "#1"},
				"west": {"uv": [0, 0, 0.5, 0.2], "texture": "#1"},
				"up": {"uv": [0, 0, 1, 0.5], "texture": "#1"},
				"down": {"uv": [0, 0, 1, 0.5], "texture": "#1"}
			}
		},
		{
			"from": [19.7, 10.75, 24.7],
			"to": [20.7, 10.95, 25.2],
			"rotation": {"angle": 45, "axis": "y", "origin": [20.2, 10.805, 25.7]},
			"faces": {
				"north": {"uv": [0, 0, 1, 0.2], "texture": "#1"},
				"east": {"uv": [0, 0, 0.5, 0.2], "texture": "#1"},
				"south": {"uv": [0, 0, 1, 0.2], "texture": "#1"},
				"west": {"uv": [0, 0, 0.5, 0.2], "texture": "#1"},
				"up": {"uv": [0, 0, 1, 0.5], "texture": "#1"},
				"down": {"uv": [0, 0, 1, 0.5], "texture": "#1"}
			}
		},
		{
			"from": [24.5, 10.75, 19.8],
			"to": [25, 10.95, 20.8],
			"rotation": {"angle": -22.5, "axis": "y", "origin": [25.5, 10.805, 20.3]},
			"faces": {
				"north": {"uv": [0, 0, 0.5, 0.2], "texture": "#1"},
				"east": {"uv": [0, 0, 1, 0.2], "texture": "#1"},
				"south": {"uv": [0, 0, 0.5, 0.2], "texture": "#1"},
				"west": {"uv": [0, 0, 1, 0.2], "texture": "#1"},
				"up": {"uv": [0, 0, 1, 0.5], "rotation": 270, "texture": "#1"},
				"down": {"uv": [0, 0, 1, 0.5], "rotation": 90, "texture": "#1"}
			}
		},
		{
			"from": [27.3, 10.75, 13.3],
			"to": [27.8, 10.95, 14.3],
			"rotation": {"angle": 0, "axis": "y", "origin": [28.3, 10.805, 13.8]},
			"faces": {
				"north": {"uv": [0, 0, 0.5, 0.2], "texture": "#1"},
				"east": {"uv": [0, 0, 1, 0.2], "texture": "#1"},
				"south": {"uv": [0, 0, 0.5, 0.2], "texture": "#1"},
				"west": {"uv": [0, 0, 1, 0.2], "texture": "#1"},
				"up": {"uv": [0, 0, 1, 0.5], "rotation": 270, "texture": "#1"},
				"down": {"uv": [0, 0, 1, 0.5], "rotation": 90, "texture": "#1"}
			}
		},
		{
			"from": [27.3, 10.75, 5.7],
			"to": [27.8, 10.95, 6.7],
			"rotation": {"angle": 0, "axis": "y", "origin": [28.3, 10.805, 6.2]},
			"faces": {
				"north": {"uv": [0, 0, 0.5, 0.2], "texture": "#1"},
				"east": {"uv": [0, 0, 1, 0.2], "texture": "#1"},
				"south": {"uv": [0, 0, 0.5, 0.2], "texture": "#1"},
				"west": {"uv": [0, 0, 1, 0.2], "texture": "#1"},
				"up": {"uv": [0, 0, 1, 0.5], "rotation": 270, "texture": "#1"},
				"down": {"uv": [0, 0, 1, 0.5], "rotation": 90, "texture": "#1"}
			}
		},
		{
			"from": [26.5, 10.75, -1.6],
			"to": [27, 10.95, -0.6],
			"rotation": {"angle": 22.5, "axis": "y", "origin": [27.5, 10.805, -1.1]},
			"faces": {
				"north": {"uv": [0, 0, 0.5, 0.2], "texture": "#1"},
				"east": {"uv": [0, 0, 1, 0.2], "texture": "#1"},
				"south": {"uv": [0, 0, 0.5, 0.2], "texture": "#1"},
				"west": {"uv": [0, 0, 1, 0.2], "texture": "#1"},
				"up": {"uv": [0, 0, 1, 0.5], "rotation": 270, "texture": "#1"},
				"down": {"uv": [0, 0, 1, 0.5], "rotation": 90, "texture": "#1"}
			}
		},
		{
			"from": [22, 10.75, -7.9],
			"to": [22.5, 10.95, -6.9],
			"rotation": {"angle": 45, "axis": "y", "origin": [23, 10.805, -7.4]},
			"faces": {
				"north": {"uv": [0, 0, 0.5, 0.2], "texture": "#1"},
				"east": {"uv": [0, 0, 1, 0.2], "texture": "#1"},
				"south": {"uv": [0, 0, 0.5, 0.2], "texture": "#1"},
				"west": {"uv": [0, 0, 1, 0.2], "texture": "#1"},
				"up": {"uv": [0, 0, 1, 0.5], "rotation": 270, "texture": "#1"},
				"down": {"uv": [0, 0, 1, 0.5], "rotation": 90, "texture": "#1"}
			}
		},
		{
			"from": [16.1, 10.75, -10.9],
			"to": [17.1, 10.95, -10.4],
			"rotation": {"angle": -22.5, "axis": "y", "origin": [16.6, 10.805, -11.4]},
			"faces": {
				"north": {"uv": [0, 0, 1, 0.2], "texture": "#1"},
				"east": {"uv": [0, 0, 0.5, 0.2], "texture": "#1"},
				"south": {"uv": [0, 0, 1, 0.2], "texture": "#1"},
				"west": {"uv": [0, 0, 0.5, 0.2], "texture": "#1"},
				"up": {"uv": [0, 0, 1, 0.5], "rotation": 180, "texture": "#1"},
				"down": {"uv": [0, 0, 1, 0.5], "rotation": 180, "texture": "#1"}
			}
		},
		{
			"from": [9.8, 10.75, -12.3],
			"to": [10.8, 10.95, -11.8],
			"rotation": {"angle": 0, "axis": "y", "origin": [10.3, 10.805, -12.8]},
			"faces": {
				"north": {"uv": [0, 0, 1, 0.2], "texture": "#1"},
				"east": {"uv": [0, 0, 0.5, 0.2], "texture": "#1"},
				"south": {"uv": [0, 0, 1, 0.2], "texture": "#1"},
				"west": {"uv": [0, 0, 0.5, 0.2], "texture": "#1"},
				"up": {"uv": [0, 0, 1, 0.5], "rotation": 180, "texture": "#1"},
				"down": {"uv": [0, 0, 1, 0.5], "rotation": 180, "texture": "#1"}
			}
		},
		{
			"from": [2.7, 10.75, -12.2],
			"to": [3.7, 10.95, -11.7],
			"rotation": {"angle": 0, "axis": "y", "origin": [3.2, 10.805, -12.7]},
			"faces": {
				"north": {"uv": [0, 0, 1, 0.2], "texture": "#1"},
				"east": {"uv": [0, 0, 0.5, 0.2], "texture": "#1"},
				"south": {"uv": [0, 0, 1, 0.2], "texture": "#1"},
				"west": {"uv": [0, 0, 0.5, 0.2], "texture": "#1"},
				"up": {"uv": [0, 0, 1, 0.5], "rotation": 180, "texture": "#1"},
				"down": {"uv": [0, 0, 1, 0.5], "rotation": 180, "texture": "#1"}
			}
		},
		{
			"from": [-4.4, 10.75, -9.5],
			"to": [-3.4, 10.95, -9],
			"rotation": {"angle": 22.5, "axis": "y", "origin": [-3.9, 10.805, -10]},
			"faces": {
				"north": {"uv": [0, 0, 1, 0.2], "texture": "#1"},
				"east": {"uv": [0, 0, 0.5, 0.2], "texture": "#1"},
				"south": {"uv": [0, 0, 1, 0.2], "texture": "#1"},
				"west": {"uv": [0, 0, 0.5, 0.2], "texture": "#1"},
				"up": {"uv": [0, 0, 1, 0.5], "rotation": 180, "texture": "#1"},
				"down": {"uv": [0, 0, 1, 0.5], "rotation": 180, "texture": "#1"}
			}
		},
		{
			"from": [-9.9, 10.75, -4.4],
			"to": [-8.9, 10.95, -3.9],
			"rotation": {"angle": 45, "axis": "y", "origin": [-9.4, 10.805, -4.9]},
			"faces": {
				"north": {"uv": [0, 0, 1, 0.2], "texture": "#1"},
				"east": {"uv": [0, 0, 0.5, 0.2], "texture": "#1"},
				"south": {"uv": [0, 0, 1, 0.2], "texture": "#1"},
				"west": {"uv": [0, 0, 0.5, 0.2], "texture": "#1"},
				"up": {"uv": [0, 0, 1, 0.5], "rotation": 180, "texture": "#1"},
				"down": {"uv": [0, 0, 1, 0.5], "rotation": 180, "texture": "#1"}
			}
		},
		{
			"from": [-11.9, 10.75, 1.5],
			"to": [-11.4, 10.95, 2.5],
			"rotation": {"angle": -22.5, "axis": "y", "origin": [-12.4, 10.805, 2]},
			"faces": {
				"north": {"uv": [0, 0, 0.5, 0.2], "texture": "#1"},
				"east": {"uv": [0, 0, 1, 0.2], "texture": "#1"},
				"south": {"uv": [0, 0, 0.5, 0.2], "texture": "#1"},
				"west": {"uv": [0, 0, 1, 0.2], "texture": "#1"},
				"up": {"uv": [0, 0, 1, 0.5], "rotation": 90, "texture": "#1"},
				"down": {"uv": [0, 0, 1, 0.5], "rotation": 270, "texture": "#1"}
			}
		}
	],
	"display": {
		"head": {
			"translation": [0, -14, 0],
			"scale": [3.72, 3.72, 3.72]
		}
	},
	"groups": [
		{
			"name": "group",
			"origin": [13.4, 0.5, 10.7],
			"children": [0, 1, 2, 3, 4, 5, 6, 7, 8, 9, 10, 11, 12, 13, 14, 15, 16, 17, 18, 19, 20, 21, 22, 23, 24, 25, 26, 27, 28, 29, 30, 31, 32, 33]
		},
		{
			"name": "group",
			"origin": [13.4, 0.5, 10.7],
			"children": []
		},
		{
			"name": "neon_deco_circle",
			"origin": [8, 8, 8],
			"children": [
				{
					"name": "group",
					"origin": [13.4, 0.5, 10.7],
					"children": [
						{
							"name": "group",
							"origin": [21.65, 0.5, 4.25],
							"children": [
								{
									"name": "group",
									"origin": [7.5, 0.5, 10.5],
									"children": [
										{
											"name": "group",
											"origin": [-3.2, -0.195, 12.9],
											"children": [34, 35, 36, 37, 38, 39, 40, 41, 42, 43, 44, 45, 46, 47, 48, 49, 50, 51, 52, 53, 54, 55, 56, 57, 58, 59, 60, 61, 62, 63, 64, 65, 66, 67, 68, 69,
												{
													"name": "group",
													"origin": [-13, 10.805, 9.5],
													"children": [70, 71, 72, 73, 74, 75, 76, 77, 78, 79, 80, 81, 82, 83, 84, 85, 86, 87]
												}, 88, 89, 90, 91, 92, 93, 94, 95, 96, 97, 98, 99, 100, 101, 102, 103, 104, 105, 106, 107, 108, 109, 110, 111, 112, 113, 114, 115, 116, 117, 118, 119, 120, 121, 122, 123]
										}
									]
								}
							]
						}
					]
				}
			]
		}
	]
}