{
	"credit": "Made with Blockbench",
	"textures": {
		"0": "custom/tardis_maintenance_corridor",
		"particle": "custom/tardis_lamp"
	},
	"elements": [
		{
			"from": [-5.2, 29.8, -12.2],
			"to": [10.8, 30.8, 19.9],
			"rotation": {"angle": 0, "axis": "y", "origin": [-3.8, 22.8, 19.7]},
			"faces": {
				"north": {"uv": [0, 0, 16, 1], "texture": "#0"},
				"east": {"uv": [0, 0, 11, 1], "texture": "#0"},
				"south": {"uv": [0, 0, 16, 1], "texture": "#0"},
				"west": {"uv": [0, 0, 11, 1], "texture": "#0"},
				"up": {"uv": [0, 0, 16, 11], "texture": "#0"},
				"down": {"uv": [0, 0, 16, 11], "texture": "#0"}
			}
		},
		{
			"from": [9.75, -1.2, -12.15],
			"to": [18.65, 30.8, -3.15],
			"rotation": {"angle": 0, "axis": "y", "origin": [26.8, 30.3, 3.85]},
			"faces": {
				"north": {"uv": [0, 0, 11, 1], "texture": "#0"},
				"east": {"uv": [0, 0, 16, 1], "texture": "#0"},
				"south": {"uv": [0, 0, 11, 1], "texture": "#0"},
				"west": {"uv": [0, 0, 16, 1], "texture": "#0"},
				"up": {"uv": [0, 0, 16, 11], "rotation": 270, "texture": "#0"},
				"down": {"uv": [0, 0, 16, 11], "rotation": 90, "texture": "#0"}
			}
		},
		{
			"from": [9.75, -1.2, 10.85],
			"to": [18.65, 30.8, 19.85],
			"rotation": {"angle": 0, "axis": "y", "origin": [26.8, 30.3, 27.85]},
			"faces": {
				"north": {"uv": [0, 0, 11, 1], "texture": "#0"},
				"east": {"uv": [0, 0, 16, 1], "texture": "#0"},
				"south": {"uv": [0, 0, 11, 1], "texture": "#0"},
				"west": {"uv": [0, 0, 16, 1], "texture": "#0"},
				"up": {"uv": [0, 0, 16, 11], "rotation": 270, "texture": "#0"},
				"down": {"uv": [0, 0, 16, 11], "rotation": 90, "texture": "#0"}
			}
		},
		{
			"from": [-13.05, 29.8, -4.15],
			"to": [18.65, 30.8, 11.85],
			"rotation": {"angle": 0, "axis": "y", "origin": [2.8, 30.3, 3.85]},
			"faces": {
				"north": {"uv": [0, 0, 11, 1], "texture": "#0"},
				"east": {"uv": [0, 0, 16, 1], "texture": "#0"},
				"south": {"uv": [0, 0, 11, 1], "texture": "#0"},
				"west": {"uv": [0, 0, 16, 1], "texture": "#0"},
				"up": {"uv": [0, 0, 16, 11], "rotation": 270, "texture": "#0"},
				"down": {"uv": [0, 0, 16, 11], "rotation": 90, "texture": "#0"}
			}
		},
		{
			"from": [-12.2, -2.1, -12.2],
			"to": [19.4, -1.1, 19.9],
			"rotation": {"angle": 0, "axis": "y", "origin": [-2.8, -9.1, 19.7]},
			"faces": {
				"north": {"uv": [0, 0, 16, 1], "texture": "#0"},
				"east": {"uv": [0, 0, 11, 1], "texture": "#0"},
				"south": {"uv": [0, 0, 16, 1], "texture": "#0"},
				"west": {"uv": [0, 0, 11, 1], "texture": "#0"},
				"up": {"uv": [0, 0, 16, 11], "texture": "#0"},
				"down": {"uv": [0, 0, 16, 11], "texture": "#0"}
			}
		},
		{
			"from": [-9.48573, 9.28567, -12.4],
			"to": [-7.98573, 31.28567, 20.3],
			"rotation": {"angle": -22.5, "axis": "z", "origin": [-8.73573, 20.28567, 3.95]},
			"faces": {
				"north": {"uv": [0, 0, 1, 16], "texture": "#0"},
				"east": {"uv": [0, 0, 11, 16], "texture": "#0"},
				"south": {"uv": [0, 0, 1, 16], "texture": "#0"},
				"west": {"uv": [0, 0, 11, 16], "texture": "#0"},
				"up": {"uv": [0, 0, 1, 11], "texture": "#0"},
				"down": {"uv": [0, 0, 1, 11], "texture": "#0"}
			}
		},
		{
			"from": [-13.8, 6.1, -12.4],
			"to": [-12.3, 10.4, 20.3],
			"rotation": {"angle": 0, "axis": "z", "origin": [-14.94132, 10.35035, 3.95]},
			"faces": {
				"north": {"uv": [0, 0, 1, 4.3], "texture": "#0"},
				"east": {"uv": [0, 0, 11, 4.3], "texture": "#0"},
				"south": {"uv": [0, 0, 1, 4.3], "texture": "#0"},
				"west": {"uv": [0, 0, 11, 4.3], "texture": "#0"},
				"up": {"uv": [0, 0, 1, 11], "texture": "#0"},
				"down": {"uv": [0, 0, 1, 11], "texture": "#0"}
			}
		},
		{
			"from": [-12.38824, -1.78462, -12.4],
			"to": [-10.88824, 6.81538, 20.3],
			"rotation": {"angle": 22.5, "axis": "z", "origin": [-11.63824, 2.51538, 3.95]},
			"faces": {
				"north": {"uv": [0, 0, 1, 8.6], "texture": "#0"},
				"east": {"uv": [0, 0, 11, 8.6], "texture": "#0"},
				"south": {"uv": [0, 0, 1, 8.6], "texture": "#0"},
				"west": {"uv": [0, 0, 11, 8.6], "texture": "#0"},
				"up": {"uv": [0, 0, 1, 11], "texture": "#0"},
				"down": {"uv": [0, 0, 1, 11], "texture": "#0"}
			}
		}
	],
	"display": {
		"thirdperson_righthand": {
			"translation": [0, 0, 9.5]
		},
		"head": {
			"rotation": [0, -180, 0],
			"translation": [-8.75, -28, -6.75],
			"scale": [1.6, 1.6, 1.6]
		}
	},
	"groups": [
		{
			"name": "group",
			"origin": [31.5, -7.5, 5.5],
			"children": [0, 1, 2, 3, 4, 5, 6, 7]
		}
	]
}