{
	"credit": "Made with Blockbench",
	"textures": {
		"0": "custom/tardis_maintenance_corridor",
		"particle": "custom/tardis_lamp"
	},
	"elements": [
		{
			"from": [-6.5, 8.7, 8.3],
			"to": [-5, 31.1, 24.3],
			"rotation": {"angle": -22.5, "axis": "z", "origin": [-6, 14, 13.8]},
			"faces": {
				"north": {"uv": [0, 0, 1, 16], "texture": "#0"},
				"east": {"uv": [0, 0, 11, 16], "texture": "#0"},
				"south": {"uv": [0, 0, 1, 16], "texture": "#0"},
				"west": {"uv": [0, 0, 11, 16], "texture": "#0"},
				"up": {"uv": [0, 0, 1, 11], "texture": "#0"},
				"down": {"uv": [0, 0, 1, 11], "texture": "#0"}
			}
		},
		{
			"from": [0.1, 29, 8.3],
			"to": [16.1, 30, 24.3],
			"rotation": {"angle": 0, "axis": "y", "origin": [1.5, 22, 16.3]},
			"faces": {
				"north": {"uv": [0, 0, 16, 1], "texture": "#0"},
				"east": {"uv": [0, 0, 11, 1], "texture": "#0"},
				"south": {"uv": [0, 0, 16, 1], "texture": "#0"},
				"west": {"uv": [0, 0, 11, 1], "texture": "#0"},
				"up": {"uv": [0, 0, 16, 11], "texture": "#0"},
				"down": {"uv": [0, 0, 16, 11], "texture": "#0"}
			}
		},
		{
			"from": [0.1, 29, -7.7],
			"to": [16.1, 30, 8.3],
			"rotation": {"angle": 0, "axis": "y", "origin": [1.5, 22, 0.3]},
			"faces": {
				"north": {"uv": [0, 0, 16, 1], "texture": "#0"},
				"east": {"uv": [0, 0, 16, 1], "texture": "#0"},
				"south": {"uv": [0, 0, 16, 1], "texture": "#0"},
				"west": {"uv": [0, 0, 16, 1], "texture": "#0"},
				"up": {"uv": [0, 0, 16, 16], "texture": "#0"},
				"down": {"uv": [0, 0, 16, 16], "texture": "#0"}
			}
		},
		{
			"from": [21, 9, -7.7],
			"to": [22.4, 31, 8.3],
			"rotation": {"angle": 22.5, "axis": "z", "origin": [22, 14.5, -2.2]},
			"faces": {
				"north": {"uv": [0, 0, 3, 16], "texture": "#0"},
				"east": {"uv": [0, 0, 16, 16], "texture": "#0"},
				"south": {"uv": [0, 0, 3, 16], "texture": "#0"},
				"west": {"uv": [0, 0, 16, 16], "texture": "#0"},
				"up": {"uv": [0, 0, 3, 16], "texture": "#0"},
				"down": {"uv": [0, 0, 3, 16], "texture": "#0"}
			}
		},
		{
			"from": [21, 9, 8.3],
			"to": [22.5, 31, 24.3],
			"rotation": {"angle": 22.5, "axis": "z", "origin": [22, 14.5, 13.8]},
			"faces": {
				"north": {"uv": [0, 0, 1, 16], "texture": "#0"},
				"east": {"uv": [0, 0, 11, 16], "texture": "#0"},
				"south": {"uv": [0, 0, 1, 16], "texture": "#0"},
				"west": {"uv": [0, 0, 11, 16], "texture": "#0"},
				"up": {"uv": [0, 0, 1, 11], "texture": "#0"},
				"down": {"uv": [0, 0, 1, 11], "texture": "#0"}
			}
		},
		{
			"from": [23, 5.3, 8.3],
			"to": [24.5, 9.6, 24.3],
			"rotation": {"angle": 0, "axis": "y", "origin": [31.5, 21, 16.3]},
			"faces": {
				"north": {"uv": [0, 0, 1, 4.3], "texture": "#0"},
				"east": {"uv": [0, 0, 11, 4.3], "texture": "#0"},
				"south": {"uv": [0, 0, 1, 4.3], "texture": "#0"},
				"west": {"uv": [0, 0, 11, 4.3], "texture": "#0"},
				"up": {"uv": [0, 0, 1, 11], "texture": "#0"},
				"down": {"uv": [0, 0, 1, 11], "texture": "#0"}
			}
		},
		{
			"from": [23, 5.3, -7.7],
			"to": [24.5, 9.6, 8.3],
			"rotation": {"angle": 0, "axis": "y", "origin": [31.5, 21, 0.3]},
			"faces": {
				"north": {"uv": [0, 0, 1, 4.3], "texture": "#0"},
				"east": {"uv": [0, 0, 16, 4.3], "texture": "#0"},
				"south": {"uv": [0, 0, 1, 4.3], "texture": "#0"},
				"west": {"uv": [0, 0, 16, 4.3], "texture": "#0"},
				"up": {"uv": [0, 0, 1, 16], "texture": "#0"},
				"down": {"uv": [0, 0, 1, 16], "texture": "#0"}
			}
		},
		{
			"from": [21.39273, -2.68029, -7.7],
			"to": [22.89273, 5.91971, 8.3],
			"rotation": {"angle": -22.5, "axis": "z", "origin": [22.39273, 1.61971, 0.3], "rescale": true},
			"faces": {
				"north": {"uv": [0, 0, 1, 8.6], "texture": "#0"},
				"east": {"uv": [0, 0, 16, 8.6], "texture": "#0"},
				"south": {"uv": [0, 0, 1, 8.6], "texture": "#0"},
				"west": {"uv": [0, 0, 16, 8.6], "texture": "#0"},
				"up": {"uv": [0, 0, 1, 16], "texture": "#0"},
				"down": {"uv": [0, 0, 1, 16], "texture": "#0"}
			}
		},
		{
			"from": [23, -3, 8.3],
			"to": [24.5, 5.6, 24.3],
			"rotation": {"angle": -22.5, "axis": "z", "origin": [24, 5.5, 13.8], "rescale": true},
			"faces": {
				"north": {"uv": [0, 0, 1, 8.6], "texture": "#0"},
				"east": {"uv": [0, 0, 11, 8.6], "texture": "#0"},
				"south": {"uv": [0, 0, 1, 8.6], "texture": "#0"},
				"west": {"uv": [0, 0, 11, 8.6], "texture": "#0"},
				"up": {"uv": [0, 0, 1, 11], "texture": "#0"},
				"down": {"uv": [0, 0, 1, 11], "texture": "#0"}
			}
		},
		{
			"from": [-8.5, -3, -7.7],
			"to": [-7, 5.6, 8.3],
			"rotation": {"angle": 22.5, "axis": "z", "origin": [-8, 5.5, -2.2], "rescale": true},
			"faces": {
				"north": {"uv": [0, 0, 2.3, 8.6], "texture": "#0"},
				"east": {"uv": [0, 0, 16, 8.6], "texture": "#0"},
				"south": {"uv": [0, 0, 2.3, 8.6], "texture": "#0"},
				"west": {"uv": [0, 0, 16, 8.6], "texture": "#0"},
				"up": {"uv": [0, 0, 2.3, 16], "texture": "#0"},
				"down": {"uv": [0, 0, 2.3, 16], "texture": "#0"}
			}
		},
		{
			"from": [-8.5, 5.3, -7.7],
			"to": [-7, 9.4, 8.3],
			"rotation": {"angle": 0, "axis": "y", "origin": [-0.5, 21, 0.3]},
			"faces": {
				"north": {"uv": [0, 0, 2.5, 4.1], "texture": "#0"},
				"east": {"uv": [0, 0, 16, 4.1], "texture": "#0"},
				"south": {"uv": [0, 0, 2.5, 4.1], "texture": "#0"},
				"west": {"uv": [0, 0, 16, 4.1], "texture": "#0"},
				"up": {"uv": [0, 0, 2.5, 16], "texture": "#0"},
				"down": {"uv": [0, 0, 2.5, 16], "texture": "#0"}
			}
		},
		{
			"from": [-6.7, 8.7, -7.7],
			"to": [-5, 31.1, 8.3],
			"rotation": {"angle": -22.5, "axis": "z", "origin": [-6, 14, -2.2]},
			"faces": {
				"north": {"uv": [0, 0, 12.2, 16], "texture": "#0"},
				"east": {"uv": [0, 0, 16, 16], "texture": "#0"},
				"south": {"uv": [0, 0, 12.2, 16], "texture": "#0"},
				"west": {"uv": [0, 0, 16, 16], "texture": "#0"},
				"up": {"uv": [0, 0, 12.2, 16], "texture": "#0"},
				"down": {"uv": [0, 0, 12.2, 16], "texture": "#0"}
			}
		},
		{
			"from": [-8.5, 5.3, 8.3],
			"to": [-7, 9.4, 24.3],
			"rotation": {"angle": 0, "axis": "y", "origin": [-0.5, 21, 16.3]},
			"faces": {
				"north": {"uv": [0, 0, 1, 4.1], "texture": "#0"},
				"east": {"uv": [0, 0, 11, 4.1], "texture": "#0"},
				"south": {"uv": [0, 0, 1, 4.1], "texture": "#0"},
				"west": {"uv": [0, 0, 11, 4.1], "texture": "#0"},
				"up": {"uv": [0, 0, 1, 11], "texture": "#0"},
				"down": {"uv": [0, 0, 1, 11], "texture": "#0"}
			}
		},
		{
			"from": [-8.5, -3, 8.3],
			"to": [-7, 5.6, 24.3],
			"rotation": {"angle": 22.5, "axis": "z", "origin": [-8, 5.5, 13.8], "rescale": true},
			"faces": {
				"north": {"uv": [0, 0, 1, 8.6], "texture": "#0"},
				"east": {"uv": [0, 0, 11, 8.6], "texture": "#0"},
				"south": {"uv": [0, 0, 1, 8.6], "texture": "#0"},
				"west": {"uv": [0, 0, 11, 8.6], "texture": "#0"},
				"up": {"uv": [0, 0, 1, 11], "texture": "#0"},
				"down": {"uv": [0, 0, 1, 11], "texture": "#0"}
			}
		}
	],
	"display": {
		"thirdperson_righthand": {
			"translation": [0, 0, 9.5]
		},
		"head": {
			"translation": [0, -26.75, 0],
			"scale": [1.6, 1.6, 1.6]
		}
	},
	"groups": [
		{
			"name": "group",
			"origin": [-0.5, -7.5, 5.5],
			"children": [0, 1, 2, 3, 4, 5, 6, 7, 8, 9, 10, 11, 12, 13]
		}
	]
}