{
	"credit": "Made with Blockbench",
	"textures": {
		"0": "custom/tardis_maintenance_corridor",
		"2": "custom/tardis_lamp",
		"3": "custom/tardis_orb1",
		"1_2": "custom/tardis_cons2r",
		"particle": "custom/tardis_lamp"
	},
	"elements": [
		{
			"from": [-16, 25, 0],
			"to": [32, 32, 4],
			"rotation": {"angle": 0, "axis": "y", "origin": [-8, 33, 8]},
			"faces": {
				"north": {"uv": [0, 0, 16, 7], "texture": "#1_2"},
				"east": {"uv": [0, 0, 4, 7], "texture": "#1_2"},
				"south": {"uv": [0, 0, 16, 7], "texture": "#1_2"},
				"west": {"uv": [0, 0, 4, 7], "texture": "#1_2"},
				"up": {"uv": [0, 0, 16, 4], "texture": "#1_2"},
				"down": {"uv": [0, 0, 16, 4], "texture": "#1_2"}
			}
		},
		{
			"from": [-12, 26, 4],
			"to": [-3, 27, 5],
			"rotation": {"angle": 0, "axis": "y", "origin": [8, 35, 12]},
			"faces": {
				"north": {"uv": [0, 0, 9, 1], "texture": "#0"},
				"east": {"uv": [0, 0, 1, 1], "texture": "#0"},
				"south": {"uv": [0, 0, 9, 1], "texture": "#0"},
				"west": {"uv": [0, 0, 1, 1], "texture": "#0"},
				"up": {"uv": [0, 0, 9, 1], "texture": "#0"},
				"down": {"uv": [0, 0, 9, 1], "texture": "#0"}
			}
		},
		{
			"from": [-12, 27, 4],
			"to": [-3, 30, 4.75],
			"rotation": {"angle": 0, "axis": "y", "origin": [-4, 33, 9]},
			"faces": {
				"north": {"uv": [0, 0, 9, 3], "texture": "#missing"},
				"east": {"uv": [0, 0, 0.75, 3], "texture": "#missing"},
				"south": {"uv": [6, 13, 16, 16], "texture": "#2"},
				"west": {"uv": [0, 0, 0.75, 3], "texture": "#missing"},
				"up": {"uv": [0, 0, 9, 0.75], "texture": "#missing"},
				"down": {"uv": [0, 0, 9, 0.75], "texture": "#missing"}
			}
		},
		{
			"from": [-13, 27, 4],
			"to": [-12, 30, 5],
			"rotation": {"angle": 0, "axis": "y", "origin": [-5, 35, 12]},
			"faces": {
				"north": {"uv": [0, 0, 1, 3], "texture": "#0"},
				"east": {"uv": [0, 0, 1, 3], "texture": "#0"},
				"south": {"uv": [0, 0, 1, 3], "texture": "#0"},
				"west": {"uv": [0, 0, 1, 3], "texture": "#0"},
				"up": {"uv": [0, 0, 1, 1], "texture": "#0"},
				"down": {"uv": [0, 0, 1, 1], "texture": "#0"}
			}
		},
		{
			"from": [-12, 30, 4],
			"to": [-3, 31, 5],
			"rotation": {"angle": 0, "axis": "y", "origin": [8, 39, 12]},
			"faces": {
				"north": {"uv": [0, 0, 9, 1], "texture": "#0"},
				"east": {"uv": [0, 0, 1, 1], "texture": "#0"},
				"south": {"uv": [0, 0, 9, 1], "texture": "#0"},
				"west": {"uv": [0, 0, 1, 1], "texture": "#0"},
				"up": {"uv": [0, 0, 9, 1], "texture": "#0"},
				"down": {"uv": [0, 0, 9, 1], "texture": "#0"}
			}
		},
		{
			"from": [-3, 27, 4],
			"to": [-2, 30, 5],
			"rotation": {"angle": 0, "axis": "y", "origin": [6, 35, 12]},
			"faces": {
				"north": {"uv": [0, 0, 1, 3], "texture": "#0"},
				"east": {"uv": [0, 0, 1, 3], "texture": "#0"},
				"south": {"uv": [0, 0, 1, 3], "texture": "#0"},
				"west": {"uv": [0, 0, 1, 3], "texture": "#0"},
				"up": {"uv": [0, 0, 1, 1], "texture": "#0"},
				"down": {"uv": [0, 0, 1, 1], "texture": "#0"}
			}
		},
		{
			"from": [2.5, 27, 4],
			"to": [3.5, 30, 5],
			"rotation": {"angle": 0, "axis": "y", "origin": [10.5, 35, 12]},
			"faces": {
				"north": {"uv": [0, 0, 1, 3], "texture": "#0"},
				"east": {"uv": [0, 0, 1, 3], "texture": "#0"},
				"south": {"uv": [0, 0, 1, 3], "texture": "#0"},
				"west": {"uv": [0, 0, 1, 3], "texture": "#0"},
				"up": {"uv": [0, 0, 1, 1], "texture": "#0"},
				"down": {"uv": [0, 0, 1, 1], "texture": "#0"}
			}
		},
		{
			"from": [3.5, 27, 4],
			"to": [12.5, 30, 4.75],
			"rotation": {"angle": 0, "axis": "y", "origin": [11.5, 33, 9]},
			"faces": {
				"north": {"uv": [0, 0, 9, 3], "texture": "#missing"},
				"east": {"uv": [0, 0, 0.75, 3], "texture": "#missing"},
				"south": {"uv": [6, 13, 16, 16], "texture": "#3"},
				"west": {"uv": [0, 0, 0.75, 3], "texture": "#missing"},
				"up": {"uv": [0, 0, 9, 0.75], "texture": "#missing"},
				"down": {"uv": [0, 0, 9, 0.75], "texture": "#missing"}
			}
		},
		{
			"from": [3.5, 26, 4],
			"to": [12.5, 27, 5],
			"rotation": {"angle": 0, "axis": "y", "origin": [24.5, 35, 12]},
			"faces": {
				"north": {"uv": [0, 0, 9, 1], "texture": "#0"},
				"east": {"uv": [0, 0, 1, 1], "texture": "#0"},
				"south": {"uv": [0, 0, 9, 1], "texture": "#0"},
				"west": {"uv": [0, 0, 1, 1], "texture": "#0"},
				"up": {"uv": [0, 0, 9, 1], "texture": "#0"},
				"down": {"uv": [0, 0, 9, 1], "texture": "#0"}
			}
		},
		{
			"from": [3.5, 30, 4],
			"to": [12.5, 31, 5],
			"rotation": {"angle": 0, "axis": "y", "origin": [24.5, 39, 12]},
			"faces": {
				"north": {"uv": [0, 0, 9, 1], "texture": "#0"},
				"east": {"uv": [0, 0, 1, 1], "texture": "#0"},
				"south": {"uv": [0, 0, 9, 1], "texture": "#0"},
				"west": {"uv": [0, 0, 1, 1], "texture": "#0"},
				"up": {"uv": [0, 0, 9, 1], "texture": "#0"},
				"down": {"uv": [0, 0, 9, 1], "texture": "#0"}
			}
		},
		{
			"from": [12.5, 27, 4],
			"to": [13.5, 30, 5],
			"rotation": {"angle": 0, "axis": "y", "origin": [20.5, 35, 12]},
			"faces": {
				"north": {"uv": [0, 0, 1, 3], "texture": "#0"},
				"east": {"uv": [0, 0, 1, 3], "texture": "#0"},
				"south": {"uv": [0, 0, 1, 3], "texture": "#0"},
				"west": {"uv": [0, 0, 1, 3], "texture": "#0"},
				"up": {"uv": [0, 0, 1, 1], "texture": "#0"},
				"down": {"uv": [0, 0, 1, 1], "texture": "#0"}
			}
		},
		{
			"from": [19, 27, 4],
			"to": [28, 30, 4.75],
			"rotation": {"angle": 0, "axis": "y", "origin": [27, 33, 9]},
			"faces": {
				"north": {"uv": [0, 0, 9, 3], "texture": "#missing"},
				"east": {"uv": [0, 0, 0.75, 3], "texture": "#missing"},
				"south": {"uv": [6, 13, 16, 16], "texture": "#3"},
				"west": {"uv": [0, 0, 0.75, 3], "texture": "#missing"},
				"up": {"uv": [0, 0, 9, 0.75], "texture": "#missing"},
				"down": {"uv": [0, 0, 9, 0.75], "texture": "#missing"}
			}
		},
		{
			"from": [18, 27, 4],
			"to": [19, 30, 5],
			"rotation": {"angle": 0, "axis": "y", "origin": [26, 35, 12]},
			"faces": {
				"north": {"uv": [0, 0, 1, 3], "texture": "#0"},
				"east": {"uv": [0, 0, 1, 3], "texture": "#0"},
				"south": {"uv": [0, 0, 1, 3], "texture": "#0"},
				"west": {"uv": [0, 0, 1, 3], "texture": "#0"},
				"up": {"uv": [0, 0, 1, 1], "texture": "#0"},
				"down": {"uv": [0, 0, 1, 1], "texture": "#0"}
			}
		},
		{
			"from": [19, 30, 4],
			"to": [28, 31, 5],
			"rotation": {"angle": 0, "axis": "y", "origin": [40, 39, 12]},
			"faces": {
				"north": {"uv": [0, 0, 9, 1], "texture": "#0"},
				"east": {"uv": [0, 0, 1, 1], "texture": "#0"},
				"south": {"uv": [0, 0, 9, 1], "texture": "#0"},
				"west": {"uv": [0, 0, 1, 1], "texture": "#0"},
				"up": {"uv": [0, 0, 9, 1], "texture": "#0"},
				"down": {"uv": [0, 0, 9, 1], "texture": "#0"}
			}
		},
		{
			"from": [19, 26, 4],
			"to": [28, 27, 5],
			"rotation": {"angle": 0, "axis": "y", "origin": [40, 35, 12]},
			"faces": {
				"north": {"uv": [0, 0, 9, 1], "texture": "#0"},
				"east": {"uv": [0, 0, 1, 1], "texture": "#0"},
				"south": {"uv": [0, 0, 9, 1], "texture": "#0"},
				"west": {"uv": [0, 0, 1, 1], "texture": "#0"},
				"up": {"uv": [0, 0, 9, 1], "texture": "#0"},
				"down": {"uv": [0, 0, 9, 1], "texture": "#0"}
			}
		},
		{
			"from": [28, 27, 4],
			"to": [29, 30, 5],
			"rotation": {"angle": 0, "axis": "y", "origin": [36, 35, 12]},
			"faces": {
				"north": {"uv": [0, 0, 1, 3], "texture": "#0"},
				"east": {"uv": [0, 0, 1, 3], "texture": "#0"},
				"south": {"uv": [0, 0, 1, 3], "texture": "#0"},
				"west": {"uv": [0, 0, 1, 3], "texture": "#0"},
				"up": {"uv": [0, 0, 1, 1], "texture": "#0"},
				"down": {"uv": [0, 0, 1, 1], "texture": "#0"}
			}
		},
		{
			"from": [30, 24, 0],
			"to": [32, 32, 5],
			"rotation": {"angle": 0, "axis": "y", "origin": [38, 33, 8]},
			"faces": {
				"north": {"uv": [0, 0, 2, 8], "texture": "#1_2"},
				"east": {"uv": [0, 0, 5, 8], "texture": "#1_2"},
				"south": {"uv": [0, 0, 2, 8], "texture": "#1_2"},
				"west": {"uv": [0, 0, 5, 8], "texture": "#1_2"},
				"up": {"uv": [0, 0, 2, 5], "texture": "#1_2"},
				"down": {"uv": [0, 0, 2, 5], "texture": "#1_2"}
			}
		},
		{
			"from": [-16, 24, 0],
			"to": [-14, 32, 5],
			"rotation": {"angle": 0, "axis": "y", "origin": [-8, 33, 8]},
			"faces": {
				"north": {"uv": [0, 0, 2, 8], "texture": "#1_2"},
				"east": {"uv": [0, 0, 5, 8], "texture": "#1_2"},
				"south": {"uv": [0, 0, 2, 8], "texture": "#1_2"},
				"west": {"uv": [0, 0, 5, 8], "texture": "#1_2"},
				"up": {"uv": [0, 0, 2, 5], "texture": "#1_2"},
				"down": {"uv": [0, 0, 2, 5], "texture": "#1_2"}
			}
		}
	],
	"display": {
		"thirdperson_righthand": {
			"translation": [0, 0, 9.5]
		},
		"head": {
			"translation": [0, -30.5, 0],
			"scale": [1.6, 1.6, 1.6]
		}
	},
	"groups": [
		{
			"name": "group",
			"origin": [-8, 33, 8],
			"children": [0, 1, 2, 3, 4, 5, 6, 7, 8, 9, 10, 11, 12, 13, 14, 15, 16, 17]
		}
	]
}