{
	"credit": "Made with Blockbench",
	"textures": {
		"1": "custom/tardis_maintenance_corridor",
		"2": "custom/neoncircle1",
		"4": "custom/tardis_orb1",
		"particle": "custom/tardis_lamp"
	},
	"elements": [
		{
			"from": [21.04, 5.5, 4.168],
			"to": [26.29, 11, 11.868],
			"rotation": {"angle": 0, "axis": "y", "origin": [19.1, 6, 8]},
			"faces": {
				"north": {"uv": [0, 0, 5.25, 5.5], "texture": "#1"},
				"east": {"uv": [6.8416, 0, 7.7483, 0.5039], "texture": "#2"},
				"south": {"uv": [0, 0, 5.25, 5.5], "texture": "#1"},
				"west": {"uv": [0, 0, 7.7, 5.5], "texture": "#1"},
				"up": {"uv": [0, 0, 7.7, 5.25], "rotation": 90, "texture": "#1"},
				"down": {"uv": [0, 0, 7.7, 5.25], "rotation": 270, "texture": "#1"}
			}
		},
		{
			"from": [21.04, 5.3, 9.568],
			"to": [26.59, 11, 11.468],
			"rotation": {"angle": 0, "axis": "y", "origin": [19.1, 6, 8]},
			"faces": {
				"north": {"uv": [0, 0, 5.25, 5.5], "texture": "#1"},
				"east": {"uv": [6.8416, 0, 7.7483, 0.5039], "texture": "#1"},
				"south": {"uv": [0, 0, 5.25, 5.5], "texture": "#1"},
				"west": {"uv": [0, 0, 7.7, 5.5], "texture": "#1"},
				"up": {"uv": [0, 0, 7.7, 5.25], "rotation": 90, "texture": "#1"},
				"down": {"uv": [0, 0, 7.7, 5.25], "rotation": 270, "texture": "#1"}
			}
		},
		{
			"from": [20.6518, 5.5, -3.0645],
			"to": [25.9018, 11, 4.1355],
			"rotation": {"angle": 22.5, "axis": "y", "origin": [26.15, 6, 3.25]},
			"faces": {
				"north": {"uv": [0, 0, 5.25, 5.5], "texture": "#1"},
				"east": {"uv": [7.7483, 0, 8.5961, 0.5039], "texture": "#2"},
				"south": {"uv": [0, 0, 5.25, 5.5], "texture": "#1"},
				"west": {"uv": [0, 0, 7.2, 5.5], "texture": "#1"},
				"up": {"uv": [0, 0, 7.2, 5.25], "rotation": 90, "texture": "#1"},
				"down": {"uv": [0, 0, 7.2, 5.25], "rotation": 270, "texture": "#1"}
			}
		},
		{
			"from": [20.6518, 5.3, -3.2645],
			"to": [26.2018, 11, -1.5645],
			"rotation": {"angle": 22.5, "axis": "y", "origin": [26.15, 6, 3.25]},
			"faces": {
				"north": {"uv": [0, 0, 5.25, 5.5], "texture": "#1"},
				"east": {"uv": [7.7483, 0, 8.5961, 0.5039], "texture": "#1"},
				"south": {"uv": [0, 0, 5.25, 5.5], "texture": "#1"},
				"west": {"uv": [0, 0, 7.2, 5.5], "texture": "#1"},
				"up": {"uv": [0, 0, 7.2, 5.25], "rotation": 90, "texture": "#1"},
				"down": {"uv": [0, 0, 7.2, 5.25], "rotation": 270, "texture": "#1"}
			}
		},
		{
			"from": [20.6518, 5.3, 2.7355],
			"to": [26.2018, 11, 4.4355],
			"rotation": {"angle": 22.5, "axis": "y", "origin": [26.15, 6, 3.25]},
			"faces": {
				"north": {"uv": [0, 0, 5.25, 5.5], "texture": "#1"},
				"east": {"uv": [7.7483, 0, 8.5961, 0.5039], "texture": "#1"},
				"south": {"uv": [0, 0, 5.25, 5.5], "texture": "#1"},
				"west": {"uv": [0, 0, 7.2, 5.5], "texture": "#1"},
				"up": {"uv": [0, 0, 7.2, 5.25], "rotation": 90, "texture": "#1"},
				"down": {"uv": [0, 0, 7.2, 5.25], "rotation": 270, "texture": "#1"}
			}
		},
		{
			"from": [11.928, 5.5, -9.985],
			"to": [18.928, 11, -4.735],
			"rotation": {"angle": -22.5, "axis": "y", "origin": [12.7, 6, -10.2]},
			"faces": {
				"north": {"uv": [9.444, 0, 10.2683, 0.5039], "texture": "#2"},
				"east": {"uv": [0, 0, 5.25, 5.5], "texture": "#1"},
				"south": {"uv": [0, 0, 7, 5.5], "texture": "#1"},
				"west": {"uv": [0, 0, 5.25, 5.5], "texture": "#1"},
				"up": {"uv": [0, 0, 7, 5.25], "texture": "#1"},
				"down": {"uv": [0, 0, 7, 5.25], "texture": "#1"}
			}
		},
		{
			"from": [12.228, 5.3, -10.285],
			"to": [14.328, 11, -4.735],
			"rotation": {"angle": -22.5, "axis": "y", "origin": [12.7, 6, -10.2]},
			"faces": {
				"north": {"uv": [9.444, 0, 10.2683, 0.5039], "texture": "#1"},
				"east": {"uv": [0, 0, 5.25, 5.5], "texture": "#1"},
				"south": {"uv": [0, 0, 7, 5.5], "texture": "#1"},
				"west": {"uv": [0, 0, 5.25, 5.5], "texture": "#1"},
				"up": {"uv": [0, 0, 7, 5.25], "texture": "#1"},
				"down": {"uv": [0, 0, 7, 5.25], "texture": "#1"}
			}
		},
		{
			"from": [17.8955, 5.5, -9.749],
			"to": [23.1455, 11, -2.549],
			"rotation": {"angle": 45, "axis": "y", "origin": [23.3818, 6, -2.9182]},
			"faces": {
				"north": {"uv": [0, 0, 5.25, 5.5], "texture": "#1"},
				"east": {"uv": [8.5962, 0, 9.444, 0.5039], "texture": "#2"},
				"south": {"uv": [0, 0, 5.25, 5.5], "texture": "#1"},
				"west": {"uv": [0, 0, 7.2, 5.5], "texture": "#1"},
				"up": {"uv": [0, 0, 7.2, 5.25], "rotation": 90, "texture": "#1"},
				"down": {"uv": [0, 0, 7.2, 5.25], "rotation": 270, "texture": "#1"}
			}
		},
		{
			"from": [17.8955, 5.3, -9.749],
			"to": [23.4455, 11, -7.549],
			"rotation": {"angle": 45, "axis": "y", "origin": [23.3818, 6, -2.9182]},
			"faces": {
				"north": {"uv": [0, 0, 5.25, 5.5], "texture": "#1"},
				"east": {"uv": [8.5962, 0, 9.444, 0.5039], "texture": "#1"},
				"south": {"uv": [0, 0, 5.25, 5.5], "texture": "#1"},
				"west": {"uv": [0, 0, 7.2, 5.5], "texture": "#1"},
				"up": {"uv": [0, 0, 7.2, 5.25], "rotation": 90, "texture": "#1"},
				"down": {"uv": [0, 0, 7.2, 5.25], "rotation": 270, "texture": "#1"}
			}
		},
		{
			"from": [-10.273, 5.5, 4.068],
			"to": [-5.023, 11, 11.768],
			"rotation": {"angle": 0, "axis": "y", "origin": [-18, 6, 8]},
			"faces": {
				"north": {"uv": [0, 0, 5.25, 5.5], "texture": "#1"},
				"east": {"uv": [0, 0, 7.7, 5.5], "texture": "#1"},
				"south": {"uv": [0, 0, 5.25, 5.5], "texture": "#1"},
				"west": {"uv": [0, 0, 0.90342, 0.5039], "texture": "#2"},
				"up": {"uv": [0, 0, 7.7, 5.25], "rotation": 90, "texture": "#1"},
				"down": {"uv": [0, 0, 7.7, 5.25], "rotation": 270, "texture": "#1"}
			}
		},
		{
			"from": [-10.573, 5.3, 8.968],
			"to": [-5.023, 11, 10.868],
			"rotation": {"angle": 0, "axis": "y", "origin": [-18, 6, 8]},
			"faces": {
				"north": {"uv": [0, 0, 5.25, 5.5], "texture": "#1"},
				"east": {"uv": [0, 0, 7.7, 5.5], "texture": "#1"},
				"south": {"uv": [0, 0, 5.25, 5.5], "texture": "#1"},
				"west": {"uv": [0, 0, 0.90342, 0.5039], "texture": "#1"},
				"up": {"uv": [0, 0, 7.7, 5.25], "rotation": 90, "texture": "#1"},
				"down": {"uv": [0, 0, 7.7, 5.25], "rotation": 270, "texture": "#1"}
			}
		},
		{
			"from": [-10.573, 5.3, 3.868],
			"to": [-5.023, 11, 5.068],
			"rotation": {"angle": 0, "axis": "y", "origin": [-18, 6, 8]},
			"faces": {
				"north": {"uv": [0, 0, 5.25, 5.5], "texture": "#1"},
				"east": {"uv": [0, 0, 7.7, 5.5], "texture": "#1"},
				"south": {"uv": [0, 0, 5.25, 5.5], "texture": "#1"},
				"west": {"uv": [0, 0, 0.90342, 0.5039], "texture": "#1"},
				"up": {"uv": [0, 0, 7.7, 5.25], "rotation": 90, "texture": "#1"},
				"down": {"uv": [0, 0, 7.7, 5.25], "rotation": 270, "texture": "#1"}
			}
		},
		{
			"from": [4.2, 5.5, 21],
			"to": [11.8, 11, 26.25],
			"rotation": {"angle": 0, "axis": "y", "origin": [8, 6, 20.5]},
			"faces": {
				"north": {"uv": [0, 0, 7.6, 5.5], "texture": "#1"},
				"east": {"uv": [0, 0, 5.25, 5.5], "texture": "#1"},
				"south": {"uv": [3.45025, 0, 4.29805, 0.5039], "texture": "#2"},
				"west": {"uv": [0, 0, 5.25, 5.5], "texture": "#1"},
				"up": {"uv": [0, 0, 7.6, 5.25], "texture": "#1"},
				"down": {"uv": [0, 0, 7.6, 5.25], "texture": "#1"}
			}
		},
		{
			"from": [7.3, 5.3, 21],
			"to": [9.4, 11, 26.55],
			"rotation": {"angle": 0, "axis": "y", "origin": [8, 6, 20.5]},
			"faces": {
				"north": {"uv": [0, 0, 7.6, 5.5], "texture": "#1"},
				"east": {"uv": [0, 0, 5.25, 5.5], "texture": "#1"},
				"south": {"uv": [3.45025, 0, 4.29805, 0.5039], "texture": "#1"},
				"west": {"uv": [0, 0, 5.25, 5.5], "texture": "#1"},
				"up": {"uv": [0, 0, 7.6, 5.25], "texture": "#1"},
				"down": {"uv": [0, 0, 7.6, 5.25], "texture": "#1"}
			}
		},
		{
			"from": [4.208, 5.5, -10.3152],
			"to": [11.908, 11, -5.0652],
			"rotation": {"angle": 0, "axis": "y", "origin": [8, 6, -4.5]},
			"faces": {
				"north": {"uv": [10.2683, 0, 11.175, 0.5039], "texture": "#2"},
				"east": {"uv": [0, 0, 5.25, 5.5], "texture": "#1"},
				"south": {"uv": [0, 0, 7.7, 5.5], "texture": "#1"},
				"west": {"uv": [0, 0, 5.25, 5.5], "texture": "#1"},
				"up": {"uv": [0, 0, 7.7, 5.25], "texture": "#1"},
				"down": {"uv": [0, 0, 7.7, 5.25], "texture": "#1"}
			}
		},
		{
			"from": [5.708, 5.3, -10.6152],
			"to": [7.408, 11, -5.0652],
			"rotation": {"angle": 0, "axis": "y", "origin": [8, 6, -4.5]},
			"faces": {
				"north": {"uv": [10.2683, 0, 11.175, 0.5039], "texture": "#1"},
				"east": {"uv": [0, 0, 5.25, 5.5], "texture": "#1"},
				"south": {"uv": [0, 0, 7.7, 5.5], "texture": "#1"},
				"west": {"uv": [0, 0, 5.25, 5.5], "texture": "#1"},
				"up": {"uv": [0, 0, 7.7, 5.25], "texture": "#1"},
				"down": {"uv": [0, 0, 7.7, 5.25], "texture": "#1"}
			}
		},
		{
			"from": [-6.8744, 5.5, 18.356],
			"to": [-1.6244, 11, 25.556],
			"rotation": {"angle": 45, "axis": "y", "origin": [-7.1682, 6, 19.1818]},
			"faces": {
				"north": {"uv": [0, 0, 5.25, 5.5], "texture": "#1"},
				"east": {"uv": [0, 0, 7.2, 5.5], "texture": "#1"},
				"south": {"uv": [0, 0, 5.25, 5.5], "texture": "#1"},
				"west": {"uv": [1.7546, 0, 2.6024, 0.5039], "texture": "#2"},
				"up": {"uv": [0, 0, 7.2, 5.25], "rotation": 90, "texture": "#1"},
				"down": {"uv": [0, 0, 7.2, 5.25], "rotation": 270, "texture": "#1"}
			}
		},
		{
			"from": [-7.1744, 5.3, 21.756],
			"to": [-1.6244, 11, 23.956],
			"rotation": {"angle": 45, "axis": "y", "origin": [-7.1682, 6, 19.1818]},
			"faces": {
				"north": {"uv": [0, 0, 5.25, 5.5], "texture": "#1"},
				"east": {"uv": [0, 0, 7.2, 5.5], "texture": "#1"},
				"south": {"uv": [0, 0, 5.25, 5.5], "texture": "#1"},
				"west": {"uv": [1.7546, 0, 2.6024, 0.5039], "texture": "#1"},
				"up": {"uv": [0, 0, 7.2, 5.25], "rotation": 90, "texture": "#1"},
				"down": {"uv": [0, 0, 7.2, 5.25], "rotation": 270, "texture": "#1"}
			}
		},
		{
			"from": [-2.581, 5.5, 18.558],
			"to": [4.619, 11, 23.808],
			"rotation": {"angle": -22.5, "axis": "y", "origin": [-1.7, 6, 24.05]},
			"faces": {
				"north": {"uv": [0, 0, 7.2, 5.5], "texture": "#1"},
				"east": {"uv": [0, 0, 5.25, 5.5], "texture": "#1"},
				"south": {"uv": [2.6024, 0, 3.4502, 0.5039], "texture": "#2"},
				"west": {"uv": [0, 0, 5.25, 5.5], "texture": "#1"},
				"up": {"uv": [0, 0, 7.2, 5.25], "texture": "#1"},
				"down": {"uv": [0, 0, 7.2, 5.25], "texture": "#1"}
			}
		},
		{
			"from": [0.419, 5.3, 18.558],
			"to": [2.719, 11, 24.108],
			"rotation": {"angle": -22.5, "axis": "y", "origin": [-1.7, 6, 24.05]},
			"faces": {
				"north": {"uv": [0, 0, 7.2, 5.5], "texture": "#1"},
				"east": {"uv": [0, 0, 5.25, 5.5], "texture": "#1"},
				"south": {"uv": [2.6024, 0, 3.4502, 0.5039], "texture": "#1"},
				"west": {"uv": [0, 0, 5.25, 5.5], "texture": "#1"},
				"up": {"uv": [0, 0, 7.2, 5.25], "texture": "#1"},
				"down": {"uv": [0, 0, 7.2, 5.25], "texture": "#1"}
			}
		},
		{
			"from": [-9.704, 5.5, 11.774],
			"to": [-4.454, 11, 18.974],
			"rotation": {"angle": 22.5, "axis": "y", "origin": [-10, 6, 13.25]},
			"faces": {
				"north": {"uv": [0, 0, 5.25, 5.5], "texture": "#1"},
				"east": {"uv": [0, 0, 7.2, 5.5], "texture": "#1"},
				"south": {"uv": [0, 0, 5.25, 5.5], "texture": "#1"},
				"west": {"uv": [0.90672, 0, 1.75457, 0.50391], "texture": "#2"},
				"up": {"uv": [0, 0, 7.2, 5.25], "rotation": 90, "texture": "#1"},
				"down": {"uv": [0, 0, 7.2, 5.25], "rotation": 270, "texture": "#1"}
			}
		},
		{
			"from": [-10.004, 5.3, 15.174],
			"to": [-4.454, 11, 17.574],
			"rotation": {"angle": 22.5, "axis": "y", "origin": [-10, 6, 13.25]},
			"faces": {
				"north": {"uv": [0, 0, 5.25, 5.5], "texture": "#1"},
				"east": {"uv": [0, 0, 7.2, 5.5], "texture": "#1"},
				"south": {"uv": [0, 0, 5.25, 5.5], "texture": "#1"},
				"west": {"uv": [0.90672, 0, 1.75457, 0.50391], "texture": "#1"},
				"up": {"uv": [0, 0, 7.2, 5.25], "rotation": 90, "texture": "#1"},
				"down": {"uv": [0, 0, 7.2, 5.25], "rotation": 270, "texture": "#1"}
			}
		},
		{
			"from": [-2.975, 5.5, -9.772],
			"to": [4.225, 11, -4.522],
			"rotation": {"angle": 22.5, "axis": "y", "origin": [2.8, 6, -10]},
			"faces": {
				"north": {"uv": [11.175, 0, 12.0228, 0.5039], "texture": "#2"},
				"east": {"uv": [0, 0, 5.25, 5.5], "texture": "#1"},
				"south": {"uv": [0, 0, 7.2, 5.5], "texture": "#1"},
				"west": {"uv": [0, 0, 5.25, 5.5], "texture": "#1"},
				"up": {"uv": [0, 0, 7.2, 5.25], "texture": "#1"},
				"down": {"uv": [0, 0, 7.2, 5.25], "texture": "#1"}
			}
		},
		{
			"from": [-1.475, 5.3, -10.072],
			"to": [0.825, 11, -4.522],
			"rotation": {"angle": 22.5, "axis": "y", "origin": [2.8, 6, -10]},
			"faces": {
				"north": {"uv": [11.175, 0, 12.0228, 0.5039], "texture": "#1"},
				"east": {"uv": [0, 0, 5.25, 5.5], "texture": "#1"},
				"south": {"uv": [0, 0, 7.2, 5.5], "texture": "#1"},
				"west": {"uv": [0, 0, 5.25, 5.5], "texture": "#1"},
				"up": {"uv": [0, 0, 7.2, 5.25], "texture": "#1"},
				"down": {"uv": [0, 0, 7.2, 5.25], "texture": "#1"}
			}
		},
		{
			"from": [-9.097, 5.5, -5.9145],
			"to": [-1.897, 11, -0.6645],
			"rotation": {"angle": 45, "axis": "y", "origin": [-4.2182, 6, -6.1182]},
			"faces": {
				"north": {"uv": [12.0229, 0, 12.8707, 0.5039], "texture": "#2"},
				"east": {"uv": [0, 0, 5.25, 5.5], "texture": "#1"},
				"south": {"uv": [0, 0, 7.2, 5.5], "texture": "#1"},
				"west": {"uv": [0, 0, 5.25, 5.5], "texture": "#1"},
				"up": {"uv": [0, 0, 7.2, 5.25], "texture": "#1"},
				"down": {"uv": [0, 0, 7.2, 5.25], "texture": "#1"}
			}
		},
		{
			"from": [-6.797, 5.3, -6.2145],
			"to": [-4.697, 11, -0.6645],
			"rotation": {"angle": 45, "axis": "y", "origin": [-4.2182, 6, -6.1182]},
			"faces": {
				"north": {"uv": [12.0229, 0, 12.8707, 0.5039], "texture": "#1"},
				"east": {"uv": [0, 0, 5.25, 5.5], "texture": "#1"},
				"south": {"uv": [0, 0, 7.2, 5.5], "texture": "#1"},
				"west": {"uv": [0, 0, 5.25, 5.5], "texture": "#1"},
				"up": {"uv": [0, 0, 7.2, 5.25], "texture": "#1"},
				"down": {"uv": [0, 0, 7.2, 5.25], "texture": "#1"}
			}
		},
		{
			"from": [-10.255, 5.5, -3.168],
			"to": [-5.005, 11, 3.932],
			"rotation": {"angle": -22.5, "axis": "y", "origin": [-10.5, 6, 4]},
			"faces": {
				"north": {"uv": [0, 0, 5.25, 5.5], "texture": "#1"},
				"east": {"uv": [0, 0, 7.1, 5.5], "texture": "#1"},
				"south": {"uv": [0, 0, 5.25, 5.5], "texture": "#1"},
				"west": {"uv": [12.8707, 0, 13.7068, 0.5039], "texture": "#2"},
				"up": {"uv": [0, 0, 7.1, 5.25], "rotation": 270, "texture": "#1"},
				"down": {"uv": [0, 0, 7.1, 5.25], "rotation": 90, "texture": "#1"}
			}
		},
		{
			"from": [-10.555, 5.3, -1.468],
			"to": [-5.005, 11, 0.132],
			"rotation": {"angle": -22.5, "axis": "y", "origin": [-10.5, 6, 4]},
			"faces": {
				"north": {"uv": [0, 0, 5.25, 5.5], "texture": "#1"},
				"east": {"uv": [0, 0, 7.1, 5.5], "texture": "#1"},
				"south": {"uv": [0, 0, 5.25, 5.5], "texture": "#1"},
				"west": {"uv": [12.8707, 0, 13.7068, 0.5039], "texture": "#1"},
				"up": {"uv": [0, 0, 7.1, 5.25], "rotation": 270, "texture": "#1"},
				"down": {"uv": [0, 0, 7.1, 5.25], "rotation": 90, "texture": "#1"}
			}
		},
		{
			"from": [18.372, 5.5, 17.575],
			"to": [25.572, 11, 22.825],
			"rotation": {"angle": 45, "axis": "y", "origin": [19.2818, 6, 23.0818]},
			"faces": {
				"north": {"uv": [0, 0, 7.2, 5.5], "texture": "#1"},
				"east": {"uv": [0, 0, 5.25, 5.5], "texture": "#1"},
				"south": {"uv": [5.1459, 0, 5.9937, 0.5039], "texture": "#2"},
				"west": {"uv": [0, 0, 5.25, 5.5], "texture": "#1"},
				"up": {"uv": [0, 0, 7.2, 5.25], "texture": "#1"},
				"down": {"uv": [0, 0, 7.2, 5.25], "texture": "#1"}
			}
		},
		{
			"from": [20.172, 5.3, 17.575],
			"to": [22.472, 11, 23.125],
			"rotation": {"angle": 45, "axis": "y", "origin": [19.2818, 6, 23.0818]},
			"faces": {
				"north": {"uv": [0, 0, 7.2, 5.5], "texture": "#1"},
				"east": {"uv": [0, 0, 5.25, 5.5], "texture": "#1"},
				"south": {"uv": [5.1459, 0, 5.9937, 0.5039], "texture": "#1"},
				"west": {"uv": [0, 0, 5.25, 5.5], "texture": "#1"},
				"up": {"uv": [0, 0, 7.2, 5.25], "texture": "#1"},
				"down": {"uv": [0, 0, 7.2, 5.25], "texture": "#1"}
			}
		},
		{
			"from": [11.85, 5.5, 20.675],
			"to": [19.05, 11, 25.925],
			"rotation": {"angle": 22.5, "axis": "y", "origin": [12.7, 6, 26.2]},
			"faces": {
				"north": {"uv": [0, 0, 7.2, 5.5], "texture": "#1"},
				"east": {"uv": [0, 0, 5.25, 5.5], "texture": "#1"},
				"south": {"uv": [4.2981, 0, 5.1459, 0.5039], "texture": "#2"},
				"west": {"uv": [0, 0, 5.25, 5.5], "texture": "#1"},
				"up": {"uv": [0, 0, 7.2, 5.25], "texture": "#1"},
				"down": {"uv": [0, 0, 7.2, 5.25], "texture": "#1"}
			}
		},
		{
			"from": [14.15, 5.3, 20.675],
			"to": [15.95, 11, 26.225],
			"rotation": {"angle": 22.5, "axis": "y", "origin": [12.7, 6, 26.2]},
			"faces": {
				"north": {"uv": [0, 0, 7.2, 5.5], "texture": "#1"},
				"east": {"uv": [0, 0, 5.25, 5.5], "texture": "#1"},
				"south": {"uv": [4.2981, 0, 5.1459, 0.5039], "texture": "#1"},
				"west": {"uv": [0, 0, 5.25, 5.5], "texture": "#1"},
				"up": {"uv": [0, 0, 7.2, 5.25], "texture": "#1"},
				"down": {"uv": [0, 0, 7.2, 5.25], "texture": "#1"}
			}
		},
		{
			"from": [18.582, 5.5, 11.425],
			"to": [23.832, 11, 18.625],
			"rotation": {"angle": -22.5, "axis": "y", "origin": [24, 6, 17.8]},
			"faces": {
				"north": {"uv": [0, 0, 5.25, 5.5], "texture": "#1"},
				"east": {"uv": [5.9938, 0, 6.8416, 0.5039], "texture": "#2"},
				"south": {"uv": [0, 0, 5.25, 5.5], "texture": "#1"},
				"west": {"uv": [0, 0, 7.2, 5.5], "texture": "#1"},
				"up": {"uv": [0, 0, 7.2, 5.25], "rotation": 270, "texture": "#1"},
				"down": {"uv": [0, 0, 7.2, 5.25], "rotation": 90, "texture": "#1"}
			}
		},
		{
			"from": [18.582, 5.3, 15.425],
			"to": [24.132, 11, 17.625],
			"rotation": {"angle": -22.5, "axis": "y", "origin": [24, 6, 17.8]},
			"faces": {
				"north": {"uv": [0, 0, 5.25, 5.5], "texture": "#1"},
				"east": {"uv": [5.9938, 0, 6.8416, 0.5039], "texture": "#1"},
				"south": {"uv": [0, 0, 5.25, 5.5], "texture": "#1"},
				"west": {"uv": [0, 0, 7.2, 5.5], "texture": "#1"},
				"up": {"uv": [0, 0, 7.2, 5.25], "rotation": 270, "texture": "#1"},
				"down": {"uv": [0, 0, 7.2, 5.25], "rotation": 90, "texture": "#1"}
			}
		},
		{
			"from": [-9.2, 5.35, 6.6],
			"to": [-8.7, 5.55, 7.6],
			"rotation": {"angle": 0, "axis": "y", "origin": [-8.2, 5.405, 7.1]},
			"faces": {
				"north": {"uv": [0, 0, 0.5, 0.2], "texture": "#1"},
				"east": {"uv": [0, 0, 1, 0.2], "texture": "#1"},
				"south": {"uv": [0, 0, 0.5, 0.2], "texture": "#1"},
				"west": {"uv": [0, 0, 1, 0.2], "texture": "#1"},
				"up": {"uv": [0, 0, 1, 0.5], "rotation": 90, "texture": "#1"},
				"down": {"uv": [0, 0, 1, 0.5], "rotation": 270, "texture": "#1"}
			}
		},
		{
			"from": [-8.8, 5.35, 12],
			"to": [-8.3, 5.55, 13],
			"rotation": {"angle": 22.5, "axis": "y", "origin": [-7.8, 5.405, 12.5]},
			"faces": {
				"north": {"uv": [0, 0, 0.5, 0.2], "texture": "#1"},
				"east": {"uv": [0, 0, 1, 0.2], "texture": "#1"},
				"south": {"uv": [0, 0, 0.5, 0.2], "texture": "#1"},
				"west": {"uv": [0, 0, 1, 0.2], "texture": "#1"},
				"up": {"uv": [0, 0, 1, 0.5], "rotation": 90, "texture": "#1"},
				"down": {"uv": [0, 0, 1, 0.5], "rotation": 270, "texture": "#1"}
			}
		},
		{
			"from": [-6.2, 5.35, 17.6],
			"to": [-5.7, 5.55, 18.6],
			"rotation": {"angle": 45, "axis": "y", "origin": [-5.2, 5.405, 18.1]},
			"faces": {
				"north": {"uv": [0, 0, 0.5, 0.2], "texture": "#1"},
				"east": {"uv": [0, 0, 1, 0.2], "texture": "#1"},
				"south": {"uv": [0, 0, 0.5, 0.2], "texture": "#1"},
				"west": {"uv": [0, 0, 1, 0.2], "texture": "#1"},
				"up": {"uv": [0, 0, 1, 0.5], "rotation": 90, "texture": "#1"},
				"down": {"uv": [0, 0, 1, 0.5], "rotation": 270, "texture": "#1"}
			}
		},
		{
			"from": [-1.1, 5.35, 22.4],
			"to": [-0.1, 5.55, 22.9],
			"rotation": {"angle": -22.5, "axis": "y", "origin": [-0.6, 5.405, 21.9]},
			"faces": {
				"north": {"uv": [0, 0, 1, 0.2], "texture": "#1"},
				"east": {"uv": [0, 0, 0.5, 0.2], "texture": "#1"},
				"south": {"uv": [0, 0, 1, 0.2], "texture": "#1"},
				"west": {"uv": [0, 0, 0.5, 0.2], "texture": "#1"},
				"up": {"uv": [0, 0, 1, 0.5], "texture": "#1"},
				"down": {"uv": [0, 0, 1, 0.5], "texture": "#1"}
			}
		},
		{
			"from": [4.6, 5.35, 24.6],
			"to": [5.6, 5.55, 25.1],
			"rotation": {"angle": 0, "axis": "y", "origin": [5.1, 5.405, 24.1]},
			"faces": {
				"north": {"uv": [0, 0, 1, 0.2], "texture": "#1"},
				"east": {"uv": [0, 0, 0.5, 0.2], "texture": "#1"},
				"south": {"uv": [0, 0, 1, 0.2], "texture": "#1"},
				"west": {"uv": [0, 0, 0.5, 0.2], "texture": "#1"},
				"up": {"uv": [0, 0, 1, 0.5], "texture": "#1"},
				"down": {"uv": [0, 0, 1, 0.5], "texture": "#1"}
			}
		},
		{
			"from": [10.7, 5.35, 24.6],
			"to": [11.7, 5.55, 25.1],
			"rotation": {"angle": 0, "axis": "y", "origin": [11.2, 5.405, 24.1]},
			"faces": {
				"north": {"uv": [0, 0, 1, 0.2], "texture": "#1"},
				"east": {"uv": [0, 0, 0.5, 0.2], "texture": "#1"},
				"south": {"uv": [0, 0, 1, 0.2], "texture": "#1"},
				"west": {"uv": [0, 0, 0.5, 0.2], "texture": "#1"},
				"up": {"uv": [0, 0, 1, 0.5], "texture": "#1"},
				"down": {"uv": [0, 0, 1, 0.5], "texture": "#1"}
			}
		},
		{
			"from": [16.4, 5.35, 22.7],
			"to": [17.4, 5.55, 23.2],
			"rotation": {"angle": 22.5, "axis": "y", "origin": [16.9, 5.405, 22.2]},
			"faces": {
				"north": {"uv": [0, 0, 1, 0.2], "texture": "#1"},
				"east": {"uv": [0, 0, 0.5, 0.2], "texture": "#1"},
				"south": {"uv": [0, 0, 1, 0.2], "texture": "#1"},
				"west": {"uv": [0, 0, 0.5, 0.2], "texture": "#1"},
				"up": {"uv": [0, 0, 1, 0.5], "texture": "#1"},
				"down": {"uv": [0, 0, 1, 0.5], "texture": "#1"}
			}
		},
		{
			"from": [20.7, 5.35, 18.7],
			"to": [21.7, 5.55, 19.2],
			"rotation": {"angle": 45, "axis": "y", "origin": [21.2, 5.405, 18.2]},
			"faces": {
				"north": {"uv": [0, 0, 1, 0.2], "texture": "#1"},
				"east": {"uv": [0, 0, 0.5, 0.2], "texture": "#1"},
				"south": {"uv": [0, 0, 1, 0.2], "texture": "#1"},
				"west": {"uv": [0, 0, 0.5, 0.2], "texture": "#1"},
				"up": {"uv": [0, 0, 1, 0.5], "texture": "#1"},
				"down": {"uv": [0, 0, 1, 0.5], "texture": "#1"}
			}
		},
		{
			"from": [24.1, 5.35, 12.8],
			"to": [24.6, 5.55, 13.8],
			"rotation": {"angle": -22.5, "axis": "y", "origin": [23.6, 5.405, 13.3]},
			"faces": {
				"north": {"uv": [0, 0, 0.5, 0.2], "texture": "#1"},
				"east": {"uv": [0, 0, 1, 0.2], "texture": "#1"},
				"south": {"uv": [0, 0, 0.5, 0.2], "texture": "#1"},
				"west": {"uv": [0, 0, 1, 0.2], "texture": "#1"},
				"up": {"uv": [0, 0, 1, 0.5], "rotation": 270, "texture": "#1"},
				"down": {"uv": [0, 0, 1, 0.5], "rotation": 90, "texture": "#1"}
			}
		},
		{
			"from": [24.8, 5.35, 7.1],
			"to": [25.3, 5.55, 8.1],
			"rotation": {"angle": 0, "axis": "y", "origin": [24.3, 5.405, 7.6]},
			"faces": {
				"north": {"uv": [0, 0, 0.5, 0.2], "texture": "#1"},
				"east": {"uv": [0, 0, 1, 0.2], "texture": "#1"},
				"south": {"uv": [0, 0, 0.5, 0.2], "texture": "#1"},
				"west": {"uv": [0, 0, 1, 0.2], "texture": "#1"},
				"up": {"uv": [0, 0, 1, 0.5], "rotation": 270, "texture": "#1"},
				"down": {"uv": [0, 0, 1, 0.5], "rotation": 90, "texture": "#1"}
			}
		},
		{
			"from": [23.8, 5.35, 1.3],
			"to": [24.3, 5.55, 2.3],
			"rotation": {"angle": 22.5, "axis": "y", "origin": [23.3, 5.405, 1.8]},
			"faces": {
				"north": {"uv": [0, 0, 0.5, 0.2], "texture": "#1"},
				"east": {"uv": [0, 0, 1, 0.2], "texture": "#1"},
				"south": {"uv": [0, 0, 0.5, 0.2], "texture": "#1"},
				"west": {"uv": [0, 0, 1, 0.2], "texture": "#1"},
				"up": {"uv": [0, 0, 1, 0.5], "rotation": 270, "texture": "#1"},
				"down": {"uv": [0, 0, 1, 0.5], "rotation": 90, "texture": "#1"}
			}
		},
		{
			"from": [20.8, 5.35, -3.7],
			"to": [21.3, 5.55, -2.7],
			"rotation": {"angle": 45, "axis": "y", "origin": [20.3, 5.405, -3.2]},
			"faces": {
				"north": {"uv": [0, 0, 0.5, 0.2], "texture": "#1"},
				"east": {"uv": [0, 0, 1, 0.2], "texture": "#1"},
				"south": {"uv": [0, 0, 0.5, 0.2], "texture": "#1"},
				"west": {"uv": [0, 0, 1, 0.2], "texture": "#1"},
				"up": {"uv": [0, 0, 1, 0.5], "rotation": 270, "texture": "#1"},
				"down": {"uv": [0, 0, 1, 0.5], "rotation": 90, "texture": "#1"}
			}
		},
		{
			"from": [14.8, 5.35, -8],
			"to": [15.8, 5.55, -7.5],
			"rotation": {"angle": -22.5, "axis": "y", "origin": [15.3, 5.405, -7]},
			"faces": {
				"north": {"uv": [0, 0, 1, 0.2], "texture": "#1"},
				"east": {"uv": [0, 0, 0.5, 0.2], "texture": "#1"},
				"south": {"uv": [0, 0, 1, 0.2], "texture": "#1"},
				"west": {"uv": [0, 0, 0.5, 0.2], "texture": "#1"},
				"up": {"uv": [0, 0, 1, 0.5], "rotation": 180, "texture": "#1"},
				"down": {"uv": [0, 0, 1, 0.5], "rotation": 180, "texture": "#1"}
			}
		},
		{
			"from": [8.9, 5.35, -9.4],
			"to": [9.9, 5.55, -8.9],
			"rotation": {"angle": 0, "axis": "y", "origin": [9.4, 5.405, -8.4]},
			"faces": {
				"north": {"uv": [0, 0, 1, 0.2], "texture": "#1"},
				"east": {"uv": [0, 0, 0.5, 0.2], "texture": "#1"},
				"south": {"uv": [0, 0, 1, 0.2], "texture": "#1"},
				"west": {"uv": [0, 0, 0.5, 0.2], "texture": "#1"},
				"up": {"uv": [0, 0, 1, 0.5], "rotation": 180, "texture": "#1"},
				"down": {"uv": [0, 0, 1, 0.5], "rotation": 180, "texture": "#1"}
			}
		},
		{
			"from": [3.2, 5.35, -8.9],
			"to": [4.2, 5.55, -8.4],
			"rotation": {"angle": 22.5, "axis": "y", "origin": [3.7, 5.405, -7.9]},
			"faces": {
				"north": {"uv": [0, 0, 1, 0.2], "texture": "#1"},
				"east": {"uv": [0, 0, 0.5, 0.2], "texture": "#1"},
				"south": {"uv": [0, 0, 1, 0.2], "texture": "#1"},
				"west": {"uv": [0, 0, 0.5, 0.2], "texture": "#1"},
				"up": {"uv": [0, 0, 1, 0.5], "rotation": 180, "texture": "#1"},
				"down": {"uv": [0, 0, 1, 0.5], "rotation": 180, "texture": "#1"}
			}
		},
		{
			"from": [-2.4, 5.35, -6.5],
			"to": [-1.4, 5.55, -6],
			"rotation": {"angle": 45, "axis": "y", "origin": [-1.9, 5.405, -5.5]},
			"faces": {
				"north": {"uv": [0, 0, 1, 0.2], "texture": "#1"},
				"east": {"uv": [0, 0, 0.5, 0.2], "texture": "#1"},
				"south": {"uv": [0, 0, 1, 0.2], "texture": "#1"},
				"west": {"uv": [0, 0, 0.5, 0.2], "texture": "#1"},
				"up": {"uv": [0, 0, 1, 0.5], "rotation": 180, "texture": "#1"},
				"down": {"uv": [0, 0, 1, 0.5], "rotation": 180, "texture": "#1"}
			}
		},
		{
			"from": [-6.7, 5.35, -2],
			"to": [-6.2, 5.55, -1],
			"rotation": {"angle": -22.5, "axis": "y", "origin": [-5.7, 5.405, -1.5]},
			"faces": {
				"north": {"uv": [0, 0, 0.5, 0.2], "texture": "#1"},
				"east": {"uv": [0, 0, 1, 0.2], "texture": "#1"},
				"south": {"uv": [0, 0, 0.5, 0.2], "texture": "#1"},
				"west": {"uv": [0, 0, 1, 0.2], "texture": "#1"},
				"up": {"uv": [0, 0, 1, 0.5], "rotation": 90, "texture": "#1"},
				"down": {"uv": [0, 0, 1, 0.5], "rotation": 270, "texture": "#1"}
			}
		},
		{
			"from": [-8.8, 5.35, 2],
			"to": [-8.3, 5.55, 3],
			"rotation": {"angle": -22.5, "axis": "y", "origin": [-7.8, 5.405, 2.5]},
			"faces": {
				"north": {"uv": [0, 0, 0.5, 0.2], "texture": "#1"},
				"east": {"uv": [0, 0, 1, 0.2], "texture": "#1"},
				"south": {"uv": [0, 0, 0.5, 0.2], "texture": "#1"},
				"west": {"uv": [0, 0, 1, 0.2], "texture": "#1"},
				"up": {"uv": [0, 0, 1, 0.5], "rotation": 90, "texture": "#1"},
				"down": {"uv": [0, 0, 1, 0.5], "rotation": 270, "texture": "#1"}
			}
		},
		{
			"from": [-8.7, 5.35, 7.6],
			"to": [-7.7, 5.55, 8.1],
			"rotation": {"angle": 0, "axis": "y", "origin": [-8.2, 5.405, 7.1]},
			"faces": {
				"north": {"uv": [0, 0, 1, 0.2], "texture": "#1"},
				"east": {"uv": [0, 0, 0.5, 0.2], "texture": "#1"},
				"south": {"uv": [0, 0, 1, 0.2], "texture": "#1"},
				"west": {"uv": [0, 0, 0.5, 0.2], "texture": "#1"},
				"up": {"uv": [0, 0, 1, 0.5], "rotation": 180, "texture": "#1"},
				"down": {"uv": [0, 0, 1, 0.5], "rotation": 180, "texture": "#1"}
			}
		},
		{
			"from": [-8.3, 5.35, 13],
			"to": [-7.3, 5.55, 13.5],
			"rotation": {"angle": 22.5, "axis": "y", "origin": [-7.8, 5.405, 12.5]},
			"faces": {
				"north": {"uv": [0, 0, 1, 0.2], "texture": "#1"},
				"east": {"uv": [0, 0, 0.5, 0.2], "texture": "#1"},
				"south": {"uv": [0, 0, 1, 0.2], "texture": "#1"},
				"west": {"uv": [0, 0, 0.5, 0.2], "texture": "#1"},
				"up": {"uv": [0, 0, 1, 0.5], "rotation": 180, "texture": "#1"},
				"down": {"uv": [0, 0, 1, 0.5], "rotation": 180, "texture": "#1"}
			}
		},
		{
			"from": [-5.7, 5.35, 18.6],
			"to": [-4.7, 5.55, 19.1],
			"rotation": {"angle": 45, "axis": "y", "origin": [-5.2, 5.405, 18.1]},
			"faces": {
				"north": {"uv": [0, 0, 1, 0.2], "texture": "#1"},
				"east": {"uv": [0, 0, 0.5, 0.2], "texture": "#1"},
				"south": {"uv": [0, 0, 1, 0.2], "texture": "#1"},
				"west": {"uv": [0, 0, 0.5, 0.2], "texture": "#1"},
				"up": {"uv": [0, 0, 1, 0.5], "rotation": 180, "texture": "#1"},
				"down": {"uv": [0, 0, 1, 0.5], "rotation": 180, "texture": "#1"}
			}
		},
		{
			"from": [-0.1, 5.35, 21.4],
			"to": [0.4, 5.55, 22.4],
			"rotation": {"angle": -22.5, "axis": "y", "origin": [-0.6, 5.405, 21.9]},
			"faces": {
				"north": {"uv": [0, 0, 0.5, 0.2], "texture": "#1"},
				"east": {"uv": [0, 0, 1, 0.2], "texture": "#1"},
				"south": {"uv": [0, 0, 0.5, 0.2], "texture": "#1"},
				"west": {"uv": [0, 0, 1, 0.2], "texture": "#1"},
				"up": {"uv": [0, 0, 1, 0.5], "rotation": 90, "texture": "#1"},
				"down": {"uv": [0, 0, 1, 0.5], "rotation": 270, "texture": "#1"}
			}
		},
		{
			"from": [5.6, 5.35, 23.6],
			"to": [6.1, 5.55, 24.6],
			"rotation": {"angle": 0, "axis": "y", "origin": [5.1, 5.405, 24.1]},
			"faces": {
				"north": {"uv": [0, 0, 0.5, 0.2], "texture": "#1"},
				"east": {"uv": [0, 0, 1, 0.2], "texture": "#1"},
				"south": {"uv": [0, 0, 0.5, 0.2], "texture": "#1"},
				"west": {"uv": [0, 0, 1, 0.2], "texture": "#1"},
				"up": {"uv": [0, 0, 1, 0.5], "rotation": 90, "texture": "#1"},
				"down": {"uv": [0, 0, 1, 0.5], "rotation": 270, "texture": "#1"}
			}
		},
		{
			"from": [11.7, 5.35, 23.6],
			"to": [12.2, 5.55, 24.6],
			"rotation": {"angle": 0, "axis": "y", "origin": [11.2, 5.405, 24.1]},
			"faces": {
				"north": {"uv": [0, 0, 0.5, 0.2], "texture": "#1"},
				"east": {"uv": [0, 0, 1, 0.2], "texture": "#1"},
				"south": {"uv": [0, 0, 0.5, 0.2], "texture": "#1"},
				"west": {"uv": [0, 0, 1, 0.2], "texture": "#1"},
				"up": {"uv": [0, 0, 1, 0.5], "rotation": 90, "texture": "#1"},
				"down": {"uv": [0, 0, 1, 0.5], "rotation": 270, "texture": "#1"}
			}
		},
		{
			"from": [17.4, 5.35, 21.7],
			"to": [17.9, 5.55, 22.7],
			"rotation": {"angle": 22.5, "axis": "y", "origin": [16.9, 5.405, 22.2]},
			"faces": {
				"north": {"uv": [0, 0, 0.5, 0.2], "texture": "#1"},
				"east": {"uv": [0, 0, 1, 0.2], "texture": "#1"},
				"south": {"uv": [0, 0, 0.5, 0.2], "texture": "#1"},
				"west": {"uv": [0, 0, 1, 0.2], "texture": "#1"},
				"up": {"uv": [0, 0, 1, 0.5], "rotation": 90, "texture": "#1"},
				"down": {"uv": [0, 0, 1, 0.5], "rotation": 270, "texture": "#1"}
			}
		},
		{
			"from": [21.7, 5.35, 17.7],
			"to": [22.2, 5.55, 18.7],
			"rotation": {"angle": 45, "axis": "y", "origin": [21.2, 5.405, 18.2]},
			"faces": {
				"north": {"uv": [0, 0, 0.5, 0.2], "texture": "#1"},
				"east": {"uv": [0, 0, 1, 0.2], "texture": "#1"},
				"south": {"uv": [0, 0, 0.5, 0.2], "texture": "#1"},
				"west": {"uv": [0, 0, 1, 0.2], "texture": "#1"},
				"up": {"uv": [0, 0, 1, 0.5], "rotation": 90, "texture": "#1"},
				"down": {"uv": [0, 0, 1, 0.5], "rotation": 270, "texture": "#1"}
			}
		},
		{
			"from": [23.1, 5.35, 12.3],
			"to": [24.1, 5.55, 12.8],
			"rotation": {"angle": -22.5, "axis": "y", "origin": [23.6, 5.405, 13.3]},
			"faces": {
				"north": {"uv": [0, 0, 1, 0.2], "texture": "#1"},
				"east": {"uv": [0, 0, 0.5, 0.2], "texture": "#1"},
				"south": {"uv": [0, 0, 1, 0.2], "texture": "#1"},
				"west": {"uv": [0, 0, 0.5, 0.2], "texture": "#1"},
				"up": {"uv": [0, 0, 1, 0.5], "texture": "#1"},
				"down": {"uv": [0, 0, 1, 0.5], "texture": "#1"}
			}
		},
		{
			"from": [23.8, 5.35, 6.6],
			"to": [24.8, 5.55, 7.1],
			"rotation": {"angle": 0, "axis": "y", "origin": [24.3, 5.405, 7.6]},
			"faces": {
				"north": {"uv": [0, 0, 1, 0.2], "texture": "#1"},
				"east": {"uv": [0, 0, 0.5, 0.2], "texture": "#1"},
				"south": {"uv": [0, 0, 1, 0.2], "texture": "#1"},
				"west": {"uv": [0, 0, 0.5, 0.2], "texture": "#1"},
				"up": {"uv": [0, 0, 1, 0.5], "texture": "#1"},
				"down": {"uv": [0, 0, 1, 0.5], "texture": "#1"}
			}
		},
		{
			"from": [22.8, 5.35, 0.8],
			"to": [23.8, 5.55, 1.3],
			"rotation": {"angle": 22.5, "axis": "y", "origin": [23.3, 5.405, 1.8]},
			"faces": {
				"north": {"uv": [0, 0, 1, 0.2], "texture": "#1"},
				"east": {"uv": [0, 0, 0.5, 0.2], "texture": "#1"},
				"south": {"uv": [0, 0, 1, 0.2], "texture": "#1"},
				"west": {"uv": [0, 0, 0.5, 0.2], "texture": "#1"},
				"up": {"uv": [0, 0, 1, 0.5], "texture": "#1"},
				"down": {"uv": [0, 0, 1, 0.5], "texture": "#1"}
			}
		},
		{
			"from": [19.8, 5.35, -4.2],
			"to": [20.8, 5.55, -3.7],
			"rotation": {"angle": 45, "axis": "y", "origin": [20.3, 5.405, -3.2]},
			"faces": {
				"north": {"uv": [0, 0, 1, 0.2], "texture": "#1"},
				"east": {"uv": [0, 0, 0.5, 0.2], "texture": "#1"},
				"south": {"uv": [0, 0, 1, 0.2], "texture": "#1"},
				"west": {"uv": [0, 0, 0.5, 0.2], "texture": "#1"},
				"up": {"uv": [0, 0, 1, 0.5], "texture": "#1"},
				"down": {"uv": [0, 0, 1, 0.5], "texture": "#1"}
			}
		},
		{
			"from": [14.3, 5.35, -7.5],
			"to": [14.8, 5.55, -6.5],
			"rotation": {"angle": -22.5, "axis": "y", "origin": [15.3, 5.405, -7]},
			"faces": {
				"north": {"uv": [0, 0, 0.5, 0.2], "texture": "#1"},
				"east": {"uv": [0, 0, 1, 0.2], "texture": "#1"},
				"south": {"uv": [0, 0, 0.5, 0.2], "texture": "#1"},
				"west": {"uv": [0, 0, 1, 0.2], "texture": "#1"},
				"up": {"uv": [0, 0, 1, 0.5], "rotation": 270, "texture": "#1"},
				"down": {"uv": [0, 0, 1, 0.5], "rotation": 90, "texture": "#1"}
			}
		},
		{
			"from": [8.4, 5.35, -8.9],
			"to": [8.9, 5.55, -7.9],
			"rotation": {"angle": 0, "axis": "y", "origin": [9.4, 5.405, -8.4]},
			"faces": {
				"north": {"uv": [0, 0, 0.5, 0.2], "texture": "#1"},
				"east": {"uv": [0, 0, 1, 0.2], "texture": "#1"},
				"south": {"uv": [0, 0, 0.5, 0.2], "texture": "#1"},
				"west": {"uv": [0, 0, 1, 0.2], "texture": "#1"},
				"up": {"uv": [0, 0, 1, 0.5], "rotation": 270, "texture": "#1"},
				"down": {"uv": [0, 0, 1, 0.5], "rotation": 90, "texture": "#1"}
			}
		},
		{
			"from": [2.7, 5.35, -8.4],
			"to": [3.2, 5.55, -7.4],
			"rotation": {"angle": 22.5, "axis": "y", "origin": [3.7, 5.405, -7.9]},
			"faces": {
				"north": {"uv": [0, 0, 0.5, 0.2], "texture": "#1"},
				"east": {"uv": [0, 0, 1, 0.2], "texture": "#1"},
				"south": {"uv": [0, 0, 0.5, 0.2], "texture": "#1"},
				"west": {"uv": [0, 0, 1, 0.2], "texture": "#1"},
				"up": {"uv": [0, 0, 1, 0.5], "rotation": 270, "texture": "#1"},
				"down": {"uv": [0, 0, 1, 0.5], "rotation": 90, "texture": "#1"}
			}
		},
		{
			"from": [-2.9, 5.35, -6],
			"to": [-2.4, 5.55, -5],
			"rotation": {"angle": 45, "axis": "y", "origin": [-1.9, 5.405, -5.5]},
			"faces": {
				"north": {"uv": [0, 0, 0.5, 0.2], "texture": "#1"},
				"east": {"uv": [0, 0, 1, 0.2], "texture": "#1"},
				"south": {"uv": [0, 0, 0.5, 0.2], "texture": "#1"},
				"west": {"uv": [0, 0, 1, 0.2], "texture": "#1"},
				"up": {"uv": [0, 0, 1, 0.5], "rotation": 270, "texture": "#1"},
				"down": {"uv": [0, 0, 1, 0.5], "rotation": 90, "texture": "#1"}
			}
		},
		{
			"from": [-6.2, 5.35, -1],
			"to": [-5.2, 5.55, -0.5],
			"rotation": {"angle": -22.5, "axis": "y", "origin": [-5.7, 5.405, -1.5]},
			"faces": {
				"north": {"uv": [0, 0, 1, 0.2], "texture": "#1"},
				"east": {"uv": [0, 0, 0.5, 0.2], "texture": "#1"},
				"south": {"uv": [0, 0, 1, 0.2], "texture": "#1"},
				"west": {"uv": [0, 0, 0.5, 0.2], "texture": "#1"},
				"up": {"uv": [0, 0, 1, 0.5], "rotation": 180, "texture": "#1"},
				"down": {"uv": [0, 0, 1, 0.5], "rotation": 180, "texture": "#1"}
			}
		},
		{
			"from": [-8.3, 5.35, 3],
			"to": [-7.3, 5.55, 3.5],
			"rotation": {"angle": -22.5, "axis": "y", "origin": [-7.8, 5.405, 2.5]},
			"faces": {
				"north": {"uv": [0, 0, 1, 0.2], "texture": "#1"},
				"east": {"uv": [0, 0, 0.5, 0.2], "texture": "#1"},
				"south": {"uv": [0, 0, 1, 0.2], "texture": "#1"},
				"west": {"uv": [0, 0, 0.5, 0.2], "texture": "#1"},
				"up": {"uv": [0, 0, 1, 0.5], "rotation": 180, "texture": "#1"},
				"down": {"uv": [0, 0, 1, 0.5], "rotation": 180, "texture": "#1"}
			}
		},
		{
			"from": [-8.3, 5.1, 2],
			"to": [-7.3, 5.35, 3],
			"rotation": {"angle": -22.5, "axis": "y", "origin": [-7.8, 5.405, 2.5]},
			"faces": {
				"north": {"uv": [0, 0, 1, 0.25], "texture": "#4"},
				"east": {"uv": [0, 0, 1, 0.25], "texture": "#4"},
				"south": {"uv": [0, 0, 1, 0.25], "texture": "#4"},
				"west": {"uv": [0, 0, 1, 0.25], "texture": "#4"},
				"up": {"uv": [0, 0, 1, 1], "rotation": 180, "texture": "#4"},
				"down": {"uv": [0, 0, 1, 1], "rotation": 180, "texture": "#4"}
			}
		},
		{
			"from": [-6.2, 5.1, -2],
			"to": [-5.2, 5.35, -1],
			"rotation": {"angle": -22.5, "axis": "y", "origin": [-5.7, 5.405, -1.5]},
			"faces": {
				"north": {"uv": [0, 0, 1, 0.25], "texture": "#4"},
				"east": {"uv": [0, 0, 1, 0.25], "texture": "#4"},
				"south": {"uv": [0, 0, 1, 0.25], "texture": "#4"},
				"west": {"uv": [0, 0, 1, 0.25], "texture": "#4"},
				"up": {"uv": [0, 0, 1, 1], "rotation": 180, "texture": "#4"},
				"down": {"uv": [0, 0, 1, 1], "rotation": 180, "texture": "#4"}
			}
		},
		{
			"from": [-2.4, 5.1, -6],
			"to": [-1.4, 5.35, -5],
			"rotation": {"angle": 45, "axis": "y", "origin": [-1.9, 5.405, -5.5]},
			"faces": {
				"north": {"uv": [0, 0, 1, 0.25], "texture": "#4"},
				"east": {"uv": [0, 0, 1, 0.25], "texture": "#4"},
				"south": {"uv": [0, 0, 1, 0.25], "texture": "#4"},
				"west": {"uv": [0, 0, 1, 0.25], "texture": "#4"},
				"up": {"uv": [0, 0, 1, 1], "rotation": 270, "texture": "#4"},
				"down": {"uv": [0, 0, 1, 1], "rotation": 90, "texture": "#4"}
			}
		},
		{
			"from": [3.2, 5.1, -8.4],
			"to": [4.2, 5.35, -7.4],
			"rotation": {"angle": 22.5, "axis": "y", "origin": [3.7, 5.405, -7.9]},
			"faces": {
				"north": {"uv": [0, 0, 1, 0.25], "texture": "#4"},
				"east": {"uv": [0, 0, 1, 0.25], "texture": "#4"},
				"south": {"uv": [0, 0, 1, 0.25], "texture": "#4"},
				"west": {"uv": [0, 0, 1, 0.25], "texture": "#4"},
				"up": {"uv": [0, 0, 1, 1], "rotation": 270, "texture": "#4"},
				"down": {"uv": [0, 0, 1, 1], "rotation": 90, "texture": "#4"}
			}
		},
		{
			"from": [8.9, 5.1, -8.9],
			"to": [9.9, 5.35, -7.9],
			"rotation": {"angle": 0, "axis": "y", "origin": [9.4, 5.405, -8.4]},
			"faces": {
				"north": {"uv": [0, 0, 1, 0.25], "texture": "#4"},
				"east": {"uv": [0, 0, 1, 0.25], "texture": "#4"},
				"south": {"uv": [0, 0, 1, 0.25], "texture": "#4"},
				"west": {"uv": [0, 0, 1, 0.25], "texture": "#4"},
				"up": {"uv": [0, 0, 1, 1], "rotation": 270, "texture": "#4"},
				"down": {"uv": [0, 0, 1, 1], "rotation": 90, "texture": "#4"}
			}
		},
		{
			"from": [14.8, 5.1, -7.5],
			"to": [15.8, 5.35, -6.5],
			"rotation": {"angle": -22.5, "axis": "y", "origin": [15.3, 5.405, -7]},
			"faces": {
				"north": {"uv": [0, 0, 1, 0.25], "texture": "#4"},
				"east": {"uv": [0, 0, 1, 0.25], "texture": "#4"},
				"south": {"uv": [0, 0, 1, 0.25], "texture": "#4"},
				"west": {"uv": [0, 0, 1, 0.25], "texture": "#4"},
				"up": {"uv": [0, 0, 1, 1], "rotation": 270, "texture": "#4"},
				"down": {"uv": [0, 0, 1, 1], "rotation": 90, "texture": "#4"}
			}
		},
		{
			"from": [19.8, 5.1, -3.7],
			"to": [20.8, 5.35, -2.7],
			"rotation": {"angle": 45, "axis": "y", "origin": [20.3, 5.405, -3.2]},
			"faces": {
				"north": {"uv": [0, 0, 1, 0.25], "texture": "#4"},
				"east": {"uv": [0, 0, 1, 0.25], "texture": "#4"},
				"south": {"uv": [0, 0, 1, 0.25], "texture": "#4"},
				"west": {"uv": [0, 0, 1, 0.25], "texture": "#4"},
				"up": {"uv": [0, 0, 1, 1], "texture": "#4"},
				"down": {"uv": [0, 0, 1, 1], "texture": "#4"}
			}
		},
		{
			"from": [22.8, 5.1, 1.3],
			"to": [23.8, 5.35, 2.3],
			"rotation": {"angle": 22.5, "axis": "y", "origin": [23.3, 5.405, 1.8]},
			"faces": {
				"north": {"uv": [0, 0, 1, 0.25], "texture": "#4"},
				"east": {"uv": [0, 0, 1, 0.25], "texture": "#4"},
				"south": {"uv": [0, 0, 1, 0.25], "texture": "#4"},
				"west": {"uv": [0, 0, 1, 0.25], "texture": "#4"},
				"up": {"uv": [0, 0, 1, 1], "texture": "#4"},
				"down": {"uv": [0, 0, 1, 1], "texture": "#4"}
			}
		},
		{
			"from": [23.8, 5.1, 7.1],
			"to": [24.8, 5.35, 8.1],
			"rotation": {"angle": 0, "axis": "y", "origin": [24.3, 5.405, 7.6]},
			"faces": {
				"north": {"uv": [0, 0, 1, 0.25], "texture": "#4"},
				"east": {"uv": [0, 0, 1, 0.25], "texture": "#4"},
				"south": {"uv": [0, 0, 1, 0.25], "texture": "#4"},
				"west": {"uv": [0, 0, 1, 0.25], "texture": "#4"},
				"up": {"uv": [0, 0, 1, 1], "texture": "#4"},
				"down": {"uv": [0, 0, 1, 1], "texture": "#4"}
			}
		},
		{
			"from": [23.1, 5.1, 12.8],
			"to": [24.1, 5.35, 13.8],
			"rotation": {"angle": -22.5, "axis": "y", "origin": [23.6, 5.405, 13.3]},
			"faces": {
				"north": {"uv": [0, 0, 1, 0.25], "texture": "#4"},
				"east": {"uv": [0, 0, 1, 0.25], "texture": "#4"},
				"south": {"uv": [0, 0, 1, 0.25], "texture": "#4"},
				"west": {"uv": [0, 0, 1, 0.25], "texture": "#4"},
				"up": {"uv": [0, 0, 1, 1], "texture": "#4"},
				"down": {"uv": [0, 0, 1, 1], "texture": "#4"}
			}
		},
		{
			"from": [20.7, 5.1, 17.7],
			"to": [21.7, 5.35, 18.7],
			"rotation": {"angle": 45, "axis": "y", "origin": [21.2, 5.405, 18.2]},
			"faces": {
				"north": {"uv": [0, 0, 1, 0.25], "texture": "#4"},
				"east": {"uv": [0, 0, 1, 0.25], "texture": "#4"},
				"south": {"uv": [0, 0, 1, 0.25], "texture": "#4"},
				"west": {"uv": [0, 0, 1, 0.25], "texture": "#4"},
				"up": {"uv": [0, 0, 1, 1], "rotation": 90, "texture": "#4"},
				"down": {"uv": [0, 0, 1, 1], "rotation": 270, "texture": "#4"}
			}
		},
		{
			"from": [16.4, 5.1, 21.7],
			"to": [17.4, 5.35, 22.7],
			"rotation": {"angle": 22.5, "axis": "y", "origin": [16.9, 5.405, 22.2]},
			"faces": {
				"north": {"uv": [0, 0, 1, 0.25], "texture": "#4"},
				"east": {"uv": [0, 0, 1, 0.25], "texture": "#4"},
				"south": {"uv": [0, 0, 1, 0.25], "texture": "#4"},
				"west": {"uv": [0, 0, 1, 0.25], "texture": "#4"},
				"up": {"uv": [0, 0, 1, 1], "rotation": 90, "texture": "#4"},
				"down": {"uv": [0, 0, 1, 1], "rotation": 270, "texture": "#4"}
			}
		},
		{
			"from": [10.7, 5.1, 23.6],
			"to": [11.7, 5.35, 24.6],
			"rotation": {"angle": 0, "axis": "y", "origin": [11.2, 5.405, 24.1]},
			"faces": {
				"north": {"uv": [0, 0, 1, 0.25], "texture": "#4"},
				"east": {"uv": [0, 0, 1, 0.25], "texture": "#4"},
				"south": {"uv": [0, 0, 1, 0.25], "texture": "#4"},
				"west": {"uv": [0, 0, 1, 0.25], "texture": "#4"},
				"up": {"uv": [0, 0, 1, 1], "rotation": 90, "texture": "#4"},
				"down": {"uv": [0, 0, 1, 1], "rotation": 270, "texture": "#4"}
			}
		},
		{
			"from": [4.6, 5.1, 23.6],
			"to": [5.6, 5.35, 24.6],
			"rotation": {"angle": 0, "axis": "y", "origin": [5.1, 5.405, 24.1]},
			"faces": {
				"north": {"uv": [0, 0, 1, 0.25], "texture": "#4"},
				"east": {"uv": [0, 0, 1, 0.25], "texture": "#4"},
				"south": {"uv": [0, 0, 1, 0.25], "texture": "#4"},
				"west": {"uv": [0, 0, 1, 0.25], "texture": "#4"},
				"up": {"uv": [0, 0, 1, 1], "rotation": 90, "texture": "#4"},
				"down": {"uv": [0, 0, 1, 1], "rotation": 270, "texture": "#4"}
			}
		},
		{
			"from": [-1.1, 5.1, 21.4],
			"to": [-0.1, 5.35, 22.4],
			"rotation": {"angle": -22.5, "axis": "y", "origin": [-0.6, 5.405, 21.9]},
			"faces": {
				"north": {"uv": [0, 0, 1, 0.25], "texture": "#4"},
				"east": {"uv": [0, 0, 1, 0.25], "texture": "#4"},
				"south": {"uv": [0, 0, 1, 0.25], "texture": "#4"},
				"west": {"uv": [0, 0, 1, 0.25], "texture": "#4"},
				"up": {"uv": [0, 0, 1, 1], "rotation": 90, "texture": "#4"},
				"down": {"uv": [0, 0, 1, 1], "rotation": 270, "texture": "#4"}
			}
		},
		{
			"from": [-5.7, 5.1, 17.6],
			"to": [-4.7, 5.35, 18.6],
			"rotation": {"angle": 45, "axis": "y", "origin": [-5.2, 5.405, 18.1]},
			"faces": {
				"north": {"uv": [0, 0, 1, 0.25], "texture": "#4"},
				"east": {"uv": [0, 0, 1, 0.25], "texture": "#4"},
				"south": {"uv": [0, 0, 1, 0.25], "texture": "#4"},
				"west": {"uv": [0, 0, 1, 0.25], "texture": "#4"},
				"up": {"uv": [0, 0, 1, 1], "rotation": 180, "texture": "#4"},
				"down": {"uv": [0, 0, 1, 1], "rotation": 180, "texture": "#4"}
			}
		},
		{
			"from": [-8.3, 5.1, 12],
			"to": [-7.3, 5.35, 13],
			"rotation": {"angle": 22.5, "axis": "y", "origin": [-7.8, 5.405, 12.5]},
			"faces": {
				"north": {"uv": [0, 0, 1, 0.25], "texture": "#4"},
				"east": {"uv": [0, 0, 1, 0.25], "texture": "#4"},
				"south": {"uv": [0, 0, 1, 0.25], "texture": "#4"},
				"west": {"uv": [0, 0, 1, 0.25], "texture": "#4"},
				"up": {"uv": [0, 0, 1, 1], "rotation": 180, "texture": "#4"},
				"down": {"uv": [0, 0, 1, 1], "rotation": 180, "texture": "#4"}
			}
		},
		{
			"from": [-8.7, 5.1, 6.6],
			"to": [-7.7, 5.35, 7.6],
			"rotation": {"angle": 0, "axis": "y", "origin": [-8.2, 5.405, 7.1]},
			"faces": {
				"north": {"uv": [0, 0, 1, 0.25], "texture": "#4"},
				"east": {"uv": [0, 0, 1, 0.25], "texture": "#4"},
				"south": {"uv": [0, 0, 1, 0.25], "texture": "#4"},
				"west": {"uv": [0, 0, 1, 0.25], "texture": "#4"},
				"up": {"uv": [0, 0, 1, 1], "rotation": 180, "texture": "#4"},
				"down": {"uv": [0, 0, 1, 1], "rotation": 180, "texture": "#4"}
			}
		},
		{
			"from": [-8.7, 5.35, 6.1],
			"to": [-7.7, 5.55, 6.6],
			"rotation": {"angle": 0, "axis": "y", "origin": [-8.2, 5.405, 7.1]},
			"faces": {
				"north": {"uv": [0, 0, 1, 0.2], "texture": "#1"},
				"east": {"uv": [0, 0, 0.5, 0.2], "texture": "#1"},
				"south": {"uv": [0, 0, 1, 0.2], "texture": "#1"},
				"west": {"uv": [0, 0, 0.5, 0.2], "texture": "#1"},
				"up": {"uv": [0, 0, 1, 0.5], "rotation": 180, "texture": "#1"},
				"down": {"uv": [0, 0, 1, 0.5], "rotation": 180, "texture": "#1"}
			}
		},
		{
			"from": [-8.3, 5.35, 11.5],
			"to": [-7.3, 5.55, 12],
			"rotation": {"angle": 22.5, "axis": "y", "origin": [-7.8, 5.405, 12.5]},
			"faces": {
				"north": {"uv": [0, 0, 1, 0.2], "texture": "#1"},
				"east": {"uv": [0, 0, 0.5, 0.2], "texture": "#1"},
				"south": {"uv": [0, 0, 1, 0.2], "texture": "#1"},
				"west": {"uv": [0, 0, 0.5, 0.2], "texture": "#1"},
				"up": {"uv": [0, 0, 1, 0.5], "rotation": 180, "texture": "#1"},
				"down": {"uv": [0, 0, 1, 0.5], "rotation": 180, "texture": "#1"}
			}
		},
		{
			"from": [-5.7, 5.35, 17.1],
			"to": [-4.7, 5.55, 17.6],
			"rotation": {"angle": 45, "axis": "y", "origin": [-5.2, 5.405, 18.1]},
			"faces": {
				"north": {"uv": [0, 0, 1, 0.2], "texture": "#1"},
				"east": {"uv": [0, 0, 0.5, 0.2], "texture": "#1"},
				"south": {"uv": [0, 0, 1, 0.2], "texture": "#1"},
				"west": {"uv": [0, 0, 0.5, 0.2], "texture": "#1"},
				"up": {"uv": [0, 0, 1, 0.5], "rotation": 180, "texture": "#1"},
				"down": {"uv": [0, 0, 1, 0.5], "rotation": 180, "texture": "#1"}
			}
		},
		{
			"from": [-1.6, 5.35, 21.4],
			"to": [-1.1, 5.55, 22.4],
			"rotation": {"angle": -22.5, "axis": "y", "origin": [-0.6, 5.405, 21.9]},
			"faces": {
				"north": {"uv": [0, 0, 0.5, 0.2], "texture": "#1"},
				"east": {"uv": [0, 0, 1, 0.2], "texture": "#1"},
				"south": {"uv": [0, 0, 0.5, 0.2], "texture": "#1"},
				"west": {"uv": [0, 0, 1, 0.2], "texture": "#1"},
				"up": {"uv": [0, 0, 1, 0.5], "rotation": 90, "texture": "#1"},
				"down": {"uv": [0, 0, 1, 0.5], "rotation": 270, "texture": "#1"}
			}
		},
		{
			"from": [4.1, 5.35, 23.6],
			"to": [4.6, 5.55, 24.6],
			"rotation": {"angle": 0, "axis": "y", "origin": [5.1, 5.405, 24.1]},
			"faces": {
				"north": {"uv": [0, 0, 0.5, 0.2], "texture": "#1"},
				"east": {"uv": [0, 0, 1, 0.2], "texture": "#1"},
				"south": {"uv": [0, 0, 0.5, 0.2], "texture": "#1"},
				"west": {"uv": [0, 0, 1, 0.2], "texture": "#1"},
				"up": {"uv": [0, 0, 1, 0.5], "rotation": 90, "texture": "#1"},
				"down": {"uv": [0, 0, 1, 0.5], "rotation": 270, "texture": "#1"}
			}
		},
		{
			"from": [10.2, 5.35, 23.6],
			"to": [10.7, 5.55, 24.6],
			"rotation": {"angle": 0, "axis": "y", "origin": [11.2, 5.405, 24.1]},
			"faces": {
				"north": {"uv": [0, 0, 0.5, 0.2], "texture": "#1"},
				"east": {"uv": [0, 0, 1, 0.2], "texture": "#1"},
				"south": {"uv": [0, 0, 0.5, 0.2], "texture": "#1"},
				"west": {"uv": [0, 0, 1, 0.2], "texture": "#1"},
				"up": {"uv": [0, 0, 1, 0.5], "rotation": 90, "texture": "#1"},
				"down": {"uv": [0, 0, 1, 0.5], "rotation": 270, "texture": "#1"}
			}
		},
		{
			"from": [15.9, 5.35, 21.7],
			"to": [16.4, 5.55, 22.7],
			"rotation": {"angle": 22.5, "axis": "y", "origin": [16.9, 5.405, 22.2]},
			"faces": {
				"north": {"uv": [0, 0, 0.5, 0.2], "texture": "#1"},
				"east": {"uv": [0, 0, 1, 0.2], "texture": "#1"},
				"south": {"uv": [0, 0, 0.5, 0.2], "texture": "#1"},
				"west": {"uv": [0, 0, 1, 0.2], "texture": "#1"},
				"up": {"uv": [0, 0, 1, 0.5], "rotation": 90, "texture": "#1"},
				"down": {"uv": [0, 0, 1, 0.5], "rotation": 270, "texture": "#1"}
			}
		},
		{
			"from": [20.2, 5.35, 17.7],
			"to": [20.7, 5.55, 18.7],
			"rotation": {"angle": 45, "axis": "y", "origin": [21.2, 5.405, 18.2]},
			"faces": {
				"north": {"uv": [0, 0, 0.5, 0.2], "texture": "#1"},
				"east": {"uv": [0, 0, 1, 0.2], "texture": "#1"},
				"south": {"uv": [0, 0, 0.5, 0.2], "texture": "#1"},
				"west": {"uv": [0, 0, 1, 0.2], "texture": "#1"},
				"up": {"uv": [0, 0, 1, 0.5], "rotation": 90, "texture": "#1"},
				"down": {"uv": [0, 0, 1, 0.5], "rotation": 270, "texture": "#1"}
			}
		},
		{
			"from": [23.1, 5.35, 13.8],
			"to": [24.1, 5.55, 14.3],
			"rotation": {"angle": -22.5, "axis": "y", "origin": [23.6, 5.405, 13.3]},
			"faces": {
				"north": {"uv": [0, 0, 1, 0.2], "texture": "#1"},
				"east": {"uv": [0, 0, 0.5, 0.2], "texture": "#1"},
				"south": {"uv": [0, 0, 1, 0.2], "texture": "#1"},
				"west": {"uv": [0, 0, 0.5, 0.2], "texture": "#1"},
				"up": {"uv": [0, 0, 1, 0.5], "texture": "#1"},
				"down": {"uv": [0, 0, 1, 0.5], "texture": "#1"}
			}
		},
		{
			"from": [23.8, 5.35, 8.1],
			"to": [24.8, 5.55, 8.6],
			"rotation": {"angle": 0, "axis": "y", "origin": [24.3, 5.405, 7.6]},
			"faces": {
				"north": {"uv": [0, 0, 1, 0.2], "texture": "#1"},
				"east": {"uv": [0, 0, 0.5, 0.2], "texture": "#1"},
				"south": {"uv": [0, 0, 1, 0.2], "texture": "#1"},
				"west": {"uv": [0, 0, 0.5, 0.2], "texture": "#1"},
				"up": {"uv": [0, 0, 1, 0.5], "texture": "#1"},
				"down": {"uv": [0, 0, 1, 0.5], "texture": "#1"}
			}
		},
		{
			"from": [22.8, 5.35, 2.3],
			"to": [23.8, 5.55, 2.8],
			"rotation": {"angle": 22.5, "axis": "y", "origin": [23.3, 5.405, 1.8]},
			"faces": {
				"north": {"uv": [0, 0, 1, 0.2], "texture": "#1"},
				"east": {"uv": [0, 0, 0.5, 0.2], "texture": "#1"},
				"south": {"uv": [0, 0, 1, 0.2], "texture": "#1"},
				"west": {"uv": [0, 0, 0.5, 0.2], "texture": "#1"},
				"up": {"uv": [0, 0, 1, 0.5], "texture": "#1"},
				"down": {"uv": [0, 0, 1, 0.5], "texture": "#1"}
			}
		},
		{
			"from": [19.8, 5.35, -2.7],
			"to": [20.8, 5.55, -2.2],
			"rotation": {"angle": 45, "axis": "y", "origin": [20.3, 5.405, -3.2]},
			"faces": {
				"north": {"uv": [0, 0, 1, 0.2], "texture": "#1"},
				"east": {"uv": [0, 0, 0.5, 0.2], "texture": "#1"},
				"south": {"uv": [0, 0, 1, 0.2], "texture": "#1"},
				"west": {"uv": [0, 0, 0.5, 0.2], "texture": "#1"},
				"up": {"uv": [0, 0, 1, 0.5], "texture": "#1"},
				"down": {"uv": [0, 0, 1, 0.5], "texture": "#1"}
			}
		},
		{
			"from": [15.8, 5.35, -7.5],
			"to": [16.3, 5.55, -6.5],
			"rotation": {"angle": -22.5, "axis": "y", "origin": [15.3, 5.405, -7]},
			"faces": {
				"north": {"uv": [0, 0, 0.5, 0.2], "texture": "#1"},
				"east": {"uv": [0, 0, 1, 0.2], "texture": "#1"},
				"south": {"uv": [0, 0, 0.5, 0.2], "texture": "#1"},
				"west": {"uv": [0, 0, 1, 0.2], "texture": "#1"},
				"up": {"uv": [0, 0, 1, 0.5], "rotation": 270, "texture": "#1"},
				"down": {"uv": [0, 0, 1, 0.5], "rotation": 90, "texture": "#1"}
			}
		},
		{
			"from": [9.9, 5.35, -8.9],
			"to": [10.4, 5.55, -7.9],
			"rotation": {"angle": 0, "axis": "y", "origin": [9.4, 5.405, -8.4]},
			"faces": {
				"north": {"uv": [0, 0, 0.5, 0.2], "texture": "#1"},
				"east": {"uv": [0, 0, 1, 0.2], "texture": "#1"},
				"south": {"uv": [0, 0, 0.5, 0.2], "texture": "#1"},
				"west": {"uv": [0, 0, 1, 0.2], "texture": "#1"},
				"up": {"uv": [0, 0, 1, 0.5], "rotation": 270, "texture": "#1"},
				"down": {"uv": [0, 0, 1, 0.5], "rotation": 90, "texture": "#1"}
			}
		},
		{
			"from": [4.2, 5.35, -8.4],
			"to": [4.7, 5.55, -7.4],
			"rotation": {"angle": 22.5, "axis": "y", "origin": [3.7, 5.405, -7.9]},
			"faces": {
				"north": {"uv": [0, 0, 0.5, 0.2], "texture": "#1"},
				"east": {"uv": [0, 0, 1, 0.2], "texture": "#1"},
				"south": {"uv": [0, 0, 0.5, 0.2], "texture": "#1"},
				"west": {"uv": [0, 0, 1, 0.2], "texture": "#1"},
				"up": {"uv": [0, 0, 1, 0.5], "rotation": 270, "texture": "#1"},
				"down": {"uv": [0, 0, 1, 0.5], "rotation": 90, "texture": "#1"}
			}
		},
		{
			"from": [-1.4, 5.35, -6],
			"to": [-0.9, 5.55, -5],
			"rotation": {"angle": 45, "axis": "y", "origin": [-1.9, 5.405, -5.5]},
			"faces": {
				"north": {"uv": [0, 0, 0.5, 0.2], "texture": "#1"},
				"east": {"uv": [0, 0, 1, 0.2], "texture": "#1"},
				"south": {"uv": [0, 0, 0.5, 0.2], "texture": "#1"},
				"west": {"uv": [0, 0, 1, 0.2], "texture": "#1"},
				"up": {"uv": [0, 0, 1, 0.5], "rotation": 270, "texture": "#1"},
				"down": {"uv": [0, 0, 1, 0.5], "rotation": 90, "texture": "#1"}
			}
		},
		{
			"from": [-6.2, 5.35, -2.5],
			"to": [-5.2, 5.55, -2],
			"rotation": {"angle": -22.5, "axis": "y", "origin": [-5.7, 5.405, -1.5]},
			"faces": {
				"north": {"uv": [0, 0, 1, 0.2], "texture": "#1"},
				"east": {"uv": [0, 0, 0.5, 0.2], "texture": "#1"},
				"south": {"uv": [0, 0, 1, 0.2], "texture": "#1"},
				"west": {"uv": [0, 0, 0.5, 0.2], "texture": "#1"},
				"up": {"uv": [0, 0, 1, 0.5], "rotation": 180, "texture": "#1"},
				"down": {"uv": [0, 0, 1, 0.5], "rotation": 180, "texture": "#1"}
			}
		},
		{
			"from": [-8.3, 5.35, 1.5],
			"to": [-7.3, 5.55, 2],
			"rotation": {"angle": -22.5, "axis": "y", "origin": [-7.8, 5.405, 2.5]},
			"faces": {
				"north": {"uv": [0, 0, 1, 0.2], "texture": "#1"},
				"east": {"uv": [0, 0, 0.5, 0.2], "texture": "#1"},
				"south": {"uv": [0, 0, 1, 0.2], "texture": "#1"},
				"west": {"uv": [0, 0, 0.5, 0.2], "texture": "#1"},
				"up": {"uv": [0, 0, 1, 0.5], "rotation": 180, "texture": "#1"},
				"down": {"uv": [0, 0, 1, 0.5], "rotation": 180, "texture": "#1"}
			}
		},
		{
			"from": [-7.7, 5.35, 6.6],
			"to": [-7.2, 5.55, 7.6],
			"rotation": {"angle": 0, "axis": "y", "origin": [-8.2, 5.405, 7.1]},
			"faces": {
				"north": {"uv": [0, 0, 0.5, 0.2], "texture": "#1"},
				"east": {"uv": [0, 0, 1, 0.2], "texture": "#1"},
				"south": {"uv": [0, 0, 0.5, 0.2], "texture": "#1"},
				"west": {"uv": [0, 0, 1, 0.2], "texture": "#1"},
				"up": {"uv": [0, 0, 1, 0.5], "rotation": 90, "texture": "#1"},
				"down": {"uv": [0, 0, 1, 0.5], "rotation": 270, "texture": "#1"}
			}
		},
		{
			"from": [-7.3, 5.35, 12],
			"to": [-6.8, 5.55, 13],
			"rotation": {"angle": 22.5, "axis": "y", "origin": [-7.8, 5.405, 12.5]},
			"faces": {
				"north": {"uv": [0, 0, 0.5, 0.2], "texture": "#1"},
				"east": {"uv": [0, 0, 1, 0.2], "texture": "#1"},
				"south": {"uv": [0, 0, 0.5, 0.2], "texture": "#1"},
				"west": {"uv": [0, 0, 1, 0.2], "texture": "#1"},
				"up": {"uv": [0, 0, 1, 0.5], "rotation": 90, "texture": "#1"},
				"down": {"uv": [0, 0, 1, 0.5], "rotation": 270, "texture": "#1"}
			}
		},
		{
			"from": [-4.7, 5.35, 17.6],
			"to": [-4.2, 5.55, 18.6],
			"rotation": {"angle": 45, "axis": "y", "origin": [-5.2, 5.405, 18.1]},
			"faces": {
				"north": {"uv": [0, 0, 0.5, 0.2], "texture": "#1"},
				"east": {"uv": [0, 0, 1, 0.2], "texture": "#1"},
				"south": {"uv": [0, 0, 0.5, 0.2], "texture": "#1"},
				"west": {"uv": [0, 0, 1, 0.2], "texture": "#1"},
				"up": {"uv": [0, 0, 1, 0.5], "rotation": 90, "texture": "#1"},
				"down": {"uv": [0, 0, 1, 0.5], "rotation": 270, "texture": "#1"}
			}
		},
		{
			"from": [-1.1, 5.35, 20.9],
			"to": [-0.1, 5.55, 21.4],
			"rotation": {"angle": -22.5, "axis": "y", "origin": [-0.6, 5.405, 21.9]},
			"faces": {
				"north": {"uv": [0, 0, 1, 0.2], "texture": "#1"},
				"east": {"uv": [0, 0, 0.5, 0.2], "texture": "#1"},
				"south": {"uv": [0, 0, 1, 0.2], "texture": "#1"},
				"west": {"uv": [0, 0, 0.5, 0.2], "texture": "#1"},
				"up": {"uv": [0, 0, 1, 0.5], "texture": "#1"},
				"down": {"uv": [0, 0, 1, 0.5], "texture": "#1"}
			}
		},
		{
			"from": [4.6, 5.35, 23.1],
			"to": [5.6, 5.55, 23.6],
			"rotation": {"angle": 0, "axis": "y", "origin": [5.1, 5.405, 24.1]},
			"faces": {
				"north": {"uv": [0, 0, 1, 0.2], "texture": "#1"},
				"east": {"uv": [0, 0, 0.5, 0.2], "texture": "#1"},
				"south": {"uv": [0, 0, 1, 0.2], "texture": "#1"},
				"west": {"uv": [0, 0, 0.5, 0.2], "texture": "#1"},
				"up": {"uv": [0, 0, 1, 0.5], "texture": "#1"},
				"down": {"uv": [0, 0, 1, 0.5], "texture": "#1"}
			}
		},
		{
			"from": [10.7, 5.35, 23.1],
			"to": [11.7, 5.55, 23.6],
			"rotation": {"angle": 0, "axis": "y", "origin": [11.2, 5.405, 24.1]},
			"faces": {
				"north": {"uv": [0, 0, 1, 0.2], "texture": "#1"},
				"east": {"uv": [0, 0, 0.5, 0.2], "texture": "#1"},
				"south": {"uv": [0, 0, 1, 0.2], "texture": "#1"},
				"west": {"uv": [0, 0, 0.5, 0.2], "texture": "#1"},
				"up": {"uv": [0, 0, 1, 0.5], "texture": "#1"},
				"down": {"uv": [0, 0, 1, 0.5], "texture": "#1"}
			}
		},
		{
			"from": [16.4, 5.35, 21.2],
			"to": [17.4, 5.55, 21.7],
			"rotation": {"angle": 22.5, "axis": "y", "origin": [16.9, 5.405, 22.2]},
			"faces": {
				"north": {"uv": [0, 0, 1, 0.2], "texture": "#1"},
				"east": {"uv": [0, 0, 0.5, 0.2], "texture": "#1"},
				"south": {"uv": [0, 0, 1, 0.2], "texture": "#1"},
				"west": {"uv": [0, 0, 0.5, 0.2], "texture": "#1"},
				"up": {"uv": [0, 0, 1, 0.5], "texture": "#1"},
				"down": {"uv": [0, 0, 1, 0.5], "texture": "#1"}
			}
		},
		{
			"from": [20.7, 5.35, 17.2],
			"to": [21.7, 5.55, 17.7],
			"rotation": {"angle": 45, "axis": "y", "origin": [21.2, 5.405, 18.2]},
			"faces": {
				"north": {"uv": [0, 0, 1, 0.2], "texture": "#1"},
				"east": {"uv": [0, 0, 0.5, 0.2], "texture": "#1"},
				"south": {"uv": [0, 0, 1, 0.2], "texture": "#1"},
				"west": {"uv": [0, 0, 0.5, 0.2], "texture": "#1"},
				"up": {"uv": [0, 0, 1, 0.5], "texture": "#1"},
				"down": {"uv": [0, 0, 1, 0.5], "texture": "#1"}
			}
		},
		{
			"from": [22.6, 5.35, 12.8],
			"to": [23.1, 5.55, 13.8],
			"rotation": {"angle": -22.5, "axis": "y", "origin": [23.6, 5.405, 13.3]},
			"faces": {
				"north": {"uv": [0, 0, 0.5, 0.2], "texture": "#1"},
				"east": {"uv": [0, 0, 1, 0.2], "texture": "#1"},
				"south": {"uv": [0, 0, 0.5, 0.2], "texture": "#1"},
				"west": {"uv": [0, 0, 1, 0.2], "texture": "#1"},
				"up": {"uv": [0, 0, 1, 0.5], "rotation": 270, "texture": "#1"},
				"down": {"uv": [0, 0, 1, 0.5], "rotation": 90, "texture": "#1"}
			}
		},
		{
			"from": [23.3, 5.35, 7.1],
			"to": [23.8, 5.55, 8.1],
			"rotation": {"angle": 0, "axis": "y", "origin": [24.3, 5.405, 7.6]},
			"faces": {
				"north": {"uv": [0, 0, 0.5, 0.2], "texture": "#1"},
				"east": {"uv": [0, 0, 1, 0.2], "texture": "#1"},
				"south": {"uv": [0, 0, 0.5, 0.2], "texture": "#1"},
				"west": {"uv": [0, 0, 1, 0.2], "texture": "#1"},
				"up": {"uv": [0, 0, 1, 0.5], "rotation": 270, "texture": "#1"},
				"down": {"uv": [0, 0, 1, 0.5], "rotation": 90, "texture": "#1"}
			}
		},
		{
			"from": [22.3, 5.35, 1.3],
			"to": [22.8, 5.55, 2.3],
			"rotation": {"angle": 22.5, "axis": "y", "origin": [23.3, 5.405, 1.8]},
			"faces": {
				"north": {"uv": [0, 0, 0.5, 0.2], "texture": "#1"},
				"east": {"uv": [0, 0, 1, 0.2], "texture": "#1"},
				"south": {"uv": [0, 0, 0.5, 0.2], "texture": "#1"},
				"west": {"uv": [0, 0, 1, 0.2], "texture": "#1"},
				"up": {"uv": [0, 0, 1, 0.5], "rotation": 270, "texture": "#1"},
				"down": {"uv": [0, 0, 1, 0.5], "rotation": 90, "texture": "#1"}
			}
		},
		{
			"from": [19.3, 5.35, -3.7],
			"to": [19.8, 5.55, -2.7],
			"rotation": {"angle": 45, "axis": "y", "origin": [20.3, 5.405, -3.2]},
			"faces": {
				"north": {"uv": [0, 0, 0.5, 0.2], "texture": "#1"},
				"east": {"uv": [0, 0, 1, 0.2], "texture": "#1"},
				"south": {"uv": [0, 0, 0.5, 0.2], "texture": "#1"},
				"west": {"uv": [0, 0, 1, 0.2], "texture": "#1"},
				"up": {"uv": [0, 0, 1, 0.5], "rotation": 270, "texture": "#1"},
				"down": {"uv": [0, 0, 1, 0.5], "rotation": 90, "texture": "#1"}
			}
		},
		{
			"from": [14.8, 5.35, -6.5],
			"to": [15.8, 5.55, -6],
			"rotation": {"angle": -22.5, "axis": "y", "origin": [15.3, 5.405, -7]},
			"faces": {
				"north": {"uv": [0, 0, 1, 0.2], "texture": "#1"},
				"east": {"uv": [0, 0, 0.5, 0.2], "texture": "#1"},
				"south": {"uv": [0, 0, 1, 0.2], "texture": "#1"},
				"west": {"uv": [0, 0, 0.5, 0.2], "texture": "#1"},
				"up": {"uv": [0, 0, 1, 0.5], "rotation": 180, "texture": "#1"},
				"down": {"uv": [0, 0, 1, 0.5], "rotation": 180, "texture": "#1"}
			}
		},
		{
			"from": [8.9, 5.35, -7.9],
			"to": [9.9, 5.55, -7.4],
			"rotation": {"angle": 0, "axis": "y", "origin": [9.4, 5.405, -8.4]},
			"faces": {
				"north": {"uv": [0, 0, 1, 0.2], "texture": "#1"},
				"east": {"uv": [0, 0, 0.5, 0.2], "texture": "#1"},
				"south": {"uv": [0, 0, 1, 0.2], "texture": "#1"},
				"west": {"uv": [0, 0, 0.5, 0.2], "texture": "#1"},
				"up": {"uv": [0, 0, 1, 0.5], "rotation": 180, "texture": "#1"},
				"down": {"uv": [0, 0, 1, 0.5], "rotation": 180, "texture": "#1"}
			}
		},
		{
			"from": [3.2, 5.35, -7.4],
			"to": [4.2, 5.55, -6.9],
			"rotation": {"angle": 22.5, "axis": "y", "origin": [3.7, 5.405, -7.9]},
			"faces": {
				"north": {"uv": [0, 0, 1, 0.2], "texture": "#1"},
				"east": {"uv": [0, 0, 0.5, 0.2], "texture": "#1"},
				"south": {"uv": [0, 0, 1, 0.2], "texture": "#1"},
				"west": {"uv": [0, 0, 0.5, 0.2], "texture": "#1"},
				"up": {"uv": [0, 0, 1, 0.5], "rotation": 180, "texture": "#1"},
				"down": {"uv": [0, 0, 1, 0.5], "rotation": 180, "texture": "#1"}
			}
		},
		{
			"from": [-2.4, 5.35, -5],
			"to": [-1.4, 5.55, -4.5],
			"rotation": {"angle": 45, "axis": "y", "origin": [-1.9, 5.405, -5.5]},
			"faces": {
				"north": {"uv": [0, 0, 1, 0.2], "texture": "#1"},
				"east": {"uv": [0, 0, 0.5, 0.2], "texture": "#1"},
				"south": {"uv": [0, 0, 1, 0.2], "texture": "#1"},
				"west": {"uv": [0, 0, 0.5, 0.2], "texture": "#1"},
				"up": {"uv": [0, 0, 1, 0.5], "rotation": 180, "texture": "#1"},
				"down": {"uv": [0, 0, 1, 0.5], "rotation": 180, "texture": "#1"}
			}
		},
		{
			"from": [-5.2, 5.35, -2],
			"to": [-4.7, 5.55, -1],
			"rotation": {"angle": -22.5, "axis": "y", "origin": [-5.7, 5.405, -1.5]},
			"faces": {
				"north": {"uv": [0, 0, 0.5, 0.2], "texture": "#1"},
				"east": {"uv": [0, 0, 1, 0.2], "texture": "#1"},
				"south": {"uv": [0, 0, 0.5, 0.2], "texture": "#1"},
				"west": {"uv": [0, 0, 1, 0.2], "texture": "#1"},
				"up": {"uv": [0, 0, 1, 0.5], "rotation": 90, "texture": "#1"},
				"down": {"uv": [0, 0, 1, 0.5], "rotation": 270, "texture": "#1"}
			}
		},
		{
			"from": [-7.3, 5.35, 2],
			"to": [-6.8, 5.55, 3],
			"rotation": {"angle": -22.5, "axis": "y", "origin": [-7.8, 5.405, 2.5]},
			"faces": {
				"north": {"uv": [0, 0, 0.5, 0.2], "texture": "#1"},
				"east": {"uv": [0, 0, 1, 0.2], "texture": "#1"},
				"south": {"uv": [0, 0, 0.5, 0.2], "texture": "#1"},
				"west": {"uv": [0, 0, 1, 0.2], "texture": "#1"},
				"up": {"uv": [0, 0, 1, 0.5], "rotation": 90, "texture": "#1"},
				"down": {"uv": [0, 0, 1, 0.5], "rotation": 270, "texture": "#1"}
			}
		}
	],
	"display": {
		"head": {
			"translation": [0, -14, 0],
			"scale": [3.72, 3.72, 3.72]
		}
	},
	"groups": [
		{
			"name": "group",
			"origin": [13.4, 0.5, 10.7],
			"children": [0, 1, 2, 3, 4, 5, 6, 7, 8, 9, 10, 11, 12, 13, 14, 15, 16, 17, 18, 19, 20, 21, 22, 23, 24, 25, 26, 27, 28, 29, 30, 31, 32, 33]
		},
		{
			"name": "neon_deco_circle",
			"origin": [8, 8, 8],
			"children": [
				{
					"name": "group",
					"origin": [13.4, 0.5, 10.7],
					"children": [
						{
							"name": "group",
							"origin": [21.65, 0.5, 4.25],
							"children": [
								{
									"name": "group",
									"origin": [7.5, 0.5, 10.5],
									"children": [
										{
											"name": "group",
											"origin": [-3.2, -0.195, 12.9],
											"children": [34, 35, 36, 37, 38, 39, 40, 41, 42, 43, 44, 45, 46, 47, 48, 49, 50, 51, 52, 53, 54, 55, 56, 57, 58, 59, 60, 61, 62, 63, 64, 65, 66, 67, 68, 69,
												{
													"name": "group",
													"origin": [-8.2, 5.405, 7.1],
													"children": [70, 71, 72, 73, 74, 75, 76, 77, 78, 79, 80, 81, 82, 83, 84, 85, 86, 87]
												}, 88, 89, 90, 91, 92, 93, 94, 95, 96, 97, 98, 99, 100, 101, 102, 103, 104, 105, 106, 107, 108, 109, 110, 111, 112, 113, 114, 115, 116, 117, 118, 119, 120, 121, 122, 123]
										}
									]
								}
							]
						}
					]
				}
			]
		}
	]
}