{
	"credit": "Made with Blockbench",
	"textures": {
		"1": "custom/light_gray_concrete",
		"particle": "custom/light_gray_concrete"
	},
	"elements": [
		{
			"from": [-8, -6.87612, 2],
			"to": [24, 2.12388, 14],
			"rotation": {"angle": 22.5, "axis": "z", "origin": [8, -4.37612, 8]},
			"faces": {
				"north": {"uv": [0, 0, 16, 1], "rotation": 180, "texture": "#1"},
				"east": {"uv": [0, 0, 1, 16], "rotation": 270, "texture": "#1"},
				"south": {"uv": [0, 0, 16, 1], "texture": "#1"},
				"west": {"uv": [0, 0, 1, 16], "rotation": 90, "texture": "#1"},
				"up": {"uv": [0, 0, 16, 16], "rotation": 180, "texture": "#1"},
				"down": {"uv": [0, 0, 16, 16], "texture": "#1"}
			}
		},
		{
			"from": [11, -3, 2],
			"to": [32, 5, 14],
			"rotation": {"angle": 0, "axis": "y", "origin": [39, 8, 16]},
			"faces": {
				"north": {"uv": [0, 0, 16, 4], "texture": "#1"},
				"east": {"uv": [0, 0, 10, 4], "texture": "#1"},
				"south": {"uv": [0, 0, 16, 4], "texture": "#1"},
				"west": {"uv": [0, 0, 10, 4], "texture": "#1"},
				"up": {"uv": [0, 0, 16, 10], "texture": "#1"},
				"down": {"uv": [0, 0, 16, 10], "texture": "#1"}
			}
		}
	],
	"display": {
		"thirdperson_righthand": {
			"translation": [0, 0, 9.5]
		},
		"head": {
			"rotation": [0, 90, 0],
			"translation": [0, -30.5, 12.25],
			"scale": [1.6, 1.6, 1.6]
		}
	},
	"groups": [
		{
			"name": "group",
			"origin": [-8, 33, 8],
			"children": [0]
		}, 1]
}