{
	"credit": "Made with Blockbench",
	"textures": {
		"0": "custom/tardis_maintenance_corridor",
		"1": "custom/tardis_printed_circuit2",
		"2": "custom/neon_wall",
		"5": "custom/tardis_handle",
		"1_2": "custom/tardis_cons2r",
		"particle": "custom/tardis_lamp"
	},
	"elements": [
		{
			"from": [-16, -16, 0],
			"to": [7.7, -3, 1],
			"rotation": {"angle": 0, "axis": "y", "origin": [-8, 20, 8]},
			"faces": {
				"north": {"uv": [0, 0, 16, 16], "texture": "#0"},
				"east": {"uv": [0, 0, 1, 16], "texture": "#0"},
				"south": {"uv": [0, 0, 16, 16], "texture": "#0"},
				"west": {"uv": [0, 0, 1, 16], "texture": "#0"},
				"up": {"uv": [0, 0, 16, 1], "texture": "#0"},
				"down": {"uv": [0, 0, 16, 1], "texture": "#0"}
			}
		},
		{
			"from": [8.8, -16, 0],
			"to": [32, -3, 1],
			"rotation": {"angle": 0, "axis": "y", "origin": [16.3, 20, 8]},
			"faces": {
				"north": {"uv": [0, 0, 16, 16], "texture": "#0"},
				"east": {"uv": [0, 0, 1, 16], "texture": "#0"},
				"south": {"uv": [0, 0, 16, 16], "texture": "#0"},
				"west": {"uv": [0, 0, 1, 16], "texture": "#0"},
				"up": {"uv": [0, 0, 16, 1], "texture": "#0"},
				"down": {"uv": [0, 0, 16, 1], "texture": "#0"}
			}
		},
		{
			"from": [-12.45, -16, 1],
			"to": [0.1, -15.5, 2],
			"rotation": {"angle": 0, "axis": "y", "origin": [-2, -8.5, 9]},
			"faces": {
				"north": {"uv": [0, 0, 12.55, 0.5], "texture": "#2"},
				"east": {"uv": [0, 0, 1, 0.5], "texture": "#2"},
				"south": {"uv": [0, 0, 12.55, 0.5], "texture": "#2"},
				"west": {"uv": [0, 0, 1, 0.5], "texture": "#2"},
				"up": {"uv": [0, 0, 12.55, 1], "texture": "#2"},
				"down": {"uv": [0, 0, 12.55, 1], "texture": "#2"}
			}
		},
		{
			"from": [-12.45, -16, 1],
			"to": [0.1, -14.5, 1.25],
			"rotation": {"angle": 0, "axis": "y", "origin": [-2, -8.5, 9]},
			"faces": {
				"north": {"uv": [0, 0, 12.55, 1.5], "texture": "#1"},
				"east": {"uv": [0, 0, 0.25, 1.5], "texture": "#1"},
				"south": {"uv": [0, 0, 12.55, 1.5], "texture": "#1"},
				"west": {"uv": [0, 0, 0.25, 1.5], "texture": "#1"},
				"up": {"uv": [0, 0, 12.55, 0.25], "texture": "#1"},
				"down": {"uv": [0, 0, 12.55, 0.25], "texture": "#1"}
			}
		},
		{
			"from": [16.35, -16, 1],
			"to": [28, -15.5, 2],
			"rotation": {"angle": 0, "axis": "y", "origin": [27, -8.5, 9]},
			"faces": {
				"north": {"uv": [0, 0, 11.65, 0.5], "texture": "#2"},
				"east": {"uv": [0, 0, 1, 0.5], "texture": "#2"},
				"south": {"uv": [0, 0, 11.65, 0.5], "texture": "#2"},
				"west": {"uv": [0, 0, 1, 0.5], "texture": "#2"},
				"up": {"uv": [0, 0, 11.65, 1], "texture": "#2"},
				"down": {"uv": [0, 0, 11.65, 1], "texture": "#2"}
			}
		},
		{
			"from": [16.35, -16, 1],
			"to": [28, -14.5, 1.25],
			"rotation": {"angle": 0, "axis": "y", "origin": [27, -8.5, 9]},
			"faces": {
				"north": {"uv": [0, 0, 11.65, 1.5], "texture": "#1"},
				"east": {"uv": [0, 0, 0.25, 1.5], "texture": "#1"},
				"south": {"uv": [0, 0, 11.65, 1.5], "texture": "#1"},
				"west": {"uv": [0, 0, 0.25, 1.5], "texture": "#1"},
				"up": {"uv": [0, 0, 11.65, 0.25], "texture": "#1"},
				"down": {"uv": [0, 0, 11.65, 0.25], "texture": "#1"}
			}
		},
		{
			"from": [9.65, -9, 1],
			"to": [14.1, -8, 2],
			"rotation": {"angle": 0, "axis": "y", "origin": [12.5, -1, 9]},
			"faces": {
				"north": {"uv": [0, 0, 4.45, 1], "texture": "#2"},
				"east": {"uv": [0, 0, 1, 1], "texture": "#2"},
				"south": {"uv": [0, 0, 4.45, 1], "texture": "#2"},
				"west": {"uv": [0, 0, 1, 1], "texture": "#2"},
				"up": {"uv": [0, 0, 4.45, 1], "texture": "#2"},
				"down": {"uv": [0, 0, 4.45, 1], "texture": "#2"}
			}
		},
		{
			"from": [9.65, -10, 1],
			"to": [14.1, -7, 1.25],
			"rotation": {"angle": 0, "axis": "y", "origin": [12.5, -1, 9]},
			"faces": {
				"north": {"uv": [0, 0, 4.45, 3], "texture": "#1"},
				"east": {"uv": [0, 0, 0.25, 3], "texture": "#1"},
				"south": {"uv": [0, 0, 4.45, 3], "texture": "#1"},
				"west": {"uv": [0, 0, 0.25, 3], "texture": "#1"},
				"up": {"uv": [0, 0, 4.45, 0.25], "texture": "#1"},
				"down": {"uv": [0, 0, 4.45, 0.25], "texture": "#1"}
			}
		},
		{
			"from": [2.25, -9, 1],
			"to": [6.7, -8, 2],
			"rotation": {"angle": 0, "axis": "y", "origin": [12.5, -1, 9]},
			"faces": {
				"north": {"uv": [0, 0, 4.45, 1], "texture": "#2"},
				"east": {"uv": [0, 0, 1, 1], "texture": "#2"},
				"south": {"uv": [0, 0, 4.45, 1], "texture": "#2"},
				"west": {"uv": [0, 0, 1, 1], "texture": "#2"},
				"up": {"uv": [0, 0, 4.45, 1], "texture": "#2"},
				"down": {"uv": [0, 0, 4.45, 1], "texture": "#2"}
			}
		},
		{
			"from": [2.25, -10, 1],
			"to": [6.7, -7, 1.25],
			"rotation": {"angle": 0, "axis": "y", "origin": [12.5, -1, 9]},
			"faces": {
				"north": {"uv": [0, 0, 4.45, 3], "texture": "#1"},
				"east": {"uv": [0, 0, 0.25, 3], "texture": "#1"},
				"south": {"uv": [0, 0, 4.45, 3], "texture": "#1"},
				"west": {"uv": [0, 0, 0.25, 3], "texture": "#1"},
				"up": {"uv": [0, 0, 4.45, 0.25], "texture": "#1"},
				"down": {"uv": [0, 0, 4.45, 0.25], "texture": "#1"}
			}
		},
		{
			"from": [-15.95, -9, 1],
			"to": [-14.6, -8, 2],
			"rotation": {"angle": 0, "axis": "y", "origin": [-5.7, -1, 9]},
			"faces": {
				"north": {"uv": [0, 0, 1.35, 1], "texture": "#2"},
				"east": {"uv": [0, 0, 1, 1], "texture": "#2"},
				"south": {"uv": [0, 0, 1.35, 1], "texture": "#2"},
				"west": {"uv": [0, 0, 1, 1], "texture": "#2"},
				"up": {"uv": [0, 0, 1.35, 1], "texture": "#2"},
				"down": {"uv": [0, 0, 1.35, 1], "texture": "#2"}
			}
		},
		{
			"from": [-15.95, -10, 1],
			"to": [-14.6, -7, 1.25],
			"rotation": {"angle": 0, "axis": "y", "origin": [-5.7, -1, 9]},
			"faces": {
				"north": {"uv": [0, 0, 1.35, 3], "texture": "#1"},
				"east": {"uv": [0, 0, 0.25, 3], "texture": "#1"},
				"south": {"uv": [0, 0, 1.35, 3], "texture": "#1"},
				"west": {"uv": [0, 0, 0.25, 3], "texture": "#1"},
				"up": {"uv": [0, 0, 1.35, 0.25], "texture": "#1"},
				"down": {"uv": [0, 0, 1.35, 0.25], "texture": "#1"}
			}
		},
		{
			"from": [30.25, -9, 1],
			"to": [32, -8, 2],
			"rotation": {"angle": 0, "axis": "y", "origin": [40.9, -1, 9]},
			"faces": {
				"north": {"uv": [0, 0, 1.75, 1], "texture": "#2"},
				"east": {"uv": [0, 0, 1, 1], "texture": "#2"},
				"south": {"uv": [0, 0, 1.75, 1], "texture": "#2"},
				"west": {"uv": [0, 0, 1, 1], "texture": "#2"},
				"up": {"uv": [0, 0, 1.75, 1], "texture": "#2"},
				"down": {"uv": [0, 0, 1.75, 1], "texture": "#2"}
			}
		},
		{
			"from": [30.25, -10, 1],
			"to": [32, -7, 1.25],
			"rotation": {"angle": 0, "axis": "y", "origin": [40.9, -1, 9]},
			"faces": {
				"north": {"uv": [0, 0, 1.75, 3], "texture": "#1"},
				"east": {"uv": [0, 0, 0.25, 3], "texture": "#1"},
				"south": {"uv": [0, 0, 1.75, 3], "texture": "#1"},
				"west": {"uv": [0, 0, 0.25, 3], "texture": "#1"},
				"up": {"uv": [0, 0, 1.75, 0.25], "texture": "#1"},
				"down": {"uv": [0, 0, 1.75, 0.25], "texture": "#1"}
			}
		},
		{
			"from": [0.44808, -9.22968, 1],
			"to": [1.44808, -0.27968, 2],
			"rotation": {"angle": 22.5, "axis": "z", "origin": [0.94808, -4.60468, 1.5]},
			"faces": {
				"north": {"uv": [0, 0, 8.95, 1], "rotation": 270, "texture": "#2"},
				"east": {"uv": [0, 0, 8.95, 1], "rotation": 90, "texture": "#2"},
				"south": {"uv": [0, 0, 8.95, 1], "rotation": 90, "texture": "#2"},
				"west": {"uv": [0, 0, 8.95, 1], "rotation": 90, "texture": "#2"},
				"up": {"uv": [0, 0, 1, 1], "rotation": 90, "texture": "#2"},
				"down": {"uv": [0, 0, 1, 1], "rotation": 90, "texture": "#2"}
			}
		},
		{
			"from": [-0.55192, -9.22968, 1],
			"to": [2.44808, -0.27968, 1.25],
			"rotation": {"angle": 22.5, "axis": "z", "origin": [0.94808, -4.60468, 1.5]},
			"faces": {
				"north": {"uv": [0, 0, 8.95, 3], "rotation": 270, "texture": "#1"},
				"east": {"uv": [0, 0, 8.95, 0.25], "rotation": 90, "texture": "#1"},
				"south": {"uv": [0, 0, 8.95, 3], "rotation": 90, "texture": "#1"},
				"west": {"uv": [0, 0, 8.95, 0.25], "rotation": 90, "texture": "#1"},
				"up": {"uv": [0, 0, 0.25, 3], "rotation": 90, "texture": "#1"},
				"down": {"uv": [0, 0, 0.25, 3], "rotation": 90, "texture": "#1"}
			}
		},
		{
			"from": [28.34808, -9.22968, 1],
			"to": [29.34808, -0.27968, 2],
			"rotation": {"angle": 22.5, "axis": "z", "origin": [28.84808, -4.60468, 1.5]},
			"faces": {
				"north": {"uv": [0, 0, 8.95, 1], "rotation": 270, "texture": "#2"},
				"east": {"uv": [0, 0, 8.95, 1], "rotation": 90, "texture": "#2"},
				"south": {"uv": [0, 0, 8.95, 1], "rotation": 90, "texture": "#2"},
				"west": {"uv": [0, 0, 8.95, 1], "rotation": 90, "texture": "#2"},
				"up": {"uv": [0, 0, 1, 1], "rotation": 90, "texture": "#2"},
				"down": {"uv": [0, 0, 1, 1], "rotation": 90, "texture": "#2"}
			}
		},
		{
			"from": [27.34808, -9.22968, 1],
			"to": [30.34808, -0.27968, 1.25],
			"rotation": {"angle": 22.5, "axis": "z", "origin": [28.84808, -4.60468, 1.5]},
			"faces": {
				"north": {"uv": [0, 0, 8.95, 3], "rotation": 270, "texture": "#1"},
				"east": {"uv": [0, 0, 8.95, 0.25], "rotation": 90, "texture": "#1"},
				"south": {"uv": [0, 0, 8.95, 3], "rotation": 90, "texture": "#1"},
				"west": {"uv": [0, 0, 8.95, 0.25], "rotation": 90, "texture": "#1"},
				"up": {"uv": [0, 0, 0.25, 3], "rotation": 90, "texture": "#1"},
				"down": {"uv": [0, 0, 0.25, 3], "rotation": 90, "texture": "#1"}
			}
		},
		{
			"from": [0.54808, -15.62968, 1],
			"to": [1.54808, -8.5, 2],
			"rotation": {"angle": -22.5, "axis": "z", "origin": [1.04808, -12.30468, 1.5], "rescale": true},
			"faces": {
				"north": {"uv": [0, 0, 7.12968, 1], "rotation": 270, "texture": "#2"},
				"east": {"uv": [0, 0, 7.12968, 1], "rotation": 90, "texture": "#2"},
				"south": {"uv": [0, 0, 7.12968, 1], "rotation": 90, "texture": "#2"},
				"west": {"uv": [0, 0, 7.12968, 1], "rotation": 90, "texture": "#2"},
				"up": {"uv": [0, 0, 1, 1], "rotation": 90, "texture": "#2"},
				"down": {"uv": [0, 0, 1, 1], "rotation": 90, "texture": "#2"}
			}
		},
		{
			"from": [-0.45192, -16, 1],
			"to": [2.54808, -8.5, 1.25],
			"rotation": {"angle": -22.5, "axis": "z", "origin": [1.04808, -12.30468, 1.5], "rescale": true},
			"faces": {
				"north": {"uv": [0, 0, 7.12968, 3], "rotation": 270, "texture": "#1"},
				"east": {"uv": [0, 0, 7.12968, 0.25], "rotation": 90, "texture": "#1"},
				"south": {"uv": [0, 0, 7.12968, 3], "rotation": 90, "texture": "#1"},
				"west": {"uv": [0, 0, 7.12968, 0.25], "rotation": 90, "texture": "#1"},
				"up": {"uv": [0, 0, 0.25, 3], "rotation": 90, "texture": "#1"},
				"down": {"uv": [0, 0, 0.25, 3], "rotation": 90, "texture": "#1"}
			}
		},
		{
			"from": [28.44808, -15.62968, 1],
			"to": [29.44808, -8.5, 2],
			"rotation": {"angle": -22.5, "axis": "z", "origin": [28.94808, -12.30468, 1.5], "rescale": true},
			"faces": {
				"north": {"uv": [0, 0, 7.12968, 1], "rotation": 270, "texture": "#2"},
				"east": {"uv": [0, 0, 7.12968, 1], "rotation": 90, "texture": "#2"},
				"south": {"uv": [0, 0, 7.12968, 1], "rotation": 90, "texture": "#2"},
				"west": {"uv": [0, 0, 7.12968, 1], "rotation": 90, "texture": "#2"},
				"up": {"uv": [0, 0, 1, 1], "rotation": 90, "texture": "#2"},
				"down": {"uv": [0, 0, 1, 1], "rotation": 90, "texture": "#2"}
			}
		},
		{
			"from": [27.44808, -16, 1],
			"to": [30.44808, -8.5, 1.25],
			"rotation": {"angle": -22.5, "axis": "z", "origin": [28.94808, -12.30468, 1.5], "rescale": true},
			"faces": {
				"north": {"uv": [0, 0, 7.12968, 3], "rotation": 270, "texture": "#1"},
				"east": {"uv": [0, 0, 7.12968, 0.25], "rotation": 90, "texture": "#1"},
				"south": {"uv": [0, 0, 7.12968, 3], "rotation": 90, "texture": "#1"},
				"west": {"uv": [0, 0, 7.12968, 0.25], "rotation": 90, "texture": "#1"},
				"up": {"uv": [0, 0, 0.25, 3], "rotation": 90, "texture": "#1"},
				"down": {"uv": [0, 0, 0.25, 3], "rotation": 90, "texture": "#1"}
			}
		},
		{
			"from": [15.04808, -9.22968, 1],
			"to": [16.04808, -0.27968, 2],
			"rotation": {"angle": -22.5, "axis": "z", "origin": [15.54808, -4.60468, 1.5]},
			"faces": {
				"north": {"uv": [0, 0, 8.95, 1], "rotation": 270, "texture": "#2"},
				"east": {"uv": [0, 0, 8.95, 1], "rotation": 90, "texture": "#2"},
				"south": {"uv": [0, 0, 8.95, 1], "rotation": 90, "texture": "#2"},
				"west": {"uv": [0, 0, 8.95, 1], "rotation": 90, "texture": "#2"},
				"up": {"uv": [0, 0, 1, 1], "rotation": 90, "texture": "#2"},
				"down": {"uv": [0, 0, 1, 1], "rotation": 90, "texture": "#2"}
			}
		},
		{
			"from": [14.04808, -9.22968, 1],
			"to": [17.04808, -0.27968, 1.25],
			"rotation": {"angle": -22.5, "axis": "z", "origin": [15.54808, -4.60468, 1.5]},
			"faces": {
				"north": {"uv": [0, 0, 8.95, 3], "rotation": 270, "texture": "#1"},
				"east": {"uv": [0, 0, 8.95, 0.25], "rotation": 90, "texture": "#1"},
				"south": {"uv": [0, 0, 8.95, 3], "rotation": 90, "texture": "#1"},
				"west": {"uv": [0, 0, 8.95, 0.25], "rotation": 90, "texture": "#1"},
				"up": {"uv": [0, 0, 0.25, 3], "rotation": 90, "texture": "#1"},
				"down": {"uv": [0, 0, 0.25, 3], "rotation": 90, "texture": "#1"}
			}
		},
		{
			"from": [-13.95192, -9.22968, 1],
			"to": [-12.95192, -0.27968, 2],
			"rotation": {"angle": -22.5, "axis": "z", "origin": [-13.45192, -4.60468, 1.5]},
			"faces": {
				"north": {"uv": [0, 0, 8.95, 1], "rotation": 270, "texture": "#2"},
				"east": {"uv": [0, 0, 8.95, 1], "rotation": 90, "texture": "#2"},
				"south": {"uv": [0, 0, 8.95, 1], "rotation": 90, "texture": "#2"},
				"west": {"uv": [0, 0, 8.95, 1], "rotation": 90, "texture": "#2"},
				"up": {"uv": [0, 0, 1, 1], "rotation": 90, "texture": "#2"},
				"down": {"uv": [0, 0, 1, 1], "rotation": 90, "texture": "#2"}
			}
		},
		{
			"from": [-14.95192, -9.22968, 1],
			"to": [-11.95192, -0.27968, 1.25],
			"rotation": {"angle": -22.5, "axis": "z", "origin": [-13.45192, -4.60468, 1.5]},
			"faces": {
				"north": {"uv": [0, 0, 8.95, 3], "rotation": 270, "texture": "#1"},
				"east": {"uv": [0, 0, 8.95, 0.25], "rotation": 90, "texture": "#1"},
				"south": {"uv": [0, 0, 8.95, 3], "rotation": 90, "texture": "#1"},
				"west": {"uv": [0, 0, 8.95, 0.25], "rotation": 90, "texture": "#1"},
				"up": {"uv": [0, 0, 0.25, 3], "rotation": 90, "texture": "#1"},
				"down": {"uv": [0, 0, 0.25, 3], "rotation": 90, "texture": "#1"}
			}
		},
		{
			"from": [14.72231, -15.6, 1],
			"to": [15.72231, -8.32459, 2],
			"rotation": {"angle": 22.5, "axis": "z", "origin": [15.22231, -11.95963, 1.5], "rescale": true},
			"faces": {
				"north": {"uv": [0, 0, 7.27541, 1], "rotation": 270, "texture": "#2"},
				"east": {"uv": [0, 0, 7.27541, 1], "rotation": 90, "texture": "#2"},
				"south": {"uv": [0, 0, 7.27541, 1], "rotation": 90, "texture": "#2"},
				"west": {"uv": [0, 0, 7.27541, 1], "rotation": 90, "texture": "#2"},
				"up": {"uv": [0, 0, 1, 1], "rotation": 90, "texture": "#2"},
				"down": {"uv": [0, 0, 1, 1], "rotation": 90, "texture": "#2"}
			}
		},
		{
			"from": [13.72231, -16, 1],
			"to": [16.72231, -8.32459, 1.25],
			"rotation": {"angle": 22.5, "axis": "z", "origin": [15.22231, -11.95963, 1.5], "rescale": true},
			"faces": {
				"north": {"uv": [0, 0, 7.27541, 3], "rotation": 270, "texture": "#1"},
				"east": {"uv": [0, 0, 7.27541, 0.25], "rotation": 90, "texture": "#1"},
				"south": {"uv": [0, 0, 7.27541, 3], "rotation": 90, "texture": "#1"},
				"west": {"uv": [0, 0, 7.27541, 0.25], "rotation": 90, "texture": "#1"},
				"up": {"uv": [0, 0, 0.25, 3], "rotation": 90, "texture": "#1"},
				"down": {"uv": [0, 0, 0.25, 3], "rotation": 90, "texture": "#1"}
			}
		},
		{
			"from": [-14.07769, -15.7, 1],
			"to": [-13.27769, -8.32459, 2],
			"rotation": {"angle": 22.5, "axis": "z", "origin": [-13.77769, -11.95963, 1.5], "rescale": true},
			"faces": {
				"north": {"uv": [0, 0, 7.37541, 0.8], "rotation": 270, "texture": "#2"},
				"east": {"uv": [0, 0, 7.37541, 1], "rotation": 90, "texture": "#2"},
				"south": {"uv": [0, 0, 7.37541, 0.8], "rotation": 90, "texture": "#2"},
				"west": {"uv": [0, 0, 7.37541, 1], "rotation": 90, "texture": "#2"},
				"up": {"uv": [0, 0, 1, 0.8], "rotation": 90, "texture": "#2"},
				"down": {"uv": [0, 0, 1, 0.8], "rotation": 90, "texture": "#2"}
			}
		},
		{
			"from": [-15.07769, -16, 1],
			"to": [-12.27769, -8.32459, 1.25],
			"rotation": {"angle": 22.5, "axis": "z", "origin": [-13.77769, -11.95963, 1.5], "rescale": true},
			"faces": {
				"north": {"uv": [0, 0, 7.37541, 2.8], "rotation": 270, "texture": "#1"},
				"east": {"uv": [0, 0, 7.37541, 0.25], "rotation": 90, "texture": "#1"},
				"south": {"uv": [0, 0, 7.37541, 2.8], "rotation": 90, "texture": "#1"},
				"west": {"uv": [0, 0, 7.37541, 0.25], "rotation": 90, "texture": "#1"},
				"up": {"uv": [0, 0, 0.25, 2.8], "rotation": 90, "texture": "#1"},
				"down": {"uv": [0, 0, 0.25, 2.8], "rotation": 90, "texture": "#1"}
			}
		},
		{
			"from": [5.75, -16, 1],
			"to": [7.75, 0, 3],
			"rotation": {"angle": 0, "axis": "y", "origin": [10, 14.5, 10]},
			"faces": {
				"north": {"uv": [0, 0, 2, 16], "texture": "#1_2"},
				"east": {"uv": [0, 0, 2, 16], "texture": "#1_2"},
				"south": {"uv": [0, 0, 2, 16], "texture": "#1_2"},
				"west": {"uv": [0, 0, 2, 16], "texture": "#1_2"},
				"up": {"uv": [0, 0, 2, 2], "texture": "#1_2"},
				"down": {"uv": [0, 0, 2, 2], "texture": "#1_2"}
			}
		},
		{
			"from": [7.75, -16, 1],
			"to": [8.75, 0, 2],
			"rotation": {"angle": 0, "axis": "y", "origin": [11, 14.5, 10]},
			"faces": {
				"north": {"uv": [0, 0, 1, 16], "texture": "#5"},
				"east": {"uv": [0, 0, 1, 16], "texture": "#5"},
				"south": {"uv": [11, 2, 13, 8], "texture": "#5"},
				"west": {"uv": [0, 0, 1, 16], "texture": "#5"},
				"up": {"uv": [0, 0, 1, 1], "texture": "#5"},
				"down": {"uv": [0, 0, 1, 1], "texture": "#5"}
			}
		},
		{
			"from": [8.75, -16, 1],
			"to": [10.75, 0, 3],
			"rotation": {"angle": 0, "axis": "y", "origin": [13, 14.5, 10]},
			"faces": {
				"north": {"uv": [0, 0, 2, 16], "texture": "#1_2"},
				"east": {"uv": [0, 0, 2, 16], "texture": "#1_2"},
				"south": {"uv": [0, 0, 2, 16], "texture": "#1_2"},
				"west": {"uv": [0, 0, 2, 16], "texture": "#1_2"},
				"up": {"uv": [0, 0, 2, 2], "texture": "#1_2"},
				"down": {"uv": [0, 0, 2, 2], "texture": "#1_2"}
			}
		},
		{
			"from": [10.75, -16, 1],
			"to": [11.5, 0, 1.25],
			"rotation": {"angle": 0, "axis": "y", "origin": [13, 14.5, 10]},
			"faces": {
				"north": {"uv": [0, 0, 0.75, 16], "texture": "#1"},
				"east": {"uv": [0, 0, 0.25, 16], "texture": "#1"},
				"south": {"uv": [0, 0, 0.75, 16], "texture": "#1"},
				"west": {"uv": [0, 0, 0.25, 16], "texture": "#1"},
				"up": {"uv": [0, 0, 0.75, 0.25], "texture": "#1"},
				"down": {"uv": [0, 0, 0.75, 0.25], "texture": "#1"}
			}
		},
		{
			"from": [5, -16, 1],
			"to": [5.75, 0, 1.25],
			"rotation": {"angle": 0, "axis": "y", "origin": [7.25, 14.5, 10]},
			"faces": {
				"north": {"uv": [0, 0, 0.75, 16], "texture": "#1"},
				"east": {"uv": [0, 0, 0.25, 16], "texture": "#1"},
				"south": {"uv": [0, 0, 0.75, 16], "texture": "#1"},
				"west": {"uv": [0, 0, 0.25, 16], "texture": "#1"},
				"up": {"uv": [0, 0, 0.75, 0.25], "texture": "#1"},
				"down": {"uv": [0, 0, 0.75, 0.25], "texture": "#1"}
			}
		}
	],
	"display": {
		"thirdperson_righthand": {
			"translation": [0, 0, 9.5]
		},
		"head": {
			"translation": [0, -30.5, 0],
			"scale": [1.6, 1.6, 1.6]
		}
	},
	"groups": [
		{
			"name": "group",
			"origin": [-13.77769, -11.95963, 1.5],
			"children": [0, 1, 2, 3, 4, 5, 6, 7, 8, 9, 10, 11, 12, 13, 14, 15, 16, 17, 18, 19, 20, 21, 22, 23, 24, 25, 26, 27, 28, 29, 30, 31, 32, 33, 34]
		}
	]
}