{
	"credit": "Made with Blockbench",
	"textures": {
		"1": "custom/tardis_maintenance_corridor",
		"2": "custom/neoncircle",
		"4": "custom/tardis_orb1",
		"particle": "custom/tardis_key"
	},
	"elements": [
		{
			"from": [16.54, 0, 5.168],
			"to": [21.79, 5.5, 10.868],
			"rotation": {"angle": 0, "axis": "y", "origin": [14.6, 0.5, 8]},
			"faces": {
				"north": {"uv": [0, 0, 5.25, 5.5], "texture": "#1"},
				"east": {"uv": [12.0068, 0, 13.0461, 16], "texture": "#2"},
				"south": {"uv": [0, 0, 5.25, 5.5], "texture": "#1"},
				"west": {"uv": [0, 0, 5.7, 5.5], "texture": "#1"},
				"up": {"uv": [0, 0, 5.7, 5.25], "rotation": 90, "texture": "#1"},
				"down": {"uv": [0, 0, 5.7, 5.25], "rotation": 270, "texture": "#1"}
			}
		},
		{
			"from": [16.1518, 0, -0.1645],
			"to": [21.4018, 5.5, 5.1355],
			"rotation": {"angle": 22.5, "axis": "y", "origin": [21.65, 0.5, 4.25]},
			"faces": {
				"north": {"uv": [0, 0, 5.25, 5.5], "texture": "#1"},
				"east": {"uv": [13.0462, 0, 14.0126, 16], "texture": "#2"},
				"south": {"uv": [0, 0, 5.25, 5.5], "texture": "#1"},
				"west": {"uv": [0, 0, 5.3, 5.5], "texture": "#1"},
				"up": {"uv": [0, 0, 5.3, 5.25], "rotation": 90, "texture": "#1"},
				"down": {"uv": [0, 0, 5.3, 5.25], "rotation": 270, "texture": "#1"}
			}
		},
		{
			"from": [11.028, 0, -6.285],
			"to": [16.128, 5.5, -1.035],
			"rotation": {"angle": -22.5, "axis": "y", "origin": [9.8, 0.5, -6.5]},
			"faces": {
				"north": {"uv": [15.0701, 0, 16, 16], "texture": "#2"},
				"east": {"uv": [0, 0, 5.25, 5.5], "texture": "#1"},
				"south": {"uv": [0, 0, 5.1, 5.5], "texture": "#1"},
				"west": {"uv": [0, 0, 5.25, 5.5], "texture": "#1"},
				"up": {"uv": [0, 0, 5.1, 5.25], "texture": "#1"},
				"down": {"uv": [0, 0, 5.1, 5.25], "texture": "#1"}
			}
		},
		{
			"from": [14.0955, 0, -5.649],
			"to": [19.3455, 5.5, 0.251],
			"rotation": {"angle": 45, "axis": "y", "origin": [19.5818, 0.5, -0.2182]},
			"faces": {
				"north": {"uv": [0, 0, 5.25, 5.5], "texture": "#1"},
				"east": {"uv": [14.0125, 0, 15.07, 16], "texture": "#2"},
				"south": {"uv": [0, 0, 5.25, 5.5], "texture": "#1"},
				"west": {"uv": [0, 0, 5.8, 5.5], "texture": "#1"},
				"up": {"uv": [0, 0, 5.8, 5.25], "rotation": 90, "texture": "#1"},
				"down": {"uv": [0, 0, 5.8, 5.25], "rotation": 270, "texture": "#1"}
			}
		},
		{
			"from": [-5.773, 0, 5.068],
			"to": [-0.523, 5.5, 10.768],
			"rotation": {"angle": 0, "axis": "y", "origin": [-13.5, 0.5, 8]},
			"faces": {
				"north": {"uv": [0, 0, 5.25, 5.5], "texture": "#1"},
				"east": {"uv": [0, 0, 5.7, 5.5], "texture": "#1"},
				"south": {"uv": [0, 0, 5.25, 5.5], "texture": "#1"},
				"west": {"uv": [3.9932, 0, 5.0325, 16], "texture": "#2"},
				"up": {"uv": [0, 0, 5.7, 5.25], "rotation": 90, "texture": "#1"},
				"down": {"uv": [0, 0, 5.7, 5.25], "rotation": 270, "texture": "#1"}
			}
		},
		{
			"from": [5.1, 0, 16.5],
			"to": [10.75, 5.5, 21.75],
			"rotation": {"angle": 0, "axis": "y", "origin": [8, 0.5, 16]},
			"faces": {
				"north": {"uv": [0, 0, 5.65, 5.5], "texture": "#1"},
				"east": {"uv": [0, 0, 5.25, 5.5], "texture": "#1"},
				"south": {"uv": [8.0046, 0, 9.0348, 16], "texture": "#2"},
				"west": {"uv": [0, 0, 5.25, 5.5], "texture": "#1"},
				"up": {"uv": [0, 0, 5.65, 5.25], "texture": "#1"},
				"down": {"uv": [0, 0, 5.65, 5.25], "texture": "#1"}
			}
		},
		{
			"from": [5.108, 0, -5.8152],
			"to": [10.908, 5.5, -0.5652],
			"rotation": {"angle": 0, "axis": "y", "origin": [8, 0.5, 0]},
			"faces": {
				"north": {"uv": [0, 0, 1.0575, 16], "texture": "#2"},
				"east": {"uv": [0, 0, 5.25, 5.5], "texture": "#1"},
				"south": {"uv": [0, 0, 5.8, 5.5], "texture": "#1"},
				"west": {"uv": [0, 0, 5.25, 5.5], "texture": "#1"},
				"up": {"uv": [0, 0, 5.8, 5.25], "texture": "#1"},
				"down": {"uv": [0, 0, 5.8, 5.25], "texture": "#1"}
			}
		},
		{
			"from": [-4.3744, 0, 16.356],
			"to": [0.8756, 5.5, 21.856],
			"rotation": {"angle": 45, "axis": "y", "origin": [-4.6682, 0.5, 15.2818]},
			"faces": {
				"north": {"uv": [0, 0, 5.25, 5.5], "texture": "#1"},
				"east": {"uv": [0, 0, 5.5, 5.5], "texture": "#1"},
				"south": {"uv": [0, 0, 5.25, 5.5], "texture": "#1"},
				"west": {"uv": [6.0353, 0, 7.0381, 16], "texture": "#2"},
				"up": {"uv": [0, 0, 5.5, 5.25], "rotation": 90, "texture": "#1"},
				"down": {"uv": [0, 0, 5.5, 5.25], "rotation": 270, "texture": "#1"}
			}
		},
		{
			"from": [0.219, 0, 13.958],
			"to": [5.519, 5.5, 19.208],
			"rotation": {"angle": -22.5, "axis": "y", "origin": [-1.1, 0.5, 19.45]},
			"faces": {
				"north": {"uv": [0, 0, 5.3, 5.5], "texture": "#1"},
				"east": {"uv": [0, 0, 5.25, 5.5], "texture": "#1"},
				"south": {"uv": [7.0382, 0, 8.0046, 15.99537], "texture": "#2"},
				"west": {"uv": [0, 0, 5.25, 5.5], "texture": "#1"},
				"up": {"uv": [0, 0, 5.3, 5.25], "texture": "#1"},
				"down": {"uv": [0, 0, 5.3, 5.25], "texture": "#1"}
			}
		},
		{
			"from": [-5.204, 0, 10.774],
			"to": [0.046, 5.5, 16.274],
			"rotation": {"angle": 22.5, "axis": "y", "origin": [-5.5, 0.5, 12.25]},
			"faces": {
				"north": {"uv": [0, 0, 5.25, 5.5], "texture": "#1"},
				"east": {"uv": [0, 0, 5.5, 5.5], "texture": "#1"},
				"south": {"uv": [0, 0, 5.25, 5.5], "texture": "#1"},
				"west": {"uv": [5.03248, 0, 6.03528, 16], "texture": "#2"},
				"up": {"uv": [0, 0, 5.5, 5.25], "rotation": 90, "texture": "#1"},
				"down": {"uv": [0, 0, 5.5, 5.25], "rotation": 270, "texture": "#1"}
			}
		},
		{
			"from": [-0.175, 0, -5.672],
			"to": [5.025, 5.5, -0.422],
			"rotation": {"angle": 22.5, "axis": "y", "origin": [4.7, 0.5, -5.9]},
			"faces": {
				"north": {"uv": [1.0575, 0, 2.00565, 16], "texture": "#2"},
				"east": {"uv": [0, 0, 5.25, 5.5], "texture": "#1"},
				"south": {"uv": [0, 0, 5.2, 5.5], "texture": "#1"},
				"west": {"uv": [0, 0, 5.25, 5.5], "texture": "#1"},
				"up": {"uv": [0, 0, 5.2, 5.25], "texture": "#1"},
				"down": {"uv": [0, 0, 5.2, 5.25], "texture": "#1"}
			}
		},
		{
			"from": [-5.597, 0, -3.6145],
			"to": [0.203, 5.5, 1.6355],
			"rotation": {"angle": 45, "axis": "y", "origin": [-0.0182, 0.5, -3.8182]},
			"faces": {
				"north": {"uv": [2.0057, 0, 3.06325, 16], "texture": "#2"},
				"east": {"uv": [0, 0, 5.25, 5.5], "texture": "#1"},
				"south": {"uv": [0, 0, 5.8, 5.5], "texture": "#1"},
				"west": {"uv": [0, 0, 5.25, 5.5], "texture": "#1"},
				"up": {"uv": [0, 0, 5.8, 5.25], "texture": "#1"},
				"down": {"uv": [0, 0, 5.8, 5.25], "texture": "#1"}
			}
		},
		{
			"from": [-6.155, 0, -0.268],
			"to": [-0.905, 5.5, 4.832],
			"rotation": {"angle": -22.5, "axis": "y", "origin": [-6.4, 0.5, 5.9]},
			"faces": {
				"north": {"uv": [0, 0, 5.25, 5.5], "texture": "#1"},
				"east": {"uv": [0, 0, 5.1, 5.5], "texture": "#1"},
				"south": {"uv": [0, 0, 5.25, 5.5], "texture": "#1"},
				"west": {"uv": [3.0632, 0, 3.9931, 16], "texture": "#2"},
				"up": {"uv": [0, 0, 5.1, 5.25], "rotation": 270, "texture": "#1"},
				"down": {"uv": [0, 0, 5.1, 5.25], "rotation": 90, "texture": "#1"}
			}
		},
		{
			"from": [15.672, 0, 13.675],
			"to": [21.472, 5.5, 18.925],
			"rotation": {"angle": 45, "axis": "y", "origin": [16.5818, 0.5, 19.1818]},
			"faces": {
				"north": {"uv": [0, 0, 5.8, 5.5], "texture": "#1"},
				"east": {"uv": [0, 0, 5.25, 5.5], "texture": "#1"},
				"south": {"uv": [10.0194, 0, 11.0769, 16], "texture": "#2"},
				"west": {"uv": [0, 0, 5.25, 5.5], "texture": "#1"},
				"up": {"uv": [0, 0, 5.8, 5.25], "texture": "#1"},
				"down": {"uv": [0, 0, 5.8, 5.25], "texture": "#1"}
			}
		},
		{
			"from": [10.75, 0, 15.975],
			"to": [16.15, 5.5, 21.225],
			"rotation": {"angle": 22.5, "axis": "y", "origin": [12, 0.5, 21.5]},
			"faces": {
				"north": {"uv": [0, 0, 5.4, 5.5], "texture": "#1"},
				"east": {"uv": [0, 0, 5.25, 5.5], "texture": "#1"},
				"south": {"uv": [9.0348, 0, 10.0194, 16], "texture": "#2"},
				"west": {"uv": [0, 0, 5.25, 5.5], "texture": "#1"},
				"up": {"uv": [0, 0, 5.4, 5.25], "texture": "#1"},
				"down": {"uv": [0, 0, 5.4, 5.25], "texture": "#1"}
			}
		},
		{
			"from": [14.482, 0, 10.525],
			"to": [19.732, 5.5, 15.625],
			"rotation": {"angle": -22.5, "axis": "y", "origin": [19.9, 0.5, 15.9]},
			"faces": {
				"north": {"uv": [0, 0, 5.25, 5.5], "texture": "#1"},
				"east": {"uv": [11.0769, 0, 12.00681, 16], "texture": "#2"},
				"south": {"uv": [0, 0, 5.25, 5.5], "texture": "#1"},
				"west": {"uv": [0, 0, 5.1, 5.5], "texture": "#1"},
				"up": {"uv": [0, 0, 5.1, 5.25], "rotation": 270, "texture": "#1"},
				"down": {"uv": [0, 0, 5.1, 5.25], "rotation": 90, "texture": "#1"}
			}
		},
		{
			"from": [14.482, -0.2, 11.725],
			"to": [20.032, 5.5, 13.325],
			"rotation": {"angle": -22.5, "axis": "y", "origin": [19.9, 0.5, 15.9]},
			"faces": {
				"north": {"uv": [0, 0, 5.25, 5.5], "texture": "#1"},
				"east": {"uv": [11.0769, 0, 12.00681, 16], "texture": "#1"},
				"south": {"uv": [0, 0, 5.25, 5.5], "texture": "#1"},
				"west": {"uv": [0, 0, 5.1, 5.5], "texture": "#1"},
				"up": {"uv": [0, 0, 5.1, 5.25], "rotation": 270, "texture": "#1"},
				"down": {"uv": [0, 0, 5.1, 5.25], "rotation": 90, "texture": "#1"}
			}
		},
		{
			"from": [16.54, -0.2, 7.068],
			"to": [22.09, 5.5, 8.668],
			"rotation": {"angle": 0, "axis": "y", "origin": [14.6, 0.5, 8.6]},
			"faces": {
				"north": {"uv": [0, 0, 5.25, 5.5], "texture": "#1"},
				"east": {"uv": [12.0068, 0, 13.0461, 16], "texture": "#1"},
				"south": {"uv": [0, 0, 5.25, 5.5], "texture": "#1"},
				"west": {"uv": [0, 0, 5.7, 5.5], "texture": "#1"},
				"up": {"uv": [0, 0, 5.7, 5.25], "rotation": 90, "texture": "#1"},
				"down": {"uv": [0, 0, 5.7, 5.25], "rotation": 270, "texture": "#1"}
			}
		},
		{
			"from": [18.472, -0.2, 13.675],
			"to": [19.972, 5.5, 19.225],
			"rotation": {"angle": 45, "axis": "y", "origin": [16.5818, 0.5, 19.1818]},
			"faces": {
				"north": {"uv": [0, 0, 5.8, 5.5], "texture": "#1"},
				"east": {"uv": [0, 0, 5.25, 5.5], "texture": "#1"},
				"south": {"uv": [10.0194, 0, 11.0769, 16], "texture": "#1"},
				"west": {"uv": [0, 0, 5.25, 5.5], "texture": "#1"},
				"up": {"uv": [0, 0, 5.8, 5.25], "texture": "#1"},
				"down": {"uv": [0, 0, 5.8, 5.25], "texture": "#1"}
			}
		},
		{
			"from": [14.25, -0.2, 15.975],
			"to": [15.75, 5.5, 21.525],
			"rotation": {"angle": 22.5, "axis": "y", "origin": [12, 0.5, 21.5]},
			"faces": {
				"north": {"uv": [0, 0, 5.4, 5.5], "texture": "#1"},
				"east": {"uv": [0, 0, 5.25, 5.5], "texture": "#1"},
				"south": {"uv": [9.0348, 0, 10.0194, 16], "texture": "#1"},
				"west": {"uv": [0, 0, 5.25, 5.5], "texture": "#1"},
				"up": {"uv": [0, 0, 5.4, 5.25], "texture": "#1"},
				"down": {"uv": [0, 0, 5.4, 5.25], "texture": "#1"}
			}
		},
		{
			"from": [9.2, -0.2, 16.5],
			"to": [10.85, 5.5, 22.05],
			"rotation": {"angle": 0, "axis": "y", "origin": [8, 0.5, 16]},
			"faces": {
				"north": {"uv": [0, 0, 5.65, 5.5], "texture": "#1"},
				"east": {"uv": [0, 0, 5.25, 5.5], "texture": "#1"},
				"south": {"uv": [8.0046, 0, 9.0348, 16], "texture": "#1"},
				"west": {"uv": [0, 0, 5.25, 5.5], "texture": "#1"},
				"up": {"uv": [0, 0, 5.65, 5.25], "texture": "#1"},
				"down": {"uv": [0, 0, 5.65, 5.25], "texture": "#1"}
			}
		},
		{
			"from": [4.319, -0.2, 13.958],
			"to": [5.619, 5.5, 19.508],
			"rotation": {"angle": -22.5, "axis": "y", "origin": [-1.1, 0.5, 19.45]},
			"faces": {
				"north": {"uv": [0, 0, 5.3, 5.5], "texture": "#1"},
				"east": {"uv": [0, 0, 5.25, 5.5], "texture": "#1"},
				"south": {"uv": [7.0382, 0, 8.0046, 15.99537], "texture": "#1"},
				"west": {"uv": [0, 0, 5.25, 5.5], "texture": "#1"},
				"up": {"uv": [0, 0, 5.3, 5.25], "texture": "#1"},
				"down": {"uv": [0, 0, 5.3, 5.25], "texture": "#1"}
			}
		},
		{
			"from": [-4.6744, -0.2, 20.956],
			"to": [0.8756, 5.5, 21.956],
			"rotation": {"angle": 45, "axis": "y", "origin": [-4.6682, 0.5, 15.2818]},
			"faces": {
				"north": {"uv": [0, 0, 5.25, 5.5], "texture": "#1"},
				"east": {"uv": [0, 0, 5.5, 5.5], "texture": "#1"},
				"south": {"uv": [0, 0, 5.25, 5.5], "texture": "#1"},
				"west": {"uv": [6.0353, 0, 7.0381, 16], "texture": "#1"},
				"up": {"uv": [0, 0, 5.5, 5.25], "rotation": 90, "texture": "#1"},
				"down": {"uv": [0, 0, 5.5, 5.25], "rotation": 270, "texture": "#1"}
			}
		},
		{
			"from": [-4.6744, -0.2, 16.356],
			"to": [0.8756, 5.5, 17.456],
			"rotation": {"angle": 45, "axis": "y", "origin": [-4.6682, 0.5, 15.2818]},
			"faces": {
				"north": {"uv": [0, 0, 5.25, 5.5], "texture": "#1"},
				"east": {"uv": [0, 0, 5.5, 5.5], "texture": "#1"},
				"south": {"uv": [0, 0, 5.25, 5.5], "texture": "#1"},
				"west": {"uv": [6.0353, 0, 7.0381, 16], "texture": "#1"},
				"up": {"uv": [0, 0, 5.5, 5.25], "rotation": 90, "texture": "#1"},
				"down": {"uv": [0, 0, 5.5, 5.25], "rotation": 270, "texture": "#1"}
			}
		},
		{
			"from": [-5.504, -0.2, 10.774],
			"to": [0.046, 5.5, 12.274],
			"rotation": {"angle": 22.5, "axis": "y", "origin": [-5.5, 0.5, 12.25]},
			"faces": {
				"north": {"uv": [0, 0, 5.25, 5.5], "texture": "#1"},
				"east": {"uv": [0, 0, 5.5, 5.5], "texture": "#1"},
				"south": {"uv": [0, 0, 5.25, 5.5], "texture": "#1"},
				"west": {"uv": [5.03248, 0, 6.03528, 16], "texture": "#1"},
				"up": {"uv": [0, 0, 5.5, 5.25], "rotation": 90, "texture": "#1"},
				"down": {"uv": [0, 0, 5.5, 5.25], "rotation": 270, "texture": "#1"}
			}
		},
		{
			"from": [-6.073, -0.2, 6.068],
			"to": [-0.523, 5.5, 7.768],
			"rotation": {"angle": 0, "axis": "y", "origin": [-13.5, 0.5, 8]},
			"faces": {
				"north": {"uv": [0, 0, 5.25, 5.5], "texture": "#1"},
				"east": {"uv": [0, 0, 5.7, 5.5], "texture": "#1"},
				"south": {"uv": [0, 0, 5.25, 5.5], "texture": "#1"},
				"west": {"uv": [3.9932, 0, 5.0325, 16], "texture": "#1"},
				"up": {"uv": [0, 0, 5.7, 5.25], "rotation": 90, "texture": "#1"},
				"down": {"uv": [0, 0, 5.7, 5.25], "rotation": 270, "texture": "#1"}
			}
		},
		{
			"from": [-6.455, -0.2, 0.632],
			"to": [-0.905, 5.5, 2.132],
			"rotation": {"angle": -22.5, "axis": "y", "origin": [-6.4, 0.5, 5.9]},
			"faces": {
				"north": {"uv": [0, 0, 5.25, 5.5], "texture": "#1"},
				"east": {"uv": [0, 0, 5.1, 5.5], "texture": "#1"},
				"south": {"uv": [0, 0, 5.25, 5.5], "texture": "#1"},
				"west": {"uv": [3.0632, 0, 3.9931, 16], "texture": "#1"},
				"up": {"uv": [0, 0, 5.1, 5.25], "rotation": 270, "texture": "#1"},
				"down": {"uv": [0, 0, 5.1, 5.25], "rotation": 90, "texture": "#1"}
			}
		},
		{
			"from": [1.825, -0.2, -5.972],
			"to": [3.925, 5.5, -0.422],
			"rotation": {"angle": 22.5, "axis": "y", "origin": [4.7, 0.5, -5.9]},
			"faces": {
				"north": {"uv": [1.0575, 0, 2.00565, 16], "texture": "#1"},
				"east": {"uv": [0, 0, 5.25, 5.5], "texture": "#1"},
				"south": {"uv": [0, 0, 5.2, 5.5], "texture": "#1"},
				"west": {"uv": [0, 0, 5.25, 5.5], "texture": "#1"},
				"up": {"uv": [0, 0, 5.2, 5.25], "texture": "#1"},
				"down": {"uv": [0, 0, 5.2, 5.25], "texture": "#1"}
			}
		},
		{
			"from": [7.308, -0.2, -6.1152],
			"to": [7.708, 5.5, -0.5652],
			"rotation": {"angle": 0, "axis": "y", "origin": [8, 0.5, 0]},
			"faces": {
				"north": {"uv": [0, 0, 1.0575, 16], "texture": "#1"},
				"east": {"uv": [0, 0, 5.25, 5.5], "texture": "#1"},
				"south": {"uv": [0, 0, 5.8, 5.5], "texture": "#1"},
				"west": {"uv": [0, 0, 5.25, 5.5], "texture": "#1"},
				"up": {"uv": [0, 0, 5.8, 5.25], "texture": "#1"},
				"down": {"uv": [0, 0, 5.8, 5.25], "texture": "#1"}
			}
		},
		{
			"from": [10.508, -0.2, -6.1152],
			"to": [10.908, 5.5, -0.5652],
			"rotation": {"angle": 0, "axis": "y", "origin": [8, 0.5, 0]},
			"faces": {
				"north": {"uv": [0, 0, 1.0575, 16], "texture": "#1"},
				"east": {"uv": [0, 0, 5.25, 5.5], "texture": "#1"},
				"south": {"uv": [0, 0, 5.8, 5.5], "texture": "#1"},
				"west": {"uv": [0, 0, 5.25, 5.5], "texture": "#1"},
				"up": {"uv": [0, 0, 5.8, 5.25], "texture": "#1"},
				"down": {"uv": [0, 0, 5.8, 5.25], "texture": "#1"}
			}
		},
		{
			"from": [-2.897, -0.2, -3.9145],
			"to": [-1.597, 5.5, 1.6355],
			"rotation": {"angle": 45, "axis": "y", "origin": [-0.0182, 0.5, -3.8182]},
			"faces": {
				"north": {"uv": [2.0057, 0, 3.06325, 16], "texture": "#1"},
				"east": {"uv": [0, 0, 5.25, 5.5], "texture": "#1"},
				"south": {"uv": [0, 0, 5.8, 5.5], "texture": "#1"},
				"west": {"uv": [0, 0, 5.25, 5.5], "texture": "#1"},
				"up": {"uv": [0, 0, 5.8, 5.25], "texture": "#1"},
				"down": {"uv": [0, 0, 5.8, 5.25], "texture": "#1"}
			}
		},
		{
			"from": [14.228, -0.2, -6.585],
			"to": [15.228, 5.5, -1.035],
			"rotation": {"angle": -22.5, "axis": "y", "origin": [9.8, 0.5, -6.5]},
			"faces": {
				"north": {"uv": [15.0701, 0, 16, 16], "texture": "#1"},
				"east": {"uv": [0, 0, 5.25, 5.5], "texture": "#1"},
				"south": {"uv": [0, 0, 5.1, 5.5], "texture": "#1"},
				"west": {"uv": [0, 0, 5.25, 5.5], "texture": "#1"},
				"up": {"uv": [0, 0, 5.1, 5.25], "texture": "#1"},
				"down": {"uv": [0, 0, 5.1, 5.25], "texture": "#1"}
			}
		},
		{
			"from": [14.0955, -0.2, -3.049],
			"to": [19.6455, 5.5, -1.749],
			"rotation": {"angle": 45, "axis": "y", "origin": [19.5818, 0.5, -0.2182]},
			"faces": {
				"north": {"uv": [0, 0, 5.25, 5.5], "texture": "#1"},
				"east": {"uv": [14.0125, 0, 15.07, 16], "texture": "#1"},
				"south": {"uv": [0, 0, 5.25, 5.5], "texture": "#1"},
				"west": {"uv": [0, 0, 5.8, 5.5], "texture": "#1"},
				"up": {"uv": [0, 0, 5.8, 5.25], "rotation": 90, "texture": "#1"},
				"down": {"uv": [0, 0, 5.8, 5.25], "rotation": 270, "texture": "#1"}
			}
		},
		{
			"from": [16.1518, -0.2, 1.8355],
			"to": [21.7018, 5.5, 3.1355],
			"rotation": {"angle": 22.5, "axis": "y", "origin": [21.65, 0.5, 4.25]},
			"faces": {
				"north": {"uv": [0, 0, 5.25, 5.5], "texture": "#1"},
				"east": {"uv": [13.0462, 0, 14.0126, 16], "texture": "#1"},
				"south": {"uv": [0, 0, 5.25, 5.5], "texture": "#1"},
				"west": {"uv": [0, 0, 5.3, 5.5], "texture": "#1"},
				"up": {"uv": [0, 0, 5.3, 5.25], "rotation": 90, "texture": "#1"},
				"down": {"uv": [0, 0, 5.3, 5.25], "rotation": 270, "texture": "#1"}
			}
		},
		{
			"from": [17.7, -0.5, 13.4],
			"to": [18.7, -0.25, 14.4],
			"rotation": {"angle": -22.5, "axis": "y", "origin": [18.2, -0.195, 13.9]},
			"faces": {
				"north": {"uv": [0, 0, 1, 0.25], "texture": "#4"},
				"east": {"uv": [0, 0, 1, 0.25], "texture": "#4"},
				"south": {"uv": [0, 0, 1, 0.25], "texture": "#4"},
				"west": {"uv": [0, 0, 1, 0.25], "texture": "#4"},
				"up": {"uv": [0, 0, 1, 1], "texture": "#4"},
				"down": {"uv": [0, 0, 1, 1], "texture": "#4"}
			}
		},
		{
			"from": [15, -0.5, 16.6],
			"to": [16, -0.25, 17.6],
			"rotation": {"angle": 45, "axis": "y", "origin": [15.5, -0.195, 17.1]},
			"faces": {
				"north": {"uv": [0, 0, 1, 0.25], "texture": "#4"},
				"east": {"uv": [0, 0, 1, 0.25], "texture": "#4"},
				"south": {"uv": [0, 0, 1, 0.25], "texture": "#4"},
				"west": {"uv": [0, 0, 1, 0.25], "texture": "#4"},
				"up": {"uv": [0, 0, 1, 1], "rotation": 90, "texture": "#4"},
				"down": {"uv": [0, 0, 1, 1], "rotation": 270, "texture": "#4"}
			}
		},
		{
			"from": [11.6, -0.5, 18.5],
			"to": [12.6, -0.25, 19.5],
			"rotation": {"angle": 22.5, "axis": "y", "origin": [12.1, -0.195, 19]},
			"faces": {
				"north": {"uv": [0, 0, 1, 0.25], "texture": "#4"},
				"east": {"uv": [0, 0, 1, 0.25], "texture": "#4"},
				"south": {"uv": [0, 0, 1, 0.25], "texture": "#4"},
				"west": {"uv": [0, 0, 1, 0.25], "texture": "#4"},
				"up": {"uv": [0, 0, 1, 1], "rotation": 90, "texture": "#4"},
				"down": {"uv": [0, 0, 1, 1], "rotation": 270, "texture": "#4"}
			}
		},
		{
			"from": [6.9, -0.5, 19.5],
			"to": [7.9, -0.25, 20.5],
			"rotation": {"angle": 0, "axis": "y", "origin": [7.4, -0.195, 20]},
			"faces": {
				"north": {"uv": [0, 0, 1, 0.25], "texture": "#4"},
				"east": {"uv": [0, 0, 1, 0.25], "texture": "#4"},
				"south": {"uv": [0, 0, 1, 0.25], "texture": "#4"},
				"west": {"uv": [0, 0, 1, 0.25], "texture": "#4"},
				"up": {"uv": [0, 0, 1, 1], "rotation": 90, "texture": "#4"},
				"down": {"uv": [0, 0, 1, 1], "rotation": 270, "texture": "#4"}
			}
		},
		{
			"from": [2.7, -0.5, 18.7],
			"to": [3.7, -0.25, 19.7],
			"rotation": {"angle": -22.5, "axis": "y", "origin": [3.2, -0.195, 19.2]},
			"faces": {
				"north": {"uv": [0, 0, 1, 0.25], "texture": "#4"},
				"east": {"uv": [0, 0, 1, 0.25], "texture": "#4"},
				"south": {"uv": [0, 0, 1, 0.25], "texture": "#4"},
				"west": {"uv": [0, 0, 1, 0.25], "texture": "#4"},
				"up": {"uv": [0, 0, 1, 1], "rotation": 90, "texture": "#4"},
				"down": {"uv": [0, 0, 1, 1], "rotation": 270, "texture": "#4"}
			}
		},
		{
			"from": [-0.9, -0.5, 16.1],
			"to": [0.1, -0.25, 17.1],
			"rotation": {"angle": 45, "axis": "y", "origin": [-0.4, -0.195, 16.6]},
			"faces": {
				"north": {"uv": [0, 0, 1, 0.25], "texture": "#4"},
				"east": {"uv": [0, 0, 1, 0.25], "texture": "#4"},
				"south": {"uv": [0, 0, 1, 0.25], "texture": "#4"},
				"west": {"uv": [0, 0, 1, 0.25], "texture": "#4"},
				"up": {"uv": [0, 0, 1, 1], "rotation": 180, "texture": "#4"},
				"down": {"uv": [0, 0, 1, 1], "rotation": 180, "texture": "#4"}
			}
		},
		{
			"from": [-3.7, -0.5, 12.4],
			"to": [-2.7, -0.25, 13.4],
			"rotation": {"angle": 22.5, "axis": "y", "origin": [-3.2, -0.195, 12.9]},
			"faces": {
				"north": {"uv": [0, 0, 1, 0.25], "texture": "#4"},
				"east": {"uv": [0, 0, 1, 0.25], "texture": "#4"},
				"south": {"uv": [0, 0, 1, 0.25], "texture": "#4"},
				"west": {"uv": [0, 0, 1, 0.25], "texture": "#4"},
				"up": {"uv": [0, 0, 1, 1], "rotation": 180, "texture": "#4"},
				"down": {"uv": [0, 0, 1, 1], "rotation": 180, "texture": "#4"}
			}
		},
		{
			"from": [-4.8, -0.5, 8.4],
			"to": [-3.8, -0.25, 9.4],
			"rotation": {"angle": 0, "axis": "y", "origin": [-4.3, -0.195, 8.9]},
			"faces": {
				"north": {"uv": [0, 0, 1, 0.25], "texture": "#4"},
				"east": {"uv": [0, 0, 1, 0.25], "texture": "#4"},
				"south": {"uv": [0, 0, 1, 0.25], "texture": "#4"},
				"west": {"uv": [0, 0, 1, 0.25], "texture": "#4"},
				"up": {"uv": [0, 0, 1, 1], "rotation": 180, "texture": "#4"},
				"down": {"uv": [0, 0, 1, 1], "rotation": 180, "texture": "#4"}
			}
		},
		{
			"from": [-4, -0.5, 4.1],
			"to": [-3, -0.25, 5.1],
			"rotation": {"angle": -22.5, "axis": "y", "origin": [-3.5, -0.195, 4.6]},
			"faces": {
				"north": {"uv": [0, 0, 1, 0.25], "texture": "#4"},
				"east": {"uv": [0, 0, 1, 0.25], "texture": "#4"},
				"south": {"uv": [0, 0, 1, 0.25], "texture": "#4"},
				"west": {"uv": [0, 0, 1, 0.25], "texture": "#4"},
				"up": {"uv": [0, 0, 1, 1], "rotation": 180, "texture": "#4"},
				"down": {"uv": [0, 0, 1, 1], "rotation": 180, "texture": "#4"}
			}
		},
		{
			"from": [-2.3, -0.5, -0.1],
			"to": [-1.3, -0.25, 0.9],
			"rotation": {"angle": 45, "axis": "y", "origin": [-1.8, -0.195, 0.4]},
			"faces": {
				"north": {"uv": [0, 0, 1, 0.25], "texture": "#4"},
				"east": {"uv": [0, 0, 1, 0.25], "texture": "#4"},
				"south": {"uv": [0, 0, 1, 0.25], "texture": "#4"},
				"west": {"uv": [0, 0, 1, 0.25], "texture": "#4"},
				"up": {"uv": [0, 0, 1, 1], "rotation": 270, "texture": "#4"},
				"down": {"uv": [0, 0, 1, 1], "rotation": 90, "texture": "#4"}
			}
		},
		{
			"from": [1, -0.5, -2.8],
			"to": [2, -0.25, -1.8],
			"rotation": {"angle": 22.5, "axis": "y", "origin": [1.5, -0.195, -2.3]},
			"faces": {
				"north": {"uv": [0, 0, 1, 0.25], "texture": "#4"},
				"east": {"uv": [0, 0, 1, 0.25], "texture": "#4"},
				"south": {"uv": [0, 0, 1, 0.25], "texture": "#4"},
				"west": {"uv": [0, 0, 1, 0.25], "texture": "#4"},
				"up": {"uv": [0, 0, 1, 1], "rotation": 270, "texture": "#4"},
				"down": {"uv": [0, 0, 1, 1], "rotation": 90, "texture": "#4"}
			}
		},
		{
			"from": [5.5, -0.5, -4.4],
			"to": [6.5, -0.25, -3.4],
			"rotation": {"angle": 0, "axis": "y", "origin": [6, -0.195, -3.9]},
			"faces": {
				"north": {"uv": [0, 0, 1, 0.25], "texture": "#4"},
				"east": {"uv": [0, 0, 1, 0.25], "texture": "#4"},
				"south": {"uv": [0, 0, 1, 0.25], "texture": "#4"},
				"west": {"uv": [0, 0, 1, 0.25], "texture": "#4"},
				"up": {"uv": [0, 0, 1, 1], "rotation": 270, "texture": "#4"},
				"down": {"uv": [0, 0, 1, 1], "rotation": 90, "texture": "#4"}
			}
		},
		{
			"from": [8.7, -0.5, -4.4],
			"to": [9.7, -0.25, -3.4],
			"rotation": {"angle": 0, "axis": "y", "origin": [9.2, -0.195, -3.9]},
			"faces": {
				"north": {"uv": [0, 0, 1, 0.25], "texture": "#4"},
				"east": {"uv": [0, 0, 1, 0.25], "texture": "#4"},
				"south": {"uv": [0, 0, 1, 0.25], "texture": "#4"},
				"west": {"uv": [0, 0, 1, 0.25], "texture": "#4"},
				"up": {"uv": [0, 0, 1, 1], "rotation": 270, "texture": "#4"},
				"down": {"uv": [0, 0, 1, 1], "rotation": 90, "texture": "#4"}
			}
		},
		{
			"from": [11.6, -0.5, -3.9],
			"to": [12.6, -0.25, -2.9],
			"rotation": {"angle": -22.5, "axis": "y", "origin": [12.1, -0.195, -3.4]},
			"faces": {
				"north": {"uv": [0, 0, 1, 0.25], "texture": "#4"},
				"east": {"uv": [0, 0, 1, 0.25], "texture": "#4"},
				"south": {"uv": [0, 0, 1, 0.25], "texture": "#4"},
				"west": {"uv": [0, 0, 1, 0.25], "texture": "#4"},
				"up": {"uv": [0, 0, 1, 1], "rotation": 270, "texture": "#4"},
				"down": {"uv": [0, 0, 1, 1], "rotation": 90, "texture": "#4"}
			}
		},
		{
			"from": [14.5, -0.5, -2],
			"to": [15.5, -0.25, -1],
			"rotation": {"angle": 45, "axis": "y", "origin": [15, -0.195, -1.5]},
			"faces": {
				"north": {"uv": [0, 0, 1, 0.25], "texture": "#4"},
				"east": {"uv": [0, 0, 1, 0.25], "texture": "#4"},
				"south": {"uv": [0, 0, 1, 0.25], "texture": "#4"},
				"west": {"uv": [0, 0, 1, 0.25], "texture": "#4"},
				"up": {"uv": [0, 0, 1, 1], "texture": "#4"},
				"down": {"uv": [0, 0, 1, 1], "texture": "#4"}
			}
		},
		{
			"from": [17.5, -0.5, 0.9],
			"to": [18.5, -0.25, 1.9],
			"rotation": {"angle": 22.5, "axis": "y", "origin": [18, -0.195, 1.4]},
			"faces": {
				"north": {"uv": [0, 0, 1, 0.25], "texture": "#4"},
				"east": {"uv": [0, 0, 1, 0.25], "texture": "#4"},
				"south": {"uv": [0, 0, 1, 0.25], "texture": "#4"},
				"west": {"uv": [0, 0, 1, 0.25], "texture": "#4"},
				"up": {"uv": [0, 0, 1, 1], "texture": "#4"},
				"down": {"uv": [0, 0, 1, 1], "texture": "#4"}
			}
		},
		{
			"from": [19.3, -0.5, 5.1],
			"to": [20.3, -0.25, 6.1],
			"rotation": {"angle": 0, "axis": "y", "origin": [19.8, -0.195, 5.6]},
			"faces": {
				"north": {"uv": [0, 0, 1, 0.25], "texture": "#4"},
				"east": {"uv": [0, 0, 1, 0.25], "texture": "#4"},
				"south": {"uv": [0, 0, 1, 0.25], "texture": "#4"},
				"west": {"uv": [0, 0, 1, 0.25], "texture": "#4"},
				"up": {"uv": [0, 0, 1, 1], "texture": "#4"},
				"down": {"uv": [0, 0, 1, 1], "texture": "#4"}
			}
		},
		{
			"from": [19.3, -0.5, 9.6],
			"to": [20.3, -0.25, 10.6],
			"rotation": {"angle": 0, "axis": "y", "origin": [19.8, -0.195, 10.1]},
			"faces": {
				"north": {"uv": [0, 0, 1, 0.25], "texture": "#4"},
				"east": {"uv": [0, 0, 1, 0.25], "texture": "#4"},
				"south": {"uv": [0, 0, 1, 0.25], "texture": "#4"},
				"west": {"uv": [0, 0, 1, 0.25], "texture": "#4"},
				"up": {"uv": [0, 0, 1, 1], "texture": "#4"},
				"down": {"uv": [0, 0, 1, 1], "texture": "#4"}
			}
		},
		{
			"from": [12.6, -0.25, 18.5],
			"to": [13.1, -0.05, 19.5],
			"rotation": {"angle": 22.5, "axis": "y", "origin": [12.1, -0.195, 19]},
			"faces": {
				"north": {"uv": [0, 0, 0.5, 0.2], "texture": "#1"},
				"east": {"uv": [0, 0, 1, 0.2], "texture": "#1"},
				"south": {"uv": [0, 0, 0.5, 0.2], "texture": "#1"},
				"west": {"uv": [0, 0, 1, 0.2], "texture": "#1"},
				"up": {"uv": [0, 0, 1, 0.5], "rotation": 90, "texture": "#1"},
				"down": {"uv": [0, 0, 1, 0.5], "rotation": 270, "texture": "#1"}
			}
		},
		{
			"from": [16, -0.25, 16.6],
			"to": [16.5, -0.05, 17.6],
			"rotation": {"angle": 45, "axis": "y", "origin": [15.5, -0.195, 17.1]},
			"faces": {
				"north": {"uv": [0, 0, 0.5, 0.2], "texture": "#1"},
				"east": {"uv": [0, 0, 1, 0.2], "texture": "#1"},
				"south": {"uv": [0, 0, 0.5, 0.2], "texture": "#1"},
				"west": {"uv": [0, 0, 1, 0.2], "texture": "#1"},
				"up": {"uv": [0, 0, 1, 0.5], "rotation": 90, "texture": "#1"},
				"down": {"uv": [0, 0, 1, 0.5], "rotation": 270, "texture": "#1"}
			}
		},
		{
			"from": [17.7, -0.25, 12.9],
			"to": [18.7, -0.05, 13.4],
			"rotation": {"angle": -22.5, "axis": "y", "origin": [18.2, -0.195, 13.9]},
			"faces": {
				"north": {"uv": [0, 0, 1, 0.2], "texture": "#1"},
				"east": {"uv": [0, 0, 0.5, 0.2], "texture": "#1"},
				"south": {"uv": [0, 0, 1, 0.2], "texture": "#1"},
				"west": {"uv": [0, 0, 0.5, 0.2], "texture": "#1"},
				"up": {"uv": [0, 0, 1, 0.5], "texture": "#1"},
				"down": {"uv": [0, 0, 1, 0.5], "texture": "#1"}
			}
		},
		{
			"from": [19.3, -0.25, 9.1],
			"to": [20.3, -0.05, 9.6],
			"rotation": {"angle": 0, "axis": "y", "origin": [19.8, -0.195, 10.1]},
			"faces": {
				"north": {"uv": [0, 0, 1, 0.2], "texture": "#1"},
				"east": {"uv": [0, 0, 0.5, 0.2], "texture": "#1"},
				"south": {"uv": [0, 0, 1, 0.2], "texture": "#1"},
				"west": {"uv": [0, 0, 0.5, 0.2], "texture": "#1"},
				"up": {"uv": [0, 0, 1, 0.5], "texture": "#1"},
				"down": {"uv": [0, 0, 1, 0.5], "texture": "#1"}
			}
		},
		{
			"from": [19.3, -0.25, 4.6],
			"to": [20.3, -0.05, 5.1],
			"rotation": {"angle": 0, "axis": "y", "origin": [19.8, -0.195, 5.6]},
			"faces": {
				"north": {"uv": [0, 0, 1, 0.2], "texture": "#1"},
				"east": {"uv": [0, 0, 0.5, 0.2], "texture": "#1"},
				"south": {"uv": [0, 0, 1, 0.2], "texture": "#1"},
				"west": {"uv": [0, 0, 0.5, 0.2], "texture": "#1"},
				"up": {"uv": [0, 0, 1, 0.5], "texture": "#1"},
				"down": {"uv": [0, 0, 1, 0.5], "texture": "#1"}
			}
		},
		{
			"from": [17.5, -0.25, 0.4],
			"to": [18.5, -0.05, 0.9],
			"rotation": {"angle": 22.5, "axis": "y", "origin": [18, -0.195, 1.4]},
			"faces": {
				"north": {"uv": [0, 0, 1, 0.2], "texture": "#1"},
				"east": {"uv": [0, 0, 0.5, 0.2], "texture": "#1"},
				"south": {"uv": [0, 0, 1, 0.2], "texture": "#1"},
				"west": {"uv": [0, 0, 0.5, 0.2], "texture": "#1"},
				"up": {"uv": [0, 0, 1, 0.5], "texture": "#1"},
				"down": {"uv": [0, 0, 1, 0.5], "texture": "#1"}
			}
		},
		{
			"from": [14.5, -0.25, -2.5],
			"to": [15.5, -0.05, -2],
			"rotation": {"angle": 45, "axis": "y", "origin": [15, -0.195, -1.5]},
			"faces": {
				"north": {"uv": [0, 0, 1, 0.2], "texture": "#1"},
				"east": {"uv": [0, 0, 0.5, 0.2], "texture": "#1"},
				"south": {"uv": [0, 0, 1, 0.2], "texture": "#1"},
				"west": {"uv": [0, 0, 0.5, 0.2], "texture": "#1"},
				"up": {"uv": [0, 0, 1, 0.5], "texture": "#1"},
				"down": {"uv": [0, 0, 1, 0.5], "texture": "#1"}
			}
		},
		{
			"from": [11.1, -0.25, -3.9],
			"to": [11.6, -0.05, -2.9],
			"rotation": {"angle": -22.5, "axis": "y", "origin": [12.1, -0.195, -3.4]},
			"faces": {
				"north": {"uv": [0, 0, 0.5, 0.2], "texture": "#1"},
				"east": {"uv": [0, 0, 1, 0.2], "texture": "#1"},
				"south": {"uv": [0, 0, 0.5, 0.2], "texture": "#1"},
				"west": {"uv": [0, 0, 1, 0.2], "texture": "#1"},
				"up": {"uv": [0, 0, 1, 0.5], "rotation": 270, "texture": "#1"},
				"down": {"uv": [0, 0, 1, 0.5], "rotation": 90, "texture": "#1"}
			}
		},
		{
			"from": [8.2, -0.25, -4.4],
			"to": [8.7, -0.05, -3.4],
			"rotation": {"angle": 0, "axis": "y", "origin": [9.2, -0.195, -3.9]},
			"faces": {
				"north": {"uv": [0, 0, 0.5, 0.2], "texture": "#1"},
				"east": {"uv": [0, 0, 1, 0.2], "texture": "#1"},
				"south": {"uv": [0, 0, 0.5, 0.2], "texture": "#1"},
				"west": {"uv": [0, 0, 1, 0.2], "texture": "#1"},
				"up": {"uv": [0, 0, 1, 0.5], "rotation": 270, "texture": "#1"},
				"down": {"uv": [0, 0, 1, 0.5], "rotation": 90, "texture": "#1"}
			}
		},
		{
			"from": [5, -0.25, -4.4],
			"to": [5.5, -0.05, -3.4],
			"rotation": {"angle": 0, "axis": "y", "origin": [6, -0.195, -3.9]},
			"faces": {
				"north": {"uv": [0, 0, 0.5, 0.2], "texture": "#1"},
				"east": {"uv": [0, 0, 1, 0.2], "texture": "#1"},
				"south": {"uv": [0, 0, 0.5, 0.2], "texture": "#1"},
				"west": {"uv": [0, 0, 1, 0.2], "texture": "#1"},
				"up": {"uv": [0, 0, 1, 0.5], "rotation": 270, "texture": "#1"},
				"down": {"uv": [0, 0, 1, 0.5], "rotation": 90, "texture": "#1"}
			}
		},
		{
			"from": [0.5, -0.25, -2.8],
			"to": [1, -0.05, -1.8],
			"rotation": {"angle": 22.5, "axis": "y", "origin": [1.5, -0.195, -2.3]},
			"faces": {
				"north": {"uv": [0, 0, 0.5, 0.2], "texture": "#1"},
				"east": {"uv": [0, 0, 1, 0.2], "texture": "#1"},
				"south": {"uv": [0, 0, 0.5, 0.2], "texture": "#1"},
				"west": {"uv": [0, 0, 1, 0.2], "texture": "#1"},
				"up": {"uv": [0, 0, 1, 0.5], "rotation": 270, "texture": "#1"},
				"down": {"uv": [0, 0, 1, 0.5], "rotation": 90, "texture": "#1"}
			}
		},
		{
			"from": [-2.8, -0.25, -0.1],
			"to": [-2.3, -0.05, 0.9],
			"rotation": {"angle": 45, "axis": "y", "origin": [-1.8, -0.195, 0.4]},
			"faces": {
				"north": {"uv": [0, 0, 0.5, 0.2], "texture": "#1"},
				"east": {"uv": [0, 0, 1, 0.2], "texture": "#1"},
				"south": {"uv": [0, 0, 0.5, 0.2], "texture": "#1"},
				"west": {"uv": [0, 0, 1, 0.2], "texture": "#1"},
				"up": {"uv": [0, 0, 1, 0.5], "rotation": 270, "texture": "#1"},
				"down": {"uv": [0, 0, 1, 0.5], "rotation": 90, "texture": "#1"}
			}
		},
		{
			"from": [-4, -0.25, 5.1],
			"to": [-3, -0.05, 5.6],
			"rotation": {"angle": -22.5, "axis": "y", "origin": [-3.5, -0.195, 4.6]},
			"faces": {
				"north": {"uv": [0, 0, 1, 0.2], "texture": "#1"},
				"east": {"uv": [0, 0, 0.5, 0.2], "texture": "#1"},
				"south": {"uv": [0, 0, 1, 0.2], "texture": "#1"},
				"west": {"uv": [0, 0, 0.5, 0.2], "texture": "#1"},
				"up": {"uv": [0, 0, 1, 0.5], "rotation": 180, "texture": "#1"},
				"down": {"uv": [0, 0, 1, 0.5], "rotation": 180, "texture": "#1"}
			}
		},
		{
			"from": [-4.8, -0.25, 9.4],
			"to": [-3.8, -0.05, 9.9],
			"rotation": {"angle": 0, "axis": "y", "origin": [-4.3, -0.195, 8.9]},
			"faces": {
				"north": {"uv": [0, 0, 1, 0.2], "texture": "#1"},
				"east": {"uv": [0, 0, 0.5, 0.2], "texture": "#1"},
				"south": {"uv": [0, 0, 1, 0.2], "texture": "#1"},
				"west": {"uv": [0, 0, 0.5, 0.2], "texture": "#1"},
				"up": {"uv": [0, 0, 1, 0.5], "rotation": 180, "texture": "#1"},
				"down": {"uv": [0, 0, 1, 0.5], "rotation": 180, "texture": "#1"}
			}
		},
		{
			"from": [-3.7, -0.25, 13.4],
			"to": [-2.7, -0.05, 13.9],
			"rotation": {"angle": 22.5, "axis": "y", "origin": [-3.2, -0.195, 12.9]},
			"faces": {
				"north": {"uv": [0, 0, 1, 0.2], "texture": "#1"},
				"east": {"uv": [0, 0, 0.5, 0.2], "texture": "#1"},
				"south": {"uv": [0, 0, 1, 0.2], "texture": "#1"},
				"west": {"uv": [0, 0, 0.5, 0.2], "texture": "#1"},
				"up": {"uv": [0, 0, 1, 0.5], "rotation": 180, "texture": "#1"},
				"down": {"uv": [0, 0, 1, 0.5], "rotation": 180, "texture": "#1"}
			}
		},
		{
			"from": [-0.9, -0.25, 17.1],
			"to": [0.1, -0.05, 17.6],
			"rotation": {"angle": 45, "axis": "y", "origin": [-0.4, -0.195, 16.6]},
			"faces": {
				"north": {"uv": [0, 0, 1, 0.2], "texture": "#1"},
				"east": {"uv": [0, 0, 0.5, 0.2], "texture": "#1"},
				"south": {"uv": [0, 0, 1, 0.2], "texture": "#1"},
				"west": {"uv": [0, 0, 0.5, 0.2], "texture": "#1"},
				"up": {"uv": [0, 0, 1, 0.5], "rotation": 180, "texture": "#1"},
				"down": {"uv": [0, 0, 1, 0.5], "rotation": 180, "texture": "#1"}
			}
		},
		{
			"from": [3.7, -0.25, 18.7],
			"to": [4.2, -0.05, 19.7],
			"rotation": {"angle": -22.5, "axis": "y", "origin": [3.2, -0.195, 19.2]},
			"faces": {
				"north": {"uv": [0, 0, 0.5, 0.2], "texture": "#1"},
				"east": {"uv": [0, 0, 1, 0.2], "texture": "#1"},
				"south": {"uv": [0, 0, 0.5, 0.2], "texture": "#1"},
				"west": {"uv": [0, 0, 1, 0.2], "texture": "#1"},
				"up": {"uv": [0, 0, 1, 0.5], "rotation": 90, "texture": "#1"},
				"down": {"uv": [0, 0, 1, 0.5], "rotation": 270, "texture": "#1"}
			}
		},
		{
			"from": [7.9, -0.25, 19.5],
			"to": [8.4, -0.05, 20.5],
			"rotation": {"angle": 0, "axis": "y", "origin": [7.4, -0.195, 20]},
			"faces": {
				"north": {"uv": [0, 0, 0.5, 0.2], "texture": "#1"},
				"east": {"uv": [0, 0, 1, 0.2], "texture": "#1"},
				"south": {"uv": [0, 0, 0.5, 0.2], "texture": "#1"},
				"west": {"uv": [0, 0, 1, 0.2], "texture": "#1"},
				"up": {"uv": [0, 0, 1, 0.5], "rotation": 90, "texture": "#1"},
				"down": {"uv": [0, 0, 1, 0.5], "rotation": 270, "texture": "#1"}
			}
		},
		{
			"from": [11.6, -0.25, 19.5],
			"to": [12.6, -0.05, 20],
			"rotation": {"angle": 22.5, "axis": "y", "origin": [12.1, -0.195, 19]},
			"faces": {
				"north": {"uv": [0, 0, 1, 0.2], "texture": "#1"},
				"east": {"uv": [0, 0, 0.5, 0.2], "texture": "#1"},
				"south": {"uv": [0, 0, 1, 0.2], "texture": "#1"},
				"west": {"uv": [0, 0, 0.5, 0.2], "texture": "#1"},
				"up": {"uv": [0, 0, 1, 0.5], "texture": "#1"},
				"down": {"uv": [0, 0, 1, 0.5], "texture": "#1"}
			}
		},
		{
			"from": [15, -0.25, 17.6],
			"to": [16, -0.05, 18.1],
			"rotation": {"angle": 45, "axis": "y", "origin": [15.5, -0.195, 17.1]},
			"faces": {
				"north": {"uv": [0, 0, 1, 0.2], "texture": "#1"},
				"east": {"uv": [0, 0, 0.5, 0.2], "texture": "#1"},
				"south": {"uv": [0, 0, 1, 0.2], "texture": "#1"},
				"west": {"uv": [0, 0, 0.5, 0.2], "texture": "#1"},
				"up": {"uv": [0, 0, 1, 0.5], "texture": "#1"},
				"down": {"uv": [0, 0, 1, 0.5], "texture": "#1"}
			}
		},
		{
			"from": [18.7, -0.25, 13.4],
			"to": [19.2, -0.05, 14.4],
			"rotation": {"angle": -22.5, "axis": "y", "origin": [18.2, -0.195, 13.9]},
			"faces": {
				"north": {"uv": [0, 0, 0.5, 0.2], "texture": "#1"},
				"east": {"uv": [0, 0, 1, 0.2], "texture": "#1"},
				"south": {"uv": [0, 0, 0.5, 0.2], "texture": "#1"},
				"west": {"uv": [0, 0, 1, 0.2], "texture": "#1"},
				"up": {"uv": [0, 0, 1, 0.5], "rotation": 270, "texture": "#1"},
				"down": {"uv": [0, 0, 1, 0.5], "rotation": 90, "texture": "#1"}
			}
		},
		{
			"from": [20.3, -0.25, 9.6],
			"to": [20.8, -0.05, 10.6],
			"rotation": {"angle": 0, "axis": "y", "origin": [19.8, -0.195, 10.1]},
			"faces": {
				"north": {"uv": [0, 0, 0.5, 0.2], "texture": "#1"},
				"east": {"uv": [0, 0, 1, 0.2], "texture": "#1"},
				"south": {"uv": [0, 0, 0.5, 0.2], "texture": "#1"},
				"west": {"uv": [0, 0, 1, 0.2], "texture": "#1"},
				"up": {"uv": [0, 0, 1, 0.5], "rotation": 270, "texture": "#1"},
				"down": {"uv": [0, 0, 1, 0.5], "rotation": 90, "texture": "#1"}
			}
		},
		{
			"from": [20.3, -0.25, 5.1],
			"to": [20.8, -0.05, 6.1],
			"rotation": {"angle": 0, "axis": "y", "origin": [19.8, -0.195, 5.6]},
			"faces": {
				"north": {"uv": [0, 0, 0.5, 0.2], "texture": "#1"},
				"east": {"uv": [0, 0, 1, 0.2], "texture": "#1"},
				"south": {"uv": [0, 0, 0.5, 0.2], "texture": "#1"},
				"west": {"uv": [0, 0, 1, 0.2], "texture": "#1"},
				"up": {"uv": [0, 0, 1, 0.5], "rotation": 270, "texture": "#1"},
				"down": {"uv": [0, 0, 1, 0.5], "rotation": 90, "texture": "#1"}
			}
		},
		{
			"from": [18.5, -0.25, 0.9],
			"to": [19, -0.05, 1.9],
			"rotation": {"angle": 22.5, "axis": "y", "origin": [18, -0.195, 1.4]},
			"faces": {
				"north": {"uv": [0, 0, 0.5, 0.2], "texture": "#1"},
				"east": {"uv": [0, 0, 1, 0.2], "texture": "#1"},
				"south": {"uv": [0, 0, 0.5, 0.2], "texture": "#1"},
				"west": {"uv": [0, 0, 1, 0.2], "texture": "#1"},
				"up": {"uv": [0, 0, 1, 0.5], "rotation": 270, "texture": "#1"},
				"down": {"uv": [0, 0, 1, 0.5], "rotation": 90, "texture": "#1"}
			}
		},
		{
			"from": [15.5, -0.25, -2],
			"to": [16, -0.05, -1],
			"rotation": {"angle": 45, "axis": "y", "origin": [15, -0.195, -1.5]},
			"faces": {
				"north": {"uv": [0, 0, 0.5, 0.2], "texture": "#1"},
				"east": {"uv": [0, 0, 1, 0.2], "texture": "#1"},
				"south": {"uv": [0, 0, 0.5, 0.2], "texture": "#1"},
				"west": {"uv": [0, 0, 1, 0.2], "texture": "#1"},
				"up": {"uv": [0, 0, 1, 0.5], "rotation": 270, "texture": "#1"},
				"down": {"uv": [0, 0, 1, 0.5], "rotation": 90, "texture": "#1"}
			}
		},
		{
			"from": [11.6, -0.25, -4.4],
			"to": [12.6, -0.05, -3.9],
			"rotation": {"angle": -22.5, "axis": "y", "origin": [12.1, -0.195, -3.4]},
			"faces": {
				"north": {"uv": [0, 0, 1, 0.2], "texture": "#1"},
				"east": {"uv": [0, 0, 0.5, 0.2], "texture": "#1"},
				"south": {"uv": [0, 0, 1, 0.2], "texture": "#1"},
				"west": {"uv": [0, 0, 0.5, 0.2], "texture": "#1"},
				"up": {"uv": [0, 0, 1, 0.5], "rotation": 180, "texture": "#1"},
				"down": {"uv": [0, 0, 1, 0.5], "rotation": 180, "texture": "#1"}
			}
		},
		{
			"from": [8.7, -0.25, -4.9],
			"to": [9.7, -0.05, -4.4],
			"rotation": {"angle": 0, "axis": "y", "origin": [9.2, -0.195, -3.9]},
			"faces": {
				"north": {"uv": [0, 0, 1, 0.2], "texture": "#1"},
				"east": {"uv": [0, 0, 0.5, 0.2], "texture": "#1"},
				"south": {"uv": [0, 0, 1, 0.2], "texture": "#1"},
				"west": {"uv": [0, 0, 0.5, 0.2], "texture": "#1"},
				"up": {"uv": [0, 0, 1, 0.5], "rotation": 180, "texture": "#1"},
				"down": {"uv": [0, 0, 1, 0.5], "rotation": 180, "texture": "#1"}
			}
		},
		{
			"from": [5.5, -0.25, -4.9],
			"to": [6.5, -0.05, -4.4],
			"rotation": {"angle": 0, "axis": "y", "origin": [6, -0.195, -3.9]},
			"faces": {
				"north": {"uv": [0, 0, 1, 0.2], "texture": "#1"},
				"east": {"uv": [0, 0, 0.5, 0.2], "texture": "#1"},
				"south": {"uv": [0, 0, 1, 0.2], "texture": "#1"},
				"west": {"uv": [0, 0, 0.5, 0.2], "texture": "#1"},
				"up": {"uv": [0, 0, 1, 0.5], "rotation": 180, "texture": "#1"},
				"down": {"uv": [0, 0, 1, 0.5], "rotation": 180, "texture": "#1"}
			}
		},
		{
			"from": [1, -0.25, -3.3],
			"to": [2, -0.05, -2.8],
			"rotation": {"angle": 22.5, "axis": "y", "origin": [1.5, -0.195, -2.3]},
			"faces": {
				"north": {"uv": [0, 0, 1, 0.2], "texture": "#1"},
				"east": {"uv": [0, 0, 0.5, 0.2], "texture": "#1"},
				"south": {"uv": [0, 0, 1, 0.2], "texture": "#1"},
				"west": {"uv": [0, 0, 0.5, 0.2], "texture": "#1"},
				"up": {"uv": [0, 0, 1, 0.5], "rotation": 180, "texture": "#1"},
				"down": {"uv": [0, 0, 1, 0.5], "rotation": 180, "texture": "#1"}
			}
		},
		{
			"from": [-2.3, -0.25, -0.6],
			"to": [-1.3, -0.05, -0.1],
			"rotation": {"angle": 45, "axis": "y", "origin": [-1.8, -0.195, 0.4]},
			"faces": {
				"north": {"uv": [0, 0, 1, 0.2], "texture": "#1"},
				"east": {"uv": [0, 0, 0.5, 0.2], "texture": "#1"},
				"south": {"uv": [0, 0, 1, 0.2], "texture": "#1"},
				"west": {"uv": [0, 0, 0.5, 0.2], "texture": "#1"},
				"up": {"uv": [0, 0, 1, 0.5], "rotation": 180, "texture": "#1"},
				"down": {"uv": [0, 0, 1, 0.5], "rotation": 180, "texture": "#1"}
			}
		},
		{
			"from": [-4.5, -0.25, 4.1],
			"to": [-4, -0.05, 5.1],
			"rotation": {"angle": -22.5, "axis": "y", "origin": [-3.5, -0.195, 4.6]},
			"faces": {
				"north": {"uv": [0, 0, 0.5, 0.2], "texture": "#1"},
				"east": {"uv": [0, 0, 1, 0.2], "texture": "#1"},
				"south": {"uv": [0, 0, 0.5, 0.2], "texture": "#1"},
				"west": {"uv": [0, 0, 1, 0.2], "texture": "#1"},
				"up": {"uv": [0, 0, 1, 0.5], "rotation": 90, "texture": "#1"},
				"down": {"uv": [0, 0, 1, 0.5], "rotation": 270, "texture": "#1"}
			}
		},
		{
			"from": [-5.3, -0.25, 8.4],
			"to": [-4.8, -0.05, 9.4],
			"rotation": {"angle": 0, "axis": "y", "origin": [-4.3, -0.195, 8.9]},
			"faces": {
				"north": {"uv": [0, 0, 0.5, 0.2], "texture": "#1"},
				"east": {"uv": [0, 0, 1, 0.2], "texture": "#1"},
				"south": {"uv": [0, 0, 0.5, 0.2], "texture": "#1"},
				"west": {"uv": [0, 0, 1, 0.2], "texture": "#1"},
				"up": {"uv": [0, 0, 1, 0.5], "rotation": 90, "texture": "#1"},
				"down": {"uv": [0, 0, 1, 0.5], "rotation": 270, "texture": "#1"}
			}
		},
		{
			"from": [-4.2, -0.25, 12.4],
			"to": [-3.7, -0.05, 13.4],
			"rotation": {"angle": 22.5, "axis": "y", "origin": [-3.2, -0.195, 12.9]},
			"faces": {
				"north": {"uv": [0, 0, 0.5, 0.2], "texture": "#1"},
				"east": {"uv": [0, 0, 1, 0.2], "texture": "#1"},
				"south": {"uv": [0, 0, 0.5, 0.2], "texture": "#1"},
				"west": {"uv": [0, 0, 1, 0.2], "texture": "#1"},
				"up": {"uv": [0, 0, 1, 0.5], "rotation": 90, "texture": "#1"},
				"down": {"uv": [0, 0, 1, 0.5], "rotation": 270, "texture": "#1"}
			}
		},
		{
			"from": [-1.4, -0.25, 16.1],
			"to": [-0.9, -0.05, 17.1],
			"rotation": {"angle": 45, "axis": "y", "origin": [-0.4, -0.195, 16.6]},
			"faces": {
				"north": {"uv": [0, 0, 0.5, 0.2], "texture": "#1"},
				"east": {"uv": [0, 0, 1, 0.2], "texture": "#1"},
				"south": {"uv": [0, 0, 0.5, 0.2], "texture": "#1"},
				"west": {"uv": [0, 0, 1, 0.2], "texture": "#1"},
				"up": {"uv": [0, 0, 1, 0.5], "rotation": 90, "texture": "#1"},
				"down": {"uv": [0, 0, 1, 0.5], "rotation": 270, "texture": "#1"}
			}
		},
		{
			"from": [2.7, -0.25, 19.7],
			"to": [3.7, -0.05, 20.2],
			"rotation": {"angle": -22.5, "axis": "y", "origin": [3.2, -0.195, 19.2]},
			"faces": {
				"north": {"uv": [0, 0, 1, 0.2], "texture": "#1"},
				"east": {"uv": [0, 0, 0.5, 0.2], "texture": "#1"},
				"south": {"uv": [0, 0, 1, 0.2], "texture": "#1"},
				"west": {"uv": [0, 0, 0.5, 0.2], "texture": "#1"},
				"up": {"uv": [0, 0, 1, 0.5], "texture": "#1"},
				"down": {"uv": [0, 0, 1, 0.5], "texture": "#1"}
			}
		},
		{
			"from": [6.9, -0.25, 20.5],
			"to": [7.9, -0.05, 21],
			"rotation": {"angle": 0, "axis": "y", "origin": [7.4, -0.195, 20]},
			"faces": {
				"north": {"uv": [0, 0, 1, 0.2], "texture": "#1"},
				"east": {"uv": [0, 0, 0.5, 0.2], "texture": "#1"},
				"south": {"uv": [0, 0, 1, 0.2], "texture": "#1"},
				"west": {"uv": [0, 0, 0.5, 0.2], "texture": "#1"},
				"up": {"uv": [0, 0, 1, 0.5], "texture": "#1"},
				"down": {"uv": [0, 0, 1, 0.5], "texture": "#1"}
			}
		},
		{
			"from": [11.1, -0.25, 18.5],
			"to": [11.6, -0.05, 19.5],
			"rotation": {"angle": 22.5, "axis": "y", "origin": [12.1, -0.195, 19]},
			"faces": {
				"north": {"uv": [0, 0, 0.5, 0.2], "texture": "#1"},
				"east": {"uv": [0, 0, 1, 0.2], "texture": "#1"},
				"south": {"uv": [0, 0, 0.5, 0.2], "texture": "#1"},
				"west": {"uv": [0, 0, 1, 0.2], "texture": "#1"},
				"up": {"uv": [0, 0, 1, 0.5], "rotation": 90, "texture": "#1"},
				"down": {"uv": [0, 0, 1, 0.5], "rotation": 270, "texture": "#1"}
			}
		},
		{
			"from": [14.5, -0.25, 16.6],
			"to": [15, -0.05, 17.6],
			"rotation": {"angle": 45, "axis": "y", "origin": [15.5, -0.195, 17.1]},
			"faces": {
				"north": {"uv": [0, 0, 0.5, 0.2], "texture": "#1"},
				"east": {"uv": [0, 0, 1, 0.2], "texture": "#1"},
				"south": {"uv": [0, 0, 0.5, 0.2], "texture": "#1"},
				"west": {"uv": [0, 0, 1, 0.2], "texture": "#1"},
				"up": {"uv": [0, 0, 1, 0.5], "rotation": 90, "texture": "#1"},
				"down": {"uv": [0, 0, 1, 0.5], "rotation": 270, "texture": "#1"}
			}
		},
		{
			"from": [17.7, -0.25, 14.4],
			"to": [18.7, -0.05, 14.9],
			"rotation": {"angle": -22.5, "axis": "y", "origin": [18.2, -0.195, 13.9]},
			"faces": {
				"north": {"uv": [0, 0, 1, 0.2], "texture": "#1"},
				"east": {"uv": [0, 0, 0.5, 0.2], "texture": "#1"},
				"south": {"uv": [0, 0, 1, 0.2], "texture": "#1"},
				"west": {"uv": [0, 0, 0.5, 0.2], "texture": "#1"},
				"up": {"uv": [0, 0, 1, 0.5], "texture": "#1"},
				"down": {"uv": [0, 0, 1, 0.5], "texture": "#1"}
			}
		},
		{
			"from": [19.3, -0.25, 10.6],
			"to": [20.3, -0.05, 11.1],
			"rotation": {"angle": 0, "axis": "y", "origin": [19.8, -0.195, 10.1]},
			"faces": {
				"north": {"uv": [0, 0, 1, 0.2], "texture": "#1"},
				"east": {"uv": [0, 0, 0.5, 0.2], "texture": "#1"},
				"south": {"uv": [0, 0, 1, 0.2], "texture": "#1"},
				"west": {"uv": [0, 0, 0.5, 0.2], "texture": "#1"},
				"up": {"uv": [0, 0, 1, 0.5], "texture": "#1"},
				"down": {"uv": [0, 0, 1, 0.5], "texture": "#1"}
			}
		},
		{
			"from": [19.3, -0.25, 6.1],
			"to": [20.3, -0.05, 6.6],
			"rotation": {"angle": 0, "axis": "y", "origin": [19.8, -0.195, 5.6]},
			"faces": {
				"north": {"uv": [0, 0, 1, 0.2], "texture": "#1"},
				"east": {"uv": [0, 0, 0.5, 0.2], "texture": "#1"},
				"south": {"uv": [0, 0, 1, 0.2], "texture": "#1"},
				"west": {"uv": [0, 0, 0.5, 0.2], "texture": "#1"},
				"up": {"uv": [0, 0, 1, 0.5], "texture": "#1"},
				"down": {"uv": [0, 0, 1, 0.5], "texture": "#1"}
			}
		},
		{
			"from": [17.5, -0.25, 1.9],
			"to": [18.5, -0.05, 2.4],
			"rotation": {"angle": 22.5, "axis": "y", "origin": [18, -0.195, 1.4]},
			"faces": {
				"north": {"uv": [0, 0, 1, 0.2], "texture": "#1"},
				"east": {"uv": [0, 0, 0.5, 0.2], "texture": "#1"},
				"south": {"uv": [0, 0, 1, 0.2], "texture": "#1"},
				"west": {"uv": [0, 0, 0.5, 0.2], "texture": "#1"},
				"up": {"uv": [0, 0, 1, 0.5], "texture": "#1"},
				"down": {"uv": [0, 0, 1, 0.5], "texture": "#1"}
			}
		},
		{
			"from": [14.5, -0.25, -1],
			"to": [15.5, -0.05, -0.5],
			"rotation": {"angle": 45, "axis": "y", "origin": [15, -0.195, -1.5]},
			"faces": {
				"north": {"uv": [0, 0, 1, 0.2], "texture": "#1"},
				"east": {"uv": [0, 0, 0.5, 0.2], "texture": "#1"},
				"south": {"uv": [0, 0, 1, 0.2], "texture": "#1"},
				"west": {"uv": [0, 0, 0.5, 0.2], "texture": "#1"},
				"up": {"uv": [0, 0, 1, 0.5], "texture": "#1"},
				"down": {"uv": [0, 0, 1, 0.5], "texture": "#1"}
			}
		},
		{
			"from": [12.6, -0.25, -3.9],
			"to": [13.1, -0.05, -2.9],
			"rotation": {"angle": -22.5, "axis": "y", "origin": [12.1, -0.195, -3.4]},
			"faces": {
				"north": {"uv": [0, 0, 0.5, 0.2], "texture": "#1"},
				"east": {"uv": [0, 0, 1, 0.2], "texture": "#1"},
				"south": {"uv": [0, 0, 0.5, 0.2], "texture": "#1"},
				"west": {"uv": [0, 0, 1, 0.2], "texture": "#1"},
				"up": {"uv": [0, 0, 1, 0.5], "rotation": 270, "texture": "#1"},
				"down": {"uv": [0, 0, 1, 0.5], "rotation": 90, "texture": "#1"}
			}
		},
		{
			"from": [9.7, -0.25, -4.4],
			"to": [10.2, -0.05, -3.4],
			"rotation": {"angle": 0, "axis": "y", "origin": [9.2, -0.195, -3.9]},
			"faces": {
				"north": {"uv": [0, 0, 0.5, 0.2], "texture": "#1"},
				"east": {"uv": [0, 0, 1, 0.2], "texture": "#1"},
				"south": {"uv": [0, 0, 0.5, 0.2], "texture": "#1"},
				"west": {"uv": [0, 0, 1, 0.2], "texture": "#1"},
				"up": {"uv": [0, 0, 1, 0.5], "rotation": 270, "texture": "#1"},
				"down": {"uv": [0, 0, 1, 0.5], "rotation": 90, "texture": "#1"}
			}
		},
		{
			"from": [6.5, -0.25, -4.4],
			"to": [7, -0.05, -3.4],
			"rotation": {"angle": 0, "axis": "y", "origin": [6, -0.195, -3.9]},
			"faces": {
				"north": {"uv": [0, 0, 0.5, 0.2], "texture": "#1"},
				"east": {"uv": [0, 0, 1, 0.2], "texture": "#1"},
				"south": {"uv": [0, 0, 0.5, 0.2], "texture": "#1"},
				"west": {"uv": [0, 0, 1, 0.2], "texture": "#1"},
				"up": {"uv": [0, 0, 1, 0.5], "rotation": 270, "texture": "#1"},
				"down": {"uv": [0, 0, 1, 0.5], "rotation": 90, "texture": "#1"}
			}
		},
		{
			"from": [2, -0.25, -2.8],
			"to": [2.5, -0.05, -1.8],
			"rotation": {"angle": 22.5, "axis": "y", "origin": [1.5, -0.195, -2.3]},
			"faces": {
				"north": {"uv": [0, 0, 0.5, 0.2], "texture": "#1"},
				"east": {"uv": [0, 0, 1, 0.2], "texture": "#1"},
				"south": {"uv": [0, 0, 0.5, 0.2], "texture": "#1"},
				"west": {"uv": [0, 0, 1, 0.2], "texture": "#1"},
				"up": {"uv": [0, 0, 1, 0.5], "rotation": 270, "texture": "#1"},
				"down": {"uv": [0, 0, 1, 0.5], "rotation": 90, "texture": "#1"}
			}
		},
		{
			"from": [-1.3, -0.25, -0.1],
			"to": [-0.8, -0.05, 0.9],
			"rotation": {"angle": 45, "axis": "y", "origin": [-1.8, -0.195, 0.4]},
			"faces": {
				"north": {"uv": [0, 0, 0.5, 0.2], "texture": "#1"},
				"east": {"uv": [0, 0, 1, 0.2], "texture": "#1"},
				"south": {"uv": [0, 0, 0.5, 0.2], "texture": "#1"},
				"west": {"uv": [0, 0, 1, 0.2], "texture": "#1"},
				"up": {"uv": [0, 0, 1, 0.5], "rotation": 270, "texture": "#1"},
				"down": {"uv": [0, 0, 1, 0.5], "rotation": 90, "texture": "#1"}
			}
		},
		{
			"from": [-4, -0.25, 3.6],
			"to": [-3, -0.05, 4.1],
			"rotation": {"angle": -22.5, "axis": "y", "origin": [-3.5, -0.195, 4.6]},
			"faces": {
				"north": {"uv": [0, 0, 1, 0.2], "texture": "#1"},
				"east": {"uv": [0, 0, 0.5, 0.2], "texture": "#1"},
				"south": {"uv": [0, 0, 1, 0.2], "texture": "#1"},
				"west": {"uv": [0, 0, 0.5, 0.2], "texture": "#1"},
				"up": {"uv": [0, 0, 1, 0.5], "rotation": 180, "texture": "#1"},
				"down": {"uv": [0, 0, 1, 0.5], "rotation": 180, "texture": "#1"}
			}
		},
		{
			"from": [-4.8, -0.25, 7.9],
			"to": [-3.8, -0.05, 8.4],
			"rotation": {"angle": 0, "axis": "y", "origin": [-4.3, -0.195, 8.9]},
			"faces": {
				"north": {"uv": [0, 0, 1, 0.2], "texture": "#1"},
				"east": {"uv": [0, 0, 0.5, 0.2], "texture": "#1"},
				"south": {"uv": [0, 0, 1, 0.2], "texture": "#1"},
				"west": {"uv": [0, 0, 0.5, 0.2], "texture": "#1"},
				"up": {"uv": [0, 0, 1, 0.5], "rotation": 180, "texture": "#1"},
				"down": {"uv": [0, 0, 1, 0.5], "rotation": 180, "texture": "#1"}
			}
		},
		{
			"from": [-3.7, -0.25, 11.9],
			"to": [-2.7, -0.05, 12.4],
			"rotation": {"angle": 22.5, "axis": "y", "origin": [-3.2, -0.195, 12.9]},
			"faces": {
				"north": {"uv": [0, 0, 1, 0.2], "texture": "#1"},
				"east": {"uv": [0, 0, 0.5, 0.2], "texture": "#1"},
				"south": {"uv": [0, 0, 1, 0.2], "texture": "#1"},
				"west": {"uv": [0, 0, 0.5, 0.2], "texture": "#1"},
				"up": {"uv": [0, 0, 1, 0.5], "rotation": 180, "texture": "#1"},
				"down": {"uv": [0, 0, 1, 0.5], "rotation": 180, "texture": "#1"}
			}
		},
		{
			"from": [-0.9, -0.25, 15.6],
			"to": [0.1, -0.05, 16.1],
			"rotation": {"angle": 45, "axis": "y", "origin": [-0.4, -0.195, 16.6]},
			"faces": {
				"north": {"uv": [0, 0, 1, 0.2], "texture": "#1"},
				"east": {"uv": [0, 0, 0.5, 0.2], "texture": "#1"},
				"south": {"uv": [0, 0, 1, 0.2], "texture": "#1"},
				"west": {"uv": [0, 0, 0.5, 0.2], "texture": "#1"},
				"up": {"uv": [0, 0, 1, 0.5], "rotation": 180, "texture": "#1"},
				"down": {"uv": [0, 0, 1, 0.5], "rotation": 180, "texture": "#1"}
			}
		},
		{
			"from": [2.2, -0.25, 18.7],
			"to": [2.7, -0.05, 19.7],
			"rotation": {"angle": -22.5, "axis": "y", "origin": [3.2, -0.195, 19.2]},
			"faces": {
				"north": {"uv": [0, 0, 0.5, 0.2], "texture": "#1"},
				"east": {"uv": [0, 0, 1, 0.2], "texture": "#1"},
				"south": {"uv": [0, 0, 0.5, 0.2], "texture": "#1"},
				"west": {"uv": [0, 0, 1, 0.2], "texture": "#1"},
				"up": {"uv": [0, 0, 1, 0.5], "rotation": 90, "texture": "#1"},
				"down": {"uv": [0, 0, 1, 0.5], "rotation": 270, "texture": "#1"}
			}
		},
		{
			"from": [6.4, -0.25, 19.5],
			"to": [6.9, -0.05, 20.5],
			"rotation": {"angle": 0, "axis": "y", "origin": [7.4, -0.195, 20]},
			"faces": {
				"north": {"uv": [0, 0, 0.5, 0.2], "texture": "#1"},
				"east": {"uv": [0, 0, 1, 0.2], "texture": "#1"},
				"south": {"uv": [0, 0, 0.5, 0.2], "texture": "#1"},
				"west": {"uv": [0, 0, 1, 0.2], "texture": "#1"},
				"up": {"uv": [0, 0, 1, 0.5], "rotation": 90, "texture": "#1"},
				"down": {"uv": [0, 0, 1, 0.5], "rotation": 270, "texture": "#1"}
			}
		},
		{
			"from": [11.6, -0.25, 18],
			"to": [12.6, -0.05, 18.5],
			"rotation": {"angle": 22.5, "axis": "y", "origin": [12.1, -0.195, 19]},
			"faces": {
				"north": {"uv": [0, 0, 1, 0.2], "texture": "#1"},
				"east": {"uv": [0, 0, 0.5, 0.2], "texture": "#1"},
				"south": {"uv": [0, 0, 1, 0.2], "texture": "#1"},
				"west": {"uv": [0, 0, 0.5, 0.2], "texture": "#1"},
				"up": {"uv": [0, 0, 1, 0.5], "texture": "#1"},
				"down": {"uv": [0, 0, 1, 0.5], "texture": "#1"}
			}
		},
		{
			"from": [15, -0.25, 16.1],
			"to": [16, -0.05, 16.6],
			"rotation": {"angle": 45, "axis": "y", "origin": [15.5, -0.195, 17.1]},
			"faces": {
				"north": {"uv": [0, 0, 1, 0.2], "texture": "#1"},
				"east": {"uv": [0, 0, 0.5, 0.2], "texture": "#1"},
				"south": {"uv": [0, 0, 1, 0.2], "texture": "#1"},
				"west": {"uv": [0, 0, 0.5, 0.2], "texture": "#1"},
				"up": {"uv": [0, 0, 1, 0.5], "texture": "#1"},
				"down": {"uv": [0, 0, 1, 0.5], "texture": "#1"}
			}
		},
		{
			"from": [17.2, -0.25, 13.4],
			"to": [17.7, -0.05, 14.4],
			"rotation": {"angle": -22.5, "axis": "y", "origin": [18.2, -0.195, 13.9]},
			"faces": {
				"north": {"uv": [0, 0, 0.5, 0.2], "texture": "#1"},
				"east": {"uv": [0, 0, 1, 0.2], "texture": "#1"},
				"south": {"uv": [0, 0, 0.5, 0.2], "texture": "#1"},
				"west": {"uv": [0, 0, 1, 0.2], "texture": "#1"},
				"up": {"uv": [0, 0, 1, 0.5], "rotation": 270, "texture": "#1"},
				"down": {"uv": [0, 0, 1, 0.5], "rotation": 90, "texture": "#1"}
			}
		},
		{
			"from": [18.8, -0.25, 9.6],
			"to": [19.3, -0.05, 10.6],
			"rotation": {"angle": 0, "axis": "y", "origin": [19.8, -0.195, 10.1]},
			"faces": {
				"north": {"uv": [0, 0, 0.5, 0.2], "texture": "#1"},
				"east": {"uv": [0, 0, 1, 0.2], "texture": "#1"},
				"south": {"uv": [0, 0, 0.5, 0.2], "texture": "#1"},
				"west": {"uv": [0, 0, 1, 0.2], "texture": "#1"},
				"up": {"uv": [0, 0, 1, 0.5], "rotation": 270, "texture": "#1"},
				"down": {"uv": [0, 0, 1, 0.5], "rotation": 90, "texture": "#1"}
			}
		},
		{
			"from": [18.8, -0.25, 5.1],
			"to": [19.3, -0.05, 6.1],
			"rotation": {"angle": 0, "axis": "y", "origin": [19.8, -0.195, 5.6]},
			"faces": {
				"north": {"uv": [0, 0, 0.5, 0.2], "texture": "#1"},
				"east": {"uv": [0, 0, 1, 0.2], "texture": "#1"},
				"south": {"uv": [0, 0, 0.5, 0.2], "texture": "#1"},
				"west": {"uv": [0, 0, 1, 0.2], "texture": "#1"},
				"up": {"uv": [0, 0, 1, 0.5], "rotation": 270, "texture": "#1"},
				"down": {"uv": [0, 0, 1, 0.5], "rotation": 90, "texture": "#1"}
			}
		},
		{
			"from": [17, -0.25, 0.9],
			"to": [17.5, -0.05, 1.9],
			"rotation": {"angle": 22.5, "axis": "y", "origin": [18, -0.195, 1.4]},
			"faces": {
				"north": {"uv": [0, 0, 0.5, 0.2], "texture": "#1"},
				"east": {"uv": [0, 0, 1, 0.2], "texture": "#1"},
				"south": {"uv": [0, 0, 0.5, 0.2], "texture": "#1"},
				"west": {"uv": [0, 0, 1, 0.2], "texture": "#1"},
				"up": {"uv": [0, 0, 1, 0.5], "rotation": 270, "texture": "#1"},
				"down": {"uv": [0, 0, 1, 0.5], "rotation": 90, "texture": "#1"}
			}
		},
		{
			"from": [14, -0.25, -2],
			"to": [14.5, -0.05, -1],
			"rotation": {"angle": 45, "axis": "y", "origin": [15, -0.195, -1.5]},
			"faces": {
				"north": {"uv": [0, 0, 0.5, 0.2], "texture": "#1"},
				"east": {"uv": [0, 0, 1, 0.2], "texture": "#1"},
				"south": {"uv": [0, 0, 0.5, 0.2], "texture": "#1"},
				"west": {"uv": [0, 0, 1, 0.2], "texture": "#1"},
				"up": {"uv": [0, 0, 1, 0.5], "rotation": 270, "texture": "#1"},
				"down": {"uv": [0, 0, 1, 0.5], "rotation": 90, "texture": "#1"}
			}
		},
		{
			"from": [11.6, -0.25, -2.9],
			"to": [12.6, -0.05, -2.4],
			"rotation": {"angle": -22.5, "axis": "y", "origin": [12.1, -0.195, -3.4]},
			"faces": {
				"north": {"uv": [0, 0, 1, 0.2], "texture": "#1"},
				"east": {"uv": [0, 0, 0.5, 0.2], "texture": "#1"},
				"south": {"uv": [0, 0, 1, 0.2], "texture": "#1"},
				"west": {"uv": [0, 0, 0.5, 0.2], "texture": "#1"},
				"up": {"uv": [0, 0, 1, 0.5], "rotation": 180, "texture": "#1"},
				"down": {"uv": [0, 0, 1, 0.5], "rotation": 180, "texture": "#1"}
			}
		},
		{
			"from": [8.7, -0.25, -3.4],
			"to": [9.7, -0.05, -2.9],
			"rotation": {"angle": 0, "axis": "y", "origin": [9.2, -0.195, -3.9]},
			"faces": {
				"north": {"uv": [0, 0, 1, 0.2], "texture": "#1"},
				"east": {"uv": [0, 0, 0.5, 0.2], "texture": "#1"},
				"south": {"uv": [0, 0, 1, 0.2], "texture": "#1"},
				"west": {"uv": [0, 0, 0.5, 0.2], "texture": "#1"},
				"up": {"uv": [0, 0, 1, 0.5], "rotation": 180, "texture": "#1"},
				"down": {"uv": [0, 0, 1, 0.5], "rotation": 180, "texture": "#1"}
			}
		},
		{
			"from": [5.5, -0.25, -3.4],
			"to": [6.5, -0.05, -2.9],
			"rotation": {"angle": 0, "axis": "y", "origin": [6, -0.195, -3.9]},
			"faces": {
				"north": {"uv": [0, 0, 1, 0.2], "texture": "#1"},
				"east": {"uv": [0, 0, 0.5, 0.2], "texture": "#1"},
				"south": {"uv": [0, 0, 1, 0.2], "texture": "#1"},
				"west": {"uv": [0, 0, 0.5, 0.2], "texture": "#1"},
				"up": {"uv": [0, 0, 1, 0.5], "rotation": 180, "texture": "#1"},
				"down": {"uv": [0, 0, 1, 0.5], "rotation": 180, "texture": "#1"}
			}
		},
		{
			"from": [1, -0.25, -1.8],
			"to": [2, -0.05, -1.3],
			"rotation": {"angle": 22.5, "axis": "y", "origin": [1.5, -0.195, -2.3]},
			"faces": {
				"north": {"uv": [0, 0, 1, 0.2], "texture": "#1"},
				"east": {"uv": [0, 0, 0.5, 0.2], "texture": "#1"},
				"south": {"uv": [0, 0, 1, 0.2], "texture": "#1"},
				"west": {"uv": [0, 0, 0.5, 0.2], "texture": "#1"},
				"up": {"uv": [0, 0, 1, 0.5], "rotation": 180, "texture": "#1"},
				"down": {"uv": [0, 0, 1, 0.5], "rotation": 180, "texture": "#1"}
			}
		},
		{
			"from": [-2.3, -0.25, 0.9],
			"to": [-1.3, -0.05, 1.4],
			"rotation": {"angle": 45, "axis": "y", "origin": [-1.8, -0.195, 0.4]},
			"faces": {
				"north": {"uv": [0, 0, 1, 0.2], "texture": "#1"},
				"east": {"uv": [0, 0, 0.5, 0.2], "texture": "#1"},
				"south": {"uv": [0, 0, 1, 0.2], "texture": "#1"},
				"west": {"uv": [0, 0, 0.5, 0.2], "texture": "#1"},
				"up": {"uv": [0, 0, 1, 0.5], "rotation": 180, "texture": "#1"},
				"down": {"uv": [0, 0, 1, 0.5], "rotation": 180, "texture": "#1"}
			}
		},
		{
			"from": [-3, -0.25, 4.1],
			"to": [-2.5, -0.05, 5.1],
			"rotation": {"angle": -22.5, "axis": "y", "origin": [-3.5, -0.195, 4.6]},
			"faces": {
				"north": {"uv": [0, 0, 0.5, 0.2], "texture": "#1"},
				"east": {"uv": [0, 0, 1, 0.2], "texture": "#1"},
				"south": {"uv": [0, 0, 0.5, 0.2], "texture": "#1"},
				"west": {"uv": [0, 0, 1, 0.2], "texture": "#1"},
				"up": {"uv": [0, 0, 1, 0.5], "rotation": 90, "texture": "#1"},
				"down": {"uv": [0, 0, 1, 0.5], "rotation": 270, "texture": "#1"}
			}
		},
		{
			"from": [-3.8, -0.25, 8.4],
			"to": [-3.3, -0.05, 9.4],
			"rotation": {"angle": 0, "axis": "y", "origin": [-4.3, -0.195, 8.9]},
			"faces": {
				"north": {"uv": [0, 0, 0.5, 0.2], "texture": "#1"},
				"east": {"uv": [0, 0, 1, 0.2], "texture": "#1"},
				"south": {"uv": [0, 0, 0.5, 0.2], "texture": "#1"},
				"west": {"uv": [0, 0, 1, 0.2], "texture": "#1"},
				"up": {"uv": [0, 0, 1, 0.5], "rotation": 90, "texture": "#1"},
				"down": {"uv": [0, 0, 1, 0.5], "rotation": 270, "texture": "#1"}
			}
		},
		{
			"from": [-2.7, -0.25, 12.4],
			"to": [-2.2, -0.05, 13.4],
			"rotation": {"angle": 22.5, "axis": "y", "origin": [-3.2, -0.195, 12.9]},
			"faces": {
				"north": {"uv": [0, 0, 0.5, 0.2], "texture": "#1"},
				"east": {"uv": [0, 0, 1, 0.2], "texture": "#1"},
				"south": {"uv": [0, 0, 0.5, 0.2], "texture": "#1"},
				"west": {"uv": [0, 0, 1, 0.2], "texture": "#1"},
				"up": {"uv": [0, 0, 1, 0.5], "rotation": 90, "texture": "#1"},
				"down": {"uv": [0, 0, 1, 0.5], "rotation": 270, "texture": "#1"}
			}
		},
		{
			"from": [0.1, -0.25, 16.1],
			"to": [0.6, -0.05, 17.1],
			"rotation": {"angle": 45, "axis": "y", "origin": [-0.4, -0.195, 16.6]},
			"faces": {
				"north": {"uv": [0, 0, 0.5, 0.2], "texture": "#1"},
				"east": {"uv": [0, 0, 1, 0.2], "texture": "#1"},
				"south": {"uv": [0, 0, 0.5, 0.2], "texture": "#1"},
				"west": {"uv": [0, 0, 1, 0.2], "texture": "#1"},
				"up": {"uv": [0, 0, 1, 0.5], "rotation": 90, "texture": "#1"},
				"down": {"uv": [0, 0, 1, 0.5], "rotation": 270, "texture": "#1"}
			}
		},
		{
			"from": [2.7, -0.25, 18.2],
			"to": [3.7, -0.05, 18.7],
			"rotation": {"angle": -22.5, "axis": "y", "origin": [3.2, -0.195, 19.2]},
			"faces": {
				"north": {"uv": [0, 0, 1, 0.2], "texture": "#1"},
				"east": {"uv": [0, 0, 0.5, 0.2], "texture": "#1"},
				"south": {"uv": [0, 0, 1, 0.2], "texture": "#1"},
				"west": {"uv": [0, 0, 0.5, 0.2], "texture": "#1"},
				"up": {"uv": [0, 0, 1, 0.5], "texture": "#1"},
				"down": {"uv": [0, 0, 1, 0.5], "texture": "#1"}
			}
		},
		{
			"from": [6.9, -0.25, 19],
			"to": [7.9, -0.05, 19.5],
			"rotation": {"angle": 0, "axis": "y", "origin": [7.4, -0.195, 20]},
			"faces": {
				"north": {"uv": [0, 0, 1, 0.2], "texture": "#1"},
				"east": {"uv": [0, 0, 0.5, 0.2], "texture": "#1"},
				"south": {"uv": [0, 0, 1, 0.2], "texture": "#1"},
				"west": {"uv": [0, 0, 0.5, 0.2], "texture": "#1"},
				"up": {"uv": [0, 0, 1, 0.5], "texture": "#1"},
				"down": {"uv": [0, 0, 1, 0.5], "texture": "#1"}
			}
		}
	],
	"display": {
		"head": {
			"translation": [0, -14, 0],
			"scale": [3.72, 3.72, 3.72]
		}
	},
	"groups": [
		{
			"name": "group",
			"origin": [13.4, 0.5, 10.7],
			"children": [0, 1, 2, 3, 4, 5, 6, 7, 8, 9, 10, 11, 12, 13, 14, 15,
				{
					"name": "group",
					"origin": [21.65, 0.5, 4.25],
					"children": [16, 17, 18, 19, 20, 21, 22, 23, 24, 25, 26, 27, 28, 29, 30, 31, 32, 33,
						{
							"name": "group",
							"origin": [7.5, 0.5, 10.5],
							"children": [
								{
									"name": "group",
									"origin": [19.8, -0.195, 10.1],
									"children": [34, 35, 36, 37, 38, 39, 40, 41, 42, 43, 44, 45, 46, 47, 48, 49, 50, 51]
								}, 52, 53, 54, 55, 56, 57, 58, 59, 60, 61, 62, 63, 64, 65, 66, 67, 68, 69, 70, 71, 72, 73, 74, 75, 76, 77, 78, 79, 80, 81, 82, 83, 84, 85, 86, 87, 88, 89, 90, 91, 92, 93, 94, 95, 96, 97, 98, 99, 100, 101, 102, 103, 104, 105, 106, 107, 108, 109, 110, 111, 112, 113, 114, 115, 116, 117, 118, 119, 120, 121, 122, 123]
						}
					]
				}
			]
		}
	]
}