{
	"credit": "Made with Blockbench",
	"textures": {
		"7": "custom/light_gray_concrete",
		"particle": "custom/light_gray_concrete"
	},
	"elements": [
		{
			"from": [2, -12.41236, -4.82776],
			"to": [14, 32, 5.17224],
			"rotation": {"angle": -22.5, "axis": "x", "origin": [8, 8.08764, 0.17224]},
			"faces": {
				"north": {"uv": [0, 0, 16, 16], "texture": "#7"},
				"east": {"uv": [0, 0, 0.25, 16], "texture": "#7"},
				"south": {"uv": [0, 0, 16, 16], "texture": "#7"},
				"west": {"uv": [0, 0, 0.25, 16], "texture": "#7"},
				"up": {"uv": [0, 0, 16, 0.25], "texture": "#7"},
				"down": {"uv": [0, 0, 16, 0.25], "texture": "#7"}
			}
		},
		{
			"from": [2, -16, -10.07487],
			"to": [14, 32, -0.07487],
			"rotation": {"angle": -45, "axis": "x", "origin": [8, 0.57538, -5.07487]},
			"faces": {
				"north": {"uv": [0, 0, 16, 16], "texture": "#7"},
				"east": {"uv": [0, 0, 0.25, 16], "texture": "#7"},
				"south": {"uv": [0, 0, 16, 16], "texture": "#7"},
				"west": {"uv": [0, 0, 0.25, 16], "texture": "#7"},
				"up": {"uv": [0, 0, 16, 0.25], "texture": "#7"},
				"down": {"uv": [0, 0, 16, 0.25], "texture": "#7"}
			}
		}
	],
	"display": {
		"thirdperson_righthand": {
			"translation": [0, 0, 9.5]
		},
		"head": {
			"translation": [0, -30.5, 0],
			"scale": [1.6, 1.6, 1.6]
		}
	}
}