{
	"credit": "Made with Blockbench",
	"textures": {
		"0": "custom/tardis_maintenance_corridor"
	},
	"elements": [
		{
			"from": [-8, -4.87612, -7],
			"to": [24, -3.87612, 23],
			"rotation": {"angle": 22.5, "axis": "z", "origin": [8, -4.37612, 8]},
			"faces": {
				"north": {"uv": [0, 0, 16, 1], "rotation": 180, "texture": "#0"},
				"east": {"uv": [0, 0, 1, 16], "rotation": 270, "texture": "#0"},
				"south": {"uv": [0, 0, 16, 1], "texture": "#0"},
				"west": {"uv": [0, 0, 1, 16], "rotation": 90, "texture": "#0"},
				"up": {"uv": [0, 0, 16, 16], "rotation": 180, "texture": "#0"},
				"down": {"uv": [0, 0, 16, 16], "texture": "#0"}
			}
		},
		{
			"from": [16, 1.12388, -16],
			"to": [32, 2.12388, 32],
			"rotation": {"angle": 0, "axis": "z", "origin": [32, 1.62388, 8]},
			"faces": {
				"north": {"uv": [0, 0, 16, 1], "rotation": 180, "texture": "#0"},
				"east": {"uv": [0, 0, 1, 16], "rotation": 270, "texture": "#0"},
				"south": {"uv": [0, 0, 16, 1], "texture": "#0"},
				"west": {"uv": [0, 0, 1, 16], "rotation": 90, "texture": "#0"},
				"up": {"uv": [0, 0, 16, 16], "rotation": 180, "texture": "#0"},
				"down": {"uv": [0, 0, 16, 16], "texture": "#0"}
			}
		}
	],
	"display": {
		"thirdperson_righthand": {
			"translation": [0, 0, 9.5]
		},
		"head": {
			"rotation": [0, 90, 0],
			"translation": [0, -30.5, 12.25],
			"scale": [1.6, 1.6, 1.6]
		}
	},
	"groups": [
		{
			"name": "group",
			"origin": [-8, 33, 8],
			"children": [0, 1]
		}
	]
}