{
	"credit": "Made with Blockbench",
	"textures": {
		"3": "custom/light_gray_concrete",
		"particle": "custom/light_gray_concrete"
	},
	"elements": [
		{
			"from": [2, 25, -3],
			"to": [14, 32, 7],
			"rotation": {"angle": 0, "axis": "y", "origin": [-8, 33, 8]},
			"faces": {
				"north": {"uv": [0, 0, 16, 7], "texture": "#3"},
				"east": {"uv": [0, 0, 4, 7], "texture": "#3"},
				"south": {"uv": [0, 0, 16, 7], "texture": "#3"},
				"west": {"uv": [0, 0, 4, 7], "texture": "#3"},
				"up": {"uv": [0, 0, 16, 4], "texture": "#3"},
				"down": {"uv": [0, 0, 16, 4], "texture": "#3"}
			}
		}
	],
	"display": {
		"thirdperson_righthand": {
			"translation": [0, 0, 9.5]
		},
		"head": {
			"translation": [0, -30.5, 0],
			"scale": [1.6, 1.6, 1.6]
		}
	},
	"groups": [
		{
			"name": "group",
			"origin": [-8, 33, 8],
			"children": [0]
		}
	]
}