{
	"credit": "Made with Blockbench",
	"textures": {
		"1": "custom/light_gray_concrete",
		"particle": "custom/light_gray_concrete"
	},
	"elements": [
		{
			"from": [2, 0.07033, -0.97087],
			"to": [14, 25.07033, 8.02913],
			"rotation": {"angle": 0, "axis": "x", "origin": [8, 9.57033, 1.52913]},
			"faces": {
				"north": {"uv": [0, 0, 16, 16], "texture": "#1"},
				"east": {"uv": [0, 0, 1, 16], "texture": "#1"},
				"south": {"uv": [0, 0, 16, 16], "texture": "#1"},
				"west": {"uv": [0, 0, 1, 16], "texture": "#1"},
				"up": {"uv": [0, 0, 16, 1], "texture": "#1"},
				"down": {"uv": [0, 0, 16, 1], "texture": "#1"}
			}
		}
	],
	"display": {
		"thirdperson_righthand": {
			"translation": [0, 0, 9.5]
		},
		"head": {
			"translation": [0, -30.5, 0],
			"scale": [1.6, 1.6, 1.6]
		}
	},
	"groups": [
		{
			"name": "group",
			"origin": [-8, 33, 8],
			"children": [0]
		}
	]
}