{
	"credit": "Made with Blockbench",
	"textures": {
		"1": "custom/tardis_maintenance_corridor",
		"particle": "custom/tardis_key"
	},
	"elements": [
		{
			"from": [12.04, -1.1, 5.868],
			"to": [17.09, 0, 9.968],
			"rotation": {"angle": 0, "axis": "y", "origin": [10.1, -5, 8]},
			"faces": {
				"north": {"uv": [0, 0, 5.05, 1.1], "texture": "#1"},
				"east": {"uv": [0, 0, 4.1, 1.1], "texture": "#1"},
				"south": {"uv": [0, 0, 5.05, 1.1], "texture": "#1"},
				"west": {"uv": [0, 0, 4.1, 1.1], "texture": "#1"},
				"up": {"uv": [0, 0, 4.1, 5.05], "rotation": 90, "texture": "#1"},
				"down": {"uv": [0, 0, 4.1, 5.05], "rotation": 270, "texture": "#1"}
			}
		},
		{
			"from": [11.8518, -1.1, 2.4355],
			"to": [17.1018, 0, 5.7355],
			"rotation": {"angle": 22.5, "axis": "y", "origin": [17.35, -5, 5.85]},
			"faces": {
				"north": {"uv": [0, 0, 5.25, 1.1], "texture": "#1"},
				"east": {"uv": [0, 0, 3.3, 1.1], "texture": "#1"},
				"south": {"uv": [0, 0, 5.25, 1.1], "texture": "#1"},
				"west": {"uv": [0, 0, 3.3, 1.1], "texture": "#1"},
				"up": {"uv": [0, 0, 3.3, 5.25], "rotation": 90, "texture": "#1"},
				"down": {"uv": [0, 0, 3.3, 5.25], "rotation": 270, "texture": "#1"}
			}
		},
		{
			"from": [10.328, -1.1, -2.085],
			"to": [13.328, 0, 3.165],
			"rotation": {"angle": -22.5, "axis": "y", "origin": [8.1, -5, -2.3]},
			"faces": {
				"north": {"uv": [0, 0, 3, 1.1], "texture": "#1"},
				"east": {"uv": [0, 0, 5.25, 1.1], "texture": "#1"},
				"south": {"uv": [0, 0, 3, 1.1], "texture": "#1"},
				"west": {"uv": [0, 0, 5.25, 1.1], "texture": "#1"},
				"up": {"uv": [0, 0, 3, 5.25], "texture": "#1"},
				"down": {"uv": [0, 0, 3, 5.25], "texture": "#1"}
			}
		},
		{
			"from": [10.7955, -1.1, -1.549],
			"to": [16.0455, 0, 2.551],
			"rotation": {"angle": 45, "axis": "y", "origin": [16.2818, -5, 2.9818]},
			"faces": {
				"north": {"uv": [0, 0, 5.25, 1.1], "texture": "#1"},
				"east": {"uv": [0, 0, 4.1, 1.1], "texture": "#1"},
				"south": {"uv": [0, 0, 5.25, 1.1], "texture": "#1"},
				"west": {"uv": [0, 0, 4.1, 1.1], "texture": "#1"},
				"up": {"uv": [0, 0, 4.1, 5.25], "rotation": 90, "texture": "#1"},
				"down": {"uv": [0, 0, 4.1, 5.25], "rotation": 270, "texture": "#1"}
			}
		},
		{
			"from": [-1.273, -1.1, 5.768],
			"to": [3.977, 0, 9.668],
			"rotation": {"angle": 0, "axis": "y", "origin": [-9, -5, 8]},
			"faces": {
				"north": {"uv": [0, 0, 5.25, 1.1], "texture": "#1"},
				"east": {"uv": [0, 0, 3.9, 1.1], "texture": "#1"},
				"south": {"uv": [0, 0, 5.25, 1.1], "texture": "#1"},
				"west": {"uv": [0, 0, 3.9, 1.1], "texture": "#1"},
				"up": {"uv": [0, 0, 3.9, 5.25], "rotation": 90, "texture": "#1"},
				"down": {"uv": [0, 0, 3.9, 5.25], "rotation": 270, "texture": "#1"}
			}
		},
		{
			"from": [6.1, -1.1, 12],
			"to": [10.15, 0, 17.25],
			"rotation": {"angle": 0, "axis": "y", "origin": [8, -5, 11.5]},
			"faces": {
				"north": {"uv": [0, 0, 4.05, 1.1], "texture": "#1"},
				"east": {"uv": [0, 0, 5.25, 1.1], "texture": "#1"},
				"south": {"uv": [0, 0, 4.05, 1.1], "texture": "#1"},
				"west": {"uv": [0, 0, 5.25, 1.1], "texture": "#1"},
				"up": {"uv": [0, 0, 4.05, 5.25], "texture": "#1"},
				"down": {"uv": [0, 0, 4.05, 5.25], "texture": "#1"}
			}
		},
		{
			"from": [6.008, -1.1, -1.2152],
			"to": [10.108, 0, 3.9348],
			"rotation": {"angle": 0, "axis": "y", "origin": [8, -5, 4.5]},
			"faces": {
				"north": {"uv": [0, 0, 4.1, 1.1], "texture": "#1"},
				"east": {"uv": [0, 0, 5.15, 1.1], "texture": "#1"},
				"south": {"uv": [0, 0, 4.1, 1.1], "texture": "#1"},
				"west": {"uv": [0, 0, 5.15, 1.1], "texture": "#1"},
				"up": {"uv": [0, 0, 4.1, 5.15], "texture": "#1"},
				"down": {"uv": [0, 0, 4.1, 5.15], "texture": "#1"}
			}
		},
		{
			"from": [-1.1744, -1.1, 13.856],
			"to": [4.0756, 0, 17.856],
			"rotation": {"angle": 45, "axis": "y", "origin": [-1.4682, -5, 11.8818]},
			"faces": {
				"north": {"uv": [0, 0, 5.25, 1.1], "texture": "#1"},
				"east": {"uv": [0, 0, 4, 1.1], "texture": "#1"},
				"south": {"uv": [0, 0, 5.25, 1.1], "texture": "#1"},
				"west": {"uv": [0, 0, 4, 1.1], "texture": "#1"},
				"up": {"uv": [0, 0, 4, 5.25], "rotation": 90, "texture": "#1"},
				"down": {"uv": [0, 0, 4, 5.25], "rotation": 270, "texture": "#1"}
			}
		},
		{
			"from": [3.119, -1.1, 9.658],
			"to": [6.419, 0, 14.908],
			"rotation": {"angle": -22.5, "axis": "y", "origin": [0.5, -5, 15.15]},
			"faces": {
				"north": {"uv": [0, 0, 3.3, 1.1], "texture": "#1"},
				"east": {"uv": [0, 0, 5.25, 1.1], "texture": "#1"},
				"south": {"uv": [0, 0, 3.3, 1.1], "texture": "#1"},
				"west": {"uv": [0, 0, 5.25, 1.1], "texture": "#1"},
				"up": {"uv": [0, 0, 3.3, 5.25], "texture": "#1"},
				"down": {"uv": [0, 0, 3.3, 5.25], "texture": "#1"}
			}
		},
		{
			"from": [-1.004, -1.1, 9.774],
			"to": [4.246, 0, 13.374],
			"rotation": {"angle": 22.5, "axis": "y", "origin": [-1.3, -5, 10.35]},
			"faces": {
				"north": {"uv": [0, 0, 5.25, 1.1], "texture": "#1"},
				"east": {"uv": [0, 0, 3.6, 1.1], "texture": "#1"},
				"south": {"uv": [0, 0, 5.25, 1.1], "texture": "#1"},
				"west": {"uv": [0, 0, 3.6, 1.1], "texture": "#1"},
				"up": {"uv": [0, 0, 3.6, 5.25], "rotation": 90, "texture": "#1"},
				"down": {"uv": [0, 0, 3.6, 5.25], "rotation": 270, "texture": "#1"}
			}
		},
		{
			"from": [2.325, -1.1, -1.372],
			"to": [5.825, 0, 3.878],
			"rotation": {"angle": 22.5, "axis": "y", "origin": [6.3, -5, -1.6]},
			"faces": {
				"north": {"uv": [0, 0, 3.5, 1.1], "texture": "#1"},
				"east": {"uv": [0, 0, 5.25, 1.1], "texture": "#1"},
				"south": {"uv": [0, 0, 3.5, 1.1], "texture": "#1"},
				"west": {"uv": [0, 0, 5.25, 1.1], "texture": "#1"},
				"up": {"uv": [0, 0, 3.5, 5.25], "texture": "#1"},
				"down": {"uv": [0, 0, 3.5, 5.25], "texture": "#1"}
			}
		},
		{
			"from": [-1.597, -1.1, -0.2145],
			"to": [2.403, 0, 5.0355],
			"rotation": {"angle": 45, "axis": "y", "origin": [2.9818, -5, -0.4182]},
			"faces": {
				"north": {"uv": [0, 0, 4, 1.1], "texture": "#1"},
				"east": {"uv": [0, 0, 5.25, 1.1], "texture": "#1"},
				"south": {"uv": [0, 0, 4, 1.1], "texture": "#1"},
				"west": {"uv": [0, 0, 5.25, 1.1], "texture": "#1"},
				"up": {"uv": [0, 0, 4, 5.25], "texture": "#1"},
				"down": {"uv": [0, 0, 4, 5.25], "texture": "#1"}
			}
		},
		{
			"from": [-2.055, -1.1, 2.432],
			"to": [3.195, 0, 5.532],
			"rotation": {"angle": -22.5, "axis": "y", "origin": [-2.3, -5, 7.6]},
			"faces": {
				"north": {"uv": [0, 0, 5.25, 1.1], "texture": "#1"},
				"east": {"uv": [0, 0, 3.1, 1.1], "texture": "#1"},
				"south": {"uv": [0, 0, 5.25, 1.1], "texture": "#1"},
				"west": {"uv": [0, 0, 3.1, 1.1], "texture": "#1"},
				"up": {"uv": [0, 0, 3.1, 5.25], "rotation": 270, "texture": "#1"},
				"down": {"uv": [0, 0, 3.1, 5.25], "rotation": 90, "texture": "#1"}
			}
		},
		{
			"from": [13.572, -1.1, 10.575],
			"to": [16.572, 0, 15.825],
			"rotation": {"angle": 45, "axis": "y", "origin": [13.4818, -5, 16.0818]},
			"faces": {
				"north": {"uv": [0, 0, 3, 1.1], "texture": "#1"},
				"east": {"uv": [0, 0, 5.25, 1.1], "texture": "#1"},
				"south": {"uv": [0, 0, 3, 1.1], "texture": "#1"},
				"west": {"uv": [0, 0, 5.25, 1.1], "texture": "#1"},
				"up": {"uv": [0, 0, 3, 5.25], "texture": "#1"},
				"down": {"uv": [0, 0, 3, 5.25], "texture": "#1"}
			}
		},
		{
			"from": [10.25, -1.1, 11.875],
			"to": [13.75, 0, 17.125],
			"rotation": {"angle": 22.5, "axis": "y", "origin": [10.5, -5, 17.4]},
			"faces": {
				"north": {"uv": [0, 0, 3.5, 1.1], "texture": "#1"},
				"east": {"uv": [0, 0, 5.25, 1.1], "texture": "#1"},
				"south": {"uv": [0, 0, 3.5, 1.1], "texture": "#1"},
				"west": {"uv": [0, 0, 5.25, 1.1], "texture": "#1"},
				"up": {"uv": [0, 0, 3.5, 5.25], "texture": "#1"},
				"down": {"uv": [0, 0, 3.5, 5.25], "texture": "#1"}
			}
		},
		{
			"from": [10.282, -1.1, 9.725],
			"to": [15.332, 0, 13.825],
			"rotation": {"angle": -22.5, "axis": "y", "origin": [15.7, -5, 14.2]},
			"faces": {
				"north": {"uv": [0, 0, 5.05, 1.1], "texture": "#1"},
				"east": {"uv": [0, 0, 4.1, 1.1], "texture": "#1"},
				"south": {"uv": [0, 0, 5.05, 1.1], "texture": "#1"},
				"west": {"uv": [0, 0, 4.1, 1.1], "texture": "#1"},
				"up": {"uv": [0, 0, 4.1, 5.05], "rotation": 270, "texture": "#1"},
				"down": {"uv": [0, 0, 4.1, 5.05], "rotation": 90, "texture": "#1"}
			}
		},
		{
			"from": [4.008, -6, 0.7848],
			"to": [12.108, 0.1, 5.9348],
			"rotation": {"angle": -22.5, "axis": "x", "origin": [8.058, -2.45, 3.3598]},
			"faces": {
				"north": {"uv": [0, 0, 8.1, 6.1], "texture": "#1"},
				"east": {"uv": [0, 0, 5.15, 6.1], "texture": "#1"},
				"south": {"uv": [0, 0, 8.1, 6.1], "texture": "#1"},
				"west": {"uv": [0, 0, 5.15, 6.1], "texture": "#1"},
				"up": {"uv": [0, 0, 8.1, 5.15], "texture": "#1"},
				"down": {"uv": [0, 0, 8.1, 5.15], "texture": "#1"}
			}
		},
		{
			"from": [4.1, -6, 10],
			"to": [12.15, 0.1, 15.25],
			"rotation": {"angle": 22.5, "axis": "x", "origin": [8.125, -2.45, 12.625]},
			"faces": {
				"north": {"uv": [0, 0, 8.05, 6.1], "texture": "#1"},
				"east": {"uv": [0, 0, 5.25, 6.1], "texture": "#1"},
				"south": {"uv": [0, 0, 8.05, 6.1], "texture": "#1"},
				"west": {"uv": [0, 0, 5.25, 6.1], "texture": "#1"},
				"up": {"uv": [0, 0, 8.05, 5.25], "texture": "#1"},
				"down": {"uv": [0, 0, 8.05, 5.25], "texture": "#1"}
			}
		},
		{
			"from": [10.04, -6, 3.868],
			"to": [15.09, 0.1, 11.968],
			"rotation": {"angle": -22.5, "axis": "z", "origin": [12.565, -2.45, 7.918]},
			"faces": {
				"north": {"uv": [0, 0, 5.05, 6.1], "texture": "#1"},
				"east": {"uv": [0, 0, 8.1, 6.1], "texture": "#1"},
				"south": {"uv": [0, 0, 5.05, 6.1], "texture": "#1"},
				"west": {"uv": [0, 0, 8.1, 6.1], "texture": "#1"},
				"up": {"uv": [0, 0, 8.1, 5.05], "rotation": 90, "texture": "#1"},
				"down": {"uv": [0, 0, 8.1, 5.05], "rotation": 270, "texture": "#1"}
			}
		},
		{
			"from": [0.727, -6, 3.768],
			"to": [5.977, 0.1, 11.668],
			"rotation": {"angle": 22.5, "axis": "z", "origin": [3.352, -2.45, 7.718]},
			"faces": {
				"north": {"uv": [0, 0, 5.25, 6.1], "texture": "#1"},
				"east": {"uv": [0, 0, 7.9, 6.1], "texture": "#1"},
				"south": {"uv": [0, 0, 5.25, 6.1], "texture": "#1"},
				"west": {"uv": [0, 0, 7.9, 6.1], "texture": "#1"},
				"up": {"uv": [0, 0, 7.9, 5.25], "rotation": 90, "texture": "#1"},
				"down": {"uv": [0, 0, 7.9, 5.25], "rotation": 270, "texture": "#1"}
			}
		},
		{
			"from": [11.04, -7, 6.268],
			"to": [15.09, -5.7, 9.568],
			"rotation": {"angle": 0, "axis": "y", "origin": [10.1, -10.7, 8]},
			"faces": {
				"north": {"uv": [0, 0, 4.05, 1.3], "texture": "#1"},
				"east": {"uv": [0, 0, 3.3, 1.3], "texture": "#1"},
				"south": {"uv": [0, 0, 4.05, 1.3], "texture": "#1"},
				"west": {"uv": [0, 0, 3.3, 1.3], "texture": "#1"},
				"up": {"uv": [0, 0, 3.3, 4.05], "rotation": 90, "texture": "#1"},
				"down": {"uv": [0, 0, 3.3, 4.05], "rotation": 270, "texture": "#1"}
			}
		},
		{
			"from": [10.8518, -7, 2.9355],
			"to": [15.1018, -5.7, 5.4355],
			"rotation": {"angle": 22.5, "axis": "y", "origin": [17.35, -10.7, 5.85]},
			"faces": {
				"north": {"uv": [0, 0, 4.25, 1.3], "texture": "#1"},
				"east": {"uv": [0, 0, 2.5, 1.3], "texture": "#1"},
				"south": {"uv": [0, 0, 4.25, 1.3], "texture": "#1"},
				"west": {"uv": [0, 0, 2.5, 1.3], "texture": "#1"},
				"up": {"uv": [0, 0, 2.5, 4.25], "rotation": 90, "texture": "#1"},
				"down": {"uv": [0, 0, 2.5, 4.25], "rotation": 270, "texture": "#1"}
			}
		},
		{
			"from": [10.828, -7, -0.085],
			"to": [13.028, -5.7, 4.165],
			"rotation": {"angle": -22.5, "axis": "y", "origin": [8.1, -10.7, -2.3]},
			"faces": {
				"north": {"uv": [0, 0, 2.2, 1.3], "texture": "#1"},
				"east": {"uv": [0, 0, 4.25, 1.3], "texture": "#1"},
				"south": {"uv": [0, 0, 2.2, 1.3], "texture": "#1"},
				"west": {"uv": [0, 0, 4.25, 1.3], "texture": "#1"},
				"up": {"uv": [0, 0, 2.2, 4.25], "texture": "#1"},
				"down": {"uv": [0, 0, 2.2, 4.25], "texture": "#1"}
			}
		},
		{
			"from": [9.7955, -7, -1.149],
			"to": [14.0455, -5.7, 2.251],
			"rotation": {"angle": 45, "axis": "y", "origin": [16.2818, -10.7, 2.9818]},
			"faces": {
				"north": {"uv": [0, 0, 4.25, 1.3], "texture": "#1"},
				"east": {"uv": [0, 0, 3.4, 1.3], "texture": "#1"},
				"south": {"uv": [0, 0, 4.25, 1.3], "texture": "#1"},
				"west": {"uv": [0, 0, 3.4, 1.3], "texture": "#1"},
				"up": {"uv": [0, 0, 3.4, 4.25], "rotation": 90, "texture": "#1"},
				"down": {"uv": [0, 0, 3.4, 4.25], "rotation": 270, "texture": "#1"}
			}
		},
		{
			"from": [0.727, -7, 6.168],
			"to": [4.977, -5.7, 9.268],
			"rotation": {"angle": 0, "axis": "y", "origin": [-9, -10.7, 8]},
			"faces": {
				"north": {"uv": [0, 0, 4.25, 1.3], "texture": "#1"},
				"east": {"uv": [0, 0, 3.1, 1.3], "texture": "#1"},
				"south": {"uv": [0, 0, 4.25, 1.3], "texture": "#1"},
				"west": {"uv": [0, 0, 3.1, 1.3], "texture": "#1"},
				"up": {"uv": [0, 0, 3.1, 4.25], "rotation": 90, "texture": "#1"},
				"down": {"uv": [0, 0, 3.1, 4.25], "rotation": 270, "texture": "#1"}
			}
		},
		{
			"from": [6.5, -7, 11],
			"to": [9.75, -5.7, 15.25],
			"rotation": {"angle": 0, "axis": "y", "origin": [8, -10.7, 11.5]},
			"faces": {
				"north": {"uv": [0, 0, 3.25, 1.3], "texture": "#1"},
				"east": {"uv": [0, 0, 4.25, 1.3], "texture": "#1"},
				"south": {"uv": [0, 0, 3.25, 1.3], "texture": "#1"},
				"west": {"uv": [0, 0, 4.25, 1.3], "texture": "#1"},
				"up": {"uv": [0, 0, 3.25, 4.25], "texture": "#1"},
				"down": {"uv": [0, 0, 3.25, 4.25], "texture": "#1"}
			}
		},
		{
			"from": [6.408, -7, 0.7848],
			"to": [9.808, -5.7, 4.9348],
			"rotation": {"angle": 0, "axis": "y", "origin": [8, -10.7, 4.5]},
			"faces": {
				"north": {"uv": [0, 0, 3.4, 1.3], "texture": "#1"},
				"east": {"uv": [0, 0, 4.15, 1.3], "texture": "#1"},
				"south": {"uv": [0, 0, 3.4, 1.3], "texture": "#1"},
				"west": {"uv": [0, 0, 4.15, 1.3], "texture": "#1"},
				"up": {"uv": [0, 0, 3.4, 4.15], "texture": "#1"},
				"down": {"uv": [0, 0, 3.4, 4.15], "texture": "#1"}
			}
		},
		{
			"from": [0.8256, -7, 14.356],
			"to": [5.0756, -5.7, 17.456],
			"rotation": {"angle": 45, "axis": "y", "origin": [-1.4682, -10.7, 11.8818]},
			"faces": {
				"north": {"uv": [0, 0, 4.25, 1.3], "texture": "#1"},
				"east": {"uv": [0, 0, 3.1, 1.3], "texture": "#1"},
				"south": {"uv": [0, 0, 4.25, 1.3], "texture": "#1"},
				"west": {"uv": [0, 0, 3.1, 1.3], "texture": "#1"},
				"up": {"uv": [0, 0, 3.1, 4.25], "rotation": 90, "texture": "#1"},
				"down": {"uv": [0, 0, 3.1, 4.25], "rotation": 270, "texture": "#1"}
			}
		},
		{
			"from": [3.419, -7, 8.658],
			"to": [6.119, -5.7, 12.908],
			"rotation": {"angle": -22.5, "axis": "y", "origin": [0.5, -10.7, 15.15]},
			"faces": {
				"north": {"uv": [0, 0, 2.7, 1.3], "texture": "#1"},
				"east": {"uv": [0, 0, 4.25, 1.3], "texture": "#1"},
				"south": {"uv": [0, 0, 2.7, 1.3], "texture": "#1"},
				"west": {"uv": [0, 0, 4.25, 1.3], "texture": "#1"},
				"up": {"uv": [0, 0, 2.7, 4.25], "texture": "#1"},
				"down": {"uv": [0, 0, 2.7, 4.25], "texture": "#1"}
			}
		},
		{
			"from": [0.996, -7, 10.174],
			"to": [5.246, -5.7, 13.074],
			"rotation": {"angle": 22.5, "axis": "y", "origin": [-1.3, -10.7, 10.35]},
			"faces": {
				"north": {"uv": [0, 0, 4.25, 1.3], "texture": "#1"},
				"east": {"uv": [0, 0, 2.9, 1.3], "texture": "#1"},
				"south": {"uv": [0, 0, 4.25, 1.3], "texture": "#1"},
				"west": {"uv": [0, 0, 2.9, 1.3], "texture": "#1"},
				"up": {"uv": [0, 0, 2.9, 4.25], "rotation": 90, "texture": "#1"},
				"down": {"uv": [0, 0, 2.9, 4.25], "rotation": 270, "texture": "#1"}
			}
		},
		{
			"from": [2.725, -7, 0.628],
			"to": [5.525, -5.7, 4.878],
			"rotation": {"angle": 22.5, "axis": "y", "origin": [6.3, -10.7, -1.6]},
			"faces": {
				"north": {"uv": [0, 0, 2.8, 1.3], "texture": "#1"},
				"east": {"uv": [0, 0, 4.25, 1.3], "texture": "#1"},
				"south": {"uv": [0, 0, 2.8, 1.3], "texture": "#1"},
				"west": {"uv": [0, 0, 4.25, 1.3], "texture": "#1"},
				"up": {"uv": [0, 0, 2.8, 4.25], "texture": "#1"},
				"down": {"uv": [0, 0, 2.8, 4.25], "texture": "#1"}
			}
		},
		{
			"from": [-1.197, -7, 1.7855],
			"to": [2.003, -5.7, 6.0355],
			"rotation": {"angle": 45, "axis": "y", "origin": [2.9818, -10.7, -0.4182]},
			"faces": {
				"north": {"uv": [0, 0, 3.2, 1.3], "texture": "#1"},
				"east": {"uv": [0, 0, 4.25, 1.3], "texture": "#1"},
				"south": {"uv": [0, 0, 3.2, 1.3], "texture": "#1"},
				"west": {"uv": [0, 0, 4.25, 1.3], "texture": "#1"},
				"up": {"uv": [0, 0, 3.2, 4.25], "texture": "#1"},
				"down": {"uv": [0, 0, 3.2, 4.25], "texture": "#1"}
			}
		},
		{
			"from": [-0.055, -7, 2.832],
			"to": [4.195, -5.7, 5.132],
			"rotation": {"angle": -22.5, "axis": "y", "origin": [-2.3, -10.7, 7.6]},
			"faces": {
				"north": {"uv": [0, 0, 4.25, 1.3], "texture": "#1"},
				"east": {"uv": [0, 0, 2.3, 1.3], "texture": "#1"},
				"south": {"uv": [0, 0, 4.25, 1.3], "texture": "#1"},
				"west": {"uv": [0, 0, 2.3, 1.3], "texture": "#1"},
				"up": {"uv": [0, 0, 2.3, 4.25], "rotation": 270, "texture": "#1"},
				"down": {"uv": [0, 0, 2.3, 4.25], "rotation": 90, "texture": "#1"}
			}
		},
		{
			"from": [13.772, -7, 9.575],
			"to": [16.172, -5.7, 13.825],
			"rotation": {"angle": 45, "axis": "y", "origin": [13.4818, -10.7, 16.0818]},
			"faces": {
				"north": {"uv": [0, 0, 2.4, 1.3], "texture": "#1"},
				"east": {"uv": [0, 0, 4.25, 1.3], "texture": "#1"},
				"south": {"uv": [0, 0, 2.4, 1.3], "texture": "#1"},
				"west": {"uv": [0, 0, 4.25, 1.3], "texture": "#1"},
				"up": {"uv": [0, 0, 2.4, 4.25], "texture": "#1"},
				"down": {"uv": [0, 0, 2.4, 4.25], "texture": "#1"}
			}
		},
		{
			"from": [10.65, -7, 10.875],
			"to": [13.15, -5.7, 15.125],
			"rotation": {"angle": 22.5, "axis": "y", "origin": [10.5, -10.7, 17.4]},
			"faces": {
				"north": {"uv": [0, 0, 2.5, 1.3], "texture": "#1"},
				"east": {"uv": [0, 0, 4.25, 1.3], "texture": "#1"},
				"south": {"uv": [0, 0, 2.5, 1.3], "texture": "#1"},
				"west": {"uv": [0, 0, 4.25, 1.3], "texture": "#1"},
				"up": {"uv": [0, 0, 2.5, 4.25], "texture": "#1"},
				"down": {"uv": [0, 0, 2.5, 4.25], "texture": "#1"}
			}
		},
		{
			"from": [9.282, -7, 10.125],
			"to": [13.332, -5.7, 13.425],
			"rotation": {"angle": -22.5, "axis": "y", "origin": [15.7, -10.7, 14.2]},
			"faces": {
				"north": {"uv": [0, 0, 4.05, 1.3], "texture": "#1"},
				"east": {"uv": [0, 0, 3.3, 1.3], "texture": "#1"},
				"south": {"uv": [0, 0, 4.05, 1.3], "texture": "#1"},
				"west": {"uv": [0, 0, 3.3, 1.3], "texture": "#1"},
				"up": {"uv": [0, 0, 3.3, 4.05], "rotation": 270, "texture": "#1"},
				"down": {"uv": [0, 0, 3.3, 4.05], "rotation": 90, "texture": "#1"}
			}
		}
	],
	"display": {
		"head": {
			"translation": [0, -14, 0],
			"scale": [3.72, 3.72, 3.72]
		}
	},
	"groups": [
		{
			"name": "group",
			"origin": [13.4, 0.5, 10.7],
			"children": [0, 1, 2, 3, 4, 5, 6, 7, 8, 9, 10, 11, 12, 13, 14, 15]
		},
		{
			"name": "group",
			"origin": [3.352, -2.45, 7.718],
			"children": [16, 17, 18, 19]
		},
		{
			"name": "group",
			"origin": [13.4, 0.5, 10.7],
			"children": [20, 21, 22, 23, 24, 25, 26, 27, 28, 29, 30, 31, 32, 33, 34, 35]
		}
	]
}