{
	"credit": "Made with Blockbench",
	"textures": {
		"particle": "custom/light_gray_concrete",
		"1_7": "custom/light_gray_concrete"
	},
	"elements": [
		{
			"from": [6, -2.4, -3],
			"to": [14, 16.9, 7],
			"rotation": {"angle": 0, "axis": "y", "origin": [6.80852, 9.16567, 2]},
			"faces": {
				"north": {"uv": [0, 0, 16, 16], "texture": "#1_7"},
				"east": {"uv": [0, 0, 0.25, 16], "texture": "#1_7"},
				"south": {"uv": [0, 0, 16, 16], "texture": "#1_7"},
				"west": {"uv": [0, 0, 0.25, 16], "texture": "#1_7"},
				"up": {"uv": [0, 0, 16, 0.25], "texture": "#1_7"},
				"down": {"uv": [0, 0, 16, 0.25], "texture": "#1_7"}
			}
		},
		{
			"from": [3.8, -2.4, -3],
			"to": [6, 2.6, 7],
			"rotation": {"angle": 0, "axis": "y", "origin": [6.80852, 9.16567, 2]},
			"faces": {
				"north": {"uv": [0, 0, 16, 16], "texture": "#1_7"},
				"east": {"uv": [0, 0, 0.25, 16], "texture": "#1_7"},
				"south": {"uv": [0, 0, 16, 16], "texture": "#1_7"},
				"west": {"uv": [0, 0, 0.25, 16], "texture": "#1_7"},
				"up": {"uv": [0, 0, 16, 0.25], "texture": "#1_7"},
				"down": {"uv": [0, 0, 16, 0.25], "texture": "#1_7"}
			}
		},
		{
			"from": [6.92003, 10.83865, -3],
			"to": [8.92003, 20.43865, 7],
			"rotation": {"angle": 22.5, "axis": "z", "origin": [6.80852, 9.16567, 2], "rescale": true},
			"faces": {
				"north": {"uv": [0, 0, 16, 16], "texture": "#1_7"},
				"east": {"uv": [0, 0, 0.25, 16], "texture": "#1_7"},
				"south": {"uv": [0, 0, 16, 16], "texture": "#1_7"},
				"west": {"uv": [0, 0, 0.25, 16], "texture": "#1_7"},
				"up": {"uv": [0, 0, 16, 0.25], "texture": "#1_7"},
				"down": {"uv": [0, 0, 16, 0.25], "texture": "#1_7"}
			}
		},
		{
			"from": [6.46195, -2.4, -3],
			"to": [8.46195, 8.7, 7],
			"rotation": {"angle": -22.5, "axis": "z", "origin": [6.80852, 9.16567, 2]},
			"faces": {
				"north": {"uv": [0, 0, 16, 16], "texture": "#1_7"},
				"east": {"uv": [0, 0, 0.25, 16], "texture": "#1_7"},
				"south": {"uv": [0, 0, 16, 16], "texture": "#1_7"},
				"west": {"uv": [0, 0, 0.25, 16], "texture": "#1_7"},
				"up": {"uv": [0, 0, 16, 0.25], "texture": "#1_7"},
				"down": {"uv": [0, 0, 16, 0.25], "texture": "#1_7"}
			}
		},
		{
			"from": [4, 16.9, -3],
			"to": [14, 21, 7],
			"rotation": {"angle": 0, "axis": "y", "origin": [6.80852, 9.16567, 2]},
			"faces": {
				"north": {"uv": [0, 0, 16, 16], "texture": "#1_7"},
				"east": {"uv": [0, 0, 0.25, 16], "texture": "#1_7"},
				"south": {"uv": [0, 0, 16, 16], "texture": "#1_7"},
				"west": {"uv": [0, 0, 0.25, 16], "texture": "#1_7"},
				"up": {"uv": [0, 0, 16, 0.25], "texture": "#1_7"},
				"down": {"uv": [0, 0, 16, 0.25], "texture": "#1_7"}
			}
		},
		{
			"from": [2, 20.9, -3],
			"to": [14, 32, 7],
			"rotation": {"angle": 0, "axis": "y", "origin": [17, 7, 9]},
			"faces": {
				"north": {"uv": [0, 0, 16, 16], "texture": "#1_7"},
				"east": {"uv": [0, 0, 0.25, 16], "texture": "#1_7"},
				"south": {"uv": [0, 0, 16, 16], "texture": "#1_7"},
				"west": {"uv": [0, 0, 0.25, 16], "texture": "#1_7"},
				"up": {"uv": [0, 0, 16, 0.25], "texture": "#1_7"},
				"down": {"uv": [0, 0, 16, 0.25], "texture": "#1_7"}
			}
		},
		{
			"from": [2, -16, -3],
			"to": [14, -1.4, 7],
			"rotation": {"angle": 0, "axis": "y", "origin": [17, -26, 9]},
			"faces": {
				"north": {"uv": [0, 0, 16, 16], "texture": "#1_7"},
				"east": {"uv": [0, 0, 0.25, 16], "texture": "#1_7"},
				"south": {"uv": [0, 0, 16, 16], "texture": "#1_7"},
				"west": {"uv": [0, 0, 0.25, 16], "texture": "#1_7"},
				"up": {"uv": [0, 0, 16, 0.25], "texture": "#1_7"},
				"down": {"uv": [0, 0, 16, 0.25], "texture": "#1_7"}
			}
		}
	],
	"display": {
		"thirdperson_righthand": {
			"translation": [0, 0, 9.5]
		},
		"head": {
			"translation": [0, -30.5, 0],
			"scale": [1.6, 1.6, 1.6]
		}
	},
	"groups": [
		{
			"name": "neon_deco_wallued",
			"origin": [8, 8, 8],
			"children": [0, 1, 2, 3, 4, 5, 6]
		}
	]
}