{
	"credit": "Made with Blockbench",
	"textures": {
		"0": "custom/tardis_maintenance_corridor",
		"1": "custom/tardis_printed_circuit2",
		"2": "custom/neon_wall",
		"7": "custom/tardis_lamp",
		"particle": "custom/tardis_lamp",
		"1_2": "custom/tardis_cons2r"
	},
	"elements": [
		{
			"from": [-16, 14.9, 0],
			"to": [7.7, 32, 1],
			"rotation": {"angle": 0, "axis": "y", "origin": [-8, 20, 8]},
			"faces": {
				"north": {"uv": [0, 0, 16, 16], "texture": "#0"},
				"east": {"uv": [0, 0, 1, 16], "texture": "#0"},
				"south": {"uv": [0, 0, 16, 16], "texture": "#0"},
				"west": {"uv": [0, 0, 1, 16], "texture": "#0"},
				"up": {"uv": [0, 0, 16, 1], "texture": "#0"},
				"down": {"uv": [0, 0, 16, 1], "texture": "#0"}
			}
		},
		{
			"from": [-16, 10, 0],
			"to": [5.7, 14.9, 1],
			"rotation": {"angle": 0, "axis": "y", "origin": [-8, 20, 8]},
			"faces": {
				"north": {"uv": [0, 0, 16, 16], "texture": "#0"},
				"east": {"uv": [0, 0, 1, 16], "texture": "#0"},
				"south": {"uv": [0, 0, 16, 16], "texture": "#0"},
				"west": {"uv": [0, 0, 1, 16], "texture": "#0"},
				"up": {"uv": [0, 0, 16, 1], "texture": "#0"},
				"down": {"uv": [0, 0, 16, 1], "texture": "#0"}
			}
		},
		{
			"from": [-16, 8, 0],
			"to": [4.8, 10, 1],
			"rotation": {"angle": 0, "axis": "y", "origin": [-8, 20, 8]},
			"faces": {
				"north": {"uv": [0, 0, 16, 16], "texture": "#0"},
				"east": {"uv": [0, 0, 1, 16], "texture": "#0"},
				"south": {"uv": [0, 0, 16, 16], "texture": "#0"},
				"west": {"uv": [0, 0, 1, 16], "texture": "#0"},
				"up": {"uv": [0, 0, 16, 1], "texture": "#0"},
				"down": {"uv": [0, 0, 16, 1], "texture": "#0"}
			}
		},
		{
			"from": [-16, 5.2, 0],
			"to": [3.7, 8, 1],
			"rotation": {"angle": 0, "axis": "y", "origin": [-8, 20, 8]},
			"faces": {
				"north": {"uv": [0, 0, 16, 16], "texture": "#0"},
				"east": {"uv": [0, 0, 1, 16], "texture": "#0"},
				"south": {"uv": [0, 0, 16, 16], "texture": "#0"},
				"west": {"uv": [0, 0, 1, 16], "texture": "#0"},
				"up": {"uv": [0, 0, 16, 1], "texture": "#0"},
				"down": {"uv": [0, 0, 16, 1], "texture": "#0"}
			}
		},
		{
			"from": [-16, 2.7, 0],
			"to": [2.2, 5.2, 1],
			"rotation": {"angle": 0, "axis": "y", "origin": [-8, 20, 8]},
			"faces": {
				"north": {"uv": [0, 0, 16, 16], "texture": "#0"},
				"east": {"uv": [0, 0, 1, 16], "texture": "#0"},
				"south": {"uv": [0, 0, 16, 16], "texture": "#0"},
				"west": {"uv": [0, 0, 1, 16], "texture": "#0"},
				"up": {"uv": [0, 0, 16, 1], "texture": "#0"},
				"down": {"uv": [0, 0, 16, 1], "texture": "#0"}
			}
		},
		{
			"from": [-16, -1.9, 0],
			"to": [-0.5, 2.7, 1],
			"rotation": {"angle": 0, "axis": "y", "origin": [-8, 20, 8]},
			"faces": {
				"north": {"uv": [0, 0, 16, 16], "texture": "#0"},
				"east": {"uv": [0, 0, 1, 16], "texture": "#0"},
				"south": {"uv": [0, 0, 16, 16], "texture": "#0"},
				"west": {"uv": [0, 0, 1, 16], "texture": "#0"},
				"up": {"uv": [0, 0, 16, 1], "texture": "#0"},
				"down": {"uv": [0, 0, 16, 1], "texture": "#0"}
			}
		},
		{
			"from": [-16, -16, 0],
			"to": [-0.5, -1.9, 1],
			"rotation": {"angle": 0, "axis": "y", "origin": [-8, 20, 8]},
			"faces": {
				"north": {"uv": [0, 0, 16, 16], "texture": "#0"},
				"east": {"uv": [0, 0, 1, 16], "texture": "#0"},
				"south": {"uv": [0, 0, 16, 16], "texture": "#0"},
				"west": {"uv": [0, 0, 1, 16], "texture": "#0"},
				"up": {"uv": [0, 0, 16, 1], "texture": "#0"},
				"down": {"uv": [0, 0, 16, 1], "texture": "#0"}
			}
		},
		{
			"from": [-0.5, -16, 0],
			"to": [0, -8.3, 1],
			"rotation": {"angle": 0, "axis": "y", "origin": [-8, 20, 8]},
			"faces": {
				"north": {"uv": [0, 0, 16, 16], "texture": "#0"},
				"east": {"uv": [0, 0, 1, 16], "texture": "#0"},
				"south": {"uv": [0, 0, 16, 16], "texture": "#0"},
				"west": {"uv": [0, 0, 1, 16], "texture": "#0"},
				"up": {"uv": [0, 0, 16, 1], "texture": "#0"},
				"down": {"uv": [0, 0, 16, 1], "texture": "#0"}
			}
		},
		{
			"from": [0, -16, 0],
			"to": [0.8, -10.1, 1],
			"rotation": {"angle": 0, "axis": "y", "origin": [-8, 20, 8]},
			"faces": {
				"north": {"uv": [0, 0, 16, 16], "texture": "#0"},
				"east": {"uv": [0, 0, 1, 16], "texture": "#0"},
				"south": {"uv": [0, 0, 16, 16], "texture": "#0"},
				"west": {"uv": [0, 0, 1, 16], "texture": "#0"},
				"up": {"uv": [0, 0, 16, 1], "texture": "#0"},
				"down": {"uv": [0, 0, 16, 1], "texture": "#0"}
			}
		},
		{
			"from": [0.8, -16, 0],
			"to": [1.8, -11.9, 1],
			"rotation": {"angle": 0, "axis": "y", "origin": [-8, 20, 8]},
			"faces": {
				"north": {"uv": [0, 0, 16, 16], "texture": "#0"},
				"east": {"uv": [0, 0, 1, 16], "texture": "#0"},
				"south": {"uv": [0, 0, 16, 16], "texture": "#0"},
				"west": {"uv": [0, 0, 1, 16], "texture": "#0"},
				"up": {"uv": [0, 0, 16, 1], "texture": "#0"},
				"down": {"uv": [0, 0, 16, 1], "texture": "#0"}
			}
		},
		{
			"from": [1.8, -16, 0],
			"to": [2.8, -14.4, 1],
			"rotation": {"angle": 0, "axis": "y", "origin": [-8, 20, 8]},
			"faces": {
				"north": {"uv": [0, 0, 16, 16], "texture": "#0"},
				"east": {"uv": [0, 0, 1, 16], "texture": "#0"},
				"south": {"uv": [0, 0, 16, 16], "texture": "#0"},
				"west": {"uv": [0, 0, 1, 16], "texture": "#0"},
				"up": {"uv": [0, 0, 16, 1], "texture": "#0"},
				"down": {"uv": [0, 0, 16, 1], "texture": "#0"}
			}
		},
		{
			"from": [8.8, 16.4, 0],
			"to": [32, 32, 1],
			"rotation": {"angle": 0, "axis": "y", "origin": [16.3, 20, 8]},
			"faces": {
				"north": {"uv": [0, 0, 16, 16], "texture": "#0"},
				"east": {"uv": [0, 0, 1, 16], "texture": "#0"},
				"south": {"uv": [0, 0, 16, 16], "texture": "#0"},
				"west": {"uv": [0, 0, 1, 16], "texture": "#0"},
				"up": {"uv": [0, 0, 16, 1], "texture": "#0"},
				"down": {"uv": [0, 0, 16, 1], "texture": "#0"}
			}
		},
		{
			"from": [23.8, 14.5, 0],
			"to": [32, 16.4, 1],
			"rotation": {"angle": 0, "axis": "y", "origin": [16.3, 20, 8]},
			"faces": {
				"north": {"uv": [0, 0, 16, 16], "texture": "#0"},
				"east": {"uv": [0, 0, 1, 16], "texture": "#0"},
				"south": {"uv": [0, 0, 16, 16], "texture": "#0"},
				"west": {"uv": [0, 0, 1, 16], "texture": "#0"},
				"up": {"uv": [0, 0, 16, 1], "texture": "#0"},
				"down": {"uv": [0, 0, 16, 1], "texture": "#0"}
			}
		},
		{
			"from": [24.3, 13, 0],
			"to": [32, 14.5, 1],
			"rotation": {"angle": 0, "axis": "y", "origin": [16.3, 18.5, 8]},
			"faces": {
				"north": {"uv": [0, 0, 16, 16], "texture": "#0"},
				"east": {"uv": [0, 0, 1, 16], "texture": "#0"},
				"south": {"uv": [0, 0, 16, 16], "texture": "#0"},
				"west": {"uv": [0, 0, 1, 16], "texture": "#0"},
				"up": {"uv": [0, 0, 16, 1], "texture": "#0"},
				"down": {"uv": [0, 0, 16, 1], "texture": "#0"}
			}
		},
		{
			"from": [24.9, 11.5, 0],
			"to": [32, 13, 1],
			"rotation": {"angle": 0, "axis": "y", "origin": [16.3, 17, 8]},
			"faces": {
				"north": {"uv": [0, 0, 16, 16], "texture": "#0"},
				"east": {"uv": [0, 0, 1, 16], "texture": "#0"},
				"south": {"uv": [0, 0, 16, 16], "texture": "#0"},
				"west": {"uv": [0, 0, 1, 16], "texture": "#0"},
				"up": {"uv": [0, 0, 16, 1], "texture": "#0"},
				"down": {"uv": [0, 0, 16, 1], "texture": "#0"}
			}
		},
		{
			"from": [25.9, 10, 0],
			"to": [32, 11.5, 1],
			"rotation": {"angle": 0, "axis": "y", "origin": [16.3, 15.5, 8]},
			"faces": {
				"north": {"uv": [0, 0, 16, 16], "texture": "#0"},
				"east": {"uv": [0, 0, 1, 16], "texture": "#0"},
				"south": {"uv": [0, 0, 16, 16], "texture": "#0"},
				"west": {"uv": [0, 0, 1, 16], "texture": "#0"},
				"up": {"uv": [0, 0, 16, 1], "texture": "#0"},
				"down": {"uv": [0, 0, 16, 1], "texture": "#0"}
			}
		},
		{
			"from": [26.4, 8.5, 0],
			"to": [32, 10, 1],
			"rotation": {"angle": 0, "axis": "y", "origin": [16.3, 14, 8]},
			"faces": {
				"north": {"uv": [0, 0, 16, 16], "texture": "#0"},
				"east": {"uv": [0, 0, 1, 16], "texture": "#0"},
				"south": {"uv": [0, 0, 16, 16], "texture": "#0"},
				"west": {"uv": [0, 0, 1, 16], "texture": "#0"},
				"up": {"uv": [0, 0, 16, 1], "texture": "#0"},
				"down": {"uv": [0, 0, 16, 1], "texture": "#0"}
			}
		},
		{
			"from": [27.1, 6.1, 0],
			"to": [32, 8.5, 1],
			"rotation": {"angle": 0, "axis": "y", "origin": [16.3, 14, 8]},
			"faces": {
				"north": {"uv": [0, 0, 16, 16], "texture": "#0"},
				"east": {"uv": [0, 0, 1, 16], "texture": "#0"},
				"south": {"uv": [0, 0, 16, 16], "texture": "#0"},
				"west": {"uv": [0, 0, 1, 16], "texture": "#0"},
				"up": {"uv": [0, 0, 16, 1], "texture": "#0"},
				"down": {"uv": [0, 0, 16, 1], "texture": "#0"}
			}
		},
		{
			"from": [28, 4, 0],
			"to": [32, 6.1, 1],
			"rotation": {"angle": 0, "axis": "y", "origin": [16.3, 14, 8]},
			"faces": {
				"north": {"uv": [0, 0, 16, 16], "texture": "#0"},
				"east": {"uv": [0, 0, 1, 16], "texture": "#0"},
				"south": {"uv": [0, 0, 16, 16], "texture": "#0"},
				"west": {"uv": [0, 0, 1, 16], "texture": "#0"},
				"up": {"uv": [0, 0, 16, 1], "texture": "#0"},
				"down": {"uv": [0, 0, 16, 1], "texture": "#0"}
			}
		},
		{
			"from": [28.7, 2.3, 0],
			"to": [32, 4, 1],
			"rotation": {"angle": 0, "axis": "y", "origin": [16.3, 14, 8]},
			"faces": {
				"north": {"uv": [0, 0, 16, 16], "texture": "#0"},
				"east": {"uv": [0, 0, 1, 16], "texture": "#0"},
				"south": {"uv": [0, 0, 16, 16], "texture": "#0"},
				"west": {"uv": [0, 0, 1, 16], "texture": "#0"},
				"up": {"uv": [0, 0, 16, 1], "texture": "#0"},
				"down": {"uv": [0, 0, 16, 1], "texture": "#0"}
			}
		},
		{
			"from": [29.6, 0.3, 0],
			"to": [32, 2.3, 1],
			"rotation": {"angle": 0, "axis": "y", "origin": [16.3, 14, 8]},
			"faces": {
				"north": {"uv": [0, 0, 16, 16], "texture": "#0"},
				"east": {"uv": [0, 0, 1, 16], "texture": "#0"},
				"south": {"uv": [0, 0, 16, 16], "texture": "#0"},
				"west": {"uv": [0, 0, 1, 16], "texture": "#0"},
				"up": {"uv": [0, 0, 16, 1], "texture": "#0"},
				"down": {"uv": [0, 0, 16, 1], "texture": "#0"}
			}
		},
		{
			"from": [30.4, -1.8, 0],
			"to": [32, 0.3, 1],
			"rotation": {"angle": 0, "axis": "y", "origin": [16.3, 14, 8]},
			"faces": {
				"north": {"uv": [0, 0, 16, 16], "texture": "#0"},
				"east": {"uv": [0, 0, 1, 16], "texture": "#0"},
				"south": {"uv": [0, 0, 16, 16], "texture": "#0"},
				"west": {"uv": [0, 0, 1, 16], "texture": "#0"},
				"up": {"uv": [0, 0, 16, 1], "texture": "#0"},
				"down": {"uv": [0, 0, 16, 1], "texture": "#0"}
			}
		},
		{
			"from": [31.1, -16, 0],
			"to": [32, -1.8, 1],
			"rotation": {"angle": 0, "axis": "y", "origin": [16.3, 14, 8]},
			"faces": {
				"north": {"uv": [0, 0, 16, 16], "texture": "#0"},
				"east": {"uv": [0, 0, 1, 16], "texture": "#0"},
				"south": {"uv": [0, 0, 16, 16], "texture": "#0"},
				"west": {"uv": [0, 0, 1, 16], "texture": "#0"},
				"up": {"uv": [0, 0, 16, 1], "texture": "#0"},
				"down": {"uv": [0, 0, 16, 1], "texture": "#0"}
			}
		},
		{
			"from": [30, -16, 0],
			"to": [31.1, -10.1, 1],
			"rotation": {"angle": 0, "axis": "y", "origin": [16.3, 14, 8]},
			"faces": {
				"north": {"uv": [0, 0, 16, 16], "texture": "#0"},
				"east": {"uv": [0, 0, 1, 16], "texture": "#0"},
				"south": {"uv": [0, 0, 16, 16], "texture": "#0"},
				"west": {"uv": [0, 0, 1, 16], "texture": "#0"},
				"up": {"uv": [0, 0, 16, 1], "texture": "#0"},
				"down": {"uv": [0, 0, 16, 1], "texture": "#0"}
			}
		},
		{
			"from": [28.7, -16, 0],
			"to": [30, -13.2, 1],
			"rotation": {"angle": 0, "axis": "y", "origin": [16.3, 14, 8]},
			"faces": {
				"north": {"uv": [0, 0, 16, 16], "texture": "#0"},
				"east": {"uv": [0, 0, 1, 16], "texture": "#0"},
				"south": {"uv": [0, 0, 16, 16], "texture": "#0"},
				"west": {"uv": [0, 0, 1, 16], "texture": "#0"},
				"up": {"uv": [0, 0, 16, 1], "texture": "#0"},
				"down": {"uv": [0, 0, 16, 1], "texture": "#0"}
			}
		},
		{
			"from": [-11.95, 31.5, 1],
			"to": [-0.4, 32, 2],
			"rotation": {"angle": 0, "axis": "y", "origin": [-2, 39, 9]},
			"faces": {
				"north": {"uv": [0, 0, 11.55, 0.5], "texture": "#2"},
				"east": {"uv": [0, 0, 1, 0.5], "texture": "#2"},
				"south": {"uv": [0, 0, 11.55, 0.5], "texture": "#2"},
				"west": {"uv": [0, 0, 1, 0.5], "texture": "#2"},
				"up": {"uv": [0, 0, 11.55, 1], "texture": "#2"},
				"down": {"uv": [0, 0, 11.55, 1], "texture": "#2"}
			}
		},
		{
			"from": [-11.95, 30.5, 1],
			"to": [-0.4, 32, 1.25],
			"rotation": {"angle": 0, "axis": "y", "origin": [-2, 39, 9]},
			"faces": {
				"north": {"uv": [0, 0, 11.55, 1.5], "texture": "#1"},
				"east": {"uv": [0, 0, 0.25, 1.5], "texture": "#1"},
				"south": {"uv": [0, 0, 11.55, 1.5], "texture": "#1"},
				"west": {"uv": [0, 0, 0.25, 1.5], "texture": "#1"},
				"up": {"uv": [0, 0, 11.55, 0.25], "texture": "#1"},
				"down": {"uv": [0, 0, 11.55, 0.25], "texture": "#1"}
			}
		},
		{
			"from": [-12.45, -16, 1],
			"to": [0.1, -15.5, 2],
			"rotation": {"angle": 0, "axis": "y", "origin": [-2, -8.5, 9]},
			"faces": {
				"north": {"uv": [0, 0, 12.55, 0.5], "texture": "#2"},
				"east": {"uv": [0, 0, 1, 0.5], "texture": "#2"},
				"south": {"uv": [0, 0, 12.55, 0.5], "texture": "#2"},
				"west": {"uv": [0, 0, 1, 0.5], "texture": "#2"},
				"up": {"uv": [0, 0, 12.55, 1], "texture": "#2"},
				"down": {"uv": [0, 0, 12.55, 1], "texture": "#2"}
			}
		},
		{
			"from": [-12.45, -16, 1],
			"to": [0.1, -14.5, 1.25],
			"rotation": {"angle": 0, "axis": "y", "origin": [-2, -8.5, 9]},
			"faces": {
				"north": {"uv": [0, 0, 12.55, 1.5], "texture": "#1"},
				"east": {"uv": [0, 0, 0.25, 1.5], "texture": "#1"},
				"south": {"uv": [0, 0, 12.55, 1.5], "texture": "#1"},
				"west": {"uv": [0, 0, 0.25, 1.5], "texture": "#1"},
				"up": {"uv": [0, 0, 12.55, 0.25], "texture": "#1"},
				"down": {"uv": [0, 0, 12.55, 0.25], "texture": "#1"}
			}
		},
		{
			"from": [-12.25, 14.5, 1],
			"to": [-0.4, 15.5, 2],
			"rotation": {"angle": 0, "axis": "y", "origin": [-2, 22.5, 9]},
			"faces": {
				"north": {"uv": [0, 0, 11.85, 1], "texture": "#2"},
				"east": {"uv": [0, 0, 1, 1], "texture": "#2"},
				"south": {"uv": [0, 0, 11.85, 1], "texture": "#2"},
				"west": {"uv": [0, 0, 1, 1], "texture": "#2"},
				"up": {"uv": [0, 0, 11.85, 1], "texture": "#2"},
				"down": {"uv": [0, 0, 11.85, 1], "texture": "#2"}
			}
		},
		{
			"from": [-12.25, 13.5, 1],
			"to": [-0.4, 16.5, 1.25],
			"rotation": {"angle": 0, "axis": "y", "origin": [-2, 22.5, 9]},
			"faces": {
				"north": {"uv": [0, 0, 11.85, 3], "texture": "#1"},
				"east": {"uv": [0, 0, 0.25, 3], "texture": "#1"},
				"south": {"uv": [0, 0, 11.85, 3], "texture": "#1"},
				"west": {"uv": [0, 0, 0.25, 3], "texture": "#1"},
				"up": {"uv": [0, 0, 11.85, 0.25], "texture": "#1"},
				"down": {"uv": [0, 0, 11.85, 0.25], "texture": "#1"}
			}
		},
		{
			"from": [-12.25, -1.5, 1],
			"to": [-0.4, -0.5, 2],
			"rotation": {"angle": 0, "axis": "y", "origin": [-2, 6.5, 9]},
			"faces": {
				"north": {"uv": [0, 0, 11.85, 1], "texture": "#2"},
				"east": {"uv": [0, 0, 1, 1], "texture": "#2"},
				"south": {"uv": [0, 0, 11.85, 1], "texture": "#2"},
				"west": {"uv": [0, 0, 1, 1], "texture": "#2"},
				"up": {"uv": [0, 0, 11.85, 1], "texture": "#2"},
				"down": {"uv": [0, 0, 11.85, 1], "texture": "#2"}
			}
		},
		{
			"from": [-12.25, -2.5, 1],
			"to": [-0.4, 0.5, 1.25],
			"rotation": {"angle": 0, "axis": "y", "origin": [-2, 6.5, 9]},
			"faces": {
				"north": {"uv": [0, 0, 11.85, 3], "texture": "#1"},
				"east": {"uv": [0, 0, 0.25, 3], "texture": "#1"},
				"south": {"uv": [0, 0, 11.85, 3], "texture": "#1"},
				"west": {"uv": [0, 0, 0.25, 3], "texture": "#1"},
				"up": {"uv": [0, 0, 11.85, 0.25], "texture": "#1"},
				"down": {"uv": [0, 0, 11.85, 0.25], "texture": "#1"}
			}
		},
		{
			"from": [16.95, 31.5, 1],
			"to": [27.6, 32, 2],
			"rotation": {"angle": 0, "axis": "y", "origin": [27, 39, 9]},
			"faces": {
				"north": {"uv": [0, 0, 10.65, 0.5], "texture": "#2"},
				"east": {"uv": [0, 0, 1, 0.5], "texture": "#2"},
				"south": {"uv": [0, 0, 10.65, 0.5], "texture": "#2"},
				"west": {"uv": [0, 0, 1, 0.5], "texture": "#2"},
				"up": {"uv": [0, 0, 10.65, 1], "texture": "#2"},
				"down": {"uv": [0, 0, 10.65, 1], "texture": "#2"}
			}
		},
		{
			"from": [16.95, 30.5, 1],
			"to": [27.6, 32, 1.25],
			"rotation": {"angle": 0, "axis": "y", "origin": [27, 39, 9]},
			"faces": {
				"north": {"uv": [0, 0, 10.65, 1.5], "texture": "#1"},
				"east": {"uv": [0, 0, 0.25, 1.5], "texture": "#1"},
				"south": {"uv": [0, 0, 10.65, 1.5], "texture": "#1"},
				"west": {"uv": [0, 0, 0.25, 1.5], "texture": "#1"},
				"up": {"uv": [0, 0, 10.65, 0.25], "texture": "#1"},
				"down": {"uv": [0, 0, 10.65, 0.25], "texture": "#1"}
			}
		},
		{
			"from": [23.75, 14.5, 1],
			"to": [27.6, 15.5, 2],
			"rotation": {"angle": 0, "axis": "y", "origin": [27, 22.5, 9]},
			"faces": {
				"north": {"uv": [0, 0, 10.85, 1], "texture": "#2"},
				"east": {"uv": [0, 0, 1, 1], "texture": "#2"},
				"south": {"uv": [0, 0, 10.85, 1], "texture": "#2"},
				"west": {"uv": [0, 0, 1, 1], "texture": "#2"},
				"up": {"uv": [0, 0, 10.85, 1], "texture": "#2"},
				"down": {"uv": [0, 0, 10.85, 1], "texture": "#2"}
			}
		},
		{
			"from": [24.15, 13.5, 1],
			"to": [27.6, 16.5, 1.25],
			"rotation": {"angle": 0, "axis": "y", "origin": [27, 22.5, 9]},
			"faces": {
				"north": {"uv": [0, 0, 10.85, 3], "texture": "#1"},
				"east": {"uv": [0, 0, 0.25, 3], "texture": "#1"},
				"south": {"uv": [0, 0, 10.85, 3], "texture": "#1"},
				"west": {"uv": [0, 0, 0.25, 3], "texture": "#1"},
				"up": {"uv": [0, 0, 10.85, 0.25], "texture": "#1"},
				"down": {"uv": [0, 0, 10.85, 0.25], "texture": "#1"}
			}
		},
		{
			"from": [23.55, 14.7, 1],
			"to": [27.6, 16.5, 1.25],
			"rotation": {"angle": 0, "axis": "y", "origin": [27, 22.5, 9]},
			"faces": {
				"north": {"uv": [0, 0, 10.85, 3], "texture": "#1"},
				"east": {"uv": [0, 0, 0.25, 3], "texture": "#1"},
				"south": {"uv": [0, 0, 10.85, 3], "texture": "#1"},
				"west": {"uv": [0, 0, 0.25, 3], "texture": "#1"},
				"up": {"uv": [0, 0, 10.85, 0.25], "texture": "#1"},
				"down": {"uv": [0, 0, 10.85, 0.25], "texture": "#1"}
			}
		},
		{
			"from": [9.65, 22.5, 1],
			"to": [14.1, 23.5, 2],
			"rotation": {"angle": 0, "axis": "y", "origin": [12.5, 30.5, 9]},
			"faces": {
				"north": {"uv": [0, 0, 4.45, 1], "texture": "#2"},
				"east": {"uv": [0, 0, 1, 1], "texture": "#2"},
				"south": {"uv": [0, 0, 4.45, 1], "texture": "#2"},
				"west": {"uv": [0, 0, 1, 1], "texture": "#2"},
				"up": {"uv": [0, 0, 4.45, 1], "texture": "#2"},
				"down": {"uv": [0, 0, 4.45, 1], "texture": "#2"}
			}
		},
		{
			"from": [9.65, 21.5, 1],
			"to": [14.1, 24.5, 1.25],
			"rotation": {"angle": 0, "axis": "y", "origin": [12.5, 30.5, 9]},
			"faces": {
				"north": {"uv": [0, 0, 4.45, 3], "texture": "#1"},
				"east": {"uv": [0, 0, 0.25, 3], "texture": "#1"},
				"south": {"uv": [0, 0, 4.45, 3], "texture": "#1"},
				"west": {"uv": [0, 0, 0.25, 3], "texture": "#1"},
				"up": {"uv": [0, 0, 4.45, 0.25], "texture": "#1"},
				"down": {"uv": [0, 0, 4.45, 0.25], "texture": "#1"}
			}
		},
		{
			"from": [2.25, 22.5, 1],
			"to": [6.7, 23.5, 2],
			"rotation": {"angle": 0, "axis": "y", "origin": [12.5, 30.5, 9]},
			"faces": {
				"north": {"uv": [0, 0, 4.45, 1], "texture": "#2"},
				"east": {"uv": [0, 0, 1, 1], "texture": "#2"},
				"south": {"uv": [0, 0, 4.45, 1], "texture": "#2"},
				"west": {"uv": [0, 0, 1, 1], "texture": "#2"},
				"up": {"uv": [0, 0, 4.45, 1], "texture": "#2"},
				"down": {"uv": [0, 0, 4.45, 1], "texture": "#2"}
			}
		},
		{
			"from": [2.25, 21.5, 1],
			"to": [6.7, 24.5, 1.25],
			"rotation": {"angle": 0, "axis": "y", "origin": [12.5, 30.5, 9]},
			"faces": {
				"north": {"uv": [0, 0, 4.45, 3], "texture": "#1"},
				"east": {"uv": [0, 0, 0.25, 3], "texture": "#1"},
				"south": {"uv": [0, 0, 4.45, 3], "texture": "#1"},
				"west": {"uv": [0, 0, 0.25, 3], "texture": "#1"},
				"up": {"uv": [0, 0, 4.45, 0.25], "texture": "#1"},
				"down": {"uv": [0, 0, 4.45, 0.25], "texture": "#1"}
			}
		},
		{
			"from": [-15.95, 22.5, 1],
			"to": [-14.6, 23.5, 2],
			"rotation": {"angle": 0, "axis": "y", "origin": [-5.7, 30.5, 9]},
			"faces": {
				"north": {"uv": [0, 0, 1.35, 1], "texture": "#2"},
				"east": {"uv": [0, 0, 1, 1], "texture": "#2"},
				"south": {"uv": [0, 0, 1.35, 1], "texture": "#2"},
				"west": {"uv": [0, 0, 1, 1], "texture": "#2"},
				"up": {"uv": [0, 0, 1.35, 1], "texture": "#2"},
				"down": {"uv": [0, 0, 1.35, 1], "texture": "#2"}
			}
		},
		{
			"from": [-15.95, 21.5, 1],
			"to": [-14.6, 24.5, 1.25],
			"rotation": {"angle": 0, "axis": "y", "origin": [-5.7, 30.5, 9]},
			"faces": {
				"north": {"uv": [0, 0, 1.35, 3], "texture": "#1"},
				"east": {"uv": [0, 0, 0.25, 3], "texture": "#1"},
				"south": {"uv": [0, 0, 1.35, 3], "texture": "#1"},
				"west": {"uv": [0, 0, 0.25, 3], "texture": "#1"},
				"up": {"uv": [0, 0, 1.35, 0.25], "texture": "#1"},
				"down": {"uv": [0, 0, 1.35, 0.25], "texture": "#1"}
			}
		},
		{
			"from": [30.25, 22.5, 1],
			"to": [32, 23.5, 2],
			"rotation": {"angle": 0, "axis": "y", "origin": [40.9, 30.5, 9]},
			"faces": {
				"north": {"uv": [0, 0, 1.75, 1], "texture": "#2"},
				"east": {"uv": [0, 0, 1, 1], "texture": "#2"},
				"south": {"uv": [0, 0, 1.75, 1], "texture": "#2"},
				"west": {"uv": [0, 0, 1, 1], "texture": "#2"},
				"up": {"uv": [0, 0, 1.75, 1], "texture": "#2"},
				"down": {"uv": [0, 0, 1.75, 1], "texture": "#2"}
			}
		},
		{
			"from": [30.25, 21.5, 1],
			"to": [32, 24.5, 1.25],
			"rotation": {"angle": 0, "axis": "y", "origin": [40.9, 30.5, 9]},
			"faces": {
				"north": {"uv": [0, 0, 1.75, 3], "texture": "#1"},
				"east": {"uv": [0, 0, 0.25, 3], "texture": "#1"},
				"south": {"uv": [0, 0, 1.75, 3], "texture": "#1"},
				"west": {"uv": [0, 0, 0.25, 3], "texture": "#1"},
				"up": {"uv": [0, 0, 1.75, 0.25], "texture": "#1"},
				"down": {"uv": [0, 0, 1.75, 0.25], "texture": "#1"}
			}
		},
		{
			"from": [2.25, 6.5, 1],
			"to": [4.2, 7.5, 2],
			"rotation": {"angle": 0, "axis": "y", "origin": [12.5, 14.5, 9]},
			"faces": {
				"north": {"uv": [0, 0, 4.45, 1], "texture": "#2"},
				"east": {"uv": [0, 0, 1, 1], "texture": "#2"},
				"south": {"uv": [0, 0, 4.45, 1], "texture": "#2"},
				"west": {"uv": [0, 0, 1, 1], "texture": "#2"},
				"up": {"uv": [0, 0, 4.45, 1], "texture": "#2"},
				"down": {"uv": [0, 0, 4.45, 1], "texture": "#2"}
			}
		},
		{
			"from": [2.25, 5.5, 1],
			"to": [3.9, 6.8, 1.25],
			"rotation": {"angle": 0, "axis": "y", "origin": [12.5, 14.5, 9]},
			"faces": {
				"north": {"uv": [0, 0, 4.45, 3], "texture": "#1"},
				"east": {"uv": [0, 0, 0.25, 3], "texture": "#1"},
				"south": {"uv": [0, 0, 4.45, 3], "texture": "#1"},
				"west": {"uv": [0, 0, 0.25, 3], "texture": "#1"},
				"up": {"uv": [0, 0, 4.45, 0.25], "texture": "#1"},
				"down": {"uv": [0, 0, 4.45, 0.25], "texture": "#1"}
			}
		},
		{
			"from": [2.25, 6.8, 1],
			"to": [4.4, 8.5, 1.25],
			"rotation": {"angle": 0, "axis": "y", "origin": [12.5, 14.5, 9]},
			"faces": {
				"north": {"uv": [0, 0, 4.45, 3], "texture": "#1"},
				"east": {"uv": [0, 0, 0.25, 3], "texture": "#1"},
				"south": {"uv": [0, 0, 4.45, 3], "texture": "#1"},
				"west": {"uv": [0, 0, 0.25, 3], "texture": "#1"},
				"up": {"uv": [0, 0, 4.45, 0.25], "texture": "#1"},
				"down": {"uv": [0, 0, 4.45, 0.25], "texture": "#1"}
			}
		},
		{
			"from": [-15.95, 6.5, 1],
			"to": [-14.6, 7.5, 2],
			"rotation": {"angle": 0, "axis": "y", "origin": [-5.7, 14.5, 9]},
			"faces": {
				"north": {"uv": [0, 0, 1.35, 1], "texture": "#2"},
				"east": {"uv": [0, 0, 1, 1], "texture": "#2"},
				"south": {"uv": [0, 0, 1.35, 1], "texture": "#2"},
				"west": {"uv": [0, 0, 1, 1], "texture": "#2"},
				"up": {"uv": [0, 0, 1.35, 1], "texture": "#2"},
				"down": {"uv": [0, 0, 1.35, 1], "texture": "#2"}
			}
		},
		{
			"from": [-15.95, 5.5, 1],
			"to": [-14.6, 8.5, 1.25],
			"rotation": {"angle": 0, "axis": "y", "origin": [-5.7, 14.5, 9]},
			"faces": {
				"north": {"uv": [0, 0, 1.35, 3], "texture": "#1"},
				"east": {"uv": [0, 0, 0.25, 3], "texture": "#1"},
				"south": {"uv": [0, 0, 1.35, 3], "texture": "#1"},
				"west": {"uv": [0, 0, 0.25, 3], "texture": "#1"},
				"up": {"uv": [0, 0, 1.35, 0.25], "texture": "#1"},
				"down": {"uv": [0, 0, 1.35, 0.25], "texture": "#1"}
			}
		},
		{
			"from": [30.25, 6.5, 1],
			"to": [32, 7.5, 2],
			"rotation": {"angle": 0, "axis": "y", "origin": [40.9, 14.5, 9]},
			"faces": {
				"north": {"uv": [0, 0, 1.75, 1], "texture": "#2"},
				"east": {"uv": [0, 0, 1, 1], "texture": "#2"},
				"south": {"uv": [0, 0, 1.75, 1], "texture": "#2"},
				"west": {"uv": [0, 0, 1, 1], "texture": "#2"},
				"up": {"uv": [0, 0, 1.75, 1], "texture": "#2"},
				"down": {"uv": [0, 0, 1.75, 1], "texture": "#2"}
			}
		},
		{
			"from": [30.25, 5.5, 1],
			"to": [32, 8.5, 1.25],
			"rotation": {"angle": 0, "axis": "y", "origin": [40.9, 14.5, 9]},
			"faces": {
				"north": {"uv": [0, 0, 1.75, 3], "texture": "#1"},
				"east": {"uv": [0, 0, 0.25, 3], "texture": "#1"},
				"south": {"uv": [0, 0, 1.75, 3], "texture": "#1"},
				"west": {"uv": [0, 0, 0.25, 3], "texture": "#1"},
				"up": {"uv": [0, 0, 1.75, 0.25], "texture": "#1"},
				"down": {"uv": [0, 0, 1.75, 0.25], "texture": "#1"}
			}
		},
		{
			"from": [-15.95, -9, 1],
			"to": [-14.6, -8, 2],
			"rotation": {"angle": 0, "axis": "y", "origin": [-5.7, -1, 9]},
			"faces": {
				"north": {"uv": [0, 0, 1.35, 1], "texture": "#2"},
				"east": {"uv": [0, 0, 1, 1], "texture": "#2"},
				"south": {"uv": [0, 0, 1.35, 1], "texture": "#2"},
				"west": {"uv": [0, 0, 1, 1], "texture": "#2"},
				"up": {"uv": [0, 0, 1.35, 1], "texture": "#2"},
				"down": {"uv": [0, 0, 1.35, 1], "texture": "#2"}
			}
		},
		{
			"from": [-15.95, -10, 1],
			"to": [-14.6, -7, 1.25],
			"rotation": {"angle": 0, "axis": "y", "origin": [-5.7, -1, 9]},
			"faces": {
				"north": {"uv": [0, 0, 1.35, 3], "texture": "#1"},
				"east": {"uv": [0, 0, 0.25, 3], "texture": "#1"},
				"south": {"uv": [0, 0, 1.35, 3], "texture": "#1"},
				"west": {"uv": [0, 0, 0.25, 3], "texture": "#1"},
				"up": {"uv": [0, 0, 1.35, 0.25], "texture": "#1"},
				"down": {"uv": [0, 0, 1.35, 0.25], "texture": "#1"}
			}
		},
		{
			"from": [30.95, -9, 1],
			"to": [32, -8, 2],
			"rotation": {"angle": 0, "axis": "y", "origin": [40.9, -1, 9]},
			"faces": {
				"north": {"uv": [0, 0, 1.75, 1], "texture": "#2"},
				"east": {"uv": [0, 0, 1, 1], "texture": "#2"},
				"south": {"uv": [0, 0, 1.75, 1], "texture": "#2"},
				"west": {"uv": [0, 0, 1, 1], "texture": "#2"},
				"up": {"uv": [0, 0, 1.75, 1], "texture": "#2"},
				"down": {"uv": [0, 0, 1.75, 1], "texture": "#2"}
			}
		},
		{
			"from": [30.95, -10, 1],
			"to": [32, -7, 1.25],
			"rotation": {"angle": 0, "axis": "y", "origin": [40.9, -1, 9]},
			"faces": {
				"north": {"uv": [0, 0, 1.75, 3], "texture": "#1"},
				"east": {"uv": [0, 0, 0.25, 3], "texture": "#1"},
				"south": {"uv": [0, 0, 1.75, 3], "texture": "#1"},
				"west": {"uv": [0, 0, 0.25, 3], "texture": "#1"},
				"up": {"uv": [0, 0, 1.75, 0.25], "texture": "#1"},
				"down": {"uv": [0, 0, 1.75, 0.25], "texture": "#1"}
			}
		},
		{
			"from": [0.44808, 6.37032, 1],
			"to": [1.44808, 15.62032, 2],
			"rotation": {"angle": 22.5, "axis": "z", "origin": [0.94808, 10.99532, 1.5]},
			"faces": {
				"north": {"uv": [0, 0, 9.25, 1], "rotation": 270, "texture": "#2"},
				"east": {"uv": [0, 0, 9.25, 1], "rotation": 90, "texture": "#2"},
				"south": {"uv": [0, 0, 9.25, 1], "rotation": 90, "texture": "#2"},
				"west": {"uv": [0, 0, 9.25, 1], "rotation": 90, "texture": "#2"},
				"up": {"uv": [0, 0, 1, 1], "rotation": 90, "texture": "#2"},
				"down": {"uv": [0, 0, 1, 1], "rotation": 90, "texture": "#2"}
			}
		},
		{
			"from": [-0.55192, 6.37032, 1],
			"to": [2.44808, 15.62032, 1.25],
			"rotation": {"angle": 22.5, "axis": "z", "origin": [0.94808, 10.99532, 1.5]},
			"faces": {
				"north": {"uv": [0, 0, 9.25, 3], "rotation": 270, "texture": "#1"},
				"east": {"uv": [0, 0, 9.25, 0.25], "rotation": 90, "texture": "#1"},
				"south": {"uv": [0, 0, 9.25, 3], "rotation": 90, "texture": "#1"},
				"west": {"uv": [0, 0, 9.25, 0.25], "rotation": 90, "texture": "#1"},
				"up": {"uv": [0, 0, 0.25, 3], "rotation": 90, "texture": "#1"},
				"down": {"uv": [0, 0, 0.25, 3], "rotation": 90, "texture": "#1"}
			}
		},
		{
			"from": [28.34808, 6.37032, 1],
			"to": [29.34808, 15.62032, 2],
			"rotation": {"angle": 22.5, "axis": "z", "origin": [28.84808, 10.99532, 1.5]},
			"faces": {
				"north": {"uv": [0, 0, 9.25, 1], "rotation": 270, "texture": "#2"},
				"east": {"uv": [0, 0, 9.25, 1], "rotation": 90, "texture": "#2"},
				"south": {"uv": [0, 0, 9.25, 1], "rotation": 90, "texture": "#2"},
				"west": {"uv": [0, 0, 9.25, 1], "rotation": 90, "texture": "#2"},
				"up": {"uv": [0, 0, 1, 1], "rotation": 90, "texture": "#2"},
				"down": {"uv": [0, 0, 1, 1], "rotation": 90, "texture": "#2"}
			}
		},
		{
			"from": [27.34808, 6.37032, 1],
			"to": [30.34808, 15.62032, 1.25],
			"rotation": {"angle": 22.5, "axis": "z", "origin": [28.84808, 10.99532, 1.5]},
			"faces": {
				"north": {"uv": [0, 0, 9.25, 3], "rotation": 270, "texture": "#1"},
				"east": {"uv": [0, 0, 9.25, 0.25], "rotation": 90, "texture": "#1"},
				"south": {"uv": [0, 0, 9.25, 3], "rotation": 90, "texture": "#1"},
				"west": {"uv": [0, 0, 9.25, 0.25], "rotation": 90, "texture": "#1"},
				"up": {"uv": [0, 0, 0.25, 3], "rotation": 90, "texture": "#1"},
				"down": {"uv": [0, 0, 0.25, 3], "rotation": 90, "texture": "#1"}
			}
		},
		{
			"from": [0.44808, -2.32968, 1],
			"to": [1.44808, -0.27968, 2],
			"rotation": {"angle": 22.5, "axis": "z", "origin": [0.94808, -4.60468, 1.5]},
			"faces": {
				"north": {"uv": [0, 0, 8.95, 1], "rotation": 270, "texture": "#2"},
				"east": {"uv": [0, 0, 8.95, 1], "rotation": 90, "texture": "#2"},
				"south": {"uv": [0, 0, 8.95, 1], "rotation": 90, "texture": "#2"},
				"west": {"uv": [0, 0, 8.95, 1], "rotation": 90, "texture": "#2"},
				"up": {"uv": [0, 0, 1, 1], "rotation": 90, "texture": "#2"},
				"down": {"uv": [0, 0, 1, 1], "rotation": 90, "texture": "#2"}
			}
		},
		{
			"from": [-0.55192, -1.42968, 1],
			"to": [2.44808, -0.27968, 1.25],
			"rotation": {"angle": 22.5, "axis": "z", "origin": [0.94808, -4.60468, 1.5]},
			"faces": {
				"north": {"uv": [0, 0, 8.95, 3], "rotation": 270, "texture": "#1"},
				"east": {"uv": [0, 0, 8.95, 0.25], "rotation": 90, "texture": "#1"},
				"south": {"uv": [0, 0, 8.95, 3], "rotation": 90, "texture": "#1"},
				"west": {"uv": [0, 0, 8.95, 0.25], "rotation": 90, "texture": "#1"},
				"up": {"uv": [0, 0, 0.25, 3], "rotation": 90, "texture": "#1"},
				"down": {"uv": [0, 0, 0.25, 3], "rotation": 90, "texture": "#1"}
			}
		},
		{
			"from": [-0.55192, -2.92968, 1],
			"to": [0.94808, -1.42968, 1.25],
			"rotation": {"angle": 22.5, "axis": "z", "origin": [0.94808, -4.60468, 1.5]},
			"faces": {
				"north": {"uv": [0, 0, 8.95, 3], "rotation": 270, "texture": "#1"},
				"east": {"uv": [0, 0, 8.95, 0.25], "rotation": 90, "texture": "#1"},
				"south": {"uv": [0, 0, 8.95, 3], "rotation": 90, "texture": "#1"},
				"west": {"uv": [0, 0, 8.95, 0.25], "rotation": 90, "texture": "#1"},
				"up": {"uv": [0, 0, 0.25, 3], "rotation": 90, "texture": "#1"},
				"down": {"uv": [0, 0, 0.25, 3], "rotation": 90, "texture": "#1"}
			}
		},
		{
			"from": [-13.95192, 6.37032, 1],
			"to": [-12.95192, 15.62032, 2],
			"rotation": {"angle": -22.5, "axis": "z", "origin": [-13.45192, 10.99532, 1.5]},
			"faces": {
				"north": {"uv": [0, 0, 9.25, 1], "rotation": 270, "texture": "#2"},
				"east": {"uv": [0, 0, 9.25, 1], "rotation": 90, "texture": "#2"},
				"south": {"uv": [0, 0, 9.25, 1], "rotation": 90, "texture": "#2"},
				"west": {"uv": [0, 0, 9.25, 1], "rotation": 90, "texture": "#2"},
				"up": {"uv": [0, 0, 1, 1], "rotation": 90, "texture": "#2"},
				"down": {"uv": [0, 0, 1, 1], "rotation": 90, "texture": "#2"}
			}
		},
		{
			"from": [-14.95192, 6.37032, 1],
			"to": [-11.95192, 15.62032, 1.25],
			"rotation": {"angle": -22.5, "axis": "z", "origin": [-13.45192, 10.99532, 1.5]},
			"faces": {
				"north": {"uv": [0, 0, 9.25, 3], "rotation": 270, "texture": "#1"},
				"east": {"uv": [0, 0, 9.25, 0.25], "rotation": 90, "texture": "#1"},
				"south": {"uv": [0, 0, 9.25, 3], "rotation": 90, "texture": "#1"},
				"west": {"uv": [0, 0, 9.25, 0.25], "rotation": 90, "texture": "#1"},
				"up": {"uv": [0, 0, 0.25, 3], "rotation": 90, "texture": "#1"},
				"down": {"uv": [0, 0, 0.25, 3], "rotation": 90, "texture": "#1"}
			}
		},
		{
			"from": [15.04808, 23.37032, 1],
			"to": [16.04808, 31.6, 2],
			"rotation": {"angle": -22.5, "axis": "z", "origin": [15.54808, 26.99532, 1.5], "rescale": true},
			"faces": {
				"north": {"uv": [0, 0, 8.22968, 1], "rotation": 270, "texture": "#2"},
				"east": {"uv": [0, 0, 8.22968, 1], "rotation": 90, "texture": "#2"},
				"south": {"uv": [0, 0, 8.22968, 1], "rotation": 90, "texture": "#2"},
				"west": {"uv": [0, 0, 8.22968, 1], "rotation": 90, "texture": "#2"},
				"up": {"uv": [0, 0, 1, 1], "rotation": 90, "texture": "#2"},
				"down": {"uv": [0, 0, 1, 1], "rotation": 90, "texture": "#2"}
			}
		},
		{
			"from": [14.04808, 23.37032, 1],
			"to": [17.04808, 31.6, 1.25],
			"rotation": {"angle": -22.5, "axis": "z", "origin": [15.54808, 26.99532, 1.5], "rescale": true},
			"faces": {
				"north": {"uv": [0, 0, 8.22968, 3], "rotation": 270, "texture": "#1"},
				"east": {"uv": [0, 0, 8.22968, 0.25], "rotation": 90, "texture": "#1"},
				"south": {"uv": [0, 0, 8.22968, 3], "rotation": 90, "texture": "#1"},
				"west": {"uv": [0, 0, 8.22968, 0.25], "rotation": 90, "texture": "#1"},
				"up": {"uv": [0, 0, 0.25, 3], "rotation": 90, "texture": "#1"},
				"down": {"uv": [0, 0, 0.25, 3], "rotation": 90, "texture": "#1"}
			}
		},
		{
			"from": [0.54808, -15.62968, 1],
			"to": [1.54808, -11.7, 2],
			"rotation": {"angle": -22.5, "axis": "z", "origin": [1.04808, -12.30468, 1.5], "rescale": true},
			"faces": {
				"north": {"uv": [0, 0, 7.12968, 1], "rotation": 270, "texture": "#2"},
				"east": {"uv": [0, 0, 7.12968, 1], "rotation": 90, "texture": "#2"},
				"south": {"uv": [0, 0, 7.12968, 1], "rotation": 90, "texture": "#2"},
				"west": {"uv": [0, 0, 7.12968, 1], "rotation": 90, "texture": "#2"},
				"up": {"uv": [0, 0, 1, 1], "rotation": 90, "texture": "#2"},
				"down": {"uv": [0, 0, 1, 1], "rotation": 90, "texture": "#2"}
			}
		},
		{
			"from": [-0.45192, -16, 1],
			"to": [2.54808, -12.8, 1.25],
			"rotation": {"angle": -22.5, "axis": "z", "origin": [1.04808, -12.30468, 1.5], "rescale": true},
			"faces": {
				"north": {"uv": [0, 0, 7.12968, 3], "rotation": 270, "texture": "#1"},
				"east": {"uv": [0, 0, 7.12968, 0.25], "rotation": 90, "texture": "#1"},
				"south": {"uv": [0, 0, 7.12968, 3], "rotation": 90, "texture": "#1"},
				"west": {"uv": [0, 0, 7.12968, 0.25], "rotation": 90, "texture": "#1"},
				"up": {"uv": [0, 0, 0.25, 3], "rotation": 90, "texture": "#1"},
				"down": {"uv": [0, 0, 0.25, 3], "rotation": 90, "texture": "#1"}
			}
		},
		{
			"from": [-0.45192, -12.8, 1],
			"to": [0.84808, -11, 1.25],
			"rotation": {"angle": -22.5, "axis": "z", "origin": [1.04808, -12.30468, 1.5], "rescale": true},
			"faces": {
				"north": {"uv": [0, 0, 7.12968, 3], "rotation": 270, "texture": "#1"},
				"east": {"uv": [0, 0, 7.12968, 0.25], "rotation": 90, "texture": "#1"},
				"south": {"uv": [0, 0, 7.12968, 3], "rotation": 90, "texture": "#1"},
				"west": {"uv": [0, 0, 7.12968, 0.25], "rotation": 90, "texture": "#1"},
				"up": {"uv": [0, 0, 0.25, 3], "rotation": 90, "texture": "#1"},
				"down": {"uv": [0, 0, 0.25, 3], "rotation": 90, "texture": "#1"}
			}
		},
		{
			"from": [29.14808, -16, 1],
			"to": [30.44808, -8.5, 1.25],
			"rotation": {"angle": -22.5, "axis": "z", "origin": [28.94808, -12.30468, 1.5], "rescale": true},
			"faces": {
				"north": {"uv": [0, 0, 7.12968, 3], "rotation": 270, "texture": "#1"},
				"east": {"uv": [0, 0, 7.12968, 0.25], "rotation": 90, "texture": "#1"},
				"south": {"uv": [0, 0, 7.12968, 3], "rotation": 90, "texture": "#1"},
				"west": {"uv": [0, 0, 7.12968, 0.25], "rotation": 90, "texture": "#1"},
				"up": {"uv": [0, 0, 0.25, 3], "rotation": 90, "texture": "#1"},
				"down": {"uv": [0, 0, 0.25, 3], "rotation": 90, "texture": "#1"}
			}
		},
		{
			"from": [-13.95192, 23.37032, 1],
			"to": [-12.95192, 31.6, 2],
			"rotation": {"angle": -22.5, "axis": "z", "origin": [-13.45192, 26.99532, 1.5], "rescale": true},
			"faces": {
				"north": {"uv": [0, 0, 8.22968, 1], "rotation": 270, "texture": "#2"},
				"east": {"uv": [0, 0, 8.22968, 1], "rotation": 90, "texture": "#2"},
				"south": {"uv": [0, 0, 8.22968, 1], "rotation": 90, "texture": "#2"},
				"west": {"uv": [0, 0, 8.22968, 1], "rotation": 90, "texture": "#2"},
				"up": {"uv": [0, 0, 1, 1], "rotation": 90, "texture": "#2"},
				"down": {"uv": [0, 0, 1, 1], "rotation": 90, "texture": "#2"}
			}
		},
		{
			"from": [-14.95192, 23.37032, 1],
			"to": [-11.95192, 31.6, 1.25],
			"rotation": {"angle": -22.5, "axis": "z", "origin": [-13.45192, 26.99532, 1.5], "rescale": true},
			"faces": {
				"north": {"uv": [0, 0, 8.22968, 3], "rotation": 270, "texture": "#1"},
				"east": {"uv": [0, 0, 8.22968, 0.25], "rotation": 90, "texture": "#1"},
				"south": {"uv": [0, 0, 8.22968, 3], "rotation": 90, "texture": "#1"},
				"west": {"uv": [0, 0, 8.22968, 0.25], "rotation": 90, "texture": "#1"},
				"up": {"uv": [0, 0, 0.25, 3], "rotation": 90, "texture": "#1"},
				"down": {"uv": [0, 0, 0.25, 3], "rotation": 90, "texture": "#1"}
			}
		},
		{
			"from": [-13.95192, -9.22968, 1],
			"to": [-12.95192, -0.27968, 2],
			"rotation": {"angle": -22.5, "axis": "z", "origin": [-13.45192, -4.60468, 1.5]},
			"faces": {
				"north": {"uv": [0, 0, 8.95, 1], "rotation": 270, "texture": "#2"},
				"east": {"uv": [0, 0, 8.95, 1], "rotation": 90, "texture": "#2"},
				"south": {"uv": [0, 0, 8.95, 1], "rotation": 90, "texture": "#2"},
				"west": {"uv": [0, 0, 8.95, 1], "rotation": 90, "texture": "#2"},
				"up": {"uv": [0, 0, 1, 1], "rotation": 90, "texture": "#2"},
				"down": {"uv": [0, 0, 1, 1], "rotation": 90, "texture": "#2"}
			}
		},
		{
			"from": [-14.95192, -9.22968, 1],
			"to": [-11.95192, -0.27968, 1.25],
			"rotation": {"angle": -22.5, "axis": "z", "origin": [-13.45192, -4.60468, 1.5]},
			"faces": {
				"north": {"uv": [0, 0, 8.95, 3], "rotation": 270, "texture": "#1"},
				"east": {"uv": [0, 0, 8.95, 0.25], "rotation": 90, "texture": "#1"},
				"south": {"uv": [0, 0, 8.95, 3], "rotation": 90, "texture": "#1"},
				"west": {"uv": [0, 0, 8.95, 0.25], "rotation": 90, "texture": "#1"},
				"up": {"uv": [0, 0, 0.25, 3], "rotation": 90, "texture": "#1"},
				"down": {"uv": [0, 0, 0.25, 3], "rotation": 90, "texture": "#1"}
			}
		},
		{
			"from": [0.44808, 14.37032, 1],
			"to": [1.44808, 23.62032, 2],
			"rotation": {"angle": -22.5, "axis": "z", "origin": [0.94808, 18.99532, 1.5]},
			"faces": {
				"north": {"uv": [0, 0, 9.25, 1], "rotation": 270, "texture": "#2"},
				"east": {"uv": [0, 0, 9.25, 1], "rotation": 90, "texture": "#2"},
				"south": {"uv": [0, 0, 9.25, 1], "rotation": 90, "texture": "#2"},
				"west": {"uv": [0, 0, 9.25, 1], "rotation": 90, "texture": "#2"},
				"up": {"uv": [0, 0, 1, 1], "rotation": 90, "texture": "#2"},
				"down": {"uv": [0, 0, 1, 1], "rotation": 90, "texture": "#2"}
			}
		},
		{
			"from": [-0.55192, 14.37032, 1],
			"to": [2.44808, 23.62032, 1.25],
			"rotation": {"angle": -22.5, "axis": "z", "origin": [0.94808, 18.99532, 1.5]},
			"faces": {
				"north": {"uv": [0, 0, 9.25, 3], "rotation": 270, "texture": "#1"},
				"east": {"uv": [0, 0, 9.25, 0.25], "rotation": 90, "texture": "#1"},
				"south": {"uv": [0, 0, 9.25, 3], "rotation": 90, "texture": "#1"},
				"west": {"uv": [0, 0, 9.25, 0.25], "rotation": 90, "texture": "#1"},
				"up": {"uv": [0, 0, 0.25, 3], "rotation": 90, "texture": "#1"},
				"down": {"uv": [0, 0, 0.25, 3], "rotation": 90, "texture": "#1"}
			}
		},
		{
			"from": [28.34808, 14.37032, 1],
			"to": [29.34808, 23.62032, 2],
			"rotation": {"angle": -22.5, "axis": "z", "origin": [28.84808, 18.99532, 1.5]},
			"faces": {
				"north": {"uv": [0, 0, 9.25, 1], "rotation": 270, "texture": "#2"},
				"east": {"uv": [0, 0, 9.25, 1], "rotation": 90, "texture": "#2"},
				"south": {"uv": [0, 0, 9.25, 1], "rotation": 90, "texture": "#2"},
				"west": {"uv": [0, 0, 9.25, 1], "rotation": 90, "texture": "#2"},
				"up": {"uv": [0, 0, 1, 1], "rotation": 90, "texture": "#2"},
				"down": {"uv": [0, 0, 1, 1], "rotation": 90, "texture": "#2"}
			}
		},
		{
			"from": [27.34808, 14.37032, 1],
			"to": [30.34808, 23.62032, 1.25],
			"rotation": {"angle": -22.5, "axis": "z", "origin": [28.84808, 18.99532, 1.5]},
			"faces": {
				"north": {"uv": [0, 0, 9.25, 3], "rotation": 270, "texture": "#1"},
				"east": {"uv": [0, 0, 9.25, 0.25], "rotation": 90, "texture": "#1"},
				"south": {"uv": [0, 0, 9.25, 3], "rotation": 90, "texture": "#1"},
				"west": {"uv": [0, 0, 9.25, 0.25], "rotation": 90, "texture": "#1"},
				"up": {"uv": [0, 0, 0.25, 3], "rotation": 90, "texture": "#1"},
				"down": {"uv": [0, 0, 0.25, 3], "rotation": 90, "texture": "#1"}
			}
		},
		{
			"from": [0.44808, -1.62968, 1],
			"to": [1.44808, 7.62032, 2],
			"rotation": {"angle": -22.5, "axis": "z", "origin": [0.94808, 2.99532, 1.5]},
			"faces": {
				"north": {"uv": [0, 0, 9.25, 1], "rotation": 270, "texture": "#2"},
				"east": {"uv": [0, 0, 9.25, 1], "rotation": 90, "texture": "#2"},
				"south": {"uv": [0, 0, 9.25, 1], "rotation": 90, "texture": "#2"},
				"west": {"uv": [0, 0, 9.25, 1], "rotation": 90, "texture": "#2"},
				"up": {"uv": [0, 0, 1, 1], "rotation": 90, "texture": "#2"},
				"down": {"uv": [0, 0, 1, 1], "rotation": 90, "texture": "#2"}
			}
		},
		{
			"from": [-0.55192, -1.62968, 1],
			"to": [2.44808, 7.62032, 1.25],
			"rotation": {"angle": -22.5, "axis": "z", "origin": [0.94808, 2.99532, 1.5]},
			"faces": {
				"north": {"uv": [0, 0, 9.25, 3], "rotation": 270, "texture": "#1"},
				"east": {"uv": [0, 0, 9.25, 0.25], "rotation": 90, "texture": "#1"},
				"south": {"uv": [0, 0, 9.25, 3], "rotation": 90, "texture": "#1"},
				"west": {"uv": [0, 0, 9.25, 0.25], "rotation": 90, "texture": "#1"},
				"up": {"uv": [0, 0, 0.25, 3], "rotation": 90, "texture": "#1"},
				"down": {"uv": [0, 0, 0.25, 3], "rotation": 90, "texture": "#1"}
			}
		},
		{
			"from": [28.34808, 3.17032, 1],
			"to": [29.34808, 7.62032, 2],
			"rotation": {"angle": -22.5, "axis": "z", "origin": [28.84808, 2.99532, 1.5]},
			"faces": {
				"north": {"uv": [0, 0, 9.25, 1], "rotation": 270, "texture": "#2"},
				"east": {"uv": [0, 0, 9.25, 1], "rotation": 90, "texture": "#2"},
				"south": {"uv": [0, 0, 9.25, 1], "rotation": 90, "texture": "#2"},
				"west": {"uv": [0, 0, 9.25, 1], "rotation": 90, "texture": "#2"},
				"up": {"uv": [0, 0, 1, 1], "rotation": 90, "texture": "#2"},
				"down": {"uv": [0, 0, 1, 1], "rotation": 90, "texture": "#2"}
			}
		},
		{
			"from": [27.34808, 3.97032, 1],
			"to": [30.34808, 7.62032, 1.25],
			"rotation": {"angle": -22.5, "axis": "z", "origin": [28.84808, 2.99532, 1.5]},
			"faces": {
				"north": {"uv": [0, 0, 9.25, 3], "rotation": 270, "texture": "#1"},
				"east": {"uv": [0, 0, 9.25, 0.25], "rotation": 90, "texture": "#1"},
				"south": {"uv": [0, 0, 9.25, 3], "rotation": 90, "texture": "#1"},
				"west": {"uv": [0, 0, 9.25, 0.25], "rotation": 90, "texture": "#1"},
				"up": {"uv": [0, 0, 0.25, 3], "rotation": 90, "texture": "#1"},
				"down": {"uv": [0, 0, 0.25, 3], "rotation": 90, "texture": "#1"}
			}
		},
		{
			"from": [29.34808, 1.97032, 1],
			"to": [30.34808, 3.97032, 1.25],
			"rotation": {"angle": -22.5, "axis": "z", "origin": [28.84808, 2.99532, 1.5]},
			"faces": {
				"north": {"uv": [0, 0, 9.25, 3], "rotation": 270, "texture": "#1"},
				"east": {"uv": [0, 0, 9.25, 0.25], "rotation": 90, "texture": "#1"},
				"south": {"uv": [0, 0, 9.25, 3], "rotation": 90, "texture": "#1"},
				"west": {"uv": [0, 0, 9.25, 0.25], "rotation": 90, "texture": "#1"},
				"up": {"uv": [0, 0, 0.25, 3], "rotation": 90, "texture": "#1"},
				"down": {"uv": [0, 0, 0.25, 3], "rotation": 90, "texture": "#1"}
			}
		},
		{
			"from": [0.54808, 23.07032, 1],
			"to": [1.54808, 31.62032, 2],
			"rotation": {"angle": 22.5, "axis": "z", "origin": [1.04808, 26.99532, 1.5], "rescale": true},
			"faces": {
				"north": {"uv": [0, 0, 8.55, 1], "rotation": 270, "texture": "#2"},
				"east": {"uv": [0, 0, 8.55, 1], "rotation": 90, "texture": "#2"},
				"south": {"uv": [0, 0, 8.55, 1], "rotation": 90, "texture": "#2"},
				"west": {"uv": [0, 0, 8.55, 1], "rotation": 90, "texture": "#2"},
				"up": {"uv": [0, 0, 1, 1], "rotation": 90, "texture": "#2"},
				"down": {"uv": [0, 0, 1, 1], "rotation": 90, "texture": "#2"}
			}
		},
		{
			"from": [-0.45192, 23.07032, 1],
			"to": [2.54808, 31.62032, 1.25],
			"rotation": {"angle": 22.5, "axis": "z", "origin": [1.04808, 26.99532, 1.5], "rescale": true},
			"faces": {
				"north": {"uv": [0, 0, 8.55, 3], "rotation": 270, "texture": "#1"},
				"east": {"uv": [0, 0, 8.55, 0.25], "rotation": 90, "texture": "#1"},
				"south": {"uv": [0, 0, 8.55, 3], "rotation": 90, "texture": "#1"},
				"west": {"uv": [0, 0, 8.55, 0.25], "rotation": 90, "texture": "#1"},
				"up": {"uv": [0, 0, 0.25, 3], "rotation": 90, "texture": "#1"},
				"down": {"uv": [0, 0, 0.25, 3], "rotation": 90, "texture": "#1"}
			}
		},
		{
			"from": [28.44808, 23.07032, 1],
			"to": [29.44808, 31.62032, 2],
			"rotation": {"angle": 22.5, "axis": "z", "origin": [28.94808, 26.99532, 1.5], "rescale": true},
			"faces": {
				"north": {"uv": [0, 0, 8.55, 1], "rotation": 270, "texture": "#2"},
				"east": {"uv": [0, 0, 8.55, 1], "rotation": 90, "texture": "#2"},
				"south": {"uv": [0, 0, 8.55, 1], "rotation": 90, "texture": "#2"},
				"west": {"uv": [0, 0, 8.55, 1], "rotation": 90, "texture": "#2"},
				"up": {"uv": [0, 0, 1, 1], "rotation": 90, "texture": "#2"},
				"down": {"uv": [0, 0, 1, 1], "rotation": 90, "texture": "#2"}
			}
		},
		{
			"from": [27.44808, 23.07032, 1],
			"to": [30.44808, 31.62032, 1.25],
			"rotation": {"angle": 22.5, "axis": "z", "origin": [28.94808, 26.99532, 1.5], "rescale": true},
			"faces": {
				"north": {"uv": [0, 0, 8.55, 3], "rotation": 270, "texture": "#1"},
				"east": {"uv": [0, 0, 8.55, 0.25], "rotation": 90, "texture": "#1"},
				"south": {"uv": [0, 0, 8.55, 3], "rotation": 90, "texture": "#1"},
				"west": {"uv": [0, 0, 8.55, 0.25], "rotation": 90, "texture": "#1"},
				"up": {"uv": [0, 0, 0.25, 3], "rotation": 90, "texture": "#1"},
				"down": {"uv": [0, 0, 0.25, 3], "rotation": 90, "texture": "#1"}
			}
		},
		{
			"from": [-14.05192, -1.62968, 1],
			"to": [-13.05192, 7.62032, 2],
			"rotation": {"angle": 22.5, "axis": "z", "origin": [-13.55192, 2.99532, 1.5]},
			"faces": {
				"north": {"uv": [0, 0, 9.25, 1], "rotation": 270, "texture": "#2"},
				"east": {"uv": [0, 0, 9.25, 1], "rotation": 90, "texture": "#2"},
				"south": {"uv": [0, 0, 9.25, 1], "rotation": 90, "texture": "#2"},
				"west": {"uv": [0, 0, 9.25, 1], "rotation": 90, "texture": "#2"},
				"up": {"uv": [0, 0, 1, 1], "rotation": 90, "texture": "#2"},
				"down": {"uv": [0, 0, 1, 1], "rotation": 90, "texture": "#2"}
			}
		},
		{
			"from": [-15.05192, -1.62968, 1],
			"to": [-12.05192, 7.62032, 1.25],
			"rotation": {"angle": 22.5, "axis": "z", "origin": [-13.55192, 2.99532, 1.5]},
			"faces": {
				"north": {"uv": [0, 0, 9.25, 3], "rotation": 270, "texture": "#1"},
				"east": {"uv": [0, 0, 9.25, 0.25], "rotation": 90, "texture": "#1"},
				"south": {"uv": [0, 0, 9.25, 3], "rotation": 90, "texture": "#1"},
				"west": {"uv": [0, 0, 9.25, 0.25], "rotation": 90, "texture": "#1"},
				"up": {"uv": [0, 0, 0.25, 3], "rotation": 90, "texture": "#1"},
				"down": {"uv": [0, 0, 0.25, 3], "rotation": 90, "texture": "#1"}
			}
		},
		{
			"from": [14.94808, 15.97032, 1],
			"to": [15.94808, 23.62032, 2],
			"rotation": {"angle": 22.5, "axis": "z", "origin": [15.44808, 18.99532, 1.5]},
			"faces": {
				"north": {"uv": [0, 0, 9.25, 1], "rotation": 270, "texture": "#2"},
				"east": {"uv": [0, 0, 9.25, 1], "rotation": 90, "texture": "#2"},
				"south": {"uv": [0, 0, 9.25, 1], "rotation": 90, "texture": "#2"},
				"west": {"uv": [0, 0, 9.25, 1], "rotation": 90, "texture": "#2"},
				"up": {"uv": [0, 0, 1, 1], "rotation": 90, "texture": "#2"},
				"down": {"uv": [0, 0, 1, 1], "rotation": 90, "texture": "#2"}
			}
		},
		{
			"from": [13.94808, 16.37032, 1],
			"to": [16.94808, 23.62032, 1.25],
			"rotation": {"angle": 22.5, "axis": "z", "origin": [15.44808, 18.99532, 1.5]},
			"faces": {
				"north": {"uv": [0, 0, 9.25, 3], "rotation": 270, "texture": "#1"},
				"east": {"uv": [0, 0, 9.25, 0.25], "rotation": 90, "texture": "#1"},
				"south": {"uv": [0, 0, 9.25, 3], "rotation": 90, "texture": "#1"},
				"west": {"uv": [0, 0, 9.25, 0.25], "rotation": 90, "texture": "#1"},
				"up": {"uv": [0, 0, 0.25, 3], "rotation": 90, "texture": "#1"},
				"down": {"uv": [0, 0, 0.25, 3], "rotation": 90, "texture": "#1"}
			}
		},
		{
			"from": [15.34808, 15.87032, 1],
			"to": [16.94808, 16.37032, 1.25],
			"rotation": {"angle": 22.5, "axis": "z", "origin": [15.44808, 18.99532, 1.5]},
			"faces": {
				"north": {"uv": [0, 0, 9.25, 3], "rotation": 270, "texture": "#1"},
				"east": {"uv": [0, 0, 9.25, 0.25], "rotation": 90, "texture": "#1"},
				"south": {"uv": [0, 0, 9.25, 3], "rotation": 90, "texture": "#1"},
				"west": {"uv": [0, 0, 9.25, 0.25], "rotation": 90, "texture": "#1"},
				"up": {"uv": [0, 0, 0.25, 3], "rotation": 90, "texture": "#1"},
				"down": {"uv": [0, 0, 0.25, 3], "rotation": 90, "texture": "#1"}
			}
		},
		{
			"from": [-14.05192, 14.37032, 1],
			"to": [-13.05192, 23.62032, 2],
			"rotation": {"angle": 22.5, "axis": "z", "origin": [-13.55192, 18.99532, 1.5]},
			"faces": {
				"north": {"uv": [0, 0, 9.25, 1], "rotation": 270, "texture": "#2"},
				"east": {"uv": [0, 0, 9.25, 1], "rotation": 90, "texture": "#2"},
				"south": {"uv": [0, 0, 9.25, 1], "rotation": 90, "texture": "#2"},
				"west": {"uv": [0, 0, 9.25, 1], "rotation": 90, "texture": "#2"},
				"up": {"uv": [0, 0, 1, 1], "rotation": 90, "texture": "#2"},
				"down": {"uv": [0, 0, 1, 1], "rotation": 90, "texture": "#2"}
			}
		},
		{
			"from": [-15.05192, 14.37032, 1],
			"to": [-12.05192, 23.62032, 1.25],
			"rotation": {"angle": 22.5, "axis": "z", "origin": [-13.55192, 18.99532, 1.5]},
			"faces": {
				"north": {"uv": [0, 0, 9.25, 3], "rotation": 270, "texture": "#1"},
				"east": {"uv": [0, 0, 9.25, 0.25], "rotation": 90, "texture": "#1"},
				"south": {"uv": [0, 0, 9.25, 3], "rotation": 90, "texture": "#1"},
				"west": {"uv": [0, 0, 9.25, 0.25], "rotation": 90, "texture": "#1"},
				"up": {"uv": [0, 0, 0.25, 3], "rotation": 90, "texture": "#1"},
				"down": {"uv": [0, 0, 0.25, 3], "rotation": 90, "texture": "#1"}
			}
		},
		{
			"from": [-14.07769, -15.7, 1],
			"to": [-13.27769, -8.32459, 2],
			"rotation": {"angle": 22.5, "axis": "z", "origin": [-13.77769, -11.95963, 1.5], "rescale": true},
			"faces": {
				"north": {"uv": [0, 0, 7.37541, 0.8], "rotation": 270, "texture": "#2"},
				"east": {"uv": [0, 0, 7.37541, 1], "rotation": 90, "texture": "#2"},
				"south": {"uv": [0, 0, 7.37541, 0.8], "rotation": 90, "texture": "#2"},
				"west": {"uv": [0, 0, 7.37541, 1], "rotation": 90, "texture": "#2"},
				"up": {"uv": [0, 0, 1, 0.8], "rotation": 90, "texture": "#2"},
				"down": {"uv": [0, 0, 1, 0.8], "rotation": 90, "texture": "#2"}
			}
		},
		{
			"from": [-15.07769, -16, 1],
			"to": [-12.27769, -8.32459, 1.25],
			"rotation": {"angle": 22.5, "axis": "z", "origin": [-13.77769, -11.95963, 1.5], "rescale": true},
			"faces": {
				"north": {"uv": [0, 0, 7.37541, 2.8], "rotation": 270, "texture": "#1"},
				"east": {"uv": [0, 0, 7.37541, 0.25], "rotation": 90, "texture": "#1"},
				"south": {"uv": [0, 0, 7.37541, 2.8], "rotation": 90, "texture": "#1"},
				"west": {"uv": [0, 0, 7.37541, 0.25], "rotation": 90, "texture": "#1"},
				"up": {"uv": [0, 0, 0.25, 2.8], "rotation": 90, "texture": "#1"},
				"down": {"uv": [0, 0, 0.25, 2.8], "rotation": 90, "texture": "#1"}
			}
		},
		{
			"from": [5.75, 15.3, 1],
			"to": [7.75, 32, 3],
			"rotation": {"angle": 0, "axis": "y", "origin": [10, 14.5, 10]},
			"faces": {
				"north": {"uv": [0, 0, 2, 16], "texture": "#1_2"},
				"east": {"uv": [0, 0, 2, 16], "texture": "#1_2"},
				"south": {"uv": [0, 0, 2, 16], "texture": "#1_2"},
				"west": {"uv": [0, 0, 2, 16], "texture": "#1_2"},
				"up": {"uv": [0, 0, 2, 2], "texture": "#1_2"},
				"down": {"uv": [0, 0, 2, 2], "texture": "#1_2"}
			}
		},
		{
			"from": [5.75, 13.5, 1],
			"to": [7.15, 15.3, 3],
			"rotation": {"angle": 0, "axis": "y", "origin": [10, 14.5, 10]},
			"faces": {
				"north": {"uv": [0, 0, 2, 16], "texture": "#1_2"},
				"east": {"uv": [0, 0, 2, 16], "texture": "#1_2"},
				"south": {"uv": [0, 0, 2, 16], "texture": "#1_2"},
				"west": {"uv": [0, 0, 2, 16], "texture": "#1_2"},
				"up": {"uv": [0, 0, 2, 2], "texture": "#1_2"},
				"down": {"uv": [0, 0, 2, 2], "texture": "#1_2"}
			}
		},
		{
			"from": [5.75, 12.4, 1],
			"to": [6.35, 13.5, 3],
			"rotation": {"angle": 0, "axis": "y", "origin": [10, 14.5, 10]},
			"faces": {
				"north": {"uv": [0, 0, 2, 16], "texture": "#1_2"},
				"east": {"uv": [0, 0, 2, 16], "texture": "#1_2"},
				"south": {"uv": [0, 0, 2, 16], "texture": "#1_2"},
				"west": {"uv": [0, 0, 2, 16], "texture": "#1_2"},
				"up": {"uv": [0, 0, 2, 2], "texture": "#1_2"},
				"down": {"uv": [0, 0, 2, 2], "texture": "#1_2"}
			}
		},
		{
			"from": [7.75, 16.2, 1],
			"to": [8.75, 32, 2],
			"rotation": {"angle": 0, "axis": "y", "origin": [11, 14.5, 10]},
			"faces": {
				"north": {"uv": [0, 0, 1, 16], "texture": "#7"},
				"east": {"uv": [0, 0, 1, 16], "texture": "#7"},
				"south": {"uv": [11, 2, 13, 8], "texture": "#7"},
				"west": {"uv": [0, 0, 1, 16], "texture": "#7"},
				"up": {"uv": [0, 0, 1, 1], "texture": "#7"},
				"down": {"uv": [0, 0, 1, 1], "texture": "#7"}
			}
		},
		{
			"from": [8.75, 16.3, 1],
			"to": [10.75, 32, 3],
			"rotation": {"angle": 0, "axis": "y", "origin": [13, 14.5, 10]},
			"faces": {
				"north": {"uv": [0, 0, 2, 16], "texture": "#1_2"},
				"east": {"uv": [0, 0, 2, 16], "texture": "#1_2"},
				"south": {"uv": [0, 0, 2, 16], "texture": "#1_2"},
				"west": {"uv": [0, 0, 2, 16], "texture": "#1_2"},
				"up": {"uv": [0, 0, 2, 2], "texture": "#1_2"},
				"down": {"uv": [0, 0, 2, 2], "texture": "#1_2"}
			}
		},
		{
			"from": [10.75, 16.2, 1],
			"to": [11.5, 32, 1.25],
			"rotation": {"angle": 0, "axis": "y", "origin": [13, 14.5, 10]},
			"faces": {
				"north": {"uv": [0, 0, 0.75, 16], "texture": "#1"},
				"east": {"uv": [0, 0, 0.25, 16], "texture": "#1"},
				"south": {"uv": [0, 0, 0.75, 16], "texture": "#1"},
				"west": {"uv": [0, 0, 0.25, 16], "texture": "#1"},
				"up": {"uv": [0, 0, 0.75, 0.25], "texture": "#1"},
				"down": {"uv": [0, 0, 0.75, 0.25], "texture": "#1"}
			}
		},
		{
			"from": [5, 10.2, 1],
			"to": [5.75, 32, 1.25],
			"rotation": {"angle": 0, "axis": "y", "origin": [7.25, 14.5, 10]},
			"faces": {
				"north": {"uv": [0, 0, 0.75, 16], "texture": "#1"},
				"east": {"uv": [0, 0, 0.25, 16], "texture": "#1"},
				"south": {"uv": [0, 0, 0.75, 16], "texture": "#1"},
				"west": {"uv": [0, 0, 0.25, 16], "texture": "#1"},
				"up": {"uv": [0, 0, 0.75, 0.25], "texture": "#1"},
				"down": {"uv": [0, 0, 0.75, 0.25], "texture": "#1"}
			}
		},
		{
			"from": [-1, -16, 0],
			"to": [0.5, -7.4, 11],
			"rotation": {"angle": 22.5, "axis": "z", "origin": [-0.5, -7.5, 5.5], "rescale": true},
			"faces": {
				"north": {"uv": [0, 0, 1, 8.6], "texture": "#0"},
				"east": {"uv": [0, 0, 11, 8.6], "texture": "#0"},
				"south": {"uv": [0, 0, 1, 8.6], "texture": "#0"},
				"west": {"uv": [0, 0, 11, 8.6], "texture": "#0"},
				"up": {"uv": [0, 0, 1, 11], "texture": "#0"},
				"down": {"uv": [0, 0, 1, 11], "texture": "#0"}
			}
		},
		{
			"from": [-3.8, -16, -16],
			"to": [0.5, -7.4, 0],
			"rotation": {"angle": 22.5, "axis": "z", "origin": [-0.5, -7.5, -10.5], "rescale": true},
			"faces": {
				"north": {"uv": [0, 0, 2.3, 8.6], "texture": "#0"},
				"east": {"uv": [0, 0, 16, 8.6], "texture": "#0"},
				"south": {"uv": [0, 0, 2.3, 8.6], "texture": "#0"},
				"west": {"uv": [0, 0, 16, 8.6], "texture": "#0"},
				"up": {"uv": [0, 0, 2.3, 16], "texture": "#0"},
				"down": {"uv": [0, 0, 2.3, 16], "texture": "#0"}
			}
		},
		{
			"from": [-1, -7.7, 0],
			"to": [0.5, -3.6, 11],
			"rotation": {"angle": 0, "axis": "y", "origin": [7, 8, 8]},
			"faces": {
				"north": {"uv": [0, 0, 1, 4.1], "texture": "#0"},
				"east": {"uv": [0, 0, 11, 4.1], "texture": "#0"},
				"south": {"uv": [0, 0, 1, 4.1], "texture": "#0"},
				"west": {"uv": [0, 0, 11, 4.1], "texture": "#0"},
				"up": {"uv": [0, 0, 1, 11], "texture": "#0"},
				"down": {"uv": [0, 0, 1, 11], "texture": "#0"}
			}
		},
		{
			"from": [-2.5, -7.7, -16],
			"to": [0.5, -3.6, 0],
			"rotation": {"angle": 0, "axis": "y", "origin": [7, 8, -8]},
			"faces": {
				"north": {"uv": [0, 0, 2.5, 4.1], "texture": "#0"},
				"east": {"uv": [0, 0, 16, 4.1], "texture": "#0"},
				"south": {"uv": [0, 0, 2.5, 4.1], "texture": "#0"},
				"west": {"uv": [0, 0, 16, 4.1], "texture": "#0"},
				"up": {"uv": [0, 0, 2.5, 16], "texture": "#0"},
				"down": {"uv": [0, 0, 2.5, 16], "texture": "#0"}
			}
		},
		{
			"from": [1, -4.3, 0],
			"to": [2.5, 18.1, 11],
			"rotation": {"angle": -22.5, "axis": "z", "origin": [1.5, 1, 5.5]},
			"faces": {
				"north": {"uv": [0, 0, 1, 16], "texture": "#0"},
				"east": {"uv": [0, 0, 11, 16], "texture": "#0"},
				"south": {"uv": [0, 0, 1, 16], "texture": "#0"},
				"west": {"uv": [0, 0, 11, 16], "texture": "#0"},
				"up": {"uv": [0, 0, 1, 11], "texture": "#0"},
				"down": {"uv": [0, 0, 1, 11], "texture": "#0"}
			}
		},
		{
			"from": [-10.2, -4.3, -16],
			"to": [2.5, 18.1, 0],
			"rotation": {"angle": -22.5, "axis": "z", "origin": [1.5, 1, -10.5]},
			"faces": {
				"north": {"uv": [0, 0, 12.2, 16], "texture": "#0"},
				"east": {"uv": [0, 0, 16, 16], "texture": "#0"},
				"south": {"uv": [0, 0, 12.2, 16], "texture": "#0"},
				"west": {"uv": [0, 0, 16, 16], "texture": "#0"},
				"up": {"uv": [0, 0, 12.2, 16], "texture": "#0"},
				"down": {"uv": [0, 0, 12.2, 16], "texture": "#0"}
			}
		},
		{
			"from": [7.6, 16, 0],
			"to": [23.6, 17, 11],
			"rotation": {"angle": 0, "axis": "y", "origin": [9, 9, 8]},
			"faces": {
				"north": {"uv": [0, 0, 16, 1], "texture": "#0"},
				"east": {"uv": [0, 0, 11, 1], "texture": "#0"},
				"south": {"uv": [0, 0, 16, 1], "texture": "#0"},
				"west": {"uv": [0, 0, 11, 1], "texture": "#0"},
				"up": {"uv": [0, 0, 16, 11], "texture": "#0"},
				"down": {"uv": [0, 0, 16, 11], "texture": "#0"}
			}
		},
		{
			"from": [7.6, 16, -16],
			"to": [23.6, 17, 0],
			"rotation": {"angle": 0, "axis": "y", "origin": [9, 9, -8]},
			"faces": {
				"north": {"uv": [0, 0, 16, 1], "texture": "#0"},
				"east": {"uv": [0, 0, 16, 1], "texture": "#0"},
				"south": {"uv": [0, 0, 16, 1], "texture": "#0"},
				"west": {"uv": [0, 0, 16, 1], "texture": "#0"},
				"up": {"uv": [0, 0, 16, 16], "texture": "#0"},
				"down": {"uv": [0, 0, 16, 16], "texture": "#0"}
			}
		},
		{
			"from": [30.5, -16, 0],
			"to": [32, -7.4, 11],
			"rotation": {"angle": -22.5, "axis": "z", "origin": [31.5, -7.5, 5.5], "rescale": true},
			"faces": {
				"north": {"uv": [0, 0, 1, 8.6], "texture": "#0"},
				"east": {"uv": [0, 0, 11, 8.6], "texture": "#0"},
				"south": {"uv": [0, 0, 1, 8.6], "texture": "#0"},
				"west": {"uv": [0, 0, 11, 8.6], "texture": "#0"},
				"up": {"uv": [0, 0, 1, 11], "texture": "#0"},
				"down": {"uv": [0, 0, 1, 11], "texture": "#0"}
			}
		},
		{
			"from": [28.89273, -15.68029, -16],
			"to": [30.39273, -7.08029, 0],
			"rotation": {"angle": -22.5, "axis": "z", "origin": [29.89273, -11.38029, -8], "rescale": true},
			"faces": {
				"north": {"uv": [0, 0, 1, 8.6], "texture": "#0"},
				"east": {"uv": [0, 0, 16, 8.6], "texture": "#0"},
				"south": {"uv": [0, 0, 1, 8.6], "texture": "#0"},
				"west": {"uv": [0, 0, 16, 8.6], "texture": "#0"},
				"up": {"uv": [0, 0, 1, 16], "texture": "#0"},
				"down": {"uv": [0, 0, 1, 16], "texture": "#0"}
			}
		},
		{
			"from": [28.89273, -15.08029, -16],
			"to": [32, -12.88029, 0],
			"rotation": {"angle": 0, "axis": "z", "origin": [29.89273, -11.38029, -8], "rescale": true},
			"faces": {
				"north": {"uv": [0, 0, 3.10727, 2.2], "texture": "#0"},
				"east": {"uv": [0, 0, 16, 2.2], "texture": "#0"},
				"south": {"uv": [0, 0, 3.10727, 2.2], "texture": "#0"},
				"west": {"uv": [0, 0, 16, 2.2], "texture": "#0"},
				"up": {"uv": [0, 0, 3.10727, 16], "texture": "#0"},
				"down": {"uv": [0, 0, 3.10727, 16], "texture": "#0"}
			}
		},
		{
			"from": [29.69273, -12.88029, -16],
			"to": [32, -10.88029, 0],
			"rotation": {"angle": 0, "axis": "z", "origin": [29.89273, -11.38029, -8], "rescale": true},
			"faces": {
				"north": {"uv": [0, 0, 2.30727, 2], "texture": "#0"},
				"east": {"uv": [0, 0, 16, 2], "texture": "#0"},
				"south": {"uv": [0, 0, 2.30727, 2], "texture": "#0"},
				"west": {"uv": [0, 0, 16, 2], "texture": "#0"},
				"up": {"uv": [0, 0, 2.30727, 16], "texture": "#0"},
				"down": {"uv": [0, 0, 2.30727, 16], "texture": "#0"}
			}
		},
		{
			"from": [30.39273, -10.88029, -16],
			"to": [32, -9.38029, 0],
			"rotation": {"angle": 0, "axis": "z", "origin": [29.89273, -11.38029, -8], "rescale": true},
			"faces": {
				"north": {"uv": [0, 0, 1.60727, 1.5], "texture": "#0"},
				"east": {"uv": [0, 0, 16, 1.5], "texture": "#0"},
				"south": {"uv": [0, 0, 1.60727, 1.5], "texture": "#0"},
				"west": {"uv": [0, 0, 16, 1.5], "texture": "#0"},
				"up": {"uv": [0, 0, 1.60727, 16], "texture": "#0"},
				"down": {"uv": [0, 0, 1.60727, 16], "texture": "#0"}
			}
		},
		{
			"from": [30.89273, -9.38029, -16],
			"to": [32, 9.01971, 0],
			"rotation": {"angle": 0, "axis": "z", "origin": [29.89273, -11.38029, -8], "rescale": true},
			"faces": {
				"north": {"uv": [0, 0, 1.10727, 16], "texture": "#0"},
				"east": {"uv": [0, 0, 16, 16], "texture": "#0"},
				"south": {"uv": [0, 0, 1.10727, 16], "texture": "#0"},
				"west": {"uv": [0, 0, 16, 16], "texture": "#0"},
				"up": {"uv": [0, 0, 1.10727, 16], "texture": "#0"},
				"down": {"uv": [0, 0, 1.10727, 16], "texture": "#0"}
			}
		},
		{
			"from": [28.79273, -0.88029, -16],
			"to": [32, 9.01971, 0],
			"rotation": {"angle": 0, "axis": "z", "origin": [29.89273, -11.38029, -8], "rescale": true},
			"faces": {
				"north": {"uv": [0, 0, 3.20727, 9.9], "texture": "#0"},
				"east": {"uv": [0, 0, 16, 9.9], "texture": "#0"},
				"south": {"uv": [0, 0, 3.20727, 9.9], "texture": "#0"},
				"west": {"uv": [0, 0, 16, 9.9], "texture": "#0"},
				"up": {"uv": [0, 0, 3.20727, 16], "texture": "#0"},
				"down": {"uv": [0, 0, 3.20727, 16], "texture": "#0"}
			}
		},
		{
			"from": [26.89273, 3.61971, -16],
			"to": [28.79273, 9.01971, 0],
			"rotation": {"angle": 0, "axis": "z", "origin": [29.89273, -11.38029, -8], "rescale": true},
			"faces": {
				"north": {"uv": [0, 0, 1.9, 5.4], "texture": "#0"},
				"east": {"uv": [0, 0, 16, 5.4], "texture": "#0"},
				"south": {"uv": [0, 0, 1.9, 5.4], "texture": "#0"},
				"west": {"uv": [0, 0, 16, 5.4], "texture": "#0"},
				"up": {"uv": [0, 0, 1.9, 16], "texture": "#0"},
				"down": {"uv": [0, 0, 1.9, 16], "texture": "#0"}
			}
		},
		{
			"from": [30.5, -7.7, 0],
			"to": [32, -3.4, 11],
			"rotation": {"angle": 0, "axis": "y", "origin": [39, 8, 8]},
			"faces": {
				"north": {"uv": [0, 0, 1, 4.3], "texture": "#0"},
				"east": {"uv": [0, 0, 11, 4.3], "texture": "#0"},
				"south": {"uv": [0, 0, 1, 4.3], "texture": "#0"},
				"west": {"uv": [0, 0, 11, 4.3], "texture": "#0"},
				"up": {"uv": [0, 0, 1, 11], "texture": "#0"},
				"down": {"uv": [0, 0, 1, 11], "texture": "#0"}
			}
		},
		{
			"from": [30.5, -7.7, -16],
			"to": [32, -3.4, 0],
			"rotation": {"angle": 0, "axis": "y", "origin": [39, 8, -8]},
			"faces": {
				"north": {"uv": [0, 0, 1, 4.3], "texture": "#0"},
				"east": {"uv": [0, 0, 16, 4.3], "texture": "#0"},
				"south": {"uv": [0, 0, 1, 4.3], "texture": "#0"},
				"west": {"uv": [0, 0, 16, 4.3], "texture": "#0"},
				"up": {"uv": [0, 0, 1, 16], "texture": "#0"},
				"down": {"uv": [0, 0, 1, 16], "texture": "#0"}
			}
		},
		{
			"from": [28.5, -4, 0],
			"to": [30, 18, 11],
			"rotation": {"angle": 22.5, "axis": "z", "origin": [29.5, 1.5, 5.5]},
			"faces": {
				"north": {"uv": [0, 0, 1, 16], "texture": "#0"},
				"east": {"uv": [0, 0, 11, 16], "texture": "#0"},
				"south": {"uv": [0, 0, 1, 16], "texture": "#0"},
				"west": {"uv": [0, 0, 11, 16], "texture": "#0"},
				"up": {"uv": [0, 0, 1, 11], "texture": "#0"},
				"down": {"uv": [0, 0, 1, 11], "texture": "#0"}
			}
		},
		{
			"from": [28.5, -4, -16],
			"to": [32, 18, 0],
			"rotation": {"angle": 22.5, "axis": "z", "origin": [29.5, 1.5, -10.5]},
			"faces": {
				"north": {"uv": [0, 0, 3, 16], "texture": "#0"},
				"east": {"uv": [0, 0, 16, 16], "texture": "#0"},
				"south": {"uv": [0, 0, 3, 16], "texture": "#0"},
				"west": {"uv": [0, 0, 16, 16], "texture": "#0"},
				"up": {"uv": [0, 0, 3, 16], "texture": "#0"},
				"down": {"uv": [0, 0, 3, 16], "texture": "#0"}
			}
		}
	],
	"display": {
		"thirdperson_righthand": {
			"translation": [0, 0, 9.5]
		},
		"head": {
			"translation": [0, -30.5, 0],
			"scale": [1.6, 1.6, 1.6]
		}
	},
	"groups": [
		{
			"name": "group",
			"origin": [-13.77769, -11.95963, 1.5],
			"children": [0, 1, 2, 3, 4, 5, 6, 7, 8, 9, 10, 11, 12, 13, 14, 15, 16, 17, 18, 19, 20, 21, 22, 23, 24, 25, 26, 27, 28, 29, 30, 31, 32, 33, 34, 35, 36, 37, 38, 39, 40, 41, 42, 43, 44, 45, 46, 47, 48, 49, 50, 51, 52, 53, 54, 55, 56, 57, 58, 59, 60, 61, 62, 63, 64, 65, 66, 67, 68, 69, 70, 71, 72, 73, 74, 75, 76, 77, 78, 79, 80, 81, 82, 83, 84, 85, 86, 87, 88, 89, 90, 91, 92, 93, 94, 95, 96, 97, 98, 99, 100, 101, 102, 103, 104]
		}, 105, 106, 107, 108, 109, 110, 111, 112, 113, 114, 115, 116, 117, 118, 119, 120, 121, 122, 123, 124]
}