{
	"credit": "Made with Blockbench",
	"textures": {
		"0": "custom/tardis_maintenance_corridor",
		"particle": "custom/tardis_lamp"
	},
	"elements": [
		{
			"from": [-12.15, 3.63485, 16.18376],
			"to": [19.55, 12.23485, 17.68376],
			"rotation": {"angle": 22.5, "axis": "x", "origin": [3.7, 2.51538, 3.85]},
			"faces": {
				"north": {"uv": [0, 0, 11, 8.6], "texture": "#0"},
				"east": {"uv": [0, 0, 1, 8.6], "texture": "#0"},
				"south": {"uv": [0, 0, 11, 8.6], "texture": "#0"},
				"west": {"uv": [0, 0, 1, 8.6], "texture": "#0"},
				"up": {"uv": [0, 0, 1, 11], "rotation": 270, "texture": "#0"},
				"down": {"uv": [0, 0, 1, 11], "rotation": 90, "texture": "#0"}
			}
		},
		{
			"from": [-12.15, 6.1, 18.85],
			"to": [19.55, 10.2, 20.35],
			"rotation": {"angle": 0, "axis": "y", "origin": [3.7, 8.2, 3.85]},
			"faces": {
				"north": {"uv": [0, 0, 11, 4.1], "texture": "#0"},
				"east": {"uv": [0, 0, 1, 4.1], "texture": "#0"},
				"south": {"uv": [0, 0, 11, 4.1], "texture": "#0"},
				"west": {"uv": [0, 0, 1, 4.1], "texture": "#0"},
				"up": {"uv": [0, 0, 1, 11], "rotation": 270, "texture": "#0"},
				"down": {"uv": [0, 0, 1, 11], "rotation": 90, "texture": "#0"}
			}
		},
		{
			"from": [-12.15, 9.1, 14.85],
			"to": [19.55, 31.2, 16.35],
			"rotation": {"angle": -22.5, "axis": "x", "origin": [3.7, 20.15, 15.6]},
			"faces": {
				"north": {"uv": [0, 0, 11, 4.1], "texture": "#0"},
				"east": {"uv": [0, 0, 1, 4.1], "texture": "#0"},
				"south": {"uv": [0, 0, 11, 4.1], "texture": "#0"},
				"west": {"uv": [0, 0, 1, 4.1], "texture": "#0"},
				"up": {"uv": [0, 0, 1, 11], "rotation": 270, "texture": "#0"},
				"down": {"uv": [0, 0, 1, 11], "rotation": 90, "texture": "#0"}
			}
		},
		{
			"from": [-4.2, 29.8, -12],
			"to": [11.8, 30.8, 19.7],
			"rotation": {"angle": 0, "axis": "y", "origin": [-2.8, 22.8, 19.7]},
			"faces": {
				"north": {"uv": [0, 0, 16, 1], "texture": "#0"},
				"east": {"uv": [0, 0, 11, 1], "texture": "#0"},
				"south": {"uv": [0, 0, 16, 1], "texture": "#0"},
				"west": {"uv": [0, 0, 11, 1], "texture": "#0"},
				"up": {"uv": [0, 0, 16, 11], "texture": "#0"},
				"down": {"uv": [0, 0, 16, 11], "texture": "#0"}
			}
		},
		{
			"from": [-12.25, -1.2, -12.15],
			"to": [-4.35, 30.8, -4.15],
			"rotation": {"angle": 0, "axis": "y", "origin": [3.8, 30.3, 3.85]},
			"faces": {
				"north": {"uv": [0, 0, 11, 1], "texture": "#0"},
				"east": {"uv": [0, 0, 16, 1], "texture": "#0"},
				"south": {"uv": [0, 0, 11, 1], "texture": "#0"},
				"west": {"uv": [0, 0, 16, 1], "texture": "#0"},
				"up": {"uv": [0, 0, 16, 11], "rotation": 270, "texture": "#0"},
				"down": {"uv": [0, 0, 16, 11], "rotation": 90, "texture": "#0"}
			}
		},
		{
			"from": [-12.05, 29.8, -4.15],
			"to": [19.65, 30.8, 11.85],
			"rotation": {"angle": 0, "axis": "y", "origin": [3.8, 30.3, 3.85]},
			"faces": {
				"north": {"uv": [0, 0, 11, 1], "texture": "#0"},
				"east": {"uv": [0, 0, 16, 1], "texture": "#0"},
				"south": {"uv": [0, 0, 11, 1], "texture": "#0"},
				"west": {"uv": [0, 0, 16, 1], "texture": "#0"},
				"up": {"uv": [0, 0, 16, 11], "rotation": 270, "texture": "#0"},
				"down": {"uv": [0, 0, 16, 11], "rotation": 90, "texture": "#0"}
			}
		},
		{
			"from": [-12.2, -2.1, -12],
			"to": [16.4, -1.1, 19.7],
			"rotation": {"angle": 0, "axis": "y", "origin": [-2.8, -9.1, 19.7]},
			"faces": {
				"north": {"uv": [0, 0, 16, 1], "texture": "#0"},
				"east": {"uv": [0, 0, 11, 1], "texture": "#0"},
				"south": {"uv": [0, 0, 16, 1], "texture": "#0"},
				"west": {"uv": [0, 0, 11, 1], "texture": "#0"},
				"up": {"uv": [0, 0, 16, 11], "texture": "#0"},
				"down": {"uv": [0, 0, 16, 11], "texture": "#0"}
			}
		},
		{
			"from": [17.2, 9.8, -12.2],
			"to": [18.7, 31.8, 20.1],
			"rotation": {"angle": 22.5, "axis": "z", "origin": [18.2, 15.3, 17.6]},
			"faces": {
				"north": {"uv": [0, 0, 1, 16], "texture": "#0"},
				"east": {"uv": [0, 0, 11, 16], "texture": "#0"},
				"south": {"uv": [0, 0, 1, 16], "texture": "#0"},
				"west": {"uv": [0, 0, 11, 16], "texture": "#0"},
				"up": {"uv": [0, 0, 1, 11], "texture": "#0"},
				"down": {"uv": [0, 0, 1, 11], "texture": "#0"}
			}
		},
		{
			"from": [19.2, 6.1, -12.2],
			"to": [20.7, 10.4, 20.1],
			"rotation": {"angle": 0, "axis": "y", "origin": [27.7, 21.8, 20.1]},
			"faces": {
				"north": {"uv": [0, 0, 1, 4.3], "texture": "#0"},
				"east": {"uv": [0, 0, 11, 4.3], "texture": "#0"},
				"south": {"uv": [0, 0, 1, 4.3], "texture": "#0"},
				"west": {"uv": [0, 0, 11, 4.3], "texture": "#0"},
				"up": {"uv": [0, 0, 1, 11], "texture": "#0"},
				"down": {"uv": [0, 0, 1, 11], "texture": "#0"}
			}
		},
		{
			"from": [16.53376, 3.63485, -12.2],
			"to": [18.03376, 12.23485, 20.1],
			"rotation": {"angle": -22.5, "axis": "z", "origin": [4.2, 2.51538, 4.25]},
			"faces": {
				"north": {"uv": [0, 0, 1, 8.6], "texture": "#0"},
				"east": {"uv": [0, 0, 11, 8.6], "texture": "#0"},
				"south": {"uv": [0, 0, 1, 8.6], "texture": "#0"},
				"west": {"uv": [0, 0, 11, 8.6], "texture": "#0"},
				"up": {"uv": [0, 0, 1, 11], "texture": "#0"},
				"down": {"uv": [0, 0, 1, 11], "texture": "#0"}
			}
		}
	],
	"display": {
		"thirdperson_righthand": {
			"translation": [0, 0, 9.5]
		},
		"head": {
			"translation": [6.25, -28, 6.25],
			"scale": [1.6, 1.6, 1.6]
		}
	},
	"groups": [
		{
			"name": "group",
			"origin": [31.5, -7.5, 5.5],
			"children": [0, 1, 2, 3, 4, 5, 6, 7, 8, 9]
		}
	]
}