{
	"credit": "Made with Blockbench",
	"textures": {
		"0": "custom/tardis_maintenance_corridor"
	},
	"elements": [
		{
			"from": [-16, -8, -16],
			"to": [32, 0.2, 19],
			"rotation": {"angle": 0, "axis": "y", "origin": [24.5, 8, 19]},
			"faces": {
				"north": {"uv": [0, 0, 9, 1], "texture": "#0"},
				"east": {"uv": [0, 0, 1, 1], "texture": "#0"},
				"south": {"uv": [0, 0, 9, 1], "texture": "#0"},
				"west": {"uv": [0, 0, 1, 1], "texture": "#0"},
				"up": {"uv": [0, 0, 9, 1], "texture": "#0"},
				"down": {"uv": [0, 0, 9, 1], "texture": "#0"}
			}
		}
	],
	"display": {
		"thirdperson_righthand": {
			"translation": [0, 0, 9.5]
		},
		"head": {
			"translation": [0, -30.5, 0],
			"scale": [1.6, 1.6, 1.6]
		}
	},
	"groups": [
		{
			"name": "group",
			"origin": [-8, 33, 8],
			"children": [0]
		}
	]
}