{
	"credit": "Made with Blockbench",
	"textures": {
		"7": "custom/light_gray_concrete",
		"particle": "custom/light_gray_concrete"
	},
	"elements": [
		{
			"from": [2, -16, 3],
			"to": [14, 31.1, 12.7],
			"rotation": {"angle": 0, "axis": "y", "origin": [17, 8, 15]},
			"faces": {
				"north": {"uv": [0, 0, 16, 16], "texture": "#7"},
				"east": {"uv": [0, 0, 0.25, 16], "texture": "#7"},
				"south": {"uv": [0, 0, 16, 16], "texture": "#7"},
				"west": {"uv": [0, 0, 0.25, 16], "texture": "#7"},
				"up": {"uv": [0, 0, 16, 0.25], "texture": "#7"},
				"down": {"uv": [0, 0, 16, 0.25], "texture": "#7"}
			}
		}
	],
	"display": {
		"thirdperson_righthand": {
			"translation": [0, 0, 9.5]
		},
		"head": {
			"translation": [0, -30.5, 0],
			"scale": [1.6, 1.6, 1.6]
		}
	}
}