{
	"credit": "Made with Blockbench",
	"textures": {
		"0": "custom/oak_log",
		"1": "custom/oak_log_top",
		"2": "custom/stone",
		"3": "custom/tardis_door_panel",
		"particle": "custom/oak_log"
	},
	"elements": [
		{
			"from": [0, 16, 16],
			"to": [16, 32, 17],
			"rotation": {"angle": 0, "axis": "y", "origin": [8, 24, 24]},
			"faces": {
				"north": {"uv": [0, 0, 16, 16], "texture": "#2"},
				"east": {"uv": [0, 0, 1, 16], "texture": "#0"},
				"south": {"uv": [0, 0, 16, 16], "texture": "#0"},
				"west": {"uv": [15, 0, 16, 16], "texture": "#0"},
				"up": {"uv": [0, 15, 16, 16], "texture": "#1"},
				"down": {"uv": [0, 0, 16, 1], "texture": "#missing"}
			}
		},
		{
			"from": [0, 0, 0],
			"to": [16, 16, 1],
			"faces": {
				"north": {"uv": [0, 0, 16, 16], "texture": "#0"},
				"east": {"uv": [15, 0, 16, 16], "texture": "#0"},
				"south": {"uv": [0, 0, 16, 16], "texture": "#2"},
				"west": {"uv": [0, 0, 1, 16], "texture": "#0"},
				"up": {"uv": [0, 0, 16, 1], "texture": "#missing"},
				"down": {"uv": [0, 15, 16, 16], "texture": "#1"}
			}
		},
		{
			"from": [0, 16, 0],
			"to": [16, 32, 1],
			"rotation": {"angle": 0, "axis": "y", "origin": [8, 24, 8]},
			"faces": {
				"north": {"uv": [0, 0, 16, 16], "texture": "#0"},
				"east": {"uv": [15, 0, 16, 16], "texture": "#0"},
				"south": {"uv": [0, 0, 16, 16], "texture": "#2"},
				"west": {"uv": [0, 0, 1, 16], "texture": "#0"},
				"up": {"uv": [0, 0, 16, 1], "texture": "#1"},
				"down": {"uv": [0, 0, 16, 1], "texture": "#missing"}
			}
		},
		{
			"from": [0, 0, 16],
			"to": [16, 16, 17],
			"rotation": {"angle": 0, "axis": "y", "origin": [8, 8, 24]},
			"faces": {
				"north": {"uv": [0, 0, 16, 16], "texture": "#2"},
				"east": {"uv": [0, 0, 1, 16], "texture": "#0"},
				"south": {"uv": [0, 0, 16, 16], "texture": "#0"},
				"west": {"uv": [15, 0, 16, 16], "texture": "#0"},
				"up": {"uv": [0, 0, 16, 1], "texture": "#missing"},
				"down": {"uv": [0, 0, 16, 1], "texture": "#1"}
			}
		},
		{
			"from": [0, 0, 1],
			"to": [16, 1, 16],
			"rotation": {"angle": 0, "axis": "y", "origin": [8, 8, 9]},
			"faces": {
				"north": {"uv": [0, 0, 16, 1], "texture": "#missing"},
				"east": {"uv": [1, 15, 15, 16], "texture": "#0"},
				"south": {"uv": [0, 0, 16, 1], "texture": "#missing"},
				"west": {"uv": [1, 15, 15, 16], "texture": "#0"},
				"up": {"uv": [0, 0, 16, 15], "texture": "#2"},
				"down": {"uv": [0, 1, 16, 15], "texture": "#1"}
			}
		},
		{
			"from": [0, 31, 1],
			"to": [16, 32, 16],
			"rotation": {"angle": 0, "axis": "y", "origin": [8, 39, 9]},
			"faces": {
				"north": {"uv": [0, 0, 16, 1], "texture": "#missing"},
				"east": {"uv": [1, 0, 15, 1], "texture": "#0"},
				"south": {"uv": [0, 0, 16, 1], "texture": "#missing"},
				"west": {"uv": [1, 0, 15, 1], "texture": "#0"},
				"up": {"uv": [0, 1, 16, 15], "texture": "#1"},
				"down": {"uv": [0, 0, 16, 15], "texture": "#2"}
			}
		},
		{
			"from": [0, 1, 1],
			"to": [11, 16, 16],
			"rotation": {"angle": 0, "axis": "y", "origin": [8, 8, 9]},
			"faces": {
				"north": {"uv": [0, 0, 11, 15], "texture": "#missing"},
				"east": {"uv": [7, 5, 15, 15], "texture": "#3"},
				"south": {"uv": [0, 0, 11, 15], "texture": "#missing"},
				"west": {"uv": [1, 0, 15, 15], "texture": "#0"},
				"up": {"uv": [0, 0, 11, 15], "texture": "#missing"},
				"down": {"uv": [0, 0, 11, 15], "texture": "#missing"}
			}
		},
		{
			"from": [0, 16, 1],
			"to": [11, 31, 16],
			"rotation": {"angle": 0, "axis": "y", "origin": [8, 23, 9]},
			"faces": {
				"north": {"uv": [0, 0, 11, 15], "texture": "#missing"},
				"east": {"uv": [8, 6, 15, 15], "texture": "#3"},
				"south": {"uv": [0, 0, 11, 15], "texture": "#missing"},
				"west": {"uv": [1, 1, 15, 16], "texture": "#0"},
				"up": {"uv": [0, 0, 11, 15], "texture": "#missing"},
				"down": {"uv": [0, 0, 11, 15], "texture": "#missing"}
			}
		}
	],
	"display": {
		"head": {
			"rotation": [0, -90, 0],
			"translation": [0, -29.75, 0],
			"scale": [1.69, 1.69, 1.69]
		}
	},
	"groups": [
		{
			"name": "plains_ext1",
			"origin": [8, 8, 8],
			"children": [
				{
					"name": "group",
					"origin": [8, 23, 9],
					"children": [0, 1, 2, 3, 4, 5, 6, 7]
				}
			]
		}
	]
}