{
	"credit": "Made with Blockbench",
	"textures": {
		"0": "custom/oak_log",
		"2": "custom/stone",
		"particle": "custom/oak_log"
	},
	"elements": [
		{
			"from": [11, 1, 8.5],
			"to": [16, 16, 16],
			"rotation": {"angle": 0, "axis": "y", "origin": [23, 9, 17]},
			"faces": {
				"north": {"uv": [0, 0, 5, 15], "texture": "#2"},
				"east": {"uv": [1, 0, 8, 15], "texture": "#0"},
				"south": {"uv": [0, 0, 5, 15], "texture": "#2"},
				"west": {"uv": [0, 0, 7.5, 15], "texture": "#2"},
				"up": {"uv": [0, 0, 5, 7.5], "texture": "#missing"},
				"down": {"uv": [0, 0, 5, 7.5], "texture": "#2"}
			}
		},
		{
			"from": [11, 16, 8.5],
			"to": [16, 31, 16],
			"rotation": {"angle": 0, "axis": "y", "origin": [23, 9, 17]},
			"faces": {
				"north": {"uv": [0, 0, 5, 15], "texture": "#2"},
				"east": {"uv": [1, 1, 8, 16], "texture": "#0"},
				"south": {"uv": [0, 0, 5, 15], "texture": "#2"},
				"west": {"uv": [0, 0, 7.5, 15], "texture": "#2"},
				"up": {"uv": [0, 0, 5, 7.5], "texture": "#2"},
				"down": {"uv": [0, 0, 5, 7.5], "texture": "#missing"}
			}
		}
	],
	"display": {
		"head": {
			"rotation": [0, -90, 0],
			"translation": [10.75, -29.75, -7.15],
			"scale": [1.69, 1.69, 1.69]
		}
	},
	"groups": [
		{
			"name": "plains_ext1_doorL",
			"origin": [8, 8, 8],
			"children": [
				{
					"name": "group",
					"origin": [23, 9, 17],
					"children": [0, 1]
				}
			]
		}
	]
}