{
    "parent":"item/handheld",
    "textures": {
        "layer0": "item/snowball"
    },

    "overrides": [
        { "predicate": {"custom_model_data": 1}, "model": "item/tardis_cons_sd"},
        { "predicate": {"custom_model_data": 2}, "model": "item/tardis_input0"},
        { "predicate": {"custom_model_data": 3}, "model": "item/tardis_input1"},
        { "predicate": {"custom_model_data": 4}, "model": "item/tardis_input2"},
        { "predicate": {"custom_model_data": 5}, "model": "item/tardis_input3"},
        { "predicate": {"custom_model_data": 6}, "model": "item/tardis_input4"},
        { "predicate": {"custom_model_data": 7}, "model": "item/tardis_input5"},
        { "predicate": {"custom_model_data": 8}, "model": "item/tardis_input6"},
        { "predicate": {"custom_model_data": 9}, "model": "item/tardis_input7"},
        { "predicate": {"custom_model_data": 10}, "model": "item/tardis_input8"},
        { "predicate": {"custom_model_data": 11}, "model": "item/tardis_input9"},
        { "predicate": {"custom_model_data": 12}, "model": "item/tardis_input-"},
        { "predicate": {"custom_model_data": 13}, "model": "item/tardis_input_p"},
        { "predicate": {"custom_model_data": 14}, "model": "item/tardis_input_m"},
        { "predicate": {"custom_model_data": 15}, "model": "item/tardis_input_c"},
        { "predicate": {"custom_model_data": 16}, "model": "item/tardis_input_a"},
        { "predicate": {"custom_model_data": 17}, "model": "item/tardis_input_t"},
        { "predicate": {"custom_model_data": 18}, "model": "item/tardis_n0"},
        { "predicate": {"custom_model_data": 19}, "model": "item/tardis_n0e"},
        { "predicate": {"custom_model_data": 20}, "model": "item/tardis_nx"},
        { "predicate": {"custom_model_data": 21}, "model": "item/tardis_n1"},
        { "predicate": {"custom_model_data": 22}, "model": "item/tardis_n1e"},
        { "predicate": {"custom_model_data": 23}, "model": "item/tardis_ny"},
        { "predicate": {"custom_model_data": 24}, "model": "item/tardis_n2"},
        { "predicate": {"custom_model_data": 25}, "model": "item/tardis_n2e"},
        { "predicate": {"custom_model_data": 26}, "model": "item/tardis_nz"},
        { "predicate": {"custom_model_data": 27}, "model": "item/tardis_n3"},
        { "predicate": {"custom_model_data": 28}, "model": "item/tardis_n3e"},
        { "predicate": {"custom_model_data": 29}, "model": "item/tardis_n4"},
        { "predicate": {"custom_model_data": 30}, "model": "item/tardis_n4e"},
        { "predicate": {"custom_model_data": 31}, "model": "item/tardis_n5"},
        { "predicate": {"custom_model_data": 32}, "model": "item/tardis_n5e"},
        { "predicate": {"custom_model_data": 33}, "model": "item/tardis_n6"},
        { "predicate": {"custom_model_data": 34}, "model": "item/tardis_n6e"},
        { "predicate": {"custom_model_data": 35}, "model": "item/tardis_n7"},
        { "predicate": {"custom_model_data": 36}, "model": "item/tardis_n7e"},
        { "predicate": {"custom_model_data": 37}, "model": "item/tardis_n8"},
        { "predicate": {"custom_model_data": 38}, "model": "item/tardis_n8e"},
        { "predicate": {"custom_model_data": 39}, "model": "item/tardis_n9"},
        { "predicate": {"custom_model_data": 40}, "model": "item/tardis_n9e"},
        { "predicate": {"custom_model_data": 41}, "model": "item/tardis_n_p"},
        { "predicate": {"custom_model_data": 42}, "model": "item/tardis_n-"},
	{ "predicate": {"custom_model_data": 43}, "model": "item/defaultconsolelight"},
	{ "predicate": {"custom_model_data": 44}, "model": "item/defaultconsoledoorext"},
	{ "predicate": {"custom_model_data": 45}, "model": "item/defaulconsorientfix"},
	{ "predicate": {"custom_model_data": 46}, "model": "item/defaulconsorienthand"},
	{ "predicate": {"custom_model_data": 47}, "model": "item/defaultconsabsrel"},
	{ "predicate": {"custom_model_data": 48}, "model": "item/defaultconsabsrelf"},
	{ "predicate": {"custom_model_data": 49}, "model": "item/defaultconschameleon"},
	{ "predicate": {"custom_model_data": 50}, "model": "item/defaultconschameleonf"},
        { "predicate": {"custom_model_data": 51}, "model": "item/tardis_n0ee"},
        { "predicate": {"custom_model_data": 52}, "model": "item/tardis_led_red"},
        { "predicate": {"custom_model_data": 53}, "model": "item/tardis_led_blue"},
        { "predicate": {"custom_model_data": 54}, "model": "item/tardis_led_green_on"},
        { "predicate": {"custom_model_data": 55}, "model": "item/tardis_led_off"},
        { "predicate": {"custom_model_data": 56}, "model": "item/tardis_pad_led_fix"},
        { "predicate": {"custom_model_data": 57}, "model": "item/tardis_pad_led_orange"},
        { "predicate": {"custom_model_data": 58}, "model": "item/tardis_pad_led_off"},
        { "predicate": {"custom_model_data": 59}, "model": "item/tardis_cons2_rotor"},
        { "predicate": {"custom_model_data": 60}, "model": "item/tardis_cons2_rotordeco"},
        { "predicate": {"custom_model_data": 61}, "model": "item/driftcompensator"},
        { "predicate": {"custom_model_data": 62}, "model": "item/driftcompensatorf"},
        { "predicate": {"custom_model_data": 63}, "model": "item/tardis_nt"},
        { "predicate": {"custom_model_data": 64}, "model": "item/tardis_n"},
        { "predicate": {"custom_model_data": 65}, "model": "item/tardis_npp"},
        { "predicate": {"custom_model_data": 66}, "model": "item/tardis_inputv"}
    ]
}