{
	"credit": "Made with Blockbench",
	"textures": {
		"0": "custom/stone",
		"1": "custom/yellow_terracotta",
		"2": "custom/tardis_cons2r",
		"3": "custom/tardis_cons2r1",
		"4": "custom/orange_stained_glass",
		"particle": "custom/stone"
	},
	"elements": [
		{
			"from": [14.9, -0.1, 0.1],
			"to": [31.1, 16.1, 16.1],
			"faces": {
				"north": {"uv": [0, 0, 16, 16], "texture": "#0"},
				"east": {"uv": [0, 0, 16, 16], "texture": "#0"},
				"south": {"uv": [0, 0, 16, 16], "texture": "#0"},
				"west": {"uv": [0, 0, 16, 16], "texture": "#0"},
				"up": {"uv": [0, 0, 16, 16], "texture": "#0"},
				"down": {"uv": [0, 0, 16, 16], "texture": "#0"}
			}
		},
		{
			"from": [-1.1, -0.1, 0.1],
			"to": [15.1, 16.1, 16.1],
			"faces": {
				"north": {"uv": [0, 0, 16, 16], "texture": "#0"},
				"east": {"uv": [0, 0, 16, 16], "texture": "#0"},
				"south": {"uv": [0, 0, 16, 16], "texture": "#0"},
				"west": {"uv": [0, 0, 16, 16], "texture": "#0"},
				"up": {"uv": [0, 0, 16, 16], "texture": "#0"},
				"down": {"uv": [0, 0, 16, 16], "texture": "#0"}
			}
		},
		{
			"from": [22, 7, -1],
			"to": [24, 9, 0],
			"faces": {
				"north": {"uv": [0, 0, 16, 16], "texture": "#4"},
				"east": {"uv": [0, 0, 1, 2], "texture": "#4"},
				"south": {"uv": [0, 0, 2, 2], "texture": "#4"},
				"west": {"uv": [0, 0, 1, 2], "texture": "#4"},
				"up": {"uv": [0, 0, 2, 1], "texture": "#4"},
				"down": {"uv": [0, 0, 2, 1], "texture": "#4"}
			}
		},
		{
			"from": [6, 7, -1],
			"to": [8, 9, 0],
			"faces": {
				"north": {"uv": [0, 0, 16, 16], "texture": "#4"},
				"east": {"uv": [0, 0, 1, 2], "texture": "#4"},
				"south": {"uv": [0, 0, 2, 2], "texture": "#4"},
				"west": {"uv": [0, 0, 1, 2], "texture": "#4"},
				"up": {"uv": [0, 0, 2, 1], "texture": "#4"},
				"down": {"uv": [0, 0, 2, 1], "texture": "#4"}
			}
		},
		{
			"from": [24, 4.1, -0.4],
			"to": [26.9, 11.9, 0],
			"faces": {
				"north": {"uv": [4, 5, 11.8, 12.8], "texture": "#2"},
				"east": {"uv": [0, 0, 0.4, 7.8], "texture": "#2"},
				"south": {"uv": [0, 0, 7.8, 7.8], "texture": "#2"},
				"west": {"uv": [0, 0, 0.4, 7.8], "texture": "#2"},
				"up": {"uv": [0, 0, 7.8, 0.4], "texture": "#2"},
				"down": {"uv": [0, 0, 7.8, 0.4], "texture": "#2"}
			}
		},
		{
			"from": [8, 4.1, -0.4],
			"to": [10.9, 11.9, 0],
			"faces": {
				"north": {"uv": [4, 5, 11.8, 12.8], "texture": "#2"},
				"east": {"uv": [0, 0, 0.4, 7.8], "texture": "#2"},
				"south": {"uv": [0, 0, 7.8, 7.8], "texture": "#2"},
				"west": {"uv": [0, 0, 0.4, 7.8], "texture": "#2"},
				"up": {"uv": [0, 0, 7.8, 0.4], "texture": "#2"},
				"down": {"uv": [0, 0, 7.8, 0.4], "texture": "#2"}
			}
		},
		{
			"from": [19.1, 4.1, -0.4],
			"to": [22, 11.9, 0],
			"faces": {
				"north": {"uv": [4, 5, 11.8, 12.8], "texture": "#2"},
				"east": {"uv": [0, 0, 0.4, 7.8], "texture": "#2"},
				"south": {"uv": [0, 0, 7.8, 7.8], "texture": "#2"},
				"west": {"uv": [0, 0, 0.4, 7.8], "texture": "#2"},
				"up": {"uv": [0, 0, 7.8, 0.4], "texture": "#2"},
				"down": {"uv": [0, 0, 7.8, 0.4], "texture": "#2"}
			}
		},
		{
			"from": [3.1, 4.1, -0.4],
			"to": [6, 11.9, 0],
			"faces": {
				"north": {"uv": [4, 5, 11.8, 12.8], "texture": "#2"},
				"east": {"uv": [0, 0, 0.4, 7.8], "texture": "#2"},
				"south": {"uv": [0, 0, 7.8, 7.8], "texture": "#2"},
				"west": {"uv": [0, 0, 0.4, 7.8], "texture": "#2"},
				"up": {"uv": [0, 0, 7.8, 0.4], "texture": "#2"},
				"down": {"uv": [0, 0, 7.8, 0.4], "texture": "#2"}
			}
		},
		{
			"from": [22, 9, -0.4],
			"to": [24.1, 11.9, 0],
			"faces": {
				"north": {"uv": [4, 5, 11.8, 12.8], "texture": "#2"},
				"east": {"uv": [0, 0, 0.4, 7.8], "texture": "#2"},
				"south": {"uv": [0, 0, 7.8, 7.8], "texture": "#2"},
				"west": {"uv": [0, 0, 0.4, 7.8], "texture": "#2"},
				"up": {"uv": [0, 0, 7.8, 0.4], "texture": "#2"},
				"down": {"uv": [0, 0, 7.8, 0.4], "texture": "#2"}
			}
		},
		{
			"from": [6, 9, -0.4],
			"to": [8.1, 11.9, 0],
			"faces": {
				"north": {"uv": [4, 5, 11.8, 12.8], "texture": "#2"},
				"east": {"uv": [0, 0, 0.4, 7.8], "texture": "#2"},
				"south": {"uv": [0, 0, 7.8, 7.8], "texture": "#2"},
				"west": {"uv": [0, 0, 0.4, 7.8], "texture": "#2"},
				"up": {"uv": [0, 0, 7.8, 0.4], "texture": "#2"},
				"down": {"uv": [0, 0, 7.8, 0.4], "texture": "#2"}
			}
		},
		{
			"from": [22, 4, -0.4],
			"to": [24.1, 7, 0],
			"faces": {
				"north": {"uv": [4, 5, 11.8, 12.8], "texture": "#2"},
				"east": {"uv": [0, 0, 0.4, 7.8], "texture": "#2"},
				"south": {"uv": [0, 0, 7.8, 7.8], "texture": "#2"},
				"west": {"uv": [0, 0, 0.4, 7.8], "texture": "#2"},
				"up": {"uv": [0, 0, 7.8, 0.4], "texture": "#2"},
				"down": {"uv": [0, 0, 7.8, 0.4], "texture": "#2"}
			}
		},
		{
			"from": [6, 4, -0.4],
			"to": [8.1, 7, 0],
			"faces": {
				"north": {"uv": [4, 5, 11.8, 12.8], "texture": "#2"},
				"east": {"uv": [0, 0, 0.4, 7.8], "texture": "#2"},
				"south": {"uv": [0, 0, 7.8, 7.8], "texture": "#2"},
				"west": {"uv": [0, 0, 0.4, 7.8], "texture": "#2"},
				"up": {"uv": [0, 0, 7.8, 0.4], "texture": "#2"},
				"down": {"uv": [0, 0, 7.8, 0.4], "texture": "#2"}
			}
		},
		{
			"from": [21, 11.9, -1],
			"to": [25, 12.9, 0],
			"faces": {
				"north": {"uv": [0, 0, 4, 1], "texture": "#3"},
				"east": {"uv": [0, 0, 1, 1], "texture": "#3"},
				"south": {"uv": [0, 0, 4, 1], "texture": "#3"},
				"west": {"uv": [0, 0, 1, 1], "texture": "#3"},
				"up": {"uv": [0, 0, 4, 1], "texture": "#3"},
				"down": {"uv": [0, 0, 4, 1], "texture": "#3"}
			}
		},
		{
			"from": [5, 11.9, -1],
			"to": [9, 12.9, 0],
			"faces": {
				"north": {"uv": [0, 0, 4, 1], "texture": "#3"},
				"east": {"uv": [0, 0, 1, 1], "texture": "#3"},
				"south": {"uv": [0, 0, 4, 1], "texture": "#3"},
				"west": {"uv": [0, 0, 1, 1], "texture": "#3"},
				"up": {"uv": [0, 0, 4, 1], "texture": "#3"},
				"down": {"uv": [0, 0, 4, 1], "texture": "#3"}
			}
		},
		{
			"from": [19, 11, -1],
			"to": [21, 12, 0],
			"faces": {
				"north": {"uv": [0, 0, 2, 1], "texture": "#3"},
				"east": {"uv": [0, 0, 1, 1], "texture": "#3"},
				"south": {"uv": [0, 0, 2, 1], "texture": "#3"},
				"west": {"uv": [0, 0, 1, 1], "texture": "#3"},
				"up": {"uv": [0, 0, 2, 1], "texture": "#3"},
				"down": {"uv": [0, 0, 2, 1], "texture": "#3"}
			}
		},
		{
			"from": [3, 11, -1],
			"to": [5, 12, 0],
			"faces": {
				"north": {"uv": [0, 0, 2, 1], "texture": "#3"},
				"east": {"uv": [0, 0, 1, 1], "texture": "#3"},
				"south": {"uv": [0, 0, 2, 1], "texture": "#3"},
				"west": {"uv": [0, 0, 1, 1], "texture": "#3"},
				"up": {"uv": [0, 0, 2, 1], "texture": "#3"},
				"down": {"uv": [0, 0, 2, 1], "texture": "#3"}
			}
		},
		{
			"from": [19, 10, -1],
			"to": [20, 11, 0],
			"faces": {
				"north": {"uv": [0, 0, 1, 1], "texture": "#3"},
				"east": {"uv": [0, 0, 1, 1], "texture": "#3"},
				"south": {"uv": [0, 0, 1, 1], "texture": "#3"},
				"west": {"uv": [0, 0, 1, 1], "texture": "#3"},
				"up": {"uv": [0, 0, 1, 1], "texture": "#3"},
				"down": {"uv": [0, 0, 1, 1], "texture": "#3"}
			}
		},
		{
			"from": [3, 10, -1],
			"to": [4, 11, 0],
			"faces": {
				"north": {"uv": [0, 0, 1, 1], "texture": "#3"},
				"east": {"uv": [0, 0, 1, 1], "texture": "#3"},
				"south": {"uv": [0, 0, 1, 1], "texture": "#3"},
				"west": {"uv": [0, 0, 1, 1], "texture": "#3"},
				"up": {"uv": [0, 0, 1, 1], "texture": "#3"},
				"down": {"uv": [0, 0, 1, 1], "texture": "#3"}
			}
		},
		{
			"from": [18.1, 6, -1],
			"to": [19.1, 10, 0],
			"faces": {
				"north": {"uv": [0, 0, 1, 4], "texture": "#3"},
				"east": {"uv": [0, 0, 1, 4], "texture": "#3"},
				"south": {"uv": [0, 0, 1, 4], "texture": "#3"},
				"west": {"uv": [0, 0, 1, 4], "texture": "#3"},
				"up": {"uv": [0, 0, 1, 1], "texture": "#3"},
				"down": {"uv": [0, 0, 1, 1], "texture": "#3"}
			}
		},
		{
			"from": [2.1, 6, -1],
			"to": [3.1, 10, 0],
			"faces": {
				"north": {"uv": [0, 0, 1, 4], "texture": "#3"},
				"east": {"uv": [0, 0, 1, 4], "texture": "#3"},
				"south": {"uv": [0, 0, 1, 4], "texture": "#3"},
				"west": {"uv": [0, 0, 1, 4], "texture": "#3"},
				"up": {"uv": [0, 0, 1, 1], "texture": "#3"},
				"down": {"uv": [0, 0, 1, 1], "texture": "#3"}
			}
		},
		{
			"from": [19, 5, -1],
			"to": [20, 6, 0],
			"faces": {
				"north": {"uv": [0, 0, 1, 1], "texture": "#3"},
				"east": {"uv": [0, 0, 1, 1], "texture": "#3"},
				"south": {"uv": [0, 0, 1, 1], "texture": "#3"},
				"west": {"uv": [0, 0, 1, 1], "texture": "#3"},
				"up": {"uv": [0, 0, 1, 1], "texture": "#3"},
				"down": {"uv": [0, 0, 1, 1], "texture": "#3"}
			}
		},
		{
			"from": [3, 5, -1],
			"to": [4, 6, 0],
			"faces": {
				"north": {"uv": [0, 0, 1, 1], "texture": "#3"},
				"east": {"uv": [0, 0, 1, 1], "texture": "#3"},
				"south": {"uv": [0, 0, 1, 1], "texture": "#3"},
				"west": {"uv": [0, 0, 1, 1], "texture": "#3"},
				"up": {"uv": [0, 0, 1, 1], "texture": "#3"},
				"down": {"uv": [0, 0, 1, 1], "texture": "#3"}
			}
		},
		{
			"from": [19, 4, -1],
			"to": [21, 5, 0],
			"faces": {
				"north": {"uv": [0, 0, 2, 1], "texture": "#3"},
				"east": {"uv": [0, 0, 1, 1], "texture": "#3"},
				"south": {"uv": [0, 0, 2, 1], "texture": "#3"},
				"west": {"uv": [0, 0, 1, 1], "texture": "#3"},
				"up": {"uv": [0, 0, 2, 1], "texture": "#3"},
				"down": {"uv": [0, 0, 2, 1], "texture": "#3"}
			}
		},
		{
			"from": [3, 4, -1],
			"to": [5, 5, 0],
			"faces": {
				"north": {"uv": [0, 0, 2, 1], "texture": "#3"},
				"east": {"uv": [0, 0, 1, 1], "texture": "#3"},
				"south": {"uv": [0, 0, 2, 1], "texture": "#3"},
				"west": {"uv": [0, 0, 1, 1], "texture": "#3"},
				"up": {"uv": [0, 0, 2, 1], "texture": "#3"},
				"down": {"uv": [0, 0, 2, 1], "texture": "#3"}
			}
		},
		{
			"from": [21, 3.1, -1],
			"to": [25, 4.1, 0],
			"faces": {
				"north": {"uv": [0, 0, 4, 1], "texture": "#3"},
				"east": {"uv": [0, 0, 1, 1], "texture": "#3"},
				"south": {"uv": [0, 0, 4, 1], "texture": "#3"},
				"west": {"uv": [0, 0, 1, 1], "texture": "#3"},
				"up": {"uv": [0, 0, 4, 1], "texture": "#3"},
				"down": {"uv": [0, 0, 4, 1], "texture": "#3"}
			}
		},
		{
			"from": [5, 3.1, -1],
			"to": [9, 4.1, 0],
			"faces": {
				"north": {"uv": [0, 0, 4, 1], "texture": "#3"},
				"east": {"uv": [0, 0, 1, 1], "texture": "#3"},
				"south": {"uv": [0, 0, 4, 1], "texture": "#3"},
				"west": {"uv": [0, 0, 1, 1], "texture": "#3"},
				"up": {"uv": [0, 0, 4, 1], "texture": "#3"},
				"down": {"uv": [0, 0, 4, 1], "texture": "#3"}
			}
		},
		{
			"from": [25, 4, -1],
			"to": [27, 5, 0],
			"faces": {
				"north": {"uv": [0, 0, 2, 1], "texture": "#3"},
				"east": {"uv": [0, 0, 1, 1], "texture": "#3"},
				"south": {"uv": [0, 0, 2, 1], "texture": "#3"},
				"west": {"uv": [0, 0, 1, 1], "texture": "#3"},
				"up": {"uv": [0, 0, 2, 1], "texture": "#3"},
				"down": {"uv": [0, 0, 2, 1], "texture": "#3"}
			}
		},
		{
			"from": [9, 4, -1],
			"to": [11, 5, 0],
			"faces": {
				"north": {"uv": [0, 0, 2, 1], "texture": "#3"},
				"east": {"uv": [0, 0, 1, 1], "texture": "#3"},
				"south": {"uv": [0, 0, 2, 1], "texture": "#3"},
				"west": {"uv": [0, 0, 1, 1], "texture": "#3"},
				"up": {"uv": [0, 0, 2, 1], "texture": "#3"},
				"down": {"uv": [0, 0, 2, 1], "texture": "#3"}
			}
		},
		{
			"from": [26, 5, -1],
			"to": [27, 6, 0],
			"faces": {
				"north": {"uv": [0, 0, 1, 1], "texture": "#3"},
				"east": {"uv": [0, 0, 1, 1], "texture": "#3"},
				"south": {"uv": [0, 0, 1, 1], "texture": "#3"},
				"west": {"uv": [0, 0, 1, 1], "texture": "#3"},
				"up": {"uv": [0, 0, 1, 1], "texture": "#3"},
				"down": {"uv": [0, 0, 1, 1], "texture": "#3"}
			}
		},
		{
			"from": [10, 5, -1],
			"to": [11, 6, 0],
			"faces": {
				"north": {"uv": [0, 0, 1, 1], "texture": "#3"},
				"east": {"uv": [0, 0, 1, 1], "texture": "#3"},
				"south": {"uv": [0, 0, 1, 1], "texture": "#3"},
				"west": {"uv": [0, 0, 1, 1], "texture": "#3"},
				"up": {"uv": [0, 0, 1, 1], "texture": "#3"},
				"down": {"uv": [0, 0, 1, 1], "texture": "#3"}
			}
		},
		{
			"from": [26.9, 6, -1],
			"to": [27.9, 10, 0],
			"faces": {
				"north": {"uv": [0, 0, 1, 4], "texture": "#3"},
				"east": {"uv": [0, 0, 1, 4], "texture": "#3"},
				"south": {"uv": [0, 0, 1, 4], "texture": "#3"},
				"west": {"uv": [0, 0, 1, 4], "texture": "#3"},
				"up": {"uv": [0, 0, 1, 1], "texture": "#3"},
				"down": {"uv": [0, 0, 1, 1], "texture": "#3"}
			}
		},
		{
			"from": [10.9, 6, -1],
			"to": [11.9, 10, 0],
			"faces": {
				"north": {"uv": [0, 0, 1, 4], "texture": "#3"},
				"east": {"uv": [0, 0, 1, 4], "texture": "#3"},
				"south": {"uv": [0, 0, 1, 4], "texture": "#3"},
				"west": {"uv": [0, 0, 1, 4], "texture": "#3"},
				"up": {"uv": [0, 0, 1, 1], "texture": "#3"},
				"down": {"uv": [0, 0, 1, 1], "texture": "#3"}
			}
		},
		{
			"from": [26, 10, -1],
			"to": [27, 11, 0],
			"faces": {
				"north": {"uv": [0, 0, 1, 1], "texture": "#3"},
				"east": {"uv": [0, 0, 1, 1], "texture": "#3"},
				"south": {"uv": [0, 0, 1, 1], "texture": "#3"},
				"west": {"uv": [0, 0, 1, 1], "texture": "#3"},
				"up": {"uv": [0, 0, 1, 1], "texture": "#3"},
				"down": {"uv": [0, 0, 1, 1], "texture": "#3"}
			}
		},
		{
			"from": [10, 10, -1],
			"to": [11, 11, 0],
			"faces": {
				"north": {"uv": [0, 0, 1, 1], "texture": "#3"},
				"east": {"uv": [0, 0, 1, 1], "texture": "#3"},
				"south": {"uv": [0, 0, 1, 1], "texture": "#3"},
				"west": {"uv": [0, 0, 1, 1], "texture": "#3"},
				"up": {"uv": [0, 0, 1, 1], "texture": "#3"},
				"down": {"uv": [0, 0, 1, 1], "texture": "#3"}
			}
		},
		{
			"from": [25, 11, -1],
			"to": [27, 12, 0],
			"faces": {
				"north": {"uv": [0, 0, 2, 1], "texture": "#3"},
				"east": {"uv": [0, 0, 1, 1], "texture": "#3"},
				"south": {"uv": [0, 0, 2, 1], "texture": "#3"},
				"west": {"uv": [0, 0, 1, 1], "texture": "#3"},
				"up": {"uv": [0, 0, 2, 1], "texture": "#3"},
				"down": {"uv": [0, 0, 2, 1], "texture": "#3"}
			}
		},
		{
			"from": [9, 11, -1],
			"to": [11, 12, 0],
			"faces": {
				"north": {"uv": [0, 0, 2, 1], "texture": "#3"},
				"east": {"uv": [0, 0, 1, 1], "texture": "#3"},
				"south": {"uv": [0, 0, 2, 1], "texture": "#3"},
				"west": {"uv": [0, 0, 1, 1], "texture": "#3"},
				"up": {"uv": [0, 0, 2, 1], "texture": "#3"},
				"down": {"uv": [0, 0, 2, 1], "texture": "#3"}
			}
		},
		{
			"from": [24, 10, -1],
			"to": [25, 11, 0],
			"faces": {
				"north": {"uv": [5, 3, 6, 4], "texture": "#1"},
				"east": {"uv": [0, 0, 1, 1], "texture": "#1"},
				"south": {"uv": [0, 0, 1, 1], "texture": "#1"},
				"west": {"uv": [0, 0, 1, 1], "texture": "#1"},
				"up": {"uv": [0, 0, 1, 1], "texture": "#1"},
				"down": {"uv": [0, 0, 1, 1], "texture": "#1"}
			}
		},
		{
			"from": [8, 10, -1],
			"to": [9, 11, 0],
			"faces": {
				"north": {"uv": [5, 3, 6, 4], "texture": "#1"},
				"east": {"uv": [0, 0, 1, 1], "texture": "#1"},
				"south": {"uv": [0, 0, 1, 1], "texture": "#1"},
				"west": {"uv": [0, 0, 1, 1], "texture": "#1"},
				"up": {"uv": [0, 0, 1, 1], "texture": "#1"},
				"down": {"uv": [0, 0, 1, 1], "texture": "#1"}
			}
		},
		{
			"from": [21, 10, -1],
			"to": [22, 11, 0],
			"faces": {
				"north": {"uv": [8, 3, 9, 4], "texture": "#1"},
				"east": {"uv": [0, 0, 1, 1], "texture": "#1"},
				"south": {"uv": [0, 0, 1, 1], "texture": "#1"},
				"west": {"uv": [0, 0, 1, 1], "texture": "#1"},
				"up": {"uv": [0, 0, 1, 1], "texture": "#1"},
				"down": {"uv": [0, 0, 1, 1], "texture": "#1"}
			}
		},
		{
			"from": [5, 10, -1],
			"to": [6, 11, 0],
			"faces": {
				"north": {"uv": [8, 3, 9, 4], "texture": "#1"},
				"east": {"uv": [0, 0, 1, 1], "texture": "#1"},
				"south": {"uv": [0, 0, 1, 1], "texture": "#1"},
				"west": {"uv": [0, 0, 1, 1], "texture": "#1"},
				"up": {"uv": [0, 0, 1, 1], "texture": "#1"},
				"down": {"uv": [0, 0, 1, 1], "texture": "#1"}
			}
		},
		{
			"from": [20, 7, -1],
			"to": [21, 10, 0],
			"faces": {
				"north": {"uv": [9, 4, 10, 7], "texture": "#1"},
				"east": {"uv": [0, 0, 1, 3], "texture": "#1"},
				"south": {"uv": [0, 0, 1, 3], "texture": "#1"},
				"west": {"uv": [0, 0, 1, 3], "texture": "#1"},
				"up": {"uv": [0, 0, 1, 1], "texture": "#1"},
				"down": {"uv": [0, 0, 1, 1], "texture": "#1"}
			}
		},
		{
			"from": [4, 7, -1],
			"to": [5, 10, 0],
			"faces": {
				"north": {"uv": [9, 4, 10, 7], "texture": "#1"},
				"east": {"uv": [0, 0, 1, 3], "texture": "#1"},
				"south": {"uv": [0, 0, 1, 3], "texture": "#1"},
				"west": {"uv": [0, 0, 1, 3], "texture": "#1"},
				"up": {"uv": [0, 0, 1, 1], "texture": "#1"},
				"down": {"uv": [0, 0, 1, 1], "texture": "#1"}
			}
		},
		{
			"from": [21, 5, -1],
			"to": [25, 6, 0],
			"faces": {
				"north": {"uv": [5, 8, 9, 9], "texture": "#1"},
				"east": {"uv": [0, 0, 1, 1], "texture": "#1"},
				"south": {"uv": [0, 0, 4, 1], "texture": "#1"},
				"west": {"uv": [0, 0, 1, 1], "texture": "#1"},
				"up": {"uv": [0, 0, 4, 1], "texture": "#1"},
				"down": {"uv": [0, 0, 4, 1], "texture": "#1"}
			}
		},
		{
			"from": [5, 5, -1],
			"to": [9, 6, 0],
			"faces": {
				"north": {"uv": [5, 8, 9, 9], "texture": "#1"},
				"east": {"uv": [0, 0, 1, 1], "texture": "#1"},
				"south": {"uv": [0, 0, 4, 1], "texture": "#1"},
				"west": {"uv": [0, 0, 1, 1], "texture": "#1"},
				"up": {"uv": [0, 0, 4, 1], "texture": "#1"},
				"down": {"uv": [0, 0, 4, 1], "texture": "#1"}
			}
		},
		{
			"from": [25, 7, -1],
			"to": [26, 10, 0],
			"faces": {
				"north": {"uv": [4, 4, 5, 7], "texture": "#1"},
				"east": {"uv": [0, 0, 1, 3], "texture": "#1"},
				"south": {"uv": [0, 0, 1, 3], "texture": "#1"},
				"west": {"uv": [0, 0, 1, 3], "texture": "#1"},
				"up": {"uv": [0, 0, 1, 1], "texture": "#1"},
				"down": {"uv": [0, 0, 1, 1], "texture": "#1"}
			}
		},
		{
			"from": [9, 7, -1],
			"to": [10, 10, 0],
			"faces": {
				"north": {"uv": [4, 4, 5, 7], "texture": "#1"},
				"east": {"uv": [0, 0, 1, 3], "texture": "#1"},
				"south": {"uv": [0, 0, 1, 3], "texture": "#1"},
				"west": {"uv": [0, 0, 1, 3], "texture": "#1"},
				"up": {"uv": [0, 0, 1, 1], "texture": "#1"},
				"down": {"uv": [0, 0, 1, 1], "texture": "#1"}
			}
		},
		{
			"from": [22, -0.1, -0.1],
			"to": [24, 7, 0.1],
			"faces": {
				"north": {"uv": [7, 9, 9, 16], "texture": "#0"},
				"east": {"uv": [0, 0, 0.1, 7], "texture": "#0"},
				"south": {"uv": [0, 0, 2, 7], "texture": "#0"},
				"west": {"uv": [0, 0, 0.1, 7], "texture": "#0"},
				"up": {"uv": [0, 0, 2, 0.1], "texture": "#0"},
				"down": {"uv": [0, 0, 2, 0.1], "texture": "#0"}
			}
		},
		{
			"from": [6, -0.1, -0.1],
			"to": [8, 7, 0.1],
			"faces": {
				"north": {"uv": [7, 9, 9, 16], "texture": "#0"},
				"east": {"uv": [0, 0, 0.1, 7], "texture": "#0"},
				"south": {"uv": [0, 0, 2, 7], "texture": "#0"},
				"west": {"uv": [0, 0, 0.1, 7], "texture": "#0"},
				"up": {"uv": [0, 0, 2, 0.1], "texture": "#0"},
				"down": {"uv": [0, 0, 2, 0.1], "texture": "#0"}
			}
		},
		{
			"from": [14.9, -0.1, -0.1],
			"to": [22, 16.1, 0.1],
			"faces": {
				"north": {"uv": [9, 0, 16, 16], "texture": "#0"},
				"east": {"uv": [0, 0, 0.1, 16], "texture": "#0"},
				"south": {"uv": [0, 0, 7, 16], "texture": "#0"},
				"west": {"uv": [0, 0, 0.1, 16], "texture": "#0"},
				"up": {"uv": [0, 0, 7, 0.1], "texture": "#0"},
				"down": {"uv": [0, 0, 7, 0.1], "texture": "#0"}
			}
		},
		{
			"from": [-1.1, -0.1, -0.1],
			"to": [6, 16.1, 0.1],
			"faces": {
				"north": {"uv": [9, 0, 16, 16], "texture": "#0"},
				"east": {"uv": [0, 0, 0.1, 16], "texture": "#0"},
				"south": {"uv": [0, 0, 7, 16], "texture": "#0"},
				"west": {"uv": [0, 0, 0.1, 16], "texture": "#0"},
				"up": {"uv": [0, 0, 7, 0.1], "texture": "#0"},
				"down": {"uv": [0, 0, 7, 0.1], "texture": "#0"}
			}
		},
		{
			"from": [22, 9, -0.1],
			"to": [24, 16.1, 0.1],
			"faces": {
				"north": {"uv": [7, 0, 9, 7], "texture": "#0"},
				"east": {"uv": [0, 0, 0.1, 7], "texture": "#0"},
				"south": {"uv": [0, 0, 2, 7], "texture": "#0"},
				"west": {"uv": [0, 0, 0.1, 7], "texture": "#0"},
				"up": {"uv": [0, 0, 2, 0.1], "texture": "#0"},
				"down": {"uv": [0, 0, 2, 0.1], "texture": "#0"}
			}
		},
		{
			"from": [6, 9, -0.1],
			"to": [8, 16.1, 0.1],
			"faces": {
				"north": {"uv": [7, 0, 9, 7], "texture": "#0"},
				"east": {"uv": [0, 0, 0.1, 7], "texture": "#0"},
				"south": {"uv": [0, 0, 2, 7], "texture": "#0"},
				"west": {"uv": [0, 0, 0.1, 7], "texture": "#0"},
				"up": {"uv": [0, 0, 2, 0.1], "texture": "#0"},
				"down": {"uv": [0, 0, 2, 0.1], "texture": "#0"}
			}
		},
		{
			"from": [24, -0.1, -0.1],
			"to": [31.1, 16.1, 0.1],
			"faces": {
				"north": {"uv": [0, 0, 7.1, 16], "texture": "#0"},
				"east": {"uv": [0, 0, 0.2, 16], "texture": "#0"},
				"south": {"uv": [0, 0, 7.1, 16], "texture": "#0"},
				"west": {"uv": [0, 0, 0.2, 16], "texture": "#0"},
				"up": {"uv": [0, 0, 7.1, 0.2], "texture": "#0"},
				"down": {"uv": [0, 0, 7.1, 0.2], "texture": "#0"}
			}
		},
		{
			"from": [8, -0.1, -0.1],
			"to": [15.1, 16.1, 0.1],
			"faces": {
				"north": {"uv": [0, 0, 7.1, 16], "texture": "#0"},
				"east": {"uv": [0, 0, 0.2, 16], "texture": "#0"},
				"south": {"uv": [0, 0, 7.1, 16], "texture": "#0"},
				"west": {"uv": [0, 0, 0.2, 16], "texture": "#0"},
				"up": {"uv": [0, 0, 7.1, 0.2], "texture": "#0"},
				"down": {"uv": [0, 0, 7.1, 0.2], "texture": "#0"}
			}
		}
	],
	"display": {
		"thirdperson_righthand": {
			"translation": [0, 0, 9.5]
		},
		"head": {
			"translation": [0, -2.25, 0],
			"scale": [1.63, 1.63, 1.63]
		}
	},
	"groups": [0, 1, 2, 3, 4, 5, 6, 7, 8, 9, 10, 11,
		{
			"name": "group",
			"origin": [8, 8, 8],
			"children": [12, 13, 14, 15, 16, 17, 18, 19, 20, 21, 22, 23, 24, 25, 26, 27, 28, 29, 30, 31, 32, 33, 34, 35]
		},
		{
			"name": "group",
			"origin": [8, 8, 8],
			"children": [36, 37, 38, 39, 40, 41, 42, 43, 44, 45]
		},
		{
			"name": "group",
			"origin": [8, 8, 8],
			"children": [46, 47, 48, 49, 50, 51, 52, 53]
		}
	]
}