{
	"credit": "Made with Blockbench",
	"textures": {
		"0": "custom/glass",
		"1": "custom/stone",
		"2": "custom/light_gray_concrete",
		"3": "custom/tardis_blue_neon",
		"particle": "custom/glass"
	},
	"elements": [
		{
			"from": [4.5, -5, 12.5],
			"to": [5.4, 22, 13.5],
			"faces": {
				"north": {"uv": [0, 0, 0.9, 16], "texture": "#3"},
				"east": {"uv": [0, 0, 1, 16], "texture": "#3"},
				"south": {"uv": [0, 0, 0.9, 16], "texture": "#3"},
				"west": {"uv": [0, 0, 1, 16], "texture": "#3"},
				"up": {"uv": [0, 0, 0.9, 1], "texture": "#3"},
				"down": {"uv": [0, 0, 0.9, 1], "texture": "#3"}
			}
		},
		{
			"from": [2.5, -5, 7.5],
			"to": [3.4, 22, 8.5],
			"faces": {
				"north": {"uv": [0, 0, 0.9, 16], "texture": "#3"},
				"east": {"uv": [0, 0, 1, 16], "texture": "#3"},
				"south": {"uv": [0, 0, 0.9, 16], "texture": "#3"},
				"west": {"uv": [0, 0, 1, 16], "texture": "#3"},
				"up": {"uv": [0, 0, 0.9, 1], "texture": "#3"},
				"down": {"uv": [0, 0, 0.9, 1], "texture": "#3"}
			}
		},
		{
			"from": [4.5, -5, 2.5],
			"to": [5.4, 22, 3.5],
			"faces": {
				"north": {"uv": [0, 0, 0.9, 16], "texture": "#3"},
				"east": {"uv": [0, 0, 1, 16], "texture": "#3"},
				"south": {"uv": [0, 0, 0.9, 16], "texture": "#3"},
				"west": {"uv": [0, 0, 1, 16], "texture": "#3"},
				"up": {"uv": [0, 0, 0.9, 1], "texture": "#3"},
				"down": {"uv": [0, 0, 0.9, 1], "texture": "#3"}
			}
		},
		{
			"from": [10.5, -5, 2.5],
			"to": [11.4, 22, 3.5],
			"faces": {
				"north": {"uv": [0, 0, 0.9, 16], "texture": "#3"},
				"east": {"uv": [0, 0, 1, 16], "texture": "#3"},
				"south": {"uv": [0, 0, 0.9, 16], "texture": "#3"},
				"west": {"uv": [0, 0, 1, 16], "texture": "#3"},
				"up": {"uv": [0, 0, 0.9, 1], "texture": "#3"},
				"down": {"uv": [0, 0, 0.9, 1], "texture": "#3"}
			}
		},
		{
			"from": [12.5, -5, 7.5],
			"to": [13.5, 22, 8.5],
			"faces": {
				"north": {"uv": [0, 0, 1, 16], "texture": "#3"},
				"east": {"uv": [0, 0, 1, 16], "texture": "#3"},
				"south": {"uv": [0, 0, 1, 16], "texture": "#3"},
				"west": {"uv": [0, 0, 1, 16], "texture": "#3"},
				"up": {"uv": [0, 0, 1, 1], "texture": "#3"},
				"down": {"uv": [0, 0, 1, 1], "texture": "#3"}
			}
		},
		{
			"from": [10.5, -5, 12.5],
			"to": [11.5, 22, 13.5],
			"faces": {
				"north": {"uv": [0, 0, 1, 16], "texture": "#3"},
				"east": {"uv": [0, 0, 1, 16], "texture": "#3"},
				"south": {"uv": [0, 0, 1, 16], "texture": "#3"},
				"west": {"uv": [0, 0, 1, 16], "texture": "#3"},
				"up": {"uv": [0, 0, 1, 1], "texture": "#3"},
				"down": {"uv": [0, 0, 1, 1], "texture": "#3"}
			}
		},
		{
			"from": [3.5, 20, 11.5],
			"to": [6.4, 30, 14.5],
			"faces": {
				"north": {"uv": [7, 0, 9.9, 10], "texture": "#2"},
				"east": {"uv": [13, 0, 16, 10], "texture": "#2"},
				"south": {"uv": [0, 0, 2.9, 10], "texture": "#2"},
				"west": {"uv": [12, 0, 15, 10], "texture": "#2"},
				"up": {"uv": [13, 13, 15.9, 16], "texture": "#2"},
				"down": {"uv": [0, 13, 2.9, 16], "texture": "#2"}
			}
		},
		{
			"from": [1.5, 20, 6.5],
			"to": [4.4, 30, 9.5],
			"faces": {
				"north": {"uv": [7, 0, 9.9, 10], "texture": "#2"},
				"east": {"uv": [13, 0, 16, 10], "texture": "#2"},
				"south": {"uv": [0, 0, 2.9, 10], "texture": "#2"},
				"west": {"uv": [12, 0, 15, 10], "texture": "#2"},
				"up": {"uv": [13, 13, 15.9, 16], "texture": "#2"},
				"down": {"uv": [0, 13, 2.9, 16], "texture": "#2"}
			}
		},
		{
			"from": [3.5, 20, 1.5],
			"to": [6.4, 30, 4.5],
			"faces": {
				"north": {"uv": [7, 0, 9.9, 10], "texture": "#2"},
				"east": {"uv": [13, 0, 16, 10], "texture": "#2"},
				"south": {"uv": [0, 0, 2.9, 10], "texture": "#2"},
				"west": {"uv": [12, 0, 15, 10], "texture": "#2"},
				"up": {"uv": [13, 13, 15.9, 16], "texture": "#2"},
				"down": {"uv": [0, 13, 2.9, 16], "texture": "#2"}
			}
		},
		{
			"from": [9.5, 20, 1.5],
			"to": [12.4, 30, 4.5],
			"faces": {
				"north": {"uv": [7, 0, 9.9, 10], "texture": "#2"},
				"east": {"uv": [13, 0, 16, 10], "texture": "#2"},
				"south": {"uv": [0, 0, 2.9, 10], "texture": "#2"},
				"west": {"uv": [12, 0, 15, 10], "texture": "#2"},
				"up": {"uv": [13, 13, 15.9, 16], "texture": "#2"},
				"down": {"uv": [0, 13, 2.9, 16], "texture": "#2"}
			}
		},
		{
			"from": [11.5, 20, 6.5],
			"to": [14.5, 30, 9.5],
			"faces": {
				"north": {"uv": [7, 0, 9.9, 10], "texture": "#2"},
				"east": {"uv": [13, 0, 16, 10], "texture": "#2"},
				"south": {"uv": [0, 0, 3, 10], "texture": "#2"},
				"west": {"uv": [12, 0, 15, 10], "texture": "#2"},
				"up": {"uv": [13, 13, 15.9, 16], "texture": "#2"},
				"down": {"uv": [0, 13, 2.9, 16], "texture": "#2"}
			}
		},
		{
			"from": [9.5, 20, 11.5],
			"to": [12.5, 30, 14.5],
			"faces": {
				"north": {"uv": [7, 0, 9.9, 10], "texture": "#2"},
				"east": {"uv": [13, 0, 16, 10], "texture": "#2"},
				"south": {"uv": [0, 0, 3, 10], "texture": "#2"},
				"west": {"uv": [12, 0, 15, 10], "texture": "#2"},
				"up": {"uv": [13, 13, 15.9, 16], "texture": "#2"},
				"down": {"uv": [0, 13, 2.9, 16], "texture": "#2"}
			}
		},
		{
			"from": [3.5, -14, 11.5],
			"to": [6.4, -4, 14.5],
			"faces": {
				"north": {"uv": [7, 0, 9.9, 10], "texture": "#2"},
				"east": {"uv": [13, 0, 16, 10], "texture": "#2"},
				"south": {"uv": [0, 0, 2.9, 10], "texture": "#2"},
				"west": {"uv": [12, 0, 15, 10], "texture": "#2"},
				"up": {"uv": [13, 13, 15.9, 16], "texture": "#2"},
				"down": {"uv": [0, 13, 2.9, 16], "texture": "#2"}
			}
		},
		{
			"from": [1.5, -14, 6.5],
			"to": [4.4, -4, 9.5],
			"faces": {
				"north": {"uv": [7, 0, 9.9, 10], "texture": "#2"},
				"east": {"uv": [13, 0, 16, 10], "texture": "#2"},
				"south": {"uv": [0, 0, 2.9, 10], "texture": "#2"},
				"west": {"uv": [12, 0, 15, 10], "texture": "#2"},
				"up": {"uv": [13, 13, 15.9, 16], "texture": "#2"},
				"down": {"uv": [0, 13, 2.9, 16], "texture": "#2"}
			}
		},
		{
			"from": [3.5, -14, 1.5],
			"to": [6.4, -4, 4.5],
			"faces": {
				"north": {"uv": [7, 0, 9.9, 10], "texture": "#2"},
				"east": {"uv": [13, 0, 16, 10], "texture": "#2"},
				"south": {"uv": [0, 0, 2.9, 10], "texture": "#2"},
				"west": {"uv": [12, 0, 15, 10], "texture": "#2"},
				"up": {"uv": [13, 13, 15.9, 16], "texture": "#2"},
				"down": {"uv": [0, 13, 2.9, 16], "texture": "#2"}
			}
		},
		{
			"from": [9.5, -14, 1.5],
			"to": [12.4, -4, 4.5],
			"faces": {
				"north": {"uv": [7, 0, 9.9, 10], "texture": "#2"},
				"east": {"uv": [13, 0, 16, 10], "texture": "#2"},
				"south": {"uv": [0, 0, 2.9, 10], "texture": "#2"},
				"west": {"uv": [12, 0, 15, 10], "texture": "#2"},
				"up": {"uv": [13, 13, 15.9, 16], "texture": "#2"},
				"down": {"uv": [0, 13, 2.9, 16], "texture": "#2"}
			}
		},
		{
			"from": [11.5, -14, 6.5],
			"to": [14.5, -4, 9.5],
			"faces": {
				"north": {"uv": [7, 0, 9.9, 10], "texture": "#2"},
				"east": {"uv": [13, 0, 16, 10], "texture": "#2"},
				"south": {"uv": [0, 0, 3, 10], "texture": "#2"},
				"west": {"uv": [12, 0, 15, 10], "texture": "#2"},
				"up": {"uv": [13, 13, 15.9, 16], "texture": "#2"},
				"down": {"uv": [0, 13, 2.9, 16], "texture": "#2"}
			}
		},
		{
			"from": [9.5, -14, 11.5],
			"to": [12.5, -4, 14.5],
			"faces": {
				"north": {"uv": [7, 0, 9.9, 10], "texture": "#2"},
				"east": {"uv": [13, 0, 16, 10], "texture": "#2"},
				"south": {"uv": [0, 0, 3, 10], "texture": "#2"},
				"west": {"uv": [12, 0, 15, 10], "texture": "#2"},
				"up": {"uv": [13, 13, 15.9, 16], "texture": "#2"},
				"down": {"uv": [0, 13, 2.9, 16], "texture": "#2"}
			}
		},
		{
			"from": [6, 16, 6],
			"to": [10, 30, 10],
			"faces": {
				"north": {"uv": [0, 0, 4, 14], "texture": "#2"},
				"east": {"uv": [0, 0, 4, 14], "texture": "#2"},
				"south": {"uv": [0, 0, 4, 14], "texture": "#2"},
				"west": {"uv": [0, 0, 4, 14], "texture": "#2"},
				"up": {"uv": [0, 0, 4, 4], "texture": "#2"},
				"down": {"uv": [0, 0, 4, 4], "texture": "#2"}
			}
		},
		{
			"from": [7, 9, 7],
			"to": [9, 16, 9],
			"faces": {
				"north": {"uv": [0, 0, 2, 7], "texture": "#2"},
				"east": {"uv": [0, 0, 2, 7], "texture": "#2"},
				"south": {"uv": [0, 0, 2, 7], "texture": "#2"},
				"west": {"uv": [0, 0, 2, 7], "texture": "#2"},
				"up": {"uv": [0, 0, 2, 2], "texture": "#2"},
				"down": {"uv": [0, 0, 2, 2], "texture": "#2"}
			}
		},
		{
			"from": [0.5, -15, 0.5],
			"to": [15.5, -14, 15.5],
			"faces": {
				"north": {"uv": [0, 14, 15, 15], "texture": "#1"},
				"east": {"uv": [0, 14, 15, 15], "texture": "#1"},
				"south": {"uv": [0, 14, 15, 15], "texture": "#1"},
				"west": {"uv": [0, 14, 15, 15], "texture": "#1"},
				"up": {"uv": [0, 0, 15, 15], "texture": "#1"},
				"down": {"uv": [0, 0, 15, 15], "texture": "#1"}
			}
		},
		{
			"from": [0, -16, 0],
			"to": [16, -15, 16],
			"faces": {
				"north": {"uv": [0, 15, 16, 16], "texture": "#1"},
				"east": {"uv": [0, 15, 16, 16], "texture": "#1"},
				"south": {"uv": [0, 15, 16, 16], "texture": "#1"},
				"west": {"uv": [0, 15, 16, 16], "texture": "#1"},
				"up": {"uv": [0, 0, 16, 16], "texture": "#1"},
				"down": {"uv": [0, 0, 16, 16], "texture": "#1"}
			}
		},
		{
			"from": [0, 31, 0],
			"to": [16, 32, 16],
			"faces": {
				"north": {"uv": [0, 0, 16, 1], "texture": "#1"},
				"east": {"uv": [0, 0, 16, 1], "texture": "#1"},
				"south": {"uv": [0, 0, 16, 1], "texture": "#1"},
				"west": {"uv": [0, 0, 16, 1], "texture": "#1"},
				"up": {"uv": [0, 0, 16, 16], "texture": "#1"},
				"down": {"uv": [0, 0, 16, 16], "texture": "#1"}
			}
		},
		{
			"from": [0.5, 30, 0.5],
			"to": [15.5, 31, 15.5],
			"faces": {
				"north": {"uv": [0, 1, 15, 2], "texture": "#1"},
				"east": {"uv": [0, 1, 15, 2], "texture": "#1"},
				"south": {"uv": [0, 1, 15, 2], "texture": "#1"},
				"west": {"uv": [0, 1, 15, 2], "texture": "#1"},
				"up": {"uv": [0, 0, 15, 15], "texture": "#1"},
				"down": {"uv": [0, 0, 15, 15], "texture": "#1"}
			}
		},
		{
			"from": [0, 16, 0],
			"to": [16, 31, 16],
			"faces": {
				"north": {"uv": [0, 0, 16, 15], "texture": "#0"},
				"east": {"uv": [0, 0, 16, 15], "texture": "#0"},
				"south": {"uv": [0, 0, 16, 15], "texture": "#0"},
				"west": {"uv": [0, 0, 16, 15], "texture": "#0"},
				"up": {"uv": [0, 0, 16, 16], "texture": "#0"},
				"down": {"uv": [4, 5, 11, 11], "texture": "#0"}
			}
		},
		{
			"from": [0, -15, 0],
			"to": [16, 0, 16],
			"faces": {
				"north": {"uv": [0, 1, 16, 16], "texture": "#0"},
				"east": {"uv": [0, 1, 16, 16], "texture": "#0"},
				"south": {"uv": [0, 1, 16, 16], "texture": "#0"},
				"west": {"uv": [0, 1, 16, 16], "texture": "#0"},
				"up": {"uv": [3, 5, 12, 14], "texture": "#0"},
				"down": {"uv": [0, 0, 16, 16], "texture": "#0"}
			}
		},
		{
			"from": [0, 0, 0],
			"to": [16, 16, 16],
			"faces": {
				"north": {"uv": [0, 1, 16, 15], "texture": "#0"},
				"east": {"uv": [0, 1, 16, 15], "texture": "#0"},
				"south": {"uv": [0, 1, 16, 15], "texture": "#0"},
				"west": {"uv": [0, 1, 16, 15], "texture": "#0"},
				"up": {"uv": [3, 7, 13, 8], "texture": "#0"},
				"down": {"uv": [2, 6, 14, 12], "texture": "#0"}
			}
		}
	],
	"display": {
		"head": {
			"translation": [0, -30, 0],
			"scale": [1.61, 1.61, 1.61]
		}
	},
	"groups": [
		{
			"name": "group",
			"origin": [8, 8, 8],
			"children": [0, 1, 2, 3, 4, 5]
		},
		{
			"name": "group",
			"origin": [8, 8, 8],
			"children": [
				{
					"name": "group",
					"origin": [8, 8, 8],
					"children": [6, 7, 8, 9, 10, 11]
				},
				{
					"name": "group",
					"origin": [8, 8, 8],
					"children": [12, 13, 14, 15, 16, 17]
				}
			]
		},
		{
			"name": "group",
			"origin": [8, 8, 8],
			"children": [18, 19]
		},
		{
			"name": "group",
			"origin": [8, 8, 8],
			"children": [20, 21, 22, 23]
		},
		{
			"name": "group",
			"origin": [8, 8, 8],
			"children": [24, 25, 26]
		}
	]
}