{
	"credit": "Made with Blockbench",
	"texture_size": [64, 64],
	"textures": {
		"0": "custom/tardis_cons2_ring",
		"particle": "custom/tardis_cons2_ring"
	},
	"elements": [
		{
			"from": [-12, 6.9, 23],
			"to": [-7, 7, 28],
			"faces": {
				"north": {"uv": [0, 0, 2, 0.5], "rotation": 180, "texture": "#missing"},
				"east": {"uv": [0, 0, 2, 0.5], "rotation": 180, "texture": "#missing"},
				"south": {"uv": [2.375, 0.25, 2.625, 10.5], "rotation": 270, "texture": "#0"},
				"west": {"uv": [2.375, 0.5, 2.625, 10.5], "rotation": 270, "texture": "#0"},
				"up": {"uv": [0, 0, 2, 2], "texture": "#missing"},
				"down": {"uv": [7.25, 2.3125, 9.40625, 4.34375], "rotation": 90, "texture": "#0"}
			}
		},
		{
			"from": [23, 6.9, -12],
			"to": [28, 7, -7],
			"faces": {
				"north": {"uv": [2.375, 0.25, 2.625, 10.5], "rotation": 270, "texture": "#0"},
				"east": {"uv": [2.375, 0.5, 2.625, 10.5], "rotation": 270, "texture": "#0"},
				"south": {"uv": [0, 0, 2, 0.5], "rotation": 180, "texture": "#missing"},
				"west": {"uv": [0, 0, 2, 0.5], "rotation": 180, "texture": "#missing"},
				"up": {"uv": [0, 0, 2, 2], "rotation": 180, "texture": "#missing"},
				"down": {"uv": [7.25, 2.3125, 9.40625, 4.34375], "rotation": 270, "texture": "#0"}
			}
		},
		{
			"from": [23, 6.9, 23],
			"to": [28, 7, 28],
			"faces": {
				"north": {"uv": [0, 0, 2, 0.5], "rotation": 180, "texture": "#missing"},
				"east": {"uv": [2.375, 0.25, 2.625, 10.5], "rotation": 270, "texture": "#0"},
				"south": {"uv": [2.375, 0.5, 2.625, 10.5], "rotation": 270, "texture": "#0"},
				"west": {"uv": [0, 0, 2, 0.5], "rotation": 180, "texture": "#missing"},
				"up": {"uv": [0, 0, 2, 2], "rotation": 270, "texture": "#missing"},
				"down": {"uv": [7.25, 2.3125, 9.40625, 4.34375], "rotation": 180, "texture": "#0"}
			}
		},
		{
			"from": [-12, 6.9, -12],
			"to": [-7, 7, -7],
			"faces": {
				"north": {"uv": [2.375, 0.5, 2.625, 10.5], "rotation": 270, "texture": "#0"},
				"east": {"uv": [0, 0, 2, 0.5], "rotation": 180, "texture": "#missing"},
				"south": {"uv": [0, 0, 2, 0.5], "rotation": 180, "texture": "#missing"},
				"west": {"uv": [2.375, 0.25, 2.625, 10.5], "rotation": 270, "texture": "#0"},
				"up": {"uv": [0, 0, 2, 2], "rotation": 90, "texture": "#missing"},
				"down": {"uv": [7.25, 2.3125, 9.40625, 4.34375], "texture": "#0"}
			}
		},
		{
			"from": [-12, 6.9, 18],
			"to": [-7, 7, 23],
			"faces": {
				"north": {"uv": [0, 0, 2, 0.5], "rotation": 180, "texture": "#missing"},
				"east": {"uv": [0, 0, 2, 0.5], "rotation": 180, "texture": "#missing"},
				"south": {"uv": [2.375, 0.25, 2.625, 10.5], "rotation": 270, "texture": "#0"},
				"west": {"uv": [2.375, 0.5, 2.625, 10.5], "rotation": 270, "texture": "#0"},
				"up": {"uv": [0, 0, 2, 2], "texture": "#missing"},
				"down": {"uv": [7.25, 2.3125, 9.40625, 4.34375], "rotation": 90, "texture": "#0"}
			}
		},
		{
			"from": [23, 6.9, -7],
			"to": [28, 7, -2],
			"faces": {
				"north": {"uv": [2.375, 0.25, 2.625, 10.5], "rotation": 270, "texture": "#0"},
				"east": {"uv": [2.375, 0.5, 2.625, 10.5], "rotation": 270, "texture": "#0"},
				"south": {"uv": [0, 0, 2, 0.5], "rotation": 180, "texture": "#missing"},
				"west": {"uv": [0, 0, 2, 0.5], "rotation": 180, "texture": "#missing"},
				"up": {"uv": [0, 0, 2, 2], "rotation": 180, "texture": "#missing"},
				"down": {"uv": [7.25, 2.3125, 9.40625, 4.34375], "rotation": 270, "texture": "#0"}
			}
		},
		{
			"from": [18, 6.9, 23],
			"to": [23, 7, 28],
			"faces": {
				"north": {"uv": [0, 0, 2, 0.5], "rotation": 180, "texture": "#missing"},
				"east": {"uv": [2.375, 0.25, 2.625, 10.5], "rotation": 270, "texture": "#0"},
				"south": {"uv": [2.375, 0.5, 2.625, 10.5], "rotation": 270, "texture": "#0"},
				"west": {"uv": [0, 0, 2, 0.5], "rotation": 180, "texture": "#missing"},
				"up": {"uv": [0, 0, 2, 2], "rotation": 270, "texture": "#missing"},
				"down": {"uv": [7.25, 2.3125, 9.40625, 4.34375], "rotation": 180, "texture": "#0"}
			}
		},
		{
			"from": [-7, 6.9, -12],
			"to": [-2, 7, -7],
			"faces": {
				"north": {"uv": [2.375, 0.5, 2.625, 10.5], "rotation": 270, "texture": "#0"},
				"east": {"uv": [0, 0, 2, 0.5], "rotation": 180, "texture": "#missing"},
				"south": {"uv": [0, 0, 2, 0.5], "rotation": 180, "texture": "#missing"},
				"west": {"uv": [2.375, 0.25, 2.625, 10.5], "rotation": 270, "texture": "#0"},
				"up": {"uv": [0, 0, 2, 2], "rotation": 90, "texture": "#missing"},
				"down": {"uv": [7.25, 2.3125, 9.40625, 4.34375], "texture": "#0"}
			}
		},
		{
			"from": [-12, 6.9, 13],
			"to": [-7, 7, 18],
			"faces": {
				"north": {"uv": [0, 0, 2, 0.5], "rotation": 180, "texture": "#missing"},
				"east": {"uv": [0, 0, 2, 0.5], "rotation": 180, "texture": "#missing"},
				"south": {"uv": [2.375, 0.25, 2.625, 10.5], "rotation": 270, "texture": "#0"},
				"west": {"uv": [2.375, 0.5, 2.625, 10.5], "rotation": 270, "texture": "#0"},
				"up": {"uv": [0, 0, 2, 2], "texture": "#missing"},
				"down": {"uv": [7.25, 2.3125, 9.40625, 4.34375], "rotation": 90, "texture": "#0"}
			}
		},
		{
			"from": [23, 6.9, -2],
			"to": [28, 7, 3],
			"faces": {
				"north": {"uv": [2.375, 0.25, 2.625, 10.5], "rotation": 270, "texture": "#0"},
				"east": {"uv": [2.375, 0.5, 2.625, 10.5], "rotation": 270, "texture": "#0"},
				"south": {"uv": [0, 0, 2, 0.5], "rotation": 180, "texture": "#missing"},
				"west": {"uv": [0, 0, 2, 0.5], "rotation": 180, "texture": "#missing"},
				"up": {"uv": [0, 0, 2, 2], "rotation": 180, "texture": "#missing"},
				"down": {"uv": [7.25, 2.3125, 9.40625, 4.34375], "rotation": 270, "texture": "#0"}
			}
		},
		{
			"from": [13, 6.9, 23],
			"to": [18, 7, 28],
			"faces": {
				"north": {"uv": [0, 0, 2, 0.5], "rotation": 180, "texture": "#missing"},
				"east": {"uv": [2.375, 0.25, 2.625, 10.5], "rotation": 270, "texture": "#0"},
				"south": {"uv": [2.375, 0.5, 2.625, 10.5], "rotation": 270, "texture": "#0"},
				"west": {"uv": [0, 0, 2, 0.5], "rotation": 180, "texture": "#missing"},
				"up": {"uv": [0, 0, 2, 2], "rotation": 270, "texture": "#missing"},
				"down": {"uv": [7.25, 2.3125, 9.40625, 4.34375], "rotation": 180, "texture": "#0"}
			}
		},
		{
			"from": [-2, 6.9, -12],
			"to": [3, 7, -7],
			"faces": {
				"north": {"uv": [2.375, 0.5, 2.625, 10.5], "rotation": 270, "texture": "#0"},
				"east": {"uv": [0, 0, 2, 0.5], "rotation": 180, "texture": "#missing"},
				"south": {"uv": [0, 0, 2, 0.5], "rotation": 180, "texture": "#missing"},
				"west": {"uv": [2.375, 0.25, 2.625, 10.5], "rotation": 270, "texture": "#0"},
				"up": {"uv": [0, 0, 2, 2], "rotation": 90, "texture": "#missing"},
				"down": {"uv": [7.25, 2.3125, 9.40625, 4.34375], "texture": "#0"}
			}
		},
		{
			"from": [-12, 6.9, 8],
			"to": [-7, 7, 13],
			"faces": {
				"north": {"uv": [0, 0, 2, 0.5], "rotation": 180, "texture": "#missing"},
				"east": {"uv": [0, 0, 2, 0.5], "rotation": 180, "texture": "#missing"},
				"south": {"uv": [2.375, 0.25, 2.625, 10.5], "rotation": 270, "texture": "#0"},
				"west": {"uv": [2.375, 0.5, 2.625, 10.5], "rotation": 270, "texture": "#0"},
				"up": {"uv": [0, 0, 2, 2], "texture": "#missing"},
				"down": {"uv": [7.25, 2.3125, 9.40625, 4.34375], "rotation": 90, "texture": "#0"}
			}
		},
		{
			"from": [23, 6.9, 3],
			"to": [28, 7, 8],
			"faces": {
				"north": {"uv": [2.375, 0.25, 2.625, 10.5], "rotation": 270, "texture": "#0"},
				"east": {"uv": [2.375, 0.5, 2.625, 10.5], "rotation": 270, "texture": "#0"},
				"south": {"uv": [0, 0, 2, 0.5], "rotation": 180, "texture": "#missing"},
				"west": {"uv": [0, 0, 2, 0.5], "rotation": 180, "texture": "#missing"},
				"up": {"uv": [0, 0, 2, 2], "rotation": 180, "texture": "#missing"},
				"down": {"uv": [7.25, 2.3125, 9.40625, 4.34375], "rotation": 270, "texture": "#0"}
			}
		},
		{
			"from": [8, 6.9, 23],
			"to": [13, 7, 28],
			"faces": {
				"north": {"uv": [0, 0, 2, 0.5], "rotation": 180, "texture": "#missing"},
				"east": {"uv": [2.375, 0.25, 2.625, 10.5], "rotation": 270, "texture": "#0"},
				"south": {"uv": [2.375, 0.5, 2.625, 10.5], "rotation": 270, "texture": "#0"},
				"west": {"uv": [0, 0, 2, 0.5], "rotation": 180, "texture": "#missing"},
				"up": {"uv": [0, 0, 2, 2], "rotation": 270, "texture": "#missing"},
				"down": {"uv": [7.25, 2.3125, 9.40625, 4.34375], "rotation": 180, "texture": "#0"}
			}
		},
		{
			"from": [3, 6.9, -12],
			"to": [8, 7, -7],
			"faces": {
				"north": {"uv": [2.375, 0.5, 2.625, 10.5], "rotation": 270, "texture": "#0"},
				"east": {"uv": [0, 0, 2, 0.5], "rotation": 180, "texture": "#missing"},
				"south": {"uv": [0, 0, 2, 0.5], "rotation": 180, "texture": "#missing"},
				"west": {"uv": [2.375, 0.25, 2.625, 10.5], "rotation": 270, "texture": "#0"},
				"up": {"uv": [0, 0, 2, 2], "rotation": 90, "texture": "#missing"},
				"down": {"uv": [7.25, 2.3125, 9.40625, 4.34375], "texture": "#0"}
			}
		},
		{
			"from": [-7, 6.9, 23],
			"to": [-2, 7, 28],
			"faces": {
				"north": {"uv": [0, 0, 2, 0.5], "rotation": 180, "texture": "#missing"},
				"east": {"uv": [0, 0, 2, 0.5], "rotation": 180, "texture": "#missing"},
				"south": {"uv": [2.375, 0.25, 2.625, 10.5], "rotation": 270, "texture": "#0"},
				"west": {"uv": [2.375, 0.5, 2.625, 10.5], "rotation": 270, "texture": "#0"},
				"up": {"uv": [0, 0, 2, 2], "texture": "#missing"},
				"down": {"uv": [7.25, 2.3125, 9.40625, 4.34375], "rotation": 90, "texture": "#0"}
			}
		},
		{
			"from": [18, 6.9, -12],
			"to": [23, 7, -7],
			"faces": {
				"north": {"uv": [2.375, 0.25, 2.625, 10.5], "rotation": 270, "texture": "#0"},
				"east": {"uv": [2.375, 0.5, 2.625, 10.5], "rotation": 270, "texture": "#0"},
				"south": {"uv": [0, 0, 2, 0.5], "rotation": 180, "texture": "#missing"},
				"west": {"uv": [0, 0, 2, 0.5], "rotation": 180, "texture": "#missing"},
				"up": {"uv": [0, 0, 2, 2], "rotation": 180, "texture": "#missing"},
				"down": {"uv": [7.25, 2.3125, 9.40625, 4.34375], "rotation": 270, "texture": "#0"}
			}
		},
		{
			"from": [23, 6.9, 18],
			"to": [28, 7, 23],
			"faces": {
				"north": {"uv": [0, 0, 2, 0.5], "rotation": 180, "texture": "#missing"},
				"east": {"uv": [2.375, 0.25, 2.625, 10.5], "rotation": 270, "texture": "#0"},
				"south": {"uv": [2.375, 0.5, 2.625, 10.5], "rotation": 270, "texture": "#0"},
				"west": {"uv": [0, 0, 2, 0.5], "rotation": 180, "texture": "#missing"},
				"up": {"uv": [0, 0, 2, 2], "rotation": 270, "texture": "#missing"},
				"down": {"uv": [7.25, 2.3125, 9.40625, 4.34375], "rotation": 180, "texture": "#0"}
			}
		},
		{
			"from": [-12, 6.9, -7],
			"to": [-7, 7, -2],
			"faces": {
				"north": {"uv": [2.375, 0.5, 2.625, 10.5], "rotation": 270, "texture": "#0"},
				"east": {"uv": [0, 0, 2, 0.5], "rotation": 180, "texture": "#missing"},
				"south": {"uv": [0, 0, 2, 0.5], "rotation": 180, "texture": "#missing"},
				"west": {"uv": [2.375, 0.25, 2.625, 10.5], "rotation": 270, "texture": "#0"},
				"up": {"uv": [0, 0, 2, 2], "rotation": 90, "texture": "#missing"},
				"down": {"uv": [7.25, 2.3125, 9.40625, 4.34375], "texture": "#0"}
			}
		},
		{
			"from": [-2, 6.9, 23],
			"to": [3, 7, 28],
			"faces": {
				"north": {"uv": [0, 0, 2, 0.5], "rotation": 180, "texture": "#missing"},
				"east": {"uv": [0, 0, 2, 0.5], "rotation": 180, "texture": "#missing"},
				"south": {"uv": [2.375, 0.25, 2.625, 10.5], "rotation": 270, "texture": "#0"},
				"west": {"uv": [2.375, 0.5, 2.625, 10.5], "rotation": 270, "texture": "#0"},
				"up": {"uv": [0, 0, 2, 2], "texture": "#missing"},
				"down": {"uv": [7.25, 2.3125, 9.40625, 4.34375], "rotation": 90, "texture": "#0"}
			}
		},
		{
			"from": [13, 6.9, -12],
			"to": [18, 7, -7],
			"faces": {
				"north": {"uv": [2.375, 0.25, 2.625, 10.5], "rotation": 270, "texture": "#0"},
				"east": {"uv": [2.375, 0.5, 2.625, 10.5], "rotation": 270, "texture": "#0"},
				"south": {"uv": [0, 0, 2, 0.5], "rotation": 180, "texture": "#missing"},
				"west": {"uv": [0, 0, 2, 0.5], "rotation": 180, "texture": "#missing"},
				"up": {"uv": [0, 0, 2, 2], "rotation": 180, "texture": "#missing"},
				"down": {"uv": [7.25, 2.3125, 9.40625, 4.34375], "rotation": 270, "texture": "#0"}
			}
		},
		{
			"from": [23, 6.9, 13],
			"to": [28, 7, 18],
			"faces": {
				"north": {"uv": [0, 0, 2, 0.5], "rotation": 180, "texture": "#missing"},
				"east": {"uv": [2.375, 0.25, 2.625, 10.5], "rotation": 270, "texture": "#0"},
				"south": {"uv": [2.375, 0.5, 2.625, 10.5], "rotation": 270, "texture": "#0"},
				"west": {"uv": [0, 0, 2, 0.5], "rotation": 180, "texture": "#missing"},
				"up": {"uv": [0, 0, 2, 2], "rotation": 270, "texture": "#missing"},
				"down": {"uv": [7.25, 2.3125, 9.40625, 4.34375], "rotation": 180, "texture": "#0"}
			}
		},
		{
			"from": [-12, 6.9, -2],
			"to": [-7, 7, 3],
			"faces": {
				"north": {"uv": [2.375, 0.5, 2.625, 10.5], "rotation": 270, "texture": "#0"},
				"east": {"uv": [0, 0, 2, 0.5], "rotation": 180, "texture": "#missing"},
				"south": {"uv": [0, 0, 2, 0.5], "rotation": 180, "texture": "#missing"},
				"west": {"uv": [2.375, 0.25, 2.625, 10.5], "rotation": 270, "texture": "#0"},
				"up": {"uv": [0, 0, 2, 2], "rotation": 90, "texture": "#missing"},
				"down": {"uv": [7.25, 2.3125, 9.40625, 4.34375], "texture": "#0"}
			}
		},
		{
			"from": [3, 6.9, 23],
			"to": [8, 7, 28],
			"faces": {
				"north": {"uv": [0, 0, 2, 0.5], "rotation": 180, "texture": "#missing"},
				"east": {"uv": [0, 0, 2, 0.5], "rotation": 180, "texture": "#missing"},
				"south": {"uv": [2.375, 0.25, 2.625, 10.5], "rotation": 270, "texture": "#0"},
				"west": {"uv": [2.375, 0.5, 2.625, 10.5], "rotation": 270, "texture": "#0"},
				"up": {"uv": [0, 0, 2, 2], "texture": "#missing"},
				"down": {"uv": [7.25, 2.3125, 9.40625, 4.34375], "rotation": 90, "texture": "#0"}
			}
		},
		{
			"from": [8, 6.9, -12],
			"to": [13, 7, -7],
			"faces": {
				"north": {"uv": [2.375, 0.25, 2.625, 10.5], "rotation": 270, "texture": "#0"},
				"east": {"uv": [2.375, 0.5, 2.625, 10.5], "rotation": 270, "texture": "#0"},
				"south": {"uv": [0, 0, 2, 0.5], "rotation": 180, "texture": "#missing"},
				"west": {"uv": [0, 0, 2, 0.5], "rotation": 180, "texture": "#missing"},
				"up": {"uv": [0, 0, 2, 2], "rotation": 180, "texture": "#missing"},
				"down": {"uv": [7.25, 2.3125, 9.40625, 4.34375], "rotation": 270, "texture": "#0"}
			}
		},
		{
			"from": [23, 6.9, 8],
			"to": [28, 7, 13],
			"faces": {
				"north": {"uv": [0, 0, 2, 0.5], "rotation": 180, "texture": "#missing"},
				"east": {"uv": [2.375, 0.25, 2.625, 10.5], "rotation": 270, "texture": "#0"},
				"south": {"uv": [2.375, 0.5, 2.625, 10.5], "rotation": 270, "texture": "#0"},
				"west": {"uv": [0, 0, 2, 0.5], "rotation": 180, "texture": "#missing"},
				"up": {"uv": [0, 0, 2, 2], "rotation": 270, "texture": "#missing"},
				"down": {"uv": [7.25, 2.3125, 9.40625, 4.34375], "rotation": 180, "texture": "#0"}
			}
		},
		{
			"from": [-12, 6.9, 3],
			"to": [-7, 7, 8],
			"faces": {
				"north": {"uv": [2.375, 0.5, 2.625, 10.5], "rotation": 270, "texture": "#0"},
				"east": {"uv": [0, 0, 2, 0.5], "rotation": 180, "texture": "#missing"},
				"south": {"uv": [0, 0, 2, 0.5], "rotation": 180, "texture": "#missing"},
				"west": {"uv": [2.375, 0.25, 2.625, 10.5], "rotation": 270, "texture": "#0"},
				"up": {"uv": [0, 0, 2, 2], "rotation": 90, "texture": "#missing"},
				"down": {"uv": [7.25, 2.3125, 9.40625, 4.34375], "texture": "#0"}
			}
		},
		{
			"from": [-12, 7, 8],
			"to": [8, 16, 28],
			"faces": {
				"north": {"uv": [0, 0, 2, 0.5], "rotation": 180, "texture": "#missing"},
				"east": {"uv": [0.03125, 4.65625, 2.03125, 9.65625], "rotation": 180, "texture": "#missing"},
				"south": {"uv": [2.5, 7.375, 5.0625, 12.375], "rotation": 270, "texture": "#0"},
				"west": {"uv": [2.5, 2.3125, 5.0625, 7.3125], "rotation": 270, "texture": "#0"},
				"up": {"uv": [11.9375, 5.78125, 13.9375, 7.78125], "texture": "#0"},
				"down": {"uv": [11, 3.28125, 13, 5.28125], "rotation": 90, "texture": "#0"}
			}
		},
		{
			"from": [8, 7, 8],
			"to": [28, 16, 28],
			"faces": {
				"north": {"uv": [0, 0, 2, 0.5], "rotation": 180, "texture": "#missing"},
				"east": {"uv": [2.5, 0, 5, 5], "rotation": 90, "texture": "#0"},
				"south": {"uv": [2.5, 5.03125, 5.03125, 10.03125], "rotation": 90, "texture": "#0"},
				"west": {"uv": [0, 0, 2, 10.75], "rotation": 270, "texture": "#0"},
				"up": {"uv": [11.9375, 5.78125, 13.9375, 7.78125], "texture": "#0"},
				"down": {"uv": [12.6875, 4.53125, 14.6875, 6.53125], "rotation": 90, "texture": "#0"}
			}
		},
		{
			"from": [8, 7, -13],
			"to": [28, 16, 8],
			"faces": {
				"north": {"uv": [2.53125, 5.53125, 5.0625, 10.53125], "rotation": 270, "texture": "#0"},
				"east": {"uv": [2.5, 0.5, 5.0625, 5.5], "rotation": 270, "texture": "#0"},
				"south": {"uv": [0, 0, 2, 0.5], "rotation": 180, "texture": "#missing"},
				"west": {"uv": [0, 0, 2, 0.5], "rotation": 180, "texture": "#missing"},
				"up": {"uv": [11.9375, 5.78125, 13.9375, 7.78125], "rotation": 180, "texture": "#0"},
				"down": {"uv": [12.90625, 4.28125, 14.90625, 6.3125], "rotation": 270, "texture": "#0"}
			}
		},
		{
			"from": [-12, 7, -13],
			"to": [8, 16, 8],
			"faces": {
				"north": {"uv": [0, 0.5625, 2.5, 5.5625], "rotation": 270, "texture": "#0"},
				"east": {"uv": [0.03125, 4.65625, 2.03125, 9.65625], "rotation": 270, "texture": "#0"},
				"south": {"uv": [0, 0, 2, 0.5], "rotation": 180, "texture": "#missing"},
				"west": {"uv": [0, 5.5625, 2.5, 10.5625], "rotation": 270, "texture": "#0"},
				"up": {"uv": [11.9375, 5.78125, 13.9375, 7.78125], "rotation": 180, "texture": "#0"},
				"down": {"uv": [12.5625, 5.375, 14.5625, 7.375], "rotation": 270, "texture": "#0"}
			}
		}
	],
	"display": {
		"thirdperson_righthand": {
			"scale": [2.01, 2.01, 2.01]
		},
		"head": {
			"translation": [0, -11.75, 0],
			"scale": [2.96, 2.96, 2.96]
		}
	},
	"groups": [0, 1, 2, 3, 4, 5, 6, 7, 8, 9, 10, 11, 12, 13, 14, 15, 16, 17, 18, 19, 20, 21, 22, 23, 24, 25, 26, 27,
		{
			"name": "group",
			"origin": [8, 8, 8],
			"children": [28, 29, 30, 31]
		}
	]
}