{
	"credit": "Made with Blockbench",
	"textures": {
		"0": "custom/stone",
		"1": "custom/yellow_terracotta",
		"2": "custom/tardis_cons2r",
		"3": "custom/tardis_cons2r1",
		"4": "custom/orange_stained_glass",
		"particle": "custom/stone"
	},
	"elements": [
		{
			"from": [14.9, -0.1, -0.9],
			"to": [31.1, 16.1, 15.1],
			"faces": {
				"north": {"uv": [0, 0, 16, 16], "texture": "#0"},
				"east": {"uv": [0, 0, 16, 16], "texture": "#0"},
				"south": {"uv": [0, 0, 16, 16], "texture": "#0"},
				"west": {"uv": [0, 0, 16, 16], "texture": "#0"},
				"up": {"uv": [0, 0, 16, 16], "texture": "#0"},
				"down": {"uv": [0, 0, 16, 16], "texture": "#0"}
			}
		},
		{
			"from": [-0.9, -0.1, 14.9],
			"to": [15.1, 16.1, 31.1],
			"faces": {
				"north": {"uv": [0, 0, 16, 16], "texture": "#0"},
				"east": {"uv": [0, 0, 16, 16], "texture": "#0"},
				"south": {"uv": [0, 0, 16, 16], "texture": "#0"},
				"west": {"uv": [0, 0, 16, 16], "texture": "#0"},
				"up": {"uv": [0, 0, 16, 16], "rotation": 270, "texture": "#0"},
				"down": {"uv": [0, 0, 16, 16], "rotation": 90, "texture": "#0"}
			}
		},
		{
			"from": [14.9, -0.1, -0.9],
			"to": [31.1, 16.1, 15.1],
			"faces": {
				"north": {"uv": [0, 0, 16, 16], "texture": "#0"},
				"east": {"uv": [0, 0, 16, 16], "texture": "#0"},
				"south": {"uv": [0, 0, 16, 16], "texture": "#0"},
				"west": {"uv": [0, 0, 16, 16], "texture": "#0"},
				"up": {"uv": [0, 0, 16, 16], "texture": "#0"},
				"down": {"uv": [0, 0, 16, 16], "texture": "#0"}
			}
		},
		{
			"from": [-0.9, -0.1, 14.9],
			"to": [15.1, 16.1, 31.1],
			"faces": {
				"north": {"uv": [0, 0, 16, 16], "texture": "#0"},
				"east": {"uv": [0, 0, 16, 16], "texture": "#0"},
				"south": {"uv": [0, 0, 16, 16], "texture": "#0"},
				"west": {"uv": [0, 0, 16, 16], "texture": "#0"},
				"up": {"uv": [0, 0, 16, 16], "rotation": 270, "texture": "#0"},
				"down": {"uv": [0, 0, 16, 16], "rotation": 90, "texture": "#0"}
			}
		},
		{
			"from": [14.9, -0.1, -0.9],
			"to": [31.1, 16.1, 15.1],
			"faces": {
				"north": {"uv": [0, 0, 16, 16], "texture": "#0"},
				"east": {"uv": [0, 0, 16, 16], "texture": "#0"},
				"south": {"uv": [0, 0, 16, 16], "texture": "#0"},
				"west": {"uv": [0, 0, 16, 16], "texture": "#0"},
				"up": {"uv": [0, 0, 16, 16], "texture": "#0"},
				"down": {"uv": [0, 0, 16, 16], "texture": "#0"}
			}
		},
		{
			"from": [-0.9, -0.1, 14.9],
			"to": [15.1, 16.1, 31.1],
			"faces": {
				"north": {"uv": [0, 0, 16, 16], "texture": "#0"},
				"east": {"uv": [0, 0, 16, 16], "texture": "#0"},
				"south": {"uv": [0, 0, 16, 16], "texture": "#0"},
				"west": {"uv": [0, 0, 16, 16], "texture": "#0"},
				"up": {"uv": [0, 0, 16, 16], "rotation": 270, "texture": "#0"},
				"down": {"uv": [0, 0, 16, 16], "rotation": 90, "texture": "#0"}
			}
		},
		{
			"from": [14.9, -0.1, -0.9],
			"to": [31.1, 16.1, 15.1],
			"faces": {
				"north": {"uv": [0, 0, 16, 16], "texture": "#0"},
				"east": {"uv": [0, 0, 16, 16], "texture": "#0"},
				"south": {"uv": [0, 0, 16, 16], "texture": "#0"},
				"west": {"uv": [0, 0, 16, 16], "texture": "#0"},
				"up": {"uv": [0, 0, 16, 16], "texture": "#0"},
				"down": {"uv": [0, 0, 16, 16], "texture": "#0"}
			}
		},
		{
			"from": [-0.9, -0.1, 14.9],
			"to": [15.1, 16.1, 31.1],
			"faces": {
				"north": {"uv": [0, 0, 16, 16], "texture": "#0"},
				"east": {"uv": [0, 0, 16, 16], "texture": "#0"},
				"south": {"uv": [0, 0, 16, 16], "texture": "#0"},
				"west": {"uv": [0, 0, 16, 16], "texture": "#0"},
				"up": {"uv": [0, 0, 16, 16], "rotation": 270, "texture": "#0"},
				"down": {"uv": [0, 0, 16, 16], "rotation": 90, "texture": "#0"}
			}
		},
		{
			"from": [14.9, -0.1, -0.9],
			"to": [31.1, 16.1, 15.1],
			"faces": {
				"north": {"uv": [0, 0, 16, 16], "texture": "#0"},
				"east": {"uv": [0, 0, 16, 16], "texture": "#0"},
				"south": {"uv": [0, 0, 16, 16], "texture": "#0"},
				"west": {"uv": [0, 0, 16, 16], "texture": "#0"},
				"up": {"uv": [0, 0, 16, 16], "texture": "#0"},
				"down": {"uv": [0, 0, 16, 16], "texture": "#0"}
			}
		},
		{
			"from": [-0.9, -0.1, 14.9],
			"to": [15.1, 16.1, 31.1],
			"faces": {
				"north": {"uv": [0, 0, 16, 16], "texture": "#0"},
				"east": {"uv": [0, 0, 16, 16], "texture": "#0"},
				"south": {"uv": [0, 0, 16, 16], "texture": "#0"},
				"west": {"uv": [0, 0, 16, 16], "texture": "#0"},
				"up": {"uv": [0, 0, 16, 16], "rotation": 270, "texture": "#0"},
				"down": {"uv": [0, 0, 16, 16], "rotation": 90, "texture": "#0"}
			}
		},
		{
			"from": [14.9, -0.1, -0.9],
			"to": [31.1, 16.1, 15.1],
			"faces": {
				"north": {"uv": [0, 0, 16, 16], "texture": "#0"},
				"east": {"uv": [0, 0, 16, 16], "texture": "#0"},
				"south": {"uv": [0, 0, 16, 16], "texture": "#0"},
				"west": {"uv": [0, 0, 16, 16], "texture": "#0"},
				"up": {"uv": [0, 0, 16, 16], "texture": "#0"},
				"down": {"uv": [0, 0, 16, 16], "texture": "#0"}
			}
		},
		{
			"from": [-0.9, -0.1, 14.9],
			"to": [15.1, 16.1, 31.1],
			"faces": {
				"north": {"uv": [0, 0, 16, 16], "texture": "#0"},
				"east": {"uv": [0, 0, 16, 16], "texture": "#0"},
				"south": {"uv": [0, 0, 16, 16], "texture": "#0"},
				"west": {"uv": [0, 0, 16, 16], "texture": "#0"},
				"up": {"uv": [0, 0, 16, 16], "rotation": 270, "texture": "#0"},
				"down": {"uv": [0, 0, 16, 16], "rotation": 90, "texture": "#0"}
			}
		},
		{
			"from": [22, 7, -2],
			"to": [24, 9, -1],
			"faces": {
				"north": {"uv": [0, 0, 16, 16], "texture": "#4"},
				"east": {"uv": [0, 0, 1, 2], "texture": "#4"},
				"south": {"uv": [0, 0, 2, 2], "texture": "#4"},
				"west": {"uv": [0, 0, 1, 2], "texture": "#4"},
				"up": {"uv": [0, 0, 2, 1], "texture": "#4"},
				"down": {"uv": [0, 0, 2, 1], "texture": "#4"}
			}
		},
		{
			"from": [-2, 7, 22],
			"to": [-1, 9, 24],
			"faces": {
				"north": {"uv": [0, 0, 1, 2], "texture": "#4"},
				"east": {"uv": [0, 0, 2, 2], "texture": "#4"},
				"south": {"uv": [0, 0, 1, 2], "texture": "#4"},
				"west": {"uv": [0, 0, 16, 16], "texture": "#4"},
				"up": {"uv": [0, 0, 2, 1], "rotation": 270, "texture": "#4"},
				"down": {"uv": [0, 0, 2, 1], "rotation": 90, "texture": "#4"}
			}
		},
		{
			"from": [22, 7, -2],
			"to": [24, 9, -1],
			"faces": {
				"north": {"uv": [0, 0, 16, 16], "texture": "#4"},
				"east": {"uv": [0, 0, 1, 2], "texture": "#4"},
				"south": {"uv": [0, 0, 2, 2], "texture": "#4"},
				"west": {"uv": [0, 0, 1, 2], "texture": "#4"},
				"up": {"uv": [0, 0, 2, 1], "texture": "#4"},
				"down": {"uv": [0, 0, 2, 1], "texture": "#4"}
			}
		},
		{
			"from": [-2, 7, 22],
			"to": [-1, 9, 24],
			"faces": {
				"north": {"uv": [0, 0, 1, 2], "texture": "#4"},
				"east": {"uv": [0, 0, 2, 2], "texture": "#4"},
				"south": {"uv": [0, 0, 1, 2], "texture": "#4"},
				"west": {"uv": [0, 0, 16, 16], "texture": "#4"},
				"up": {"uv": [0, 0, 2, 1], "rotation": 270, "texture": "#4"},
				"down": {"uv": [0, 0, 2, 1], "rotation": 90, "texture": "#4"}
			}
		},
		{
			"from": [22, 7, -2],
			"to": [24, 9, -1],
			"faces": {
				"north": {"uv": [0, 0, 16, 16], "texture": "#4"},
				"east": {"uv": [0, 0, 1, 2], "texture": "#4"},
				"south": {"uv": [0, 0, 2, 2], "texture": "#4"},
				"west": {"uv": [0, 0, 1, 2], "texture": "#4"},
				"up": {"uv": [0, 0, 2, 1], "texture": "#4"},
				"down": {"uv": [0, 0, 2, 1], "texture": "#4"}
			}
		},
		{
			"from": [-2, 7, 22],
			"to": [-1, 9, 24],
			"faces": {
				"north": {"uv": [0, 0, 1, 2], "texture": "#4"},
				"east": {"uv": [0, 0, 2, 2], "texture": "#4"},
				"south": {"uv": [0, 0, 1, 2], "texture": "#4"},
				"west": {"uv": [0, 0, 16, 16], "texture": "#4"},
				"up": {"uv": [0, 0, 2, 1], "rotation": 270, "texture": "#4"},
				"down": {"uv": [0, 0, 2, 1], "rotation": 90, "texture": "#4"}
			}
		},
		{
			"from": [22, 7, -2],
			"to": [24, 9, -1],
			"faces": {
				"north": {"uv": [0, 0, 16, 16], "texture": "#4"},
				"east": {"uv": [0, 0, 1, 2], "texture": "#4"},
				"south": {"uv": [0, 0, 2, 2], "texture": "#4"},
				"west": {"uv": [0, 0, 1, 2], "texture": "#4"},
				"up": {"uv": [0, 0, 2, 1], "texture": "#4"},
				"down": {"uv": [0, 0, 2, 1], "texture": "#4"}
			}
		},
		{
			"from": [-2, 7, 22],
			"to": [-1, 9, 24],
			"faces": {
				"north": {"uv": [0, 0, 1, 2], "texture": "#4"},
				"east": {"uv": [0, 0, 2, 2], "texture": "#4"},
				"south": {"uv": [0, 0, 1, 2], "texture": "#4"},
				"west": {"uv": [0, 0, 16, 16], "texture": "#4"},
				"up": {"uv": [0, 0, 2, 1], "rotation": 270, "texture": "#4"},
				"down": {"uv": [0, 0, 2, 1], "rotation": 90, "texture": "#4"}
			}
		},
		{
			"from": [24, 4.1, -1.4],
			"to": [26.9, 11.9, -1],
			"faces": {
				"north": {"uv": [4, 5, 11.8, 12.8], "texture": "#2"},
				"east": {"uv": [0, 0, 0.4, 7.8], "texture": "#2"},
				"south": {"uv": [0, 0, 7.8, 7.8], "texture": "#2"},
				"west": {"uv": [0, 0, 0.4, 7.8], "texture": "#2"},
				"up": {"uv": [0, 0, 7.8, 0.4], "texture": "#2"},
				"down": {"uv": [0, 0, 7.8, 0.4], "texture": "#2"}
			}
		},
		{
			"from": [-1.4, 4.1, 19.1],
			"to": [-1, 11.9, 22],
			"faces": {
				"north": {"uv": [0, 0, 0.4, 7.8], "texture": "#2"},
				"east": {"uv": [0, 0, 7.8, 7.8], "texture": "#2"},
				"south": {"uv": [0, 0, 0.4, 7.8], "texture": "#2"},
				"west": {"uv": [4, 5, 11.8, 12.8], "texture": "#2"},
				"up": {"uv": [0, 0, 7.8, 0.4], "rotation": 270, "texture": "#2"},
				"down": {"uv": [0, 0, 7.8, 0.4], "rotation": 90, "texture": "#2"}
			}
		},
		{
			"from": [24, 4.1, -1.4],
			"to": [26.9, 11.9, -1],
			"faces": {
				"north": {"uv": [4, 5, 11.8, 12.8], "texture": "#2"},
				"east": {"uv": [0, 0, 0.4, 7.8], "texture": "#2"},
				"south": {"uv": [0, 0, 7.8, 7.8], "texture": "#2"},
				"west": {"uv": [0, 0, 0.4, 7.8], "texture": "#2"},
				"up": {"uv": [0, 0, 7.8, 0.4], "texture": "#2"},
				"down": {"uv": [0, 0, 7.8, 0.4], "texture": "#2"}
			}
		},
		{
			"from": [-1.4, 4.1, 19.1],
			"to": [-1, 11.9, 22],
			"faces": {
				"north": {"uv": [0, 0, 0.4, 7.8], "texture": "#2"},
				"east": {"uv": [0, 0, 7.8, 7.8], "texture": "#2"},
				"south": {"uv": [0, 0, 0.4, 7.8], "texture": "#2"},
				"west": {"uv": [4, 5, 11.8, 12.8], "texture": "#2"},
				"up": {"uv": [0, 0, 7.8, 0.4], "rotation": 270, "texture": "#2"},
				"down": {"uv": [0, 0, 7.8, 0.4], "rotation": 90, "texture": "#2"}
			}
		},
		{
			"from": [24, 4.1, -1.4],
			"to": [26.9, 11.9, -1],
			"faces": {
				"north": {"uv": [4, 5, 11.8, 12.8], "texture": "#2"},
				"east": {"uv": [0, 0, 0.4, 7.8], "texture": "#2"},
				"south": {"uv": [0, 0, 7.8, 7.8], "texture": "#2"},
				"west": {"uv": [0, 0, 0.4, 7.8], "texture": "#2"},
				"up": {"uv": [0, 0, 7.8, 0.4], "texture": "#2"},
				"down": {"uv": [0, 0, 7.8, 0.4], "texture": "#2"}
			}
		},
		{
			"from": [-1.4, 4.1, 19.1],
			"to": [-1, 11.9, 22],
			"faces": {
				"north": {"uv": [0, 0, 0.4, 7.8], "texture": "#2"},
				"east": {"uv": [0, 0, 7.8, 7.8], "texture": "#2"},
				"south": {"uv": [0, 0, 0.4, 7.8], "texture": "#2"},
				"west": {"uv": [4, 5, 11.8, 12.8], "texture": "#2"},
				"up": {"uv": [0, 0, 7.8, 0.4], "rotation": 270, "texture": "#2"},
				"down": {"uv": [0, 0, 7.8, 0.4], "rotation": 90, "texture": "#2"}
			}
		},
		{
			"from": [24, 4.1, -1.4],
			"to": [26.9, 11.9, -1],
			"faces": {
				"north": {"uv": [4, 5, 11.8, 12.8], "texture": "#2"},
				"east": {"uv": [0, 0, 0.4, 7.8], "texture": "#2"},
				"south": {"uv": [0, 0, 7.8, 7.8], "texture": "#2"},
				"west": {"uv": [0, 0, 0.4, 7.8], "texture": "#2"},
				"up": {"uv": [0, 0, 7.8, 0.4], "texture": "#2"},
				"down": {"uv": [0, 0, 7.8, 0.4], "texture": "#2"}
			}
		},
		{
			"from": [-1.4, 4.1, 19.1],
			"to": [-1, 11.9, 22],
			"faces": {
				"north": {"uv": [0, 0, 0.4, 7.8], "texture": "#2"},
				"east": {"uv": [0, 0, 7.8, 7.8], "texture": "#2"},
				"south": {"uv": [0, 0, 0.4, 7.8], "texture": "#2"},
				"west": {"uv": [4, 5, 11.8, 12.8], "texture": "#2"},
				"up": {"uv": [0, 0, 7.8, 0.4], "rotation": 270, "texture": "#2"},
				"down": {"uv": [0, 0, 7.8, 0.4], "rotation": 90, "texture": "#2"}
			}
		},
		{
			"from": [19.1, 4.1, -1.4],
			"to": [22, 11.9, -1],
			"faces": {
				"north": {"uv": [4, 5, 11.8, 12.8], "texture": "#2"},
				"east": {"uv": [0, 0, 0.4, 7.8], "texture": "#2"},
				"south": {"uv": [0, 0, 7.8, 7.8], "texture": "#2"},
				"west": {"uv": [0, 0, 0.4, 7.8], "texture": "#2"},
				"up": {"uv": [0, 0, 7.8, 0.4], "texture": "#2"},
				"down": {"uv": [0, 0, 7.8, 0.4], "texture": "#2"}
			}
		},
		{
			"from": [-1.4, 4.1, 24],
			"to": [-1, 11.9, 26.9],
			"faces": {
				"north": {"uv": [0, 0, 0.4, 7.8], "texture": "#2"},
				"east": {"uv": [0, 0, 7.8, 7.8], "texture": "#2"},
				"south": {"uv": [0, 0, 0.4, 7.8], "texture": "#2"},
				"west": {"uv": [4, 5, 11.8, 12.8], "texture": "#2"},
				"up": {"uv": [0, 0, 7.8, 0.4], "rotation": 270, "texture": "#2"},
				"down": {"uv": [0, 0, 7.8, 0.4], "rotation": 90, "texture": "#2"}
			}
		},
		{
			"from": [19.1, 4.1, -1.4],
			"to": [22, 11.9, -1],
			"faces": {
				"north": {"uv": [4, 5, 11.8, 12.8], "texture": "#2"},
				"east": {"uv": [0, 0, 0.4, 7.8], "texture": "#2"},
				"south": {"uv": [0, 0, 7.8, 7.8], "texture": "#2"},
				"west": {"uv": [0, 0, 0.4, 7.8], "texture": "#2"},
				"up": {"uv": [0, 0, 7.8, 0.4], "texture": "#2"},
				"down": {"uv": [0, 0, 7.8, 0.4], "texture": "#2"}
			}
		},
		{
			"from": [-1.4, 4.1, 24],
			"to": [-1, 11.9, 26.9],
			"faces": {
				"north": {"uv": [0, 0, 0.4, 7.8], "texture": "#2"},
				"east": {"uv": [0, 0, 7.8, 7.8], "texture": "#2"},
				"south": {"uv": [0, 0, 0.4, 7.8], "texture": "#2"},
				"west": {"uv": [4, 5, 11.8, 12.8], "texture": "#2"},
				"up": {"uv": [0, 0, 7.8, 0.4], "rotation": 270, "texture": "#2"},
				"down": {"uv": [0, 0, 7.8, 0.4], "rotation": 90, "texture": "#2"}
			}
		},
		{
			"from": [19.1, 4.1, -1.4],
			"to": [22, 11.9, -1],
			"faces": {
				"north": {"uv": [4, 5, 11.8, 12.8], "texture": "#2"},
				"east": {"uv": [0, 0, 0.4, 7.8], "texture": "#2"},
				"south": {"uv": [0, 0, 7.8, 7.8], "texture": "#2"},
				"west": {"uv": [0, 0, 0.4, 7.8], "texture": "#2"},
				"up": {"uv": [0, 0, 7.8, 0.4], "texture": "#2"},
				"down": {"uv": [0, 0, 7.8, 0.4], "texture": "#2"}
			}
		},
		{
			"from": [-1.4, 4.1, 24],
			"to": [-1, 11.9, 26.9],
			"faces": {
				"north": {"uv": [0, 0, 0.4, 7.8], "texture": "#2"},
				"east": {"uv": [0, 0, 7.8, 7.8], "texture": "#2"},
				"south": {"uv": [0, 0, 0.4, 7.8], "texture": "#2"},
				"west": {"uv": [4, 5, 11.8, 12.8], "texture": "#2"},
				"up": {"uv": [0, 0, 7.8, 0.4], "rotation": 270, "texture": "#2"},
				"down": {"uv": [0, 0, 7.8, 0.4], "rotation": 90, "texture": "#2"}
			}
		},
		{
			"from": [19.1, 4.1, -1.4],
			"to": [22, 11.9, -1],
			"faces": {
				"north": {"uv": [4, 5, 11.8, 12.8], "texture": "#2"},
				"east": {"uv": [0, 0, 0.4, 7.8], "texture": "#2"},
				"south": {"uv": [0, 0, 7.8, 7.8], "texture": "#2"},
				"west": {"uv": [0, 0, 0.4, 7.8], "texture": "#2"},
				"up": {"uv": [0, 0, 7.8, 0.4], "texture": "#2"},
				"down": {"uv": [0, 0, 7.8, 0.4], "texture": "#2"}
			}
		},
		{
			"from": [-1.4, 4.1, 24],
			"to": [-1, 11.9, 26.9],
			"faces": {
				"north": {"uv": [0, 0, 0.4, 7.8], "texture": "#2"},
				"east": {"uv": [0, 0, 7.8, 7.8], "texture": "#2"},
				"south": {"uv": [0, 0, 0.4, 7.8], "texture": "#2"},
				"west": {"uv": [4, 5, 11.8, 12.8], "texture": "#2"},
				"up": {"uv": [0, 0, 7.8, 0.4], "rotation": 270, "texture": "#2"},
				"down": {"uv": [0, 0, 7.8, 0.4], "rotation": 90, "texture": "#2"}
			}
		},
		{
			"from": [22, 9, -1.4],
			"to": [24.1, 11.9, -1],
			"faces": {
				"north": {"uv": [4, 5, 11.8, 12.8], "texture": "#2"},
				"east": {"uv": [0, 0, 0.4, 7.8], "texture": "#2"},
				"south": {"uv": [0, 0, 7.8, 7.8], "texture": "#2"},
				"west": {"uv": [0, 0, 0.4, 7.8], "texture": "#2"},
				"up": {"uv": [0, 0, 7.8, 0.4], "texture": "#2"},
				"down": {"uv": [0, 0, 7.8, 0.4], "texture": "#2"}
			}
		},
		{
			"from": [-1.4, 9, 21.9],
			"to": [-1, 11.9, 24],
			"faces": {
				"north": {"uv": [0, 0, 0.4, 7.8], "texture": "#2"},
				"east": {"uv": [0, 0, 7.8, 7.8], "texture": "#2"},
				"south": {"uv": [0, 0, 0.4, 7.8], "texture": "#2"},
				"west": {"uv": [4, 5, 11.8, 12.8], "texture": "#2"},
				"up": {"uv": [0, 0, 7.8, 0.4], "rotation": 270, "texture": "#2"},
				"down": {"uv": [0, 0, 7.8, 0.4], "rotation": 90, "texture": "#2"}
			}
		},
		{
			"from": [22, 9, -1.4],
			"to": [24.1, 11.9, -1],
			"faces": {
				"north": {"uv": [4, 5, 11.8, 12.8], "texture": "#2"},
				"east": {"uv": [0, 0, 0.4, 7.8], "texture": "#2"},
				"south": {"uv": [0, 0, 7.8, 7.8], "texture": "#2"},
				"west": {"uv": [0, 0, 0.4, 7.8], "texture": "#2"},
				"up": {"uv": [0, 0, 7.8, 0.4], "texture": "#2"},
				"down": {"uv": [0, 0, 7.8, 0.4], "texture": "#2"}
			}
		},
		{
			"from": [-1.4, 9, 21.9],
			"to": [-1, 11.9, 24],
			"faces": {
				"north": {"uv": [0, 0, 0.4, 7.8], "texture": "#2"},
				"east": {"uv": [0, 0, 7.8, 7.8], "texture": "#2"},
				"south": {"uv": [0, 0, 0.4, 7.8], "texture": "#2"},
				"west": {"uv": [4, 5, 11.8, 12.8], "texture": "#2"},
				"up": {"uv": [0, 0, 7.8, 0.4], "rotation": 270, "texture": "#2"},
				"down": {"uv": [0, 0, 7.8, 0.4], "rotation": 90, "texture": "#2"}
			}
		},
		{
			"from": [22, 9, -1.4],
			"to": [24.1, 11.9, -1],
			"faces": {
				"north": {"uv": [4, 5, 11.8, 12.8], "texture": "#2"},
				"east": {"uv": [0, 0, 0.4, 7.8], "texture": "#2"},
				"south": {"uv": [0, 0, 7.8, 7.8], "texture": "#2"},
				"west": {"uv": [0, 0, 0.4, 7.8], "texture": "#2"},
				"up": {"uv": [0, 0, 7.8, 0.4], "texture": "#2"},
				"down": {"uv": [0, 0, 7.8, 0.4], "texture": "#2"}
			}
		},
		{
			"from": [-1.4, 9, 21.9],
			"to": [-1, 11.9, 24],
			"faces": {
				"north": {"uv": [0, 0, 0.4, 7.8], "texture": "#2"},
				"east": {"uv": [0, 0, 7.8, 7.8], "texture": "#2"},
				"south": {"uv": [0, 0, 0.4, 7.8], "texture": "#2"},
				"west": {"uv": [4, 5, 11.8, 12.8], "texture": "#2"},
				"up": {"uv": [0, 0, 7.8, 0.4], "rotation": 270, "texture": "#2"},
				"down": {"uv": [0, 0, 7.8, 0.4], "rotation": 90, "texture": "#2"}
			}
		},
		{
			"from": [22, 9, -1.4],
			"to": [24.1, 11.9, -1],
			"faces": {
				"north": {"uv": [4, 5, 11.8, 12.8], "texture": "#2"},
				"east": {"uv": [0, 0, 0.4, 7.8], "texture": "#2"},
				"south": {"uv": [0, 0, 7.8, 7.8], "texture": "#2"},
				"west": {"uv": [0, 0, 0.4, 7.8], "texture": "#2"},
				"up": {"uv": [0, 0, 7.8, 0.4], "texture": "#2"},
				"down": {"uv": [0, 0, 7.8, 0.4], "texture": "#2"}
			}
		},
		{
			"from": [-1.4, 9, 21.9],
			"to": [-1, 11.9, 24],
			"faces": {
				"north": {"uv": [0, 0, 0.4, 7.8], "texture": "#2"},
				"east": {"uv": [0, 0, 7.8, 7.8], "texture": "#2"},
				"south": {"uv": [0, 0, 0.4, 7.8], "texture": "#2"},
				"west": {"uv": [4, 5, 11.8, 12.8], "texture": "#2"},
				"up": {"uv": [0, 0, 7.8, 0.4], "rotation": 270, "texture": "#2"},
				"down": {"uv": [0, 0, 7.8, 0.4], "rotation": 90, "texture": "#2"}
			}
		},
		{
			"from": [22, 4, -1.4],
			"to": [24.1, 7, -1],
			"faces": {
				"north": {"uv": [4, 5, 11.8, 12.8], "texture": "#2"},
				"east": {"uv": [0, 0, 0.4, 7.8], "texture": "#2"},
				"south": {"uv": [0, 0, 7.8, 7.8], "texture": "#2"},
				"west": {"uv": [0, 0, 0.4, 7.8], "texture": "#2"},
				"up": {"uv": [0, 0, 7.8, 0.4], "texture": "#2"},
				"down": {"uv": [0, 0, 7.8, 0.4], "texture": "#2"}
			}
		},
		{
			"from": [-1.4, 4, 21.9],
			"to": [-1, 7, 24],
			"faces": {
				"north": {"uv": [0, 0, 0.4, 7.8], "texture": "#2"},
				"east": {"uv": [0, 0, 7.8, 7.8], "texture": "#2"},
				"south": {"uv": [0, 0, 0.4, 7.8], "texture": "#2"},
				"west": {"uv": [4, 5, 11.8, 12.8], "texture": "#2"},
				"up": {"uv": [0, 0, 7.8, 0.4], "rotation": 270, "texture": "#2"},
				"down": {"uv": [0, 0, 7.8, 0.4], "rotation": 90, "texture": "#2"}
			}
		},
		{
			"from": [22, 4, -1.4],
			"to": [24.1, 7, -1],
			"faces": {
				"north": {"uv": [4, 5, 11.8, 12.8], "texture": "#2"},
				"east": {"uv": [0, 0, 0.4, 7.8], "texture": "#2"},
				"south": {"uv": [0, 0, 7.8, 7.8], "texture": "#2"},
				"west": {"uv": [0, 0, 0.4, 7.8], "texture": "#2"},
				"up": {"uv": [0, 0, 7.8, 0.4], "texture": "#2"},
				"down": {"uv": [0, 0, 7.8, 0.4], "texture": "#2"}
			}
		},
		{
			"from": [-1.4, 4, 21.9],
			"to": [-1, 7, 24],
			"faces": {
				"north": {"uv": [0, 0, 0.4, 7.8], "texture": "#2"},
				"east": {"uv": [0, 0, 7.8, 7.8], "texture": "#2"},
				"south": {"uv": [0, 0, 0.4, 7.8], "texture": "#2"},
				"west": {"uv": [4, 5, 11.8, 12.8], "texture": "#2"},
				"up": {"uv": [0, 0, 7.8, 0.4], "rotation": 270, "texture": "#2"},
				"down": {"uv": [0, 0, 7.8, 0.4], "rotation": 90, "texture": "#2"}
			}
		},
		{
			"from": [22, 4, -1.4],
			"to": [24.1, 7, -1],
			"faces": {
				"north": {"uv": [4, 5, 11.8, 12.8], "texture": "#2"},
				"east": {"uv": [0, 0, 0.4, 7.8], "texture": "#2"},
				"south": {"uv": [0, 0, 7.8, 7.8], "texture": "#2"},
				"west": {"uv": [0, 0, 0.4, 7.8], "texture": "#2"},
				"up": {"uv": [0, 0, 7.8, 0.4], "texture": "#2"},
				"down": {"uv": [0, 0, 7.8, 0.4], "texture": "#2"}
			}
		},
		{
			"from": [-1.4, 4, 21.9],
			"to": [-1, 7, 24],
			"faces": {
				"north": {"uv": [0, 0, 0.4, 7.8], "texture": "#2"},
				"east": {"uv": [0, 0, 7.8, 7.8], "texture": "#2"},
				"south": {"uv": [0, 0, 0.4, 7.8], "texture": "#2"},
				"west": {"uv": [4, 5, 11.8, 12.8], "texture": "#2"},
				"up": {"uv": [0, 0, 7.8, 0.4], "rotation": 270, "texture": "#2"},
				"down": {"uv": [0, 0, 7.8, 0.4], "rotation": 90, "texture": "#2"}
			}
		},
		{
			"from": [22, 4, -1.4],
			"to": [24.1, 7, -1],
			"faces": {
				"north": {"uv": [4, 5, 11.8, 12.8], "texture": "#2"},
				"east": {"uv": [0, 0, 0.4, 7.8], "texture": "#2"},
				"south": {"uv": [0, 0, 7.8, 7.8], "texture": "#2"},
				"west": {"uv": [0, 0, 0.4, 7.8], "texture": "#2"},
				"up": {"uv": [0, 0, 7.8, 0.4], "texture": "#2"},
				"down": {"uv": [0, 0, 7.8, 0.4], "texture": "#2"}
			}
		},
		{
			"from": [-1.4, 4, 21.9],
			"to": [-1, 7, 24],
			"faces": {
				"north": {"uv": [0, 0, 0.4, 7.8], "texture": "#2"},
				"east": {"uv": [0, 0, 7.8, 7.8], "texture": "#2"},
				"south": {"uv": [0, 0, 0.4, 7.8], "texture": "#2"},
				"west": {"uv": [4, 5, 11.8, 12.8], "texture": "#2"},
				"up": {"uv": [0, 0, 7.8, 0.4], "rotation": 270, "texture": "#2"},
				"down": {"uv": [0, 0, 7.8, 0.4], "rotation": 90, "texture": "#2"}
			}
		},
		{
			"from": [21, 11.9, -2],
			"to": [25, 12.9, -1],
			"faces": {
				"north": {"uv": [0, 0, 4, 1], "texture": "#3"},
				"east": {"uv": [0, 0, 1, 1], "texture": "#3"},
				"south": {"uv": [0, 0, 4, 1], "texture": "#3"},
				"west": {"uv": [0, 0, 1, 1], "texture": "#3"},
				"up": {"uv": [0, 0, 4, 1], "texture": "#3"},
				"down": {"uv": [0, 0, 4, 1], "texture": "#3"}
			}
		},
		{
			"from": [-2, 11.9, 21],
			"to": [-1, 12.9, 25],
			"faces": {
				"north": {"uv": [0, 0, 1, 1], "texture": "#3"},
				"east": {"uv": [0, 0, 4, 1], "texture": "#3"},
				"south": {"uv": [0, 0, 1, 1], "texture": "#3"},
				"west": {"uv": [0, 0, 4, 1], "texture": "#3"},
				"up": {"uv": [0, 0, 4, 1], "rotation": 270, "texture": "#3"},
				"down": {"uv": [0, 0, 4, 1], "rotation": 90, "texture": "#3"}
			}
		},
		{
			"from": [21, 11.9, -2],
			"to": [25, 12.9, -1],
			"faces": {
				"north": {"uv": [0, 0, 4, 1], "texture": "#3"},
				"east": {"uv": [0, 0, 1, 1], "texture": "#3"},
				"south": {"uv": [0, 0, 4, 1], "texture": "#3"},
				"west": {"uv": [0, 0, 1, 1], "texture": "#3"},
				"up": {"uv": [0, 0, 4, 1], "texture": "#3"},
				"down": {"uv": [0, 0, 4, 1], "texture": "#3"}
			}
		},
		{
			"from": [-2, 11.9, 21],
			"to": [-1, 12.9, 25],
			"faces": {
				"north": {"uv": [0, 0, 1, 1], "texture": "#3"},
				"east": {"uv": [0, 0, 4, 1], "texture": "#3"},
				"south": {"uv": [0, 0, 1, 1], "texture": "#3"},
				"west": {"uv": [0, 0, 4, 1], "texture": "#3"},
				"up": {"uv": [0, 0, 4, 1], "rotation": 270, "texture": "#3"},
				"down": {"uv": [0, 0, 4, 1], "rotation": 90, "texture": "#3"}
			}
		},
		{
			"from": [21, 11.9, -2],
			"to": [25, 12.9, -1],
			"faces": {
				"north": {"uv": [0, 0, 4, 1], "texture": "#3"},
				"east": {"uv": [0, 0, 1, 1], "texture": "#3"},
				"south": {"uv": [0, 0, 4, 1], "texture": "#3"},
				"west": {"uv": [0, 0, 1, 1], "texture": "#3"},
				"up": {"uv": [0, 0, 4, 1], "texture": "#3"},
				"down": {"uv": [0, 0, 4, 1], "texture": "#3"}
			}
		},
		{
			"from": [-2, 11.9, 21],
			"to": [-1, 12.9, 25],
			"faces": {
				"north": {"uv": [0, 0, 1, 1], "texture": "#3"},
				"east": {"uv": [0, 0, 4, 1], "texture": "#3"},
				"south": {"uv": [0, 0, 1, 1], "texture": "#3"},
				"west": {"uv": [0, 0, 4, 1], "texture": "#3"},
				"up": {"uv": [0, 0, 4, 1], "rotation": 270, "texture": "#3"},
				"down": {"uv": [0, 0, 4, 1], "rotation": 90, "texture": "#3"}
			}
		},
		{
			"from": [21, 11.9, -2],
			"to": [25, 12.9, -1],
			"faces": {
				"north": {"uv": [0, 0, 4, 1], "texture": "#3"},
				"east": {"uv": [0, 0, 1, 1], "texture": "#3"},
				"south": {"uv": [0, 0, 4, 1], "texture": "#3"},
				"west": {"uv": [0, 0, 1, 1], "texture": "#3"},
				"up": {"uv": [0, 0, 4, 1], "texture": "#3"},
				"down": {"uv": [0, 0, 4, 1], "texture": "#3"}
			}
		},
		{
			"from": [-2, 11.9, 21],
			"to": [-1, 12.9, 25],
			"faces": {
				"north": {"uv": [0, 0, 1, 1], "texture": "#3"},
				"east": {"uv": [0, 0, 4, 1], "texture": "#3"},
				"south": {"uv": [0, 0, 1, 1], "texture": "#3"},
				"west": {"uv": [0, 0, 4, 1], "texture": "#3"},
				"up": {"uv": [0, 0, 4, 1], "rotation": 270, "texture": "#3"},
				"down": {"uv": [0, 0, 4, 1], "rotation": 90, "texture": "#3"}
			}
		},
		{
			"from": [19, 11, -2],
			"to": [21, 12, -1],
			"faces": {
				"north": {"uv": [0, 0, 2, 1], "texture": "#3"},
				"east": {"uv": [0, 0, 1, 1], "texture": "#3"},
				"south": {"uv": [0, 0, 2, 1], "texture": "#3"},
				"west": {"uv": [0, 0, 1, 1], "texture": "#3"},
				"up": {"uv": [0, 0, 2, 1], "texture": "#3"},
				"down": {"uv": [0, 0, 2, 1], "texture": "#3"}
			}
		},
		{
			"from": [-2, 11, 25],
			"to": [-1, 12, 27],
			"faces": {
				"north": {"uv": [0, 0, 1, 1], "texture": "#3"},
				"east": {"uv": [0, 0, 2, 1], "texture": "#3"},
				"south": {"uv": [0, 0, 1, 1], "texture": "#3"},
				"west": {"uv": [0, 0, 2, 1], "texture": "#3"},
				"up": {"uv": [0, 0, 2, 1], "rotation": 270, "texture": "#3"},
				"down": {"uv": [0, 0, 2, 1], "rotation": 90, "texture": "#3"}
			}
		},
		{
			"from": [19, 11, -2],
			"to": [21, 12, -1],
			"faces": {
				"north": {"uv": [0, 0, 2, 1], "texture": "#3"},
				"east": {"uv": [0, 0, 1, 1], "texture": "#3"},
				"south": {"uv": [0, 0, 2, 1], "texture": "#3"},
				"west": {"uv": [0, 0, 1, 1], "texture": "#3"},
				"up": {"uv": [0, 0, 2, 1], "texture": "#3"},
				"down": {"uv": [0, 0, 2, 1], "texture": "#3"}
			}
		},
		{
			"from": [-2, 11, 25],
			"to": [-1, 12, 27],
			"faces": {
				"north": {"uv": [0, 0, 1, 1], "texture": "#3"},
				"east": {"uv": [0, 0, 2, 1], "texture": "#3"},
				"south": {"uv": [0, 0, 1, 1], "texture": "#3"},
				"west": {"uv": [0, 0, 2, 1], "texture": "#3"},
				"up": {"uv": [0, 0, 2, 1], "rotation": 270, "texture": "#3"},
				"down": {"uv": [0, 0, 2, 1], "rotation": 90, "texture": "#3"}
			}
		},
		{
			"from": [19, 11, -2],
			"to": [21, 12, -1],
			"faces": {
				"north": {"uv": [0, 0, 2, 1], "texture": "#3"},
				"east": {"uv": [0, 0, 1, 1], "texture": "#3"},
				"south": {"uv": [0, 0, 2, 1], "texture": "#3"},
				"west": {"uv": [0, 0, 1, 1], "texture": "#3"},
				"up": {"uv": [0, 0, 2, 1], "texture": "#3"},
				"down": {"uv": [0, 0, 2, 1], "texture": "#3"}
			}
		},
		{
			"from": [-2, 11, 25],
			"to": [-1, 12, 27],
			"faces": {
				"north": {"uv": [0, 0, 1, 1], "texture": "#3"},
				"east": {"uv": [0, 0, 2, 1], "texture": "#3"},
				"south": {"uv": [0, 0, 1, 1], "texture": "#3"},
				"west": {"uv": [0, 0, 2, 1], "texture": "#3"},
				"up": {"uv": [0, 0, 2, 1], "rotation": 270, "texture": "#3"},
				"down": {"uv": [0, 0, 2, 1], "rotation": 90, "texture": "#3"}
			}
		},
		{
			"from": [19, 11, -2],
			"to": [21, 12, -1],
			"faces": {
				"north": {"uv": [0, 0, 2, 1], "texture": "#3"},
				"east": {"uv": [0, 0, 1, 1], "texture": "#3"},
				"south": {"uv": [0, 0, 2, 1], "texture": "#3"},
				"west": {"uv": [0, 0, 1, 1], "texture": "#3"},
				"up": {"uv": [0, 0, 2, 1], "texture": "#3"},
				"down": {"uv": [0, 0, 2, 1], "texture": "#3"}
			}
		},
		{
			"from": [-2, 11, 25],
			"to": [-1, 12, 27],
			"faces": {
				"north": {"uv": [0, 0, 1, 1], "texture": "#3"},
				"east": {"uv": [0, 0, 2, 1], "texture": "#3"},
				"south": {"uv": [0, 0, 1, 1], "texture": "#3"},
				"west": {"uv": [0, 0, 2, 1], "texture": "#3"},
				"up": {"uv": [0, 0, 2, 1], "rotation": 270, "texture": "#3"},
				"down": {"uv": [0, 0, 2, 1], "rotation": 90, "texture": "#3"}
			}
		},
		{
			"from": [19, 10, -2],
			"to": [20, 11, -1],
			"faces": {
				"north": {"uv": [0, 0, 1, 1], "texture": "#3"},
				"east": {"uv": [0, 0, 1, 1], "texture": "#3"},
				"south": {"uv": [0, 0, 1, 1], "texture": "#3"},
				"west": {"uv": [0, 0, 1, 1], "texture": "#3"},
				"up": {"uv": [0, 0, 1, 1], "texture": "#3"},
				"down": {"uv": [0, 0, 1, 1], "texture": "#3"}
			}
		},
		{
			"from": [-2, 10, 26],
			"to": [-1, 11, 27],
			"faces": {
				"north": {"uv": [0, 0, 1, 1], "texture": "#3"},
				"east": {"uv": [0, 0, 1, 1], "texture": "#3"},
				"south": {"uv": [0, 0, 1, 1], "texture": "#3"},
				"west": {"uv": [0, 0, 1, 1], "texture": "#3"},
				"up": {"uv": [0, 0, 1, 1], "rotation": 270, "texture": "#3"},
				"down": {"uv": [0, 0, 1, 1], "rotation": 90, "texture": "#3"}
			}
		},
		{
			"from": [19, 10, -2],
			"to": [20, 11, -1],
			"faces": {
				"north": {"uv": [0, 0, 1, 1], "texture": "#3"},
				"east": {"uv": [0, 0, 1, 1], "texture": "#3"},
				"south": {"uv": [0, 0, 1, 1], "texture": "#3"},
				"west": {"uv": [0, 0, 1, 1], "texture": "#3"},
				"up": {"uv": [0, 0, 1, 1], "texture": "#3"},
				"down": {"uv": [0, 0, 1, 1], "texture": "#3"}
			}
		},
		{
			"from": [-2, 10, 26],
			"to": [-1, 11, 27],
			"faces": {
				"north": {"uv": [0, 0, 1, 1], "texture": "#3"},
				"east": {"uv": [0, 0, 1, 1], "texture": "#3"},
				"south": {"uv": [0, 0, 1, 1], "texture": "#3"},
				"west": {"uv": [0, 0, 1, 1], "texture": "#3"},
				"up": {"uv": [0, 0, 1, 1], "rotation": 270, "texture": "#3"},
				"down": {"uv": [0, 0, 1, 1], "rotation": 90, "texture": "#3"}
			}
		},
		{
			"from": [19, 10, -2],
			"to": [20, 11, -1],
			"faces": {
				"north": {"uv": [0, 0, 1, 1], "texture": "#3"},
				"east": {"uv": [0, 0, 1, 1], "texture": "#3"},
				"south": {"uv": [0, 0, 1, 1], "texture": "#3"},
				"west": {"uv": [0, 0, 1, 1], "texture": "#3"},
				"up": {"uv": [0, 0, 1, 1], "texture": "#3"},
				"down": {"uv": [0, 0, 1, 1], "texture": "#3"}
			}
		},
		{
			"from": [-2, 10, 26],
			"to": [-1, 11, 27],
			"faces": {
				"north": {"uv": [0, 0, 1, 1], "texture": "#3"},
				"east": {"uv": [0, 0, 1, 1], "texture": "#3"},
				"south": {"uv": [0, 0, 1, 1], "texture": "#3"},
				"west": {"uv": [0, 0, 1, 1], "texture": "#3"},
				"up": {"uv": [0, 0, 1, 1], "rotation": 270, "texture": "#3"},
				"down": {"uv": [0, 0, 1, 1], "rotation": 90, "texture": "#3"}
			}
		},
		{
			"from": [19, 10, -2],
			"to": [20, 11, -1],
			"faces": {
				"north": {"uv": [0, 0, 1, 1], "texture": "#3"},
				"east": {"uv": [0, 0, 1, 1], "texture": "#3"},
				"south": {"uv": [0, 0, 1, 1], "texture": "#3"},
				"west": {"uv": [0, 0, 1, 1], "texture": "#3"},
				"up": {"uv": [0, 0, 1, 1], "texture": "#3"},
				"down": {"uv": [0, 0, 1, 1], "texture": "#3"}
			}
		},
		{
			"from": [-2, 10, 26],
			"to": [-1, 11, 27],
			"faces": {
				"north": {"uv": [0, 0, 1, 1], "texture": "#3"},
				"east": {"uv": [0, 0, 1, 1], "texture": "#3"},
				"south": {"uv": [0, 0, 1, 1], "texture": "#3"},
				"west": {"uv": [0, 0, 1, 1], "texture": "#3"},
				"up": {"uv": [0, 0, 1, 1], "rotation": 270, "texture": "#3"},
				"down": {"uv": [0, 0, 1, 1], "rotation": 90, "texture": "#3"}
			}
		},
		{
			"from": [18.1, 6, -2],
			"to": [19.1, 10, -1],
			"faces": {
				"north": {"uv": [0, 0, 1, 4], "texture": "#3"},
				"east": {"uv": [0, 0, 1, 4], "texture": "#3"},
				"south": {"uv": [0, 0, 1, 4], "texture": "#3"},
				"west": {"uv": [0, 0, 1, 4], "texture": "#3"},
				"up": {"uv": [0, 0, 1, 1], "texture": "#3"},
				"down": {"uv": [0, 0, 1, 1], "texture": "#3"}
			}
		},
		{
			"from": [-2, 6, 26.9],
			"to": [-1, 10, 27.9],
			"faces": {
				"north": {"uv": [0, 0, 1, 4], "texture": "#3"},
				"east": {"uv": [0, 0, 1, 4], "texture": "#3"},
				"south": {"uv": [0, 0, 1, 4], "texture": "#3"},
				"west": {"uv": [0, 0, 1, 4], "texture": "#3"},
				"up": {"uv": [0, 0, 1, 1], "rotation": 270, "texture": "#3"},
				"down": {"uv": [0, 0, 1, 1], "rotation": 90, "texture": "#3"}
			}
		},
		{
			"from": [18.1, 6, -2],
			"to": [19.1, 10, -1],
			"faces": {
				"north": {"uv": [0, 0, 1, 4], "texture": "#3"},
				"east": {"uv": [0, 0, 1, 4], "texture": "#3"},
				"south": {"uv": [0, 0, 1, 4], "texture": "#3"},
				"west": {"uv": [0, 0, 1, 4], "texture": "#3"},
				"up": {"uv": [0, 0, 1, 1], "texture": "#3"},
				"down": {"uv": [0, 0, 1, 1], "texture": "#3"}
			}
		},
		{
			"from": [-2, 6, 26.9],
			"to": [-1, 10, 27.9],
			"faces": {
				"north": {"uv": [0, 0, 1, 4], "texture": "#3"},
				"east": {"uv": [0, 0, 1, 4], "texture": "#3"},
				"south": {"uv": [0, 0, 1, 4], "texture": "#3"},
				"west": {"uv": [0, 0, 1, 4], "texture": "#3"},
				"up": {"uv": [0, 0, 1, 1], "rotation": 270, "texture": "#3"},
				"down": {"uv": [0, 0, 1, 1], "rotation": 90, "texture": "#3"}
			}
		},
		{
			"from": [18.1, 6, -2],
			"to": [19.1, 10, -1],
			"faces": {
				"north": {"uv": [0, 0, 1, 4], "texture": "#3"},
				"east": {"uv": [0, 0, 1, 4], "texture": "#3"},
				"south": {"uv": [0, 0, 1, 4], "texture": "#3"},
				"west": {"uv": [0, 0, 1, 4], "texture": "#3"},
				"up": {"uv": [0, 0, 1, 1], "texture": "#3"},
				"down": {"uv": [0, 0, 1, 1], "texture": "#3"}
			}
		},
		{
			"from": [-2, 6, 26.9],
			"to": [-1, 10, 27.9],
			"faces": {
				"north": {"uv": [0, 0, 1, 4], "texture": "#3"},
				"east": {"uv": [0, 0, 1, 4], "texture": "#3"},
				"south": {"uv": [0, 0, 1, 4], "texture": "#3"},
				"west": {"uv": [0, 0, 1, 4], "texture": "#3"},
				"up": {"uv": [0, 0, 1, 1], "rotation": 270, "texture": "#3"},
				"down": {"uv": [0, 0, 1, 1], "rotation": 90, "texture": "#3"}
			}
		},
		{
			"from": [18.1, 6, -2],
			"to": [19.1, 10, -1],
			"faces": {
				"north": {"uv": [0, 0, 1, 4], "texture": "#3"},
				"east": {"uv": [0, 0, 1, 4], "texture": "#3"},
				"south": {"uv": [0, 0, 1, 4], "texture": "#3"},
				"west": {"uv": [0, 0, 1, 4], "texture": "#3"},
				"up": {"uv": [0, 0, 1, 1], "texture": "#3"},
				"down": {"uv": [0, 0, 1, 1], "texture": "#3"}
			}
		},
		{
			"from": [-2, 6, 26.9],
			"to": [-1, 10, 27.9],
			"faces": {
				"north": {"uv": [0, 0, 1, 4], "texture": "#3"},
				"east": {"uv": [0, 0, 1, 4], "texture": "#3"},
				"south": {"uv": [0, 0, 1, 4], "texture": "#3"},
				"west": {"uv": [0, 0, 1, 4], "texture": "#3"},
				"up": {"uv": [0, 0, 1, 1], "rotation": 270, "texture": "#3"},
				"down": {"uv": [0, 0, 1, 1], "rotation": 90, "texture": "#3"}
			}
		},
		{
			"from": [19, 5, -2],
			"to": [20, 6, -1],
			"faces": {
				"north": {"uv": [0, 0, 1, 1], "texture": "#3"},
				"east": {"uv": [0, 0, 1, 1], "texture": "#3"},
				"south": {"uv": [0, 0, 1, 1], "texture": "#3"},
				"west": {"uv": [0, 0, 1, 1], "texture": "#3"},
				"up": {"uv": [0, 0, 1, 1], "texture": "#3"},
				"down": {"uv": [0, 0, 1, 1], "texture": "#3"}
			}
		},
		{
			"from": [-2, 5, 26],
			"to": [-1, 6, 27],
			"faces": {
				"north": {"uv": [0, 0, 1, 1], "texture": "#3"},
				"east": {"uv": [0, 0, 1, 1], "texture": "#3"},
				"south": {"uv": [0, 0, 1, 1], "texture": "#3"},
				"west": {"uv": [0, 0, 1, 1], "texture": "#3"},
				"up": {"uv": [0, 0, 1, 1], "rotation": 270, "texture": "#3"},
				"down": {"uv": [0, 0, 1, 1], "rotation": 90, "texture": "#3"}
			}
		},
		{
			"from": [19, 5, -2],
			"to": [20, 6, -1],
			"faces": {
				"north": {"uv": [0, 0, 1, 1], "texture": "#3"},
				"east": {"uv": [0, 0, 1, 1], "texture": "#3"},
				"south": {"uv": [0, 0, 1, 1], "texture": "#3"},
				"west": {"uv": [0, 0, 1, 1], "texture": "#3"},
				"up": {"uv": [0, 0, 1, 1], "texture": "#3"},
				"down": {"uv": [0, 0, 1, 1], "texture": "#3"}
			}
		},
		{
			"from": [-2, 5, 26],
			"to": [-1, 6, 27],
			"faces": {
				"north": {"uv": [0, 0, 1, 1], "texture": "#3"},
				"east": {"uv": [0, 0, 1, 1], "texture": "#3"},
				"south": {"uv": [0, 0, 1, 1], "texture": "#3"},
				"west": {"uv": [0, 0, 1, 1], "texture": "#3"},
				"up": {"uv": [0, 0, 1, 1], "rotation": 270, "texture": "#3"},
				"down": {"uv": [0, 0, 1, 1], "rotation": 90, "texture": "#3"}
			}
		},
		{
			"from": [19, 5, -2],
			"to": [20, 6, -1],
			"faces": {
				"north": {"uv": [0, 0, 1, 1], "texture": "#3"},
				"east": {"uv": [0, 0, 1, 1], "texture": "#3"},
				"south": {"uv": [0, 0, 1, 1], "texture": "#3"},
				"west": {"uv": [0, 0, 1, 1], "texture": "#3"},
				"up": {"uv": [0, 0, 1, 1], "texture": "#3"},
				"down": {"uv": [0, 0, 1, 1], "texture": "#3"}
			}
		},
		{
			"from": [-2, 5, 26],
			"to": [-1, 6, 27],
			"faces": {
				"north": {"uv": [0, 0, 1, 1], "texture": "#3"},
				"east": {"uv": [0, 0, 1, 1], "texture": "#3"},
				"south": {"uv": [0, 0, 1, 1], "texture": "#3"},
				"west": {"uv": [0, 0, 1, 1], "texture": "#3"},
				"up": {"uv": [0, 0, 1, 1], "rotation": 270, "texture": "#3"},
				"down": {"uv": [0, 0, 1, 1], "rotation": 90, "texture": "#3"}
			}
		},
		{
			"from": [19, 5, -2],
			"to": [20, 6, -1],
			"faces": {
				"north": {"uv": [0, 0, 1, 1], "texture": "#3"},
				"east": {"uv": [0, 0, 1, 1], "texture": "#3"},
				"south": {"uv": [0, 0, 1, 1], "texture": "#3"},
				"west": {"uv": [0, 0, 1, 1], "texture": "#3"},
				"up": {"uv": [0, 0, 1, 1], "texture": "#3"},
				"down": {"uv": [0, 0, 1, 1], "texture": "#3"}
			}
		},
		{
			"from": [-2, 5, 26],
			"to": [-1, 6, 27],
			"faces": {
				"north": {"uv": [0, 0, 1, 1], "texture": "#3"},
				"east": {"uv": [0, 0, 1, 1], "texture": "#3"},
				"south": {"uv": [0, 0, 1, 1], "texture": "#3"},
				"west": {"uv": [0, 0, 1, 1], "texture": "#3"},
				"up": {"uv": [0, 0, 1, 1], "rotation": 270, "texture": "#3"},
				"down": {"uv": [0, 0, 1, 1], "rotation": 90, "texture": "#3"}
			}
		},
		{
			"from": [19, 4, -2],
			"to": [21, 5, -1],
			"faces": {
				"north": {"uv": [0, 0, 2, 1], "texture": "#3"},
				"east": {"uv": [0, 0, 1, 1], "texture": "#3"},
				"south": {"uv": [0, 0, 2, 1], "texture": "#3"},
				"west": {"uv": [0, 0, 1, 1], "texture": "#3"},
				"up": {"uv": [0, 0, 2, 1], "texture": "#3"},
				"down": {"uv": [0, 0, 2, 1], "texture": "#3"}
			}
		},
		{
			"from": [-2, 4, 25],
			"to": [-1, 5, 27],
			"faces": {
				"north": {"uv": [0, 0, 1, 1], "texture": "#3"},
				"east": {"uv": [0, 0, 2, 1], "texture": "#3"},
				"south": {"uv": [0, 0, 1, 1], "texture": "#3"},
				"west": {"uv": [0, 0, 2, 1], "texture": "#3"},
				"up": {"uv": [0, 0, 2, 1], "rotation": 270, "texture": "#3"},
				"down": {"uv": [0, 0, 2, 1], "rotation": 90, "texture": "#3"}
			}
		},
		{
			"from": [19, 4, -2],
			"to": [21, 5, -1],
			"faces": {
				"north": {"uv": [0, 0, 2, 1], "texture": "#3"},
				"east": {"uv": [0, 0, 1, 1], "texture": "#3"},
				"south": {"uv": [0, 0, 2, 1], "texture": "#3"},
				"west": {"uv": [0, 0, 1, 1], "texture": "#3"},
				"up": {"uv": [0, 0, 2, 1], "texture": "#3"},
				"down": {"uv": [0, 0, 2, 1], "texture": "#3"}
			}
		},
		{
			"from": [-2, 4, 25],
			"to": [-1, 5, 27],
			"faces": {
				"north": {"uv": [0, 0, 1, 1], "texture": "#3"},
				"east": {"uv": [0, 0, 2, 1], "texture": "#3"},
				"south": {"uv": [0, 0, 1, 1], "texture": "#3"},
				"west": {"uv": [0, 0, 2, 1], "texture": "#3"},
				"up": {"uv": [0, 0, 2, 1], "rotation": 270, "texture": "#3"},
				"down": {"uv": [0, 0, 2, 1], "rotation": 90, "texture": "#3"}
			}
		},
		{
			"from": [19, 4, -2],
			"to": [21, 5, -1],
			"faces": {
				"north": {"uv": [0, 0, 2, 1], "texture": "#3"},
				"east": {"uv": [0, 0, 1, 1], "texture": "#3"},
				"south": {"uv": [0, 0, 2, 1], "texture": "#3"},
				"west": {"uv": [0, 0, 1, 1], "texture": "#3"},
				"up": {"uv": [0, 0, 2, 1], "texture": "#3"},
				"down": {"uv": [0, 0, 2, 1], "texture": "#3"}
			}
		},
		{
			"from": [-2, 4, 25],
			"to": [-1, 5, 27],
			"faces": {
				"north": {"uv": [0, 0, 1, 1], "texture": "#3"},
				"east": {"uv": [0, 0, 2, 1], "texture": "#3"},
				"south": {"uv": [0, 0, 1, 1], "texture": "#3"},
				"west": {"uv": [0, 0, 2, 1], "texture": "#3"},
				"up": {"uv": [0, 0, 2, 1], "rotation": 270, "texture": "#3"},
				"down": {"uv": [0, 0, 2, 1], "rotation": 90, "texture": "#3"}
			}
		},
		{
			"from": [19, 4, -2],
			"to": [21, 5, -1],
			"faces": {
				"north": {"uv": [0, 0, 2, 1], "texture": "#3"},
				"east": {"uv": [0, 0, 1, 1], "texture": "#3"},
				"south": {"uv": [0, 0, 2, 1], "texture": "#3"},
				"west": {"uv": [0, 0, 1, 1], "texture": "#3"},
				"up": {"uv": [0, 0, 2, 1], "texture": "#3"},
				"down": {"uv": [0, 0, 2, 1], "texture": "#3"}
			}
		},
		{
			"from": [-2, 4, 25],
			"to": [-1, 5, 27],
			"faces": {
				"north": {"uv": [0, 0, 1, 1], "texture": "#3"},
				"east": {"uv": [0, 0, 2, 1], "texture": "#3"},
				"south": {"uv": [0, 0, 1, 1], "texture": "#3"},
				"west": {"uv": [0, 0, 2, 1], "texture": "#3"},
				"up": {"uv": [0, 0, 2, 1], "rotation": 270, "texture": "#3"},
				"down": {"uv": [0, 0, 2, 1], "rotation": 90, "texture": "#3"}
			}
		},
		{
			"from": [21, 3.1, -2],
			"to": [25, 4.1, -1],
			"faces": {
				"north": {"uv": [0, 0, 4, 1], "texture": "#3"},
				"east": {"uv": [0, 0, 1, 1], "texture": "#3"},
				"south": {"uv": [0, 0, 4, 1], "texture": "#3"},
				"west": {"uv": [0, 0, 1, 1], "texture": "#3"},
				"up": {"uv": [0, 0, 4, 1], "texture": "#3"},
				"down": {"uv": [0, 0, 4, 1], "texture": "#3"}
			}
		},
		{
			"from": [-2, 3.1, 21],
			"to": [-1, 4.1, 25],
			"faces": {
				"north": {"uv": [0, 0, 1, 1], "texture": "#3"},
				"east": {"uv": [0, 0, 4, 1], "texture": "#3"},
				"south": {"uv": [0, 0, 1, 1], "texture": "#3"},
				"west": {"uv": [0, 0, 4, 1], "texture": "#3"},
				"up": {"uv": [0, 0, 4, 1], "rotation": 270, "texture": "#3"},
				"down": {"uv": [0, 0, 4, 1], "rotation": 90, "texture": "#3"}
			}
		},
		{
			"from": [21, 3.1, -2],
			"to": [25, 4.1, -1],
			"faces": {
				"north": {"uv": [0, 0, 4, 1], "texture": "#3"},
				"east": {"uv": [0, 0, 1, 1], "texture": "#3"},
				"south": {"uv": [0, 0, 4, 1], "texture": "#3"},
				"west": {"uv": [0, 0, 1, 1], "texture": "#3"},
				"up": {"uv": [0, 0, 4, 1], "texture": "#3"},
				"down": {"uv": [0, 0, 4, 1], "texture": "#3"}
			}
		},
		{
			"from": [-2, 3.1, 21],
			"to": [-1, 4.1, 25],
			"faces": {
				"north": {"uv": [0, 0, 1, 1], "texture": "#3"},
				"east": {"uv": [0, 0, 4, 1], "texture": "#3"},
				"south": {"uv": [0, 0, 1, 1], "texture": "#3"},
				"west": {"uv": [0, 0, 4, 1], "texture": "#3"},
				"up": {"uv": [0, 0, 4, 1], "rotation": 270, "texture": "#3"},
				"down": {"uv": [0, 0, 4, 1], "rotation": 90, "texture": "#3"}
			}
		},
		{
			"from": [21, 3.1, -2],
			"to": [25, 4.1, -1],
			"faces": {
				"north": {"uv": [0, 0, 4, 1], "texture": "#3"},
				"east": {"uv": [0, 0, 1, 1], "texture": "#3"},
				"south": {"uv": [0, 0, 4, 1], "texture": "#3"},
				"west": {"uv": [0, 0, 1, 1], "texture": "#3"},
				"up": {"uv": [0, 0, 4, 1], "texture": "#3"},
				"down": {"uv": [0, 0, 4, 1], "texture": "#3"}
			}
		},
		{
			"from": [-2, 3.1, 21],
			"to": [-1, 4.1, 25],
			"faces": {
				"north": {"uv": [0, 0, 1, 1], "texture": "#3"},
				"east": {"uv": [0, 0, 4, 1], "texture": "#3"},
				"south": {"uv": [0, 0, 1, 1], "texture": "#3"},
				"west": {"uv": [0, 0, 4, 1], "texture": "#3"},
				"up": {"uv": [0, 0, 4, 1], "rotation": 270, "texture": "#3"},
				"down": {"uv": [0, 0, 4, 1], "rotation": 90, "texture": "#3"}
			}
		},
		{
			"from": [21, 3.1, -2],
			"to": [25, 4.1, -1],
			"faces": {
				"north": {"uv": [0, 0, 4, 1], "texture": "#3"},
				"east": {"uv": [0, 0, 1, 1], "texture": "#3"},
				"south": {"uv": [0, 0, 4, 1], "texture": "#3"},
				"west": {"uv": [0, 0, 1, 1], "texture": "#3"},
				"up": {"uv": [0, 0, 4, 1], "texture": "#3"},
				"down": {"uv": [0, 0, 4, 1], "texture": "#3"}
			}
		},
		{
			"from": [-2, 3.1, 21],
			"to": [-1, 4.1, 25],
			"faces": {
				"north": {"uv": [0, 0, 1, 1], "texture": "#3"},
				"east": {"uv": [0, 0, 4, 1], "texture": "#3"},
				"south": {"uv": [0, 0, 1, 1], "texture": "#3"},
				"west": {"uv": [0, 0, 4, 1], "texture": "#3"},
				"up": {"uv": [0, 0, 4, 1], "rotation": 270, "texture": "#3"},
				"down": {"uv": [0, 0, 4, 1], "rotation": 90, "texture": "#3"}
			}
		},
		{
			"from": [25, 4, -2],
			"to": [27, 5, -1],
			"faces": {
				"north": {"uv": [0, 0, 2, 1], "texture": "#3"},
				"east": {"uv": [0, 0, 1, 1], "texture": "#3"},
				"south": {"uv": [0, 0, 2, 1], "texture": "#3"},
				"west": {"uv": [0, 0, 1, 1], "texture": "#3"},
				"up": {"uv": [0, 0, 2, 1], "texture": "#3"},
				"down": {"uv": [0, 0, 2, 1], "texture": "#3"}
			}
		},
		{
			"from": [-2, 4, 19],
			"to": [-1, 5, 21],
			"faces": {
				"north": {"uv": [0, 0, 1, 1], "texture": "#3"},
				"east": {"uv": [0, 0, 2, 1], "texture": "#3"},
				"south": {"uv": [0, 0, 1, 1], "texture": "#3"},
				"west": {"uv": [0, 0, 2, 1], "texture": "#3"},
				"up": {"uv": [0, 0, 2, 1], "rotation": 270, "texture": "#3"},
				"down": {"uv": [0, 0, 2, 1], "rotation": 90, "texture": "#3"}
			}
		},
		{
			"from": [25, 4, -2],
			"to": [27, 5, -1],
			"faces": {
				"north": {"uv": [0, 0, 2, 1], "texture": "#3"},
				"east": {"uv": [0, 0, 1, 1], "texture": "#3"},
				"south": {"uv": [0, 0, 2, 1], "texture": "#3"},
				"west": {"uv": [0, 0, 1, 1], "texture": "#3"},
				"up": {"uv": [0, 0, 2, 1], "texture": "#3"},
				"down": {"uv": [0, 0, 2, 1], "texture": "#3"}
			}
		},
		{
			"from": [-2, 4, 19],
			"to": [-1, 5, 21],
			"faces": {
				"north": {"uv": [0, 0, 1, 1], "texture": "#3"},
				"east": {"uv": [0, 0, 2, 1], "texture": "#3"},
				"south": {"uv": [0, 0, 1, 1], "texture": "#3"},
				"west": {"uv": [0, 0, 2, 1], "texture": "#3"},
				"up": {"uv": [0, 0, 2, 1], "rotation": 270, "texture": "#3"},
				"down": {"uv": [0, 0, 2, 1], "rotation": 90, "texture": "#3"}
			}
		},
		{
			"from": [25, 4, -2],
			"to": [27, 5, -1],
			"faces": {
				"north": {"uv": [0, 0, 2, 1], "texture": "#3"},
				"east": {"uv": [0, 0, 1, 1], "texture": "#3"},
				"south": {"uv": [0, 0, 2, 1], "texture": "#3"},
				"west": {"uv": [0, 0, 1, 1], "texture": "#3"},
				"up": {"uv": [0, 0, 2, 1], "texture": "#3"},
				"down": {"uv": [0, 0, 2, 1], "texture": "#3"}
			}
		},
		{
			"from": [-2, 4, 19],
			"to": [-1, 5, 21],
			"faces": {
				"north": {"uv": [0, 0, 1, 1], "texture": "#3"},
				"east": {"uv": [0, 0, 2, 1], "texture": "#3"},
				"south": {"uv": [0, 0, 1, 1], "texture": "#3"},
				"west": {"uv": [0, 0, 2, 1], "texture": "#3"},
				"up": {"uv": [0, 0, 2, 1], "rotation": 270, "texture": "#3"},
				"down": {"uv": [0, 0, 2, 1], "rotation": 90, "texture": "#3"}
			}
		},
		{
			"from": [25, 4, -2],
			"to": [27, 5, -1],
			"faces": {
				"north": {"uv": [0, 0, 2, 1], "texture": "#3"},
				"east": {"uv": [0, 0, 1, 1], "texture": "#3"},
				"south": {"uv": [0, 0, 2, 1], "texture": "#3"},
				"west": {"uv": [0, 0, 1, 1], "texture": "#3"},
				"up": {"uv": [0, 0, 2, 1], "texture": "#3"},
				"down": {"uv": [0, 0, 2, 1], "texture": "#3"}
			}
		},
		{
			"from": [-2, 4, 19],
			"to": [-1, 5, 21],
			"faces": {
				"north": {"uv": [0, 0, 1, 1], "texture": "#3"},
				"east": {"uv": [0, 0, 2, 1], "texture": "#3"},
				"south": {"uv": [0, 0, 1, 1], "texture": "#3"},
				"west": {"uv": [0, 0, 2, 1], "texture": "#3"},
				"up": {"uv": [0, 0, 2, 1], "rotation": 270, "texture": "#3"},
				"down": {"uv": [0, 0, 2, 1], "rotation": 90, "texture": "#3"}
			}
		},
		{
			"from": [26, 5, -2],
			"to": [27, 6, -1],
			"faces": {
				"north": {"uv": [0, 0, 1, 1], "texture": "#3"},
				"east": {"uv": [0, 0, 1, 1], "texture": "#3"},
				"south": {"uv": [0, 0, 1, 1], "texture": "#3"},
				"west": {"uv": [0, 0, 1, 1], "texture": "#3"},
				"up": {"uv": [0, 0, 1, 1], "texture": "#3"},
				"down": {"uv": [0, 0, 1, 1], "texture": "#3"}
			}
		},
		{
			"from": [-2, 5, 19],
			"to": [-1, 6, 20],
			"faces": {
				"north": {"uv": [0, 0, 1, 1], "texture": "#3"},
				"east": {"uv": [0, 0, 1, 1], "texture": "#3"},
				"south": {"uv": [0, 0, 1, 1], "texture": "#3"},
				"west": {"uv": [0, 0, 1, 1], "texture": "#3"},
				"up": {"uv": [0, 0, 1, 1], "rotation": 270, "texture": "#3"},
				"down": {"uv": [0, 0, 1, 1], "rotation": 90, "texture": "#3"}
			}
		},
		{
			"from": [26, 5, -2],
			"to": [27, 6, -1],
			"faces": {
				"north": {"uv": [0, 0, 1, 1], "texture": "#3"},
				"east": {"uv": [0, 0, 1, 1], "texture": "#3"},
				"south": {"uv": [0, 0, 1, 1], "texture": "#3"},
				"west": {"uv": [0, 0, 1, 1], "texture": "#3"},
				"up": {"uv": [0, 0, 1, 1], "texture": "#3"},
				"down": {"uv": [0, 0, 1, 1], "texture": "#3"}
			}
		},
		{
			"from": [-2, 5, 19],
			"to": [-1, 6, 20],
			"faces": {
				"north": {"uv": [0, 0, 1, 1], "texture": "#3"},
				"east": {"uv": [0, 0, 1, 1], "texture": "#3"},
				"south": {"uv": [0, 0, 1, 1], "texture": "#3"},
				"west": {"uv": [0, 0, 1, 1], "texture": "#3"},
				"up": {"uv": [0, 0, 1, 1], "rotation": 270, "texture": "#3"},
				"down": {"uv": [0, 0, 1, 1], "rotation": 90, "texture": "#3"}
			}
		},
		{
			"from": [26, 5, -2],
			"to": [27, 6, -1],
			"faces": {
				"north": {"uv": [0, 0, 1, 1], "texture": "#3"},
				"east": {"uv": [0, 0, 1, 1], "texture": "#3"},
				"south": {"uv": [0, 0, 1, 1], "texture": "#3"},
				"west": {"uv": [0, 0, 1, 1], "texture": "#3"},
				"up": {"uv": [0, 0, 1, 1], "texture": "#3"},
				"down": {"uv": [0, 0, 1, 1], "texture": "#3"}
			}
		},
		{
			"from": [-2, 5, 19],
			"to": [-1, 6, 20],
			"faces": {
				"north": {"uv": [0, 0, 1, 1], "texture": "#3"},
				"east": {"uv": [0, 0, 1, 1], "texture": "#3"},
				"south": {"uv": [0, 0, 1, 1], "texture": "#3"},
				"west": {"uv": [0, 0, 1, 1], "texture": "#3"},
				"up": {"uv": [0, 0, 1, 1], "rotation": 270, "texture": "#3"},
				"down": {"uv": [0, 0, 1, 1], "rotation": 90, "texture": "#3"}
			}
		},
		{
			"from": [26, 5, -2],
			"to": [27, 6, -1],
			"faces": {
				"north": {"uv": [0, 0, 1, 1], "texture": "#3"},
				"east": {"uv": [0, 0, 1, 1], "texture": "#3"},
				"south": {"uv": [0, 0, 1, 1], "texture": "#3"},
				"west": {"uv": [0, 0, 1, 1], "texture": "#3"},
				"up": {"uv": [0, 0, 1, 1], "texture": "#3"},
				"down": {"uv": [0, 0, 1, 1], "texture": "#3"}
			}
		},
		{
			"from": [-2, 5, 19],
			"to": [-1, 6, 20],
			"faces": {
				"north": {"uv": [0, 0, 1, 1], "texture": "#3"},
				"east": {"uv": [0, 0, 1, 1], "texture": "#3"},
				"south": {"uv": [0, 0, 1, 1], "texture": "#3"},
				"west": {"uv": [0, 0, 1, 1], "texture": "#3"},
				"up": {"uv": [0, 0, 1, 1], "rotation": 270, "texture": "#3"},
				"down": {"uv": [0, 0, 1, 1], "rotation": 90, "texture": "#3"}
			}
		},
		{
			"from": [26.9, 6, -2],
			"to": [27.9, 10, -1],
			"faces": {
				"north": {"uv": [0, 0, 1, 4], "texture": "#3"},
				"east": {"uv": [0, 0, 1, 4], "texture": "#3"},
				"south": {"uv": [0, 0, 1, 4], "texture": "#3"},
				"west": {"uv": [0, 0, 1, 4], "texture": "#3"},
				"up": {"uv": [0, 0, 1, 1], "texture": "#3"},
				"down": {"uv": [0, 0, 1, 1], "texture": "#3"}
			}
		},
		{
			"from": [-2, 6, 18.1],
			"to": [-1, 10, 19.1],
			"faces": {
				"north": {"uv": [0, 0, 1, 4], "texture": "#3"},
				"east": {"uv": [0, 0, 1, 4], "texture": "#3"},
				"south": {"uv": [0, 0, 1, 4], "texture": "#3"},
				"west": {"uv": [0, 0, 1, 4], "texture": "#3"},
				"up": {"uv": [0, 0, 1, 1], "rotation": 270, "texture": "#3"},
				"down": {"uv": [0, 0, 1, 1], "rotation": 90, "texture": "#3"}
			}
		},
		{
			"from": [26.9, 6, -2],
			"to": [27.9, 10, -1],
			"faces": {
				"north": {"uv": [0, 0, 1, 4], "texture": "#3"},
				"east": {"uv": [0, 0, 1, 4], "texture": "#3"},
				"south": {"uv": [0, 0, 1, 4], "texture": "#3"},
				"west": {"uv": [0, 0, 1, 4], "texture": "#3"},
				"up": {"uv": [0, 0, 1, 1], "texture": "#3"},
				"down": {"uv": [0, 0, 1, 1], "texture": "#3"}
			}
		},
		{
			"from": [-2, 6, 18.1],
			"to": [-1, 10, 19.1],
			"faces": {
				"north": {"uv": [0, 0, 1, 4], "texture": "#3"},
				"east": {"uv": [0, 0, 1, 4], "texture": "#3"},
				"south": {"uv": [0, 0, 1, 4], "texture": "#3"},
				"west": {"uv": [0, 0, 1, 4], "texture": "#3"},
				"up": {"uv": [0, 0, 1, 1], "rotation": 270, "texture": "#3"},
				"down": {"uv": [0, 0, 1, 1], "rotation": 90, "texture": "#3"}
			}
		},
		{
			"from": [26.9, 6, -2],
			"to": [27.9, 10, -1],
			"faces": {
				"north": {"uv": [0, 0, 1, 4], "texture": "#3"},
				"east": {"uv": [0, 0, 1, 4], "texture": "#3"},
				"south": {"uv": [0, 0, 1, 4], "texture": "#3"},
				"west": {"uv": [0, 0, 1, 4], "texture": "#3"},
				"up": {"uv": [0, 0, 1, 1], "texture": "#3"},
				"down": {"uv": [0, 0, 1, 1], "texture": "#3"}
			}
		},
		{
			"from": [-2, 6, 18.1],
			"to": [-1, 10, 19.1],
			"faces": {
				"north": {"uv": [0, 0, 1, 4], "texture": "#3"},
				"east": {"uv": [0, 0, 1, 4], "texture": "#3"},
				"south": {"uv": [0, 0, 1, 4], "texture": "#3"},
				"west": {"uv": [0, 0, 1, 4], "texture": "#3"},
				"up": {"uv": [0, 0, 1, 1], "rotation": 270, "texture": "#3"},
				"down": {"uv": [0, 0, 1, 1], "rotation": 90, "texture": "#3"}
			}
		},
		{
			"from": [26.9, 6, -2],
			"to": [27.9, 10, -1],
			"faces": {
				"north": {"uv": [0, 0, 1, 4], "texture": "#3"},
				"east": {"uv": [0, 0, 1, 4], "texture": "#3"},
				"south": {"uv": [0, 0, 1, 4], "texture": "#3"},
				"west": {"uv": [0, 0, 1, 4], "texture": "#3"},
				"up": {"uv": [0, 0, 1, 1], "texture": "#3"},
				"down": {"uv": [0, 0, 1, 1], "texture": "#3"}
			}
		},
		{
			"from": [-2, 6, 18.1],
			"to": [-1, 10, 19.1],
			"faces": {
				"north": {"uv": [0, 0, 1, 4], "texture": "#3"},
				"east": {"uv": [0, 0, 1, 4], "texture": "#3"},
				"south": {"uv": [0, 0, 1, 4], "texture": "#3"},
				"west": {"uv": [0, 0, 1, 4], "texture": "#3"},
				"up": {"uv": [0, 0, 1, 1], "rotation": 270, "texture": "#3"},
				"down": {"uv": [0, 0, 1, 1], "rotation": 90, "texture": "#3"}
			}
		},
		{
			"from": [26, 10, -2],
			"to": [27, 11, -1],
			"faces": {
				"north": {"uv": [0, 0, 1, 1], "texture": "#3"},
				"east": {"uv": [0, 0, 1, 1], "texture": "#3"},
				"south": {"uv": [0, 0, 1, 1], "texture": "#3"},
				"west": {"uv": [0, 0, 1, 1], "texture": "#3"},
				"up": {"uv": [0, 0, 1, 1], "texture": "#3"},
				"down": {"uv": [0, 0, 1, 1], "texture": "#3"}
			}
		},
		{
			"from": [-2, 10, 19],
			"to": [-1, 11, 20],
			"faces": {
				"north": {"uv": [0, 0, 1, 1], "texture": "#3"},
				"east": {"uv": [0, 0, 1, 1], "texture": "#3"},
				"south": {"uv": [0, 0, 1, 1], "texture": "#3"},
				"west": {"uv": [0, 0, 1, 1], "texture": "#3"},
				"up": {"uv": [0, 0, 1, 1], "rotation": 270, "texture": "#3"},
				"down": {"uv": [0, 0, 1, 1], "rotation": 90, "texture": "#3"}
			}
		},
		{
			"from": [26, 10, -2],
			"to": [27, 11, -1],
			"faces": {
				"north": {"uv": [0, 0, 1, 1], "texture": "#3"},
				"east": {"uv": [0, 0, 1, 1], "texture": "#3"},
				"south": {"uv": [0, 0, 1, 1], "texture": "#3"},
				"west": {"uv": [0, 0, 1, 1], "texture": "#3"},
				"up": {"uv": [0, 0, 1, 1], "texture": "#3"},
				"down": {"uv": [0, 0, 1, 1], "texture": "#3"}
			}
		},
		{
			"from": [-2, 10, 19],
			"to": [-1, 11, 20],
			"faces": {
				"north": {"uv": [0, 0, 1, 1], "texture": "#3"},
				"east": {"uv": [0, 0, 1, 1], "texture": "#3"},
				"south": {"uv": [0, 0, 1, 1], "texture": "#3"},
				"west": {"uv": [0, 0, 1, 1], "texture": "#3"},
				"up": {"uv": [0, 0, 1, 1], "rotation": 270, "texture": "#3"},
				"down": {"uv": [0, 0, 1, 1], "rotation": 90, "texture": "#3"}
			}
		},
		{
			"from": [26, 10, -2],
			"to": [27, 11, -1],
			"faces": {
				"north": {"uv": [0, 0, 1, 1], "texture": "#3"},
				"east": {"uv": [0, 0, 1, 1], "texture": "#3"},
				"south": {"uv": [0, 0, 1, 1], "texture": "#3"},
				"west": {"uv": [0, 0, 1, 1], "texture": "#3"},
				"up": {"uv": [0, 0, 1, 1], "texture": "#3"},
				"down": {"uv": [0, 0, 1, 1], "texture": "#3"}
			}
		},
		{
			"from": [-2, 10, 19],
			"to": [-1, 11, 20],
			"faces": {
				"north": {"uv": [0, 0, 1, 1], "texture": "#3"},
				"east": {"uv": [0, 0, 1, 1], "texture": "#3"},
				"south": {"uv": [0, 0, 1, 1], "texture": "#3"},
				"west": {"uv": [0, 0, 1, 1], "texture": "#3"},
				"up": {"uv": [0, 0, 1, 1], "rotation": 270, "texture": "#3"},
				"down": {"uv": [0, 0, 1, 1], "rotation": 90, "texture": "#3"}
			}
		},
		{
			"from": [26, 10, -2],
			"to": [27, 11, -1],
			"faces": {
				"north": {"uv": [0, 0, 1, 1], "texture": "#3"},
				"east": {"uv": [0, 0, 1, 1], "texture": "#3"},
				"south": {"uv": [0, 0, 1, 1], "texture": "#3"},
				"west": {"uv": [0, 0, 1, 1], "texture": "#3"},
				"up": {"uv": [0, 0, 1, 1], "texture": "#3"},
				"down": {"uv": [0, 0, 1, 1], "texture": "#3"}
			}
		},
		{
			"from": [-2, 10, 19],
			"to": [-1, 11, 20],
			"faces": {
				"north": {"uv": [0, 0, 1, 1], "texture": "#3"},
				"east": {"uv": [0, 0, 1, 1], "texture": "#3"},
				"south": {"uv": [0, 0, 1, 1], "texture": "#3"},
				"west": {"uv": [0, 0, 1, 1], "texture": "#3"},
				"up": {"uv": [0, 0, 1, 1], "rotation": 270, "texture": "#3"},
				"down": {"uv": [0, 0, 1, 1], "rotation": 90, "texture": "#3"}
			}
		},
		{
			"from": [25, 11, -2],
			"to": [27, 12, -1],
			"faces": {
				"north": {"uv": [0, 0, 2, 1], "texture": "#3"},
				"east": {"uv": [0, 0, 1, 1], "texture": "#3"},
				"south": {"uv": [0, 0, 2, 1], "texture": "#3"},
				"west": {"uv": [0, 0, 1, 1], "texture": "#3"},
				"up": {"uv": [0, 0, 2, 1], "texture": "#3"},
				"down": {"uv": [0, 0, 2, 1], "texture": "#3"}
			}
		},
		{
			"from": [-2, 11, 19],
			"to": [-1, 12, 21],
			"faces": {
				"north": {"uv": [0, 0, 1, 1], "texture": "#3"},
				"east": {"uv": [0, 0, 2, 1], "texture": "#3"},
				"south": {"uv": [0, 0, 1, 1], "texture": "#3"},
				"west": {"uv": [0, 0, 2, 1], "texture": "#3"},
				"up": {"uv": [0, 0, 2, 1], "rotation": 270, "texture": "#3"},
				"down": {"uv": [0, 0, 2, 1], "rotation": 90, "texture": "#3"}
			}
		},
		{
			"from": [25, 11, -2],
			"to": [27, 12, -1],
			"faces": {
				"north": {"uv": [0, 0, 2, 1], "texture": "#3"},
				"east": {"uv": [0, 0, 1, 1], "texture": "#3"},
				"south": {"uv": [0, 0, 2, 1], "texture": "#3"},
				"west": {"uv": [0, 0, 1, 1], "texture": "#3"},
				"up": {"uv": [0, 0, 2, 1], "texture": "#3"},
				"down": {"uv": [0, 0, 2, 1], "texture": "#3"}
			}
		},
		{
			"from": [-2, 11, 19],
			"to": [-1, 12, 21],
			"faces": {
				"north": {"uv": [0, 0, 1, 1], "texture": "#3"},
				"east": {"uv": [0, 0, 2, 1], "texture": "#3"},
				"south": {"uv": [0, 0, 1, 1], "texture": "#3"},
				"west": {"uv": [0, 0, 2, 1], "texture": "#3"},
				"up": {"uv": [0, 0, 2, 1], "rotation": 270, "texture": "#3"},
				"down": {"uv": [0, 0, 2, 1], "rotation": 90, "texture": "#3"}
			}
		},
		{
			"from": [25, 11, -2],
			"to": [27, 12, -1],
			"faces": {
				"north": {"uv": [0, 0, 2, 1], "texture": "#3"},
				"east": {"uv": [0, 0, 1, 1], "texture": "#3"},
				"south": {"uv": [0, 0, 2, 1], "texture": "#3"},
				"west": {"uv": [0, 0, 1, 1], "texture": "#3"},
				"up": {"uv": [0, 0, 2, 1], "texture": "#3"},
				"down": {"uv": [0, 0, 2, 1], "texture": "#3"}
			}
		},
		{
			"from": [-2, 11, 19],
			"to": [-1, 12, 21],
			"faces": {
				"north": {"uv": [0, 0, 1, 1], "texture": "#3"},
				"east": {"uv": [0, 0, 2, 1], "texture": "#3"},
				"south": {"uv": [0, 0, 1, 1], "texture": "#3"},
				"west": {"uv": [0, 0, 2, 1], "texture": "#3"},
				"up": {"uv": [0, 0, 2, 1], "rotation": 270, "texture": "#3"},
				"down": {"uv": [0, 0, 2, 1], "rotation": 90, "texture": "#3"}
			}
		},
		{
			"from": [25, 11, -2],
			"to": [27, 12, -1],
			"faces": {
				"north": {"uv": [0, 0, 2, 1], "texture": "#3"},
				"east": {"uv": [0, 0, 1, 1], "texture": "#3"},
				"south": {"uv": [0, 0, 2, 1], "texture": "#3"},
				"west": {"uv": [0, 0, 1, 1], "texture": "#3"},
				"up": {"uv": [0, 0, 2, 1], "texture": "#3"},
				"down": {"uv": [0, 0, 2, 1], "texture": "#3"}
			}
		},
		{
			"from": [-2, 11, 19],
			"to": [-1, 12, 21],
			"faces": {
				"north": {"uv": [0, 0, 1, 1], "texture": "#3"},
				"east": {"uv": [0, 0, 2, 1], "texture": "#3"},
				"south": {"uv": [0, 0, 1, 1], "texture": "#3"},
				"west": {"uv": [0, 0, 2, 1], "texture": "#3"},
				"up": {"uv": [0, 0, 2, 1], "rotation": 270, "texture": "#3"},
				"down": {"uv": [0, 0, 2, 1], "rotation": 90, "texture": "#3"}
			}
		},
		{
			"from": [24, 10, -2],
			"to": [25, 11, -1],
			"faces": {
				"north": {"uv": [5, 3, 6, 4], "texture": "#1"},
				"east": {"uv": [0, 0, 1, 1], "texture": "#1"},
				"south": {"uv": [0, 0, 1, 1], "texture": "#1"},
				"west": {"uv": [0, 0, 1, 1], "texture": "#1"},
				"up": {"uv": [0, 0, 1, 1], "texture": "#1"},
				"down": {"uv": [0, 0, 1, 1], "texture": "#1"}
			}
		},
		{
			"from": [-2, 10, 21],
			"to": [-1, 11, 22],
			"faces": {
				"north": {"uv": [0, 0, 1, 1], "texture": "#1"},
				"east": {"uv": [0, 0, 1, 1], "texture": "#1"},
				"south": {"uv": [0, 0, 1, 1], "texture": "#1"},
				"west": {"uv": [5, 3, 6, 4], "texture": "#1"},
				"up": {"uv": [0, 0, 1, 1], "rotation": 270, "texture": "#1"},
				"down": {"uv": [0, 0, 1, 1], "rotation": 90, "texture": "#1"}
			}
		},
		{
			"from": [24, 10, -2],
			"to": [25, 11, -1],
			"faces": {
				"north": {"uv": [5, 3, 6, 4], "texture": "#1"},
				"east": {"uv": [0, 0, 1, 1], "texture": "#1"},
				"south": {"uv": [0, 0, 1, 1], "texture": "#1"},
				"west": {"uv": [0, 0, 1, 1], "texture": "#1"},
				"up": {"uv": [0, 0, 1, 1], "texture": "#1"},
				"down": {"uv": [0, 0, 1, 1], "texture": "#1"}
			}
		},
		{
			"from": [-2, 10, 21],
			"to": [-1, 11, 22],
			"faces": {
				"north": {"uv": [0, 0, 1, 1], "texture": "#1"},
				"east": {"uv": [0, 0, 1, 1], "texture": "#1"},
				"south": {"uv": [0, 0, 1, 1], "texture": "#1"},
				"west": {"uv": [5, 3, 6, 4], "texture": "#1"},
				"up": {"uv": [0, 0, 1, 1], "rotation": 270, "texture": "#1"},
				"down": {"uv": [0, 0, 1, 1], "rotation": 90, "texture": "#1"}
			}
		},
		{
			"from": [24, 10, -2],
			"to": [25, 11, -1],
			"faces": {
				"north": {"uv": [5, 3, 6, 4], "texture": "#1"},
				"east": {"uv": [0, 0, 1, 1], "texture": "#1"},
				"south": {"uv": [0, 0, 1, 1], "texture": "#1"},
				"west": {"uv": [0, 0, 1, 1], "texture": "#1"},
				"up": {"uv": [0, 0, 1, 1], "texture": "#1"},
				"down": {"uv": [0, 0, 1, 1], "texture": "#1"}
			}
		},
		{
			"from": [-2, 10, 21],
			"to": [-1, 11, 22],
			"faces": {
				"north": {"uv": [0, 0, 1, 1], "texture": "#1"},
				"east": {"uv": [0, 0, 1, 1], "texture": "#1"},
				"south": {"uv": [0, 0, 1, 1], "texture": "#1"},
				"west": {"uv": [5, 3, 6, 4], "texture": "#1"},
				"up": {"uv": [0, 0, 1, 1], "rotation": 270, "texture": "#1"},
				"down": {"uv": [0, 0, 1, 1], "rotation": 90, "texture": "#1"}
			}
		},
		{
			"from": [24, 10, -2],
			"to": [25, 11, -1],
			"faces": {
				"north": {"uv": [5, 3, 6, 4], "texture": "#1"},
				"east": {"uv": [0, 0, 1, 1], "texture": "#1"},
				"south": {"uv": [0, 0, 1, 1], "texture": "#1"},
				"west": {"uv": [0, 0, 1, 1], "texture": "#1"},
				"up": {"uv": [0, 0, 1, 1], "texture": "#1"},
				"down": {"uv": [0, 0, 1, 1], "texture": "#1"}
			}
		},
		{
			"from": [-2, 10, 21],
			"to": [-1, 11, 22],
			"faces": {
				"north": {"uv": [0, 0, 1, 1], "texture": "#1"},
				"east": {"uv": [0, 0, 1, 1], "texture": "#1"},
				"south": {"uv": [0, 0, 1, 1], "texture": "#1"},
				"west": {"uv": [5, 3, 6, 4], "texture": "#1"},
				"up": {"uv": [0, 0, 1, 1], "rotation": 270, "texture": "#1"},
				"down": {"uv": [0, 0, 1, 1], "rotation": 90, "texture": "#1"}
			}
		},
		{
			"from": [21, 10, -2],
			"to": [22, 11, -1],
			"faces": {
				"north": {"uv": [8, 3, 9, 4], "texture": "#1"},
				"east": {"uv": [0, 0, 1, 1], "texture": "#1"},
				"south": {"uv": [0, 0, 1, 1], "texture": "#1"},
				"west": {"uv": [0, 0, 1, 1], "texture": "#1"},
				"up": {"uv": [0, 0, 1, 1], "texture": "#1"},
				"down": {"uv": [0, 0, 1, 1], "texture": "#1"}
			}
		},
		{
			"from": [-2, 10, 24],
			"to": [-1, 11, 25],
			"faces": {
				"north": {"uv": [0, 0, 1, 1], "texture": "#1"},
				"east": {"uv": [0, 0, 1, 1], "texture": "#1"},
				"south": {"uv": [0, 0, 1, 1], "texture": "#1"},
				"west": {"uv": [8, 3, 9, 4], "texture": "#1"},
				"up": {"uv": [0, 0, 1, 1], "rotation": 270, "texture": "#1"},
				"down": {"uv": [0, 0, 1, 1], "rotation": 90, "texture": "#1"}
			}
		},
		{
			"from": [21, 10, -2],
			"to": [22, 11, -1],
			"faces": {
				"north": {"uv": [8, 3, 9, 4], "texture": "#1"},
				"east": {"uv": [0, 0, 1, 1], "texture": "#1"},
				"south": {"uv": [0, 0, 1, 1], "texture": "#1"},
				"west": {"uv": [0, 0, 1, 1], "texture": "#1"},
				"up": {"uv": [0, 0, 1, 1], "texture": "#1"},
				"down": {"uv": [0, 0, 1, 1], "texture": "#1"}
			}
		},
		{
			"from": [-2, 10, 24],
			"to": [-1, 11, 25],
			"faces": {
				"north": {"uv": [0, 0, 1, 1], "texture": "#1"},
				"east": {"uv": [0, 0, 1, 1], "texture": "#1"},
				"south": {"uv": [0, 0, 1, 1], "texture": "#1"},
				"west": {"uv": [8, 3, 9, 4], "texture": "#1"},
				"up": {"uv": [0, 0, 1, 1], "rotation": 270, "texture": "#1"},
				"down": {"uv": [0, 0, 1, 1], "rotation": 90, "texture": "#1"}
			}
		},
		{
			"from": [21, 10, -2],
			"to": [22, 11, -1],
			"faces": {
				"north": {"uv": [8, 3, 9, 4], "texture": "#1"},
				"east": {"uv": [0, 0, 1, 1], "texture": "#1"},
				"south": {"uv": [0, 0, 1, 1], "texture": "#1"},
				"west": {"uv": [0, 0, 1, 1], "texture": "#1"},
				"up": {"uv": [0, 0, 1, 1], "texture": "#1"},
				"down": {"uv": [0, 0, 1, 1], "texture": "#1"}
			}
		},
		{
			"from": [-2, 10, 24],
			"to": [-1, 11, 25],
			"faces": {
				"north": {"uv": [0, 0, 1, 1], "texture": "#1"},
				"east": {"uv": [0, 0, 1, 1], "texture": "#1"},
				"south": {"uv": [0, 0, 1, 1], "texture": "#1"},
				"west": {"uv": [8, 3, 9, 4], "texture": "#1"},
				"up": {"uv": [0, 0, 1, 1], "rotation": 270, "texture": "#1"},
				"down": {"uv": [0, 0, 1, 1], "rotation": 90, "texture": "#1"}
			}
		},
		{
			"from": [21, 10, -2],
			"to": [22, 11, -1],
			"faces": {
				"north": {"uv": [8, 3, 9, 4], "texture": "#1"},
				"east": {"uv": [0, 0, 1, 1], "texture": "#1"},
				"south": {"uv": [0, 0, 1, 1], "texture": "#1"},
				"west": {"uv": [0, 0, 1, 1], "texture": "#1"},
				"up": {"uv": [0, 0, 1, 1], "texture": "#1"},
				"down": {"uv": [0, 0, 1, 1], "texture": "#1"}
			}
		},
		{
			"from": [-2, 10, 24],
			"to": [-1, 11, 25],
			"faces": {
				"north": {"uv": [0, 0, 1, 1], "texture": "#1"},
				"east": {"uv": [0, 0, 1, 1], "texture": "#1"},
				"south": {"uv": [0, 0, 1, 1], "texture": "#1"},
				"west": {"uv": [8, 3, 9, 4], "texture": "#1"},
				"up": {"uv": [0, 0, 1, 1], "rotation": 270, "texture": "#1"},
				"down": {"uv": [0, 0, 1, 1], "rotation": 90, "texture": "#1"}
			}
		},
		{
			"from": [20, 7, -2],
			"to": [21, 10, -1],
			"faces": {
				"north": {"uv": [9, 4, 10, 7], "texture": "#1"},
				"east": {"uv": [0, 0, 1, 3], "texture": "#1"},
				"south": {"uv": [0, 0, 1, 3], "texture": "#1"},
				"west": {"uv": [0, 0, 1, 3], "texture": "#1"},
				"up": {"uv": [0, 0, 1, 1], "texture": "#1"},
				"down": {"uv": [0, 0, 1, 1], "texture": "#1"}
			}
		},
		{
			"from": [-2, 7, 25],
			"to": [-1, 10, 26],
			"faces": {
				"north": {"uv": [0, 0, 1, 3], "texture": "#1"},
				"east": {"uv": [0, 0, 1, 3], "texture": "#1"},
				"south": {"uv": [0, 0, 1, 3], "texture": "#1"},
				"west": {"uv": [9, 4, 10, 7], "texture": "#1"},
				"up": {"uv": [0, 0, 1, 1], "rotation": 270, "texture": "#1"},
				"down": {"uv": [0, 0, 1, 1], "rotation": 90, "texture": "#1"}
			}
		},
		{
			"from": [20, 7, -2],
			"to": [21, 10, -1],
			"faces": {
				"north": {"uv": [9, 4, 10, 7], "texture": "#1"},
				"east": {"uv": [0, 0, 1, 3], "texture": "#1"},
				"south": {"uv": [0, 0, 1, 3], "texture": "#1"},
				"west": {"uv": [0, 0, 1, 3], "texture": "#1"},
				"up": {"uv": [0, 0, 1, 1], "texture": "#1"},
				"down": {"uv": [0, 0, 1, 1], "texture": "#1"}
			}
		},
		{
			"from": [-2, 7, 25],
			"to": [-1, 10, 26],
			"faces": {
				"north": {"uv": [0, 0, 1, 3], "texture": "#1"},
				"east": {"uv": [0, 0, 1, 3], "texture": "#1"},
				"south": {"uv": [0, 0, 1, 3], "texture": "#1"},
				"west": {"uv": [9, 4, 10, 7], "texture": "#1"},
				"up": {"uv": [0, 0, 1, 1], "rotation": 270, "texture": "#1"},
				"down": {"uv": [0, 0, 1, 1], "rotation": 90, "texture": "#1"}
			}
		},
		{
			"from": [20, 7, -2],
			"to": [21, 10, -1],
			"faces": {
				"north": {"uv": [9, 4, 10, 7], "texture": "#1"},
				"east": {"uv": [0, 0, 1, 3], "texture": "#1"},
				"south": {"uv": [0, 0, 1, 3], "texture": "#1"},
				"west": {"uv": [0, 0, 1, 3], "texture": "#1"},
				"up": {"uv": [0, 0, 1, 1], "texture": "#1"},
				"down": {"uv": [0, 0, 1, 1], "texture": "#1"}
			}
		},
		{
			"from": [-2, 7, 25],
			"to": [-1, 10, 26],
			"faces": {
				"north": {"uv": [0, 0, 1, 3], "texture": "#1"},
				"east": {"uv": [0, 0, 1, 3], "texture": "#1"},
				"south": {"uv": [0, 0, 1, 3], "texture": "#1"},
				"west": {"uv": [9, 4, 10, 7], "texture": "#1"},
				"up": {"uv": [0, 0, 1, 1], "rotation": 270, "texture": "#1"},
				"down": {"uv": [0, 0, 1, 1], "rotation": 90, "texture": "#1"}
			}
		},
		{
			"from": [20, 7, -2],
			"to": [21, 10, -1],
			"faces": {
				"north": {"uv": [9, 4, 10, 7], "texture": "#1"},
				"east": {"uv": [0, 0, 1, 3], "texture": "#1"},
				"south": {"uv": [0, 0, 1, 3], "texture": "#1"},
				"west": {"uv": [0, 0, 1, 3], "texture": "#1"},
				"up": {"uv": [0, 0, 1, 1], "texture": "#1"},
				"down": {"uv": [0, 0, 1, 1], "texture": "#1"}
			}
		},
		{
			"from": [-2, 7, 25],
			"to": [-1, 10, 26],
			"faces": {
				"north": {"uv": [0, 0, 1, 3], "texture": "#1"},
				"east": {"uv": [0, 0, 1, 3], "texture": "#1"},
				"south": {"uv": [0, 0, 1, 3], "texture": "#1"},
				"west": {"uv": [9, 4, 10, 7], "texture": "#1"},
				"up": {"uv": [0, 0, 1, 1], "rotation": 270, "texture": "#1"},
				"down": {"uv": [0, 0, 1, 1], "rotation": 90, "texture": "#1"}
			}
		},
		{
			"from": [21, 5, -2],
			"to": [25, 6, -1],
			"faces": {
				"north": {"uv": [5, 8, 9, 9], "texture": "#1"},
				"east": {"uv": [0, 0, 1, 1], "texture": "#1"},
				"south": {"uv": [0, 0, 4, 1], "texture": "#1"},
				"west": {"uv": [0, 0, 1, 1], "texture": "#1"},
				"up": {"uv": [0, 0, 4, 1], "texture": "#1"},
				"down": {"uv": [0, 0, 4, 1], "texture": "#1"}
			}
		},
		{
			"from": [-2, 5, 21],
			"to": [-1, 6, 25],
			"faces": {
				"north": {"uv": [0, 0, 1, 1], "texture": "#1"},
				"east": {"uv": [0, 0, 4, 1], "texture": "#1"},
				"south": {"uv": [0, 0, 1, 1], "texture": "#1"},
				"west": {"uv": [5, 8, 9, 9], "texture": "#1"},
				"up": {"uv": [0, 0, 4, 1], "rotation": 270, "texture": "#1"},
				"down": {"uv": [0, 0, 4, 1], "rotation": 90, "texture": "#1"}
			}
		},
		{
			"from": [21, 5, -2],
			"to": [25, 6, -1],
			"faces": {
				"north": {"uv": [5, 8, 9, 9], "texture": "#1"},
				"east": {"uv": [0, 0, 1, 1], "texture": "#1"},
				"south": {"uv": [0, 0, 4, 1], "texture": "#1"},
				"west": {"uv": [0, 0, 1, 1], "texture": "#1"},
				"up": {"uv": [0, 0, 4, 1], "texture": "#1"},
				"down": {"uv": [0, 0, 4, 1], "texture": "#1"}
			}
		},
		{
			"from": [-2, 5, 21],
			"to": [-1, 6, 25],
			"faces": {
				"north": {"uv": [0, 0, 1, 1], "texture": "#1"},
				"east": {"uv": [0, 0, 4, 1], "texture": "#1"},
				"south": {"uv": [0, 0, 1, 1], "texture": "#1"},
				"west": {"uv": [5, 8, 9, 9], "texture": "#1"},
				"up": {"uv": [0, 0, 4, 1], "rotation": 270, "texture": "#1"},
				"down": {"uv": [0, 0, 4, 1], "rotation": 90, "texture": "#1"}
			}
		},
		{
			"from": [21, 5, -2],
			"to": [25, 6, -1],
			"faces": {
				"north": {"uv": [5, 8, 9, 9], "texture": "#1"},
				"east": {"uv": [0, 0, 1, 1], "texture": "#1"},
				"south": {"uv": [0, 0, 4, 1], "texture": "#1"},
				"west": {"uv": [0, 0, 1, 1], "texture": "#1"},
				"up": {"uv": [0, 0, 4, 1], "texture": "#1"},
				"down": {"uv": [0, 0, 4, 1], "texture": "#1"}
			}
		},
		{
			"from": [-2, 5, 21],
			"to": [-1, 6, 25],
			"faces": {
				"north": {"uv": [0, 0, 1, 1], "texture": "#1"},
				"east": {"uv": [0, 0, 4, 1], "texture": "#1"},
				"south": {"uv": [0, 0, 1, 1], "texture": "#1"},
				"west": {"uv": [5, 8, 9, 9], "texture": "#1"},
				"up": {"uv": [0, 0, 4, 1], "rotation": 270, "texture": "#1"},
				"down": {"uv": [0, 0, 4, 1], "rotation": 90, "texture": "#1"}
			}
		},
		{
			"from": [21, 5, -2],
			"to": [25, 6, -1],
			"faces": {
				"north": {"uv": [5, 8, 9, 9], "texture": "#1"},
				"east": {"uv": [0, 0, 1, 1], "texture": "#1"},
				"south": {"uv": [0, 0, 4, 1], "texture": "#1"},
				"west": {"uv": [0, 0, 1, 1], "texture": "#1"},
				"up": {"uv": [0, 0, 4, 1], "texture": "#1"},
				"down": {"uv": [0, 0, 4, 1], "texture": "#1"}
			}
		},
		{
			"from": [-2, 5, 21],
			"to": [-1, 6, 25],
			"faces": {
				"north": {"uv": [0, 0, 1, 1], "texture": "#1"},
				"east": {"uv": [0, 0, 4, 1], "texture": "#1"},
				"south": {"uv": [0, 0, 1, 1], "texture": "#1"},
				"west": {"uv": [5, 8, 9, 9], "texture": "#1"},
				"up": {"uv": [0, 0, 4, 1], "rotation": 270, "texture": "#1"},
				"down": {"uv": [0, 0, 4, 1], "rotation": 90, "texture": "#1"}
			}
		},
		{
			"from": [25, 7, -2],
			"to": [26, 10, -1],
			"faces": {
				"north": {"uv": [4, 4, 5, 7], "texture": "#1"},
				"east": {"uv": [0, 0, 1, 3], "texture": "#1"},
				"south": {"uv": [0, 0, 1, 3], "texture": "#1"},
				"west": {"uv": [0, 0, 1, 3], "texture": "#1"},
				"up": {"uv": [0, 0, 1, 1], "texture": "#1"},
				"down": {"uv": [0, 0, 1, 1], "texture": "#1"}
			}
		},
		{
			"from": [-2, 7, 20],
			"to": [-1, 10, 21],
			"faces": {
				"north": {"uv": [0, 0, 1, 3], "texture": "#1"},
				"east": {"uv": [0, 0, 1, 3], "texture": "#1"},
				"south": {"uv": [0, 0, 1, 3], "texture": "#1"},
				"west": {"uv": [4, 4, 5, 7], "texture": "#1"},
				"up": {"uv": [0, 0, 1, 1], "rotation": 270, "texture": "#1"},
				"down": {"uv": [0, 0, 1, 1], "rotation": 90, "texture": "#1"}
			}
		},
		{
			"from": [25, 7, -2],
			"to": [26, 10, -1],
			"faces": {
				"north": {"uv": [4, 4, 5, 7], "texture": "#1"},
				"east": {"uv": [0, 0, 1, 3], "texture": "#1"},
				"south": {"uv": [0, 0, 1, 3], "texture": "#1"},
				"west": {"uv": [0, 0, 1, 3], "texture": "#1"},
				"up": {"uv": [0, 0, 1, 1], "texture": "#1"},
				"down": {"uv": [0, 0, 1, 1], "texture": "#1"}
			}
		},
		{
			"from": [-2, 7, 20],
			"to": [-1, 10, 21],
			"faces": {
				"north": {"uv": [0, 0, 1, 3], "texture": "#1"},
				"east": {"uv": [0, 0, 1, 3], "texture": "#1"},
				"south": {"uv": [0, 0, 1, 3], "texture": "#1"},
				"west": {"uv": [4, 4, 5, 7], "texture": "#1"},
				"up": {"uv": [0, 0, 1, 1], "rotation": 270, "texture": "#1"},
				"down": {"uv": [0, 0, 1, 1], "rotation": 90, "texture": "#1"}
			}
		},
		{
			"from": [25, 7, -2],
			"to": [26, 10, -1],
			"faces": {
				"north": {"uv": [4, 4, 5, 7], "texture": "#1"},
				"east": {"uv": [0, 0, 1, 3], "texture": "#1"},
				"south": {"uv": [0, 0, 1, 3], "texture": "#1"},
				"west": {"uv": [0, 0, 1, 3], "texture": "#1"},
				"up": {"uv": [0, 0, 1, 1], "texture": "#1"},
				"down": {"uv": [0, 0, 1, 1], "texture": "#1"}
			}
		},
		{
			"from": [-2, 7, 20],
			"to": [-1, 10, 21],
			"faces": {
				"north": {"uv": [0, 0, 1, 3], "texture": "#1"},
				"east": {"uv": [0, 0, 1, 3], "texture": "#1"},
				"south": {"uv": [0, 0, 1, 3], "texture": "#1"},
				"west": {"uv": [4, 4, 5, 7], "texture": "#1"},
				"up": {"uv": [0, 0, 1, 1], "rotation": 270, "texture": "#1"},
				"down": {"uv": [0, 0, 1, 1], "rotation": 90, "texture": "#1"}
			}
		},
		{
			"from": [25, 7, -2],
			"to": [26, 10, -1],
			"faces": {
				"north": {"uv": [4, 4, 5, 7], "texture": "#1"},
				"east": {"uv": [0, 0, 1, 3], "texture": "#1"},
				"south": {"uv": [0, 0, 1, 3], "texture": "#1"},
				"west": {"uv": [0, 0, 1, 3], "texture": "#1"},
				"up": {"uv": [0, 0, 1, 1], "texture": "#1"},
				"down": {"uv": [0, 0, 1, 1], "texture": "#1"}
			}
		},
		{
			"from": [-2, 7, 20],
			"to": [-1, 10, 21],
			"faces": {
				"north": {"uv": [0, 0, 1, 3], "texture": "#1"},
				"east": {"uv": [0, 0, 1, 3], "texture": "#1"},
				"south": {"uv": [0, 0, 1, 3], "texture": "#1"},
				"west": {"uv": [4, 4, 5, 7], "texture": "#1"},
				"up": {"uv": [0, 0, 1, 1], "rotation": 270, "texture": "#1"},
				"down": {"uv": [0, 0, 1, 1], "rotation": 90, "texture": "#1"}
			}
		},
		{
			"from": [22, -0.1, -1.1],
			"to": [24, 7, -0.9],
			"faces": {
				"north": {"uv": [7, 9, 9, 16], "texture": "#0"},
				"east": {"uv": [0, 0, 0.1, 7], "texture": "#0"},
				"south": {"uv": [0, 0, 2, 7], "texture": "#0"},
				"west": {"uv": [0, 0, 0.1, 7], "texture": "#0"},
				"up": {"uv": [0, 0, 2, 0.1], "texture": "#0"},
				"down": {"uv": [0, 0, 2, 0.1], "texture": "#0"}
			}
		},
		{
			"from": [-1.1, -0.1, 22],
			"to": [-0.9, 7, 24],
			"faces": {
				"north": {"uv": [0, 0, 0.1, 7], "texture": "#0"},
				"east": {"uv": [0, 0, 2, 7], "texture": "#0"},
				"south": {"uv": [0, 0, 0.1, 7], "texture": "#0"},
				"west": {"uv": [7, 9, 9, 16], "texture": "#0"},
				"up": {"uv": [0, 0, 2, 0.1], "rotation": 270, "texture": "#0"},
				"down": {"uv": [0, 0, 2, 0.1], "rotation": 90, "texture": "#0"}
			}
		},
		{
			"from": [22, -0.1, -1.1],
			"to": [24, 7, -0.9],
			"faces": {
				"north": {"uv": [7, 9, 9, 16], "texture": "#0"},
				"east": {"uv": [0, 0, 0.1, 7], "texture": "#0"},
				"south": {"uv": [0, 0, 2, 7], "texture": "#0"},
				"west": {"uv": [0, 0, 0.1, 7], "texture": "#0"},
				"up": {"uv": [0, 0, 2, 0.1], "texture": "#0"},
				"down": {"uv": [0, 0, 2, 0.1], "texture": "#0"}
			}
		},
		{
			"from": [-1.1, -0.1, 22],
			"to": [-0.9, 7, 24],
			"faces": {
				"north": {"uv": [0, 0, 0.1, 7], "texture": "#0"},
				"east": {"uv": [0, 0, 2, 7], "texture": "#0"},
				"south": {"uv": [0, 0, 0.1, 7], "texture": "#0"},
				"west": {"uv": [7, 9, 9, 16], "texture": "#0"},
				"up": {"uv": [0, 0, 2, 0.1], "rotation": 270, "texture": "#0"},
				"down": {"uv": [0, 0, 2, 0.1], "rotation": 90, "texture": "#0"}
			}
		},
		{
			"from": [22, -0.1, -1.1],
			"to": [24, 7, -0.9],
			"faces": {
				"north": {"uv": [7, 9, 9, 16], "texture": "#0"},
				"east": {"uv": [0, 0, 0.1, 7], "texture": "#0"},
				"south": {"uv": [0, 0, 2, 7], "texture": "#0"},
				"west": {"uv": [0, 0, 0.1, 7], "texture": "#0"},
				"up": {"uv": [0, 0, 2, 0.1], "texture": "#0"},
				"down": {"uv": [0, 0, 2, 0.1], "texture": "#0"}
			}
		},
		{
			"from": [-1.1, -0.1, 22],
			"to": [-0.9, 7, 24],
			"faces": {
				"north": {"uv": [0, 0, 0.1, 7], "texture": "#0"},
				"east": {"uv": [0, 0, 2, 7], "texture": "#0"},
				"south": {"uv": [0, 0, 0.1, 7], "texture": "#0"},
				"west": {"uv": [7, 9, 9, 16], "texture": "#0"},
				"up": {"uv": [0, 0, 2, 0.1], "rotation": 270, "texture": "#0"},
				"down": {"uv": [0, 0, 2, 0.1], "rotation": 90, "texture": "#0"}
			}
		},
		{
			"from": [22, -0.1, -1.1],
			"to": [24, 7, -0.9],
			"faces": {
				"north": {"uv": [7, 9, 9, 16], "texture": "#0"},
				"east": {"uv": [0, 0, 0.1, 7], "texture": "#0"},
				"south": {"uv": [0, 0, 2, 7], "texture": "#0"},
				"west": {"uv": [0, 0, 0.1, 7], "texture": "#0"},
				"up": {"uv": [0, 0, 2, 0.1], "texture": "#0"},
				"down": {"uv": [0, 0, 2, 0.1], "texture": "#0"}
			}
		},
		{
			"from": [-1.1, -0.1, 22],
			"to": [-0.9, 7, 24],
			"faces": {
				"north": {"uv": [0, 0, 0.1, 7], "texture": "#0"},
				"east": {"uv": [0, 0, 2, 7], "texture": "#0"},
				"south": {"uv": [0, 0, 0.1, 7], "texture": "#0"},
				"west": {"uv": [7, 9, 9, 16], "texture": "#0"},
				"up": {"uv": [0, 0, 2, 0.1], "rotation": 270, "texture": "#0"},
				"down": {"uv": [0, 0, 2, 0.1], "rotation": 90, "texture": "#0"}
			}
		},
		{
			"from": [14.9, -0.1, -1.1],
			"to": [22, 16.1, -0.9],
			"faces": {
				"north": {"uv": [9, 0, 16, 16], "texture": "#0"},
				"east": {"uv": [0, 0, 0.1, 16], "texture": "#0"},
				"south": {"uv": [0, 0, 7, 16], "texture": "#0"},
				"west": {"uv": [0, 0, 0.1, 16], "texture": "#0"},
				"up": {"uv": [0, 0, 7, 0.1], "texture": "#0"},
				"down": {"uv": [0, 0, 7, 0.1], "texture": "#0"}
			}
		},
		{
			"from": [-1.1, -0.1, 24],
			"to": [-0.9, 16.1, 31.1],
			"faces": {
				"north": {"uv": [0, 0, 0.1, 16], "texture": "#0"},
				"east": {"uv": [0, 0, 7, 16], "texture": "#0"},
				"south": {"uv": [0, 0, 0.1, 16], "texture": "#0"},
				"west": {"uv": [9, 0, 16, 16], "texture": "#0"},
				"up": {"uv": [0, 0, 7, 0.1], "rotation": 270, "texture": "#0"},
				"down": {"uv": [0, 0, 7, 0.1], "rotation": 90, "texture": "#0"}
			}
		},
		{
			"from": [14.9, -0.1, -1.1],
			"to": [22, 16.1, -0.9],
			"faces": {
				"north": {"uv": [9, 0, 16, 16], "texture": "#0"},
				"east": {"uv": [0, 0, 0.1, 16], "texture": "#0"},
				"south": {"uv": [0, 0, 7, 16], "texture": "#0"},
				"west": {"uv": [0, 0, 0.1, 16], "texture": "#0"},
				"up": {"uv": [0, 0, 7, 0.1], "texture": "#0"},
				"down": {"uv": [0, 0, 7, 0.1], "texture": "#0"}
			}
		},
		{
			"from": [-1.1, -0.1, 24],
			"to": [-0.9, 16.1, 31.1],
			"faces": {
				"north": {"uv": [0, 0, 0.1, 16], "texture": "#0"},
				"east": {"uv": [0, 0, 7, 16], "texture": "#0"},
				"south": {"uv": [0, 0, 0.1, 16], "texture": "#0"},
				"west": {"uv": [9, 0, 16, 16], "texture": "#0"},
				"up": {"uv": [0, 0, 7, 0.1], "rotation": 270, "texture": "#0"},
				"down": {"uv": [0, 0, 7, 0.1], "rotation": 90, "texture": "#0"}
			}
		},
		{
			"from": [14.9, -0.1, -1.1],
			"to": [22, 16.1, -0.9],
			"faces": {
				"north": {"uv": [9, 0, 16, 16], "texture": "#0"},
				"east": {"uv": [0, 0, 0.1, 16], "texture": "#0"},
				"south": {"uv": [0, 0, 7, 16], "texture": "#0"},
				"west": {"uv": [0, 0, 0.1, 16], "texture": "#0"},
				"up": {"uv": [0, 0, 7, 0.1], "texture": "#0"},
				"down": {"uv": [0, 0, 7, 0.1], "texture": "#0"}
			}
		},
		{
			"from": [-1.1, -0.1, 24],
			"to": [-0.9, 16.1, 31.1],
			"faces": {
				"north": {"uv": [0, 0, 0.1, 16], "texture": "#0"},
				"east": {"uv": [0, 0, 7, 16], "texture": "#0"},
				"south": {"uv": [0, 0, 0.1, 16], "texture": "#0"},
				"west": {"uv": [9, 0, 16, 16], "texture": "#0"},
				"up": {"uv": [0, 0, 7, 0.1], "rotation": 270, "texture": "#0"},
				"down": {"uv": [0, 0, 7, 0.1], "rotation": 90, "texture": "#0"}
			}
		},
		{
			"from": [14.9, -0.1, -1.1],
			"to": [22, 16.1, -0.9],
			"faces": {
				"north": {"uv": [9, 0, 16, 16], "texture": "#0"},
				"east": {"uv": [0, 0, 0.1, 16], "texture": "#0"},
				"south": {"uv": [0, 0, 7, 16], "texture": "#0"},
				"west": {"uv": [0, 0, 0.1, 16], "texture": "#0"},
				"up": {"uv": [0, 0, 7, 0.1], "texture": "#0"},
				"down": {"uv": [0, 0, 7, 0.1], "texture": "#0"}
			}
		},
		{
			"from": [-1.1, -0.1, 24],
			"to": [-0.9, 16.1, 31.1],
			"faces": {
				"north": {"uv": [0, 0, 0.1, 16], "texture": "#0"},
				"east": {"uv": [0, 0, 7, 16], "texture": "#0"},
				"south": {"uv": [0, 0, 0.1, 16], "texture": "#0"},
				"west": {"uv": [9, 0, 16, 16], "texture": "#0"},
				"up": {"uv": [0, 0, 7, 0.1], "rotation": 270, "texture": "#0"},
				"down": {"uv": [0, 0, 7, 0.1], "rotation": 90, "texture": "#0"}
			}
		},
		{
			"from": [22, 9, -1.1],
			"to": [24, 16.1, -0.9],
			"faces": {
				"north": {"uv": [7, 0, 9, 7], "texture": "#0"},
				"east": {"uv": [0, 0, 0.1, 7], "texture": "#0"},
				"south": {"uv": [0, 0, 2, 7], "texture": "#0"},
				"west": {"uv": [0, 0, 0.1, 7], "texture": "#0"},
				"up": {"uv": [0, 0, 2, 0.1], "texture": "#0"},
				"down": {"uv": [0, 0, 2, 0.1], "texture": "#0"}
			}
		},
		{
			"from": [-1.1, 9, 22],
			"to": [-0.9, 16.1, 24],
			"faces": {
				"north": {"uv": [0, 0, 0.1, 7], "texture": "#0"},
				"east": {"uv": [0, 0, 2, 7], "texture": "#0"},
				"south": {"uv": [0, 0, 0.1, 7], "texture": "#0"},
				"west": {"uv": [7, 0, 9, 7], "texture": "#0"},
				"up": {"uv": [0, 0, 2, 0.1], "rotation": 270, "texture": "#0"},
				"down": {"uv": [0, 0, 2, 0.1], "rotation": 90, "texture": "#0"}
			}
		},
		{
			"from": [22, 9, -1.1],
			"to": [24, 16.1, -0.9],
			"faces": {
				"north": {"uv": [7, 0, 9, 7], "texture": "#0"},
				"east": {"uv": [0, 0, 0.1, 7], "texture": "#0"},
				"south": {"uv": [0, 0, 2, 7], "texture": "#0"},
				"west": {"uv": [0, 0, 0.1, 7], "texture": "#0"},
				"up": {"uv": [0, 0, 2, 0.1], "texture": "#0"},
				"down": {"uv": [0, 0, 2, 0.1], "texture": "#0"}
			}
		},
		{
			"from": [-1.1, 9, 22],
			"to": [-0.9, 16.1, 24],
			"faces": {
				"north": {"uv": [0, 0, 0.1, 7], "texture": "#0"},
				"east": {"uv": [0, 0, 2, 7], "texture": "#0"},
				"south": {"uv": [0, 0, 0.1, 7], "texture": "#0"},
				"west": {"uv": [7, 0, 9, 7], "texture": "#0"},
				"up": {"uv": [0, 0, 2, 0.1], "rotation": 270, "texture": "#0"},
				"down": {"uv": [0, 0, 2, 0.1], "rotation": 90, "texture": "#0"}
			}
		},
		{
			"from": [22, 9, -1.1],
			"to": [24, 16.1, -0.9],
			"faces": {
				"north": {"uv": [7, 0, 9, 7], "texture": "#0"},
				"east": {"uv": [0, 0, 0.1, 7], "texture": "#0"},
				"south": {"uv": [0, 0, 2, 7], "texture": "#0"},
				"west": {"uv": [0, 0, 0.1, 7], "texture": "#0"},
				"up": {"uv": [0, 0, 2, 0.1], "texture": "#0"},
				"down": {"uv": [0, 0, 2, 0.1], "texture": "#0"}
			}
		},
		{
			"from": [-1.1, 9, 22],
			"to": [-0.9, 16.1, 24],
			"faces": {
				"north": {"uv": [0, 0, 0.1, 7], "texture": "#0"},
				"east": {"uv": [0, 0, 2, 7], "texture": "#0"},
				"south": {"uv": [0, 0, 0.1, 7], "texture": "#0"},
				"west": {"uv": [7, 0, 9, 7], "texture": "#0"},
				"up": {"uv": [0, 0, 2, 0.1], "rotation": 270, "texture": "#0"},
				"down": {"uv": [0, 0, 2, 0.1], "rotation": 90, "texture": "#0"}
			}
		},
		{
			"from": [22, 9, -1.1],
			"to": [24, 16.1, -0.9],
			"faces": {
				"north": {"uv": [7, 0, 9, 7], "texture": "#0"},
				"east": {"uv": [0, 0, 0.1, 7], "texture": "#0"},
				"south": {"uv": [0, 0, 2, 7], "texture": "#0"},
				"west": {"uv": [0, 0, 0.1, 7], "texture": "#0"},
				"up": {"uv": [0, 0, 2, 0.1], "texture": "#0"},
				"down": {"uv": [0, 0, 2, 0.1], "texture": "#0"}
			}
		},
		{
			"from": [-1.1, 9, 22],
			"to": [-0.9, 16.1, 24],
			"faces": {
				"north": {"uv": [0, 0, 0.1, 7], "texture": "#0"},
				"east": {"uv": [0, 0, 2, 7], "texture": "#0"},
				"south": {"uv": [0, 0, 0.1, 7], "texture": "#0"},
				"west": {"uv": [7, 0, 9, 7], "texture": "#0"},
				"up": {"uv": [0, 0, 2, 0.1], "rotation": 270, "texture": "#0"},
				"down": {"uv": [0, 0, 2, 0.1], "rotation": 90, "texture": "#0"}
			}
		},
		{
			"from": [24, -0.1, -1.1],
			"to": [31.1, 16.1, -0.9],
			"faces": {
				"north": {"uv": [0, 0, 7.1, 16], "texture": "#0"},
				"east": {"uv": [0, 0, 0.2, 16], "texture": "#0"},
				"south": {"uv": [0, 0, 7.1, 16], "texture": "#0"},
				"west": {"uv": [0, 0, 0.2, 16], "texture": "#0"},
				"up": {"uv": [0, 0, 7.1, 0.2], "texture": "#0"},
				"down": {"uv": [0, 0, 7.1, 0.2], "texture": "#0"}
			}
		},
		{
			"from": [-1.1, -0.1, 14.9],
			"to": [-0.9, 16.1, 22],
			"faces": {
				"north": {"uv": [0, 0, 0.2, 16], "texture": "#0"},
				"east": {"uv": [0, 0, 7.1, 16], "texture": "#0"},
				"south": {"uv": [0, 0, 0.2, 16], "texture": "#0"},
				"west": {"uv": [0, 0, 7.1, 16], "texture": "#0"},
				"up": {"uv": [0, 0, 7.1, 0.2], "rotation": 270, "texture": "#0"},
				"down": {"uv": [0, 0, 7.1, 0.2], "rotation": 90, "texture": "#0"}
			}
		},
		{
			"from": [24, -0.1, -1.1],
			"to": [31.1, 16.1, -0.9],
			"faces": {
				"north": {"uv": [0, 0, 7.1, 16], "texture": "#0"},
				"east": {"uv": [0, 0, 0.2, 16], "texture": "#0"},
				"south": {"uv": [0, 0, 7.1, 16], "texture": "#0"},
				"west": {"uv": [0, 0, 0.2, 16], "texture": "#0"},
				"up": {"uv": [0, 0, 7.1, 0.2], "texture": "#0"},
				"down": {"uv": [0, 0, 7.1, 0.2], "texture": "#0"}
			}
		},
		{
			"from": [-1.1, -0.1, 14.9],
			"to": [-0.9, 16.1, 22],
			"faces": {
				"north": {"uv": [0, 0, 0.2, 16], "texture": "#0"},
				"east": {"uv": [0, 0, 7.1, 16], "texture": "#0"},
				"south": {"uv": [0, 0, 0.2, 16], "texture": "#0"},
				"west": {"uv": [0, 0, 7.1, 16], "texture": "#0"},
				"up": {"uv": [0, 0, 7.1, 0.2], "rotation": 270, "texture": "#0"},
				"down": {"uv": [0, 0, 7.1, 0.2], "rotation": 90, "texture": "#0"}
			}
		},
		{
			"from": [24, -0.1, -1.1],
			"to": [31.1, 16.1, -0.9],
			"faces": {
				"north": {"uv": [0, 0, 7.1, 16], "texture": "#0"},
				"east": {"uv": [0, 0, 0.2, 16], "texture": "#0"},
				"south": {"uv": [0, 0, 7.1, 16], "texture": "#0"},
				"west": {"uv": [0, 0, 0.2, 16], "texture": "#0"},
				"up": {"uv": [0, 0, 7.1, 0.2], "texture": "#0"},
				"down": {"uv": [0, 0, 7.1, 0.2], "texture": "#0"}
			}
		},
		{
			"from": [-1.1, -0.1, 14.9],
			"to": [-0.9, 16.1, 22],
			"faces": {
				"north": {"uv": [0, 0, 0.2, 16], "texture": "#0"},
				"east": {"uv": [0, 0, 7.1, 16], "texture": "#0"},
				"south": {"uv": [0, 0, 0.2, 16], "texture": "#0"},
				"west": {"uv": [0, 0, 7.1, 16], "texture": "#0"},
				"up": {"uv": [0, 0, 7.1, 0.2], "rotation": 270, "texture": "#0"},
				"down": {"uv": [0, 0, 7.1, 0.2], "rotation": 90, "texture": "#0"}
			}
		},
		{
			"from": [24, -0.1, -1.1],
			"to": [31.1, 16.1, -0.9],
			"faces": {
				"north": {"uv": [0, 0, 7.1, 16], "texture": "#0"},
				"east": {"uv": [0, 0, 0.2, 16], "texture": "#0"},
				"south": {"uv": [0, 0, 7.1, 16], "texture": "#0"},
				"west": {"uv": [0, 0, 0.2, 16], "texture": "#0"},
				"up": {"uv": [0, 0, 7.1, 0.2], "texture": "#0"},
				"down": {"uv": [0, 0, 7.1, 0.2], "texture": "#0"}
			}
		},
		{
			"from": [-1.1, -0.1, 14.9],
			"to": [-0.9, 16.1, 22],
			"faces": {
				"north": {"uv": [0, 0, 0.2, 16], "texture": "#0"},
				"east": {"uv": [0, 0, 7.1, 16], "texture": "#0"},
				"south": {"uv": [0, 0, 0.2, 16], "texture": "#0"},
				"west": {"uv": [0, 0, 7.1, 16], "texture": "#0"},
				"up": {"uv": [0, 0, 7.1, 0.2], "rotation": 270, "texture": "#0"},
				"down": {"uv": [0, 0, 7.1, 0.2], "rotation": 90, "texture": "#0"}
			}
		}
	],
	"display": {
		"thirdperson_righthand": {
			"translation": [0, 0, 9.5]
		},
		"head": {
			"translation": [-25, -2.25, -25],
			"scale": [1.63, 1.63, 1.63]
		}
	},
	"groups": [0, 1, 2, 3, 4, 5, 6, 7, 8, 9, 10, 11, 12, 13, 14, 15, 16, 17, 18, 19, 20, 21, 22, 23, 24, 25, 26, 27, 28, 29, 30, 31, 32, 33, 34, 35, 36, 37, 38, 39, 40, 41, 42, 43, 44, 45, 46, 47, 48, 49, 50, 51,
		{
			"name": "group",
			"origin": [8, 8, 8],
			"children": [52, 53, 54, 55, 56, 57, 58, 59, 60, 61, 62, 63, 64, 65, 66, 67, 68, 69, 70, 71, 72, 73, 74, 75, 76, 77, 78, 79, 80, 81, 82, 83, 84, 85, 86, 87, 88, 89, 90, 91, 92, 93, 94, 95, 96, 97, 98, 99, 100, 101, 102, 103, 104, 105, 106, 107, 108, 109, 110, 111, 112, 113, 114, 115, 116, 117, 118, 119, 120, 121, 122, 123, 124, 125, 126, 127, 128, 129, 130, 131, 132, 133, 134, 135, 136, 137, 138, 139, 140, 141, 142, 143, 144, 145, 146, 147]
		},
		{
			"name": "group",
			"origin": [8, 8, 8],
			"children": [148, 149, 150, 151, 152, 153, 154, 155, 156, 157, 158, 159, 160, 161, 162, 163, 164, 165, 166, 167, 168, 169, 170, 171, 172, 173, 174, 175, 176, 177, 178, 179, 180, 181, 182, 183, 184, 185, 186, 187]
		},
		{
			"name": "group",
			"origin": [8, 8, 8],
			"children": [188, 189, 190, 191, 192, 193, 194, 195, 196, 197, 198, 199, 200, 201, 202, 203, 204, 205, 206, 207, 208, 209, 210, 211, 212, 213, 214, 215, 216, 217, 218, 219]
		}
	]
}