{
	"credit": "Made with Blockbench",
	"textures": {
		"0": "custom/ruby_crystal",
		"3": "custom/Gallifrey_workbench",
		"4": "custom/tardis_S_CB1",
		"particle": "custom/stone",
		"2_0": "custom/stone"
	},
	"elements": [
		{
			"from": [12, 0, 12],
			"to": [16, 16, 16],
			"faces": {
				"north": {"uv": [0, 0, 4, 16], "texture": "#3"},
				"east": {"uv": [0, 0, 4, 16], "texture": "#3"},
				"south": {"uv": [0, 0, 4, 16], "texture": "#3"},
				"west": {"uv": [0, 0, 4, 16], "texture": "#3"},
				"up": {"uv": [0, 0, 4, 4], "texture": "#3"},
				"down": {"uv": [0, 0, 4, 4], "texture": "#3"}
			}
		},
		{
			"from": [12, 0, 0],
			"to": [16, 16, 4],
			"faces": {
				"north": {"uv": [0, 0, 4, 16], "texture": "#3"},
				"east": {"uv": [0, 0, 4, 16], "texture": "#3"},
				"south": {"uv": [0, 0, 4, 16], "texture": "#3"},
				"west": {"uv": [0, 0, 4, 16], "texture": "#3"},
				"up": {"uv": [0, 0, 4, 4], "texture": "#3"},
				"down": {"uv": [0, 0, 4, 4], "texture": "#3"}
			}
		},
		{
			"from": [0, 0, 0],
			"to": [4, 16, 4],
			"faces": {
				"north": {"uv": [0, 0, 4, 16], "texture": "#3"},
				"east": {"uv": [0, 0, 4, 16], "texture": "#3"},
				"south": {"uv": [0, 0, 4, 16], "texture": "#3"},
				"west": {"uv": [0, 0, 4, 16], "texture": "#3"},
				"up": {"uv": [0, 0, 4, 4], "texture": "#3"},
				"down": {"uv": [0, 0, 4, 4], "texture": "#3"}
			}
		},
		{
			"from": [0, 0, 12],
			"to": [4, 16, 16],
			"faces": {
				"north": {"uv": [0, 0, 4, 16], "texture": "#3"},
				"east": {"uv": [0, 0, 4, 16], "texture": "#3"},
				"south": {"uv": [0, 0, 4, 16], "texture": "#3"},
				"west": {"uv": [0, 0, 4, 16], "texture": "#3"},
				"up": {"uv": [0, 0, 4, 4], "texture": "#3"},
				"down": {"uv": [0, 0, 4, 4], "texture": "#3"}
			}
		},
		{
			"from": [6, 2, 7],
			"to": [10, 14, 9],
			"faces": {
				"north": {"uv": [6, 2, 10, 14], "texture": "#2_0"},
				"east": {"uv": [7, 2, 9, 14], "texture": "#2_0"},
				"south": {"uv": [6, 2, 10, 14], "texture": "#2_0"},
				"west": {"uv": [7, 2, 9, 14], "texture": "#2_0"},
				"up": {"uv": [6, 7, 10, 9], "texture": "#2_0"},
				"down": {"uv": [6, 7, 10, 9], "texture": "#2_0"}
			}
		},
		{
			"from": [7, 2, 6],
			"to": [9, 14, 7],
			"faces": {
				"north": {"uv": [7, 2, 9, 14], "texture": "#2_0"},
				"east": {"uv": [9, 2, 10, 14], "texture": "#2_0"},
				"south": {"uv": [0, 0, 2, 12], "texture": "#2_0"},
				"west": {"uv": [0, 0, 1, 12], "texture": "#2_0"},
				"up": {"uv": [7, 6, 9, 7], "texture": "#2_0"},
				"down": {"uv": [7, 9, 9, 10], "texture": "#2_0"}
			}
		},
		{
			"from": [2, 7, 6],
			"to": [14, 9, 7],
			"faces": {
				"north": {"uv": [2, 7, 14, 9], "texture": "#2_0"},
				"east": {"uv": [9, 7, 10, 9], "texture": "#2_0"},
				"south": {"uv": [0, 0, 2, 12], "rotation": 270, "texture": "#2_0"},
				"west": {"uv": [6, 7, 7, 9], "texture": "#2_0"},
				"up": {"uv": [2, 6, 14, 7], "texture": "#2_0"},
				"down": {"uv": [2, 9, 14, 10], "texture": "#2_0"}
			}
		},
		{
			"from": [6, 7, 2],
			"to": [7, 9, 14],
			"faces": {
				"north": {"uv": [9, 7, 10, 9], "texture": "#2_0"},
				"east": {"uv": [0, 0, 2, 12], "rotation": 270, "texture": "#2_0"},
				"south": {"uv": [6, 7, 7, 9], "texture": "#2_0"},
				"west": {"uv": [2, 7, 14, 9], "texture": "#2_0"},
				"up": {"uv": [6, 2, 7, 14], "texture": "#2_0"},
				"down": {"uv": [6, 2, 7, 14], "texture": "#2_0"}
			}
		},
		{
			"from": [7, 2, 9],
			"to": [9, 14, 10],
			"faces": {
				"north": {"uv": [0, 0, 2, 12], "texture": "#2_0"},
				"east": {"uv": [6, 2, 7, 14], "texture": "#2_0"},
				"south": {"uv": [7, 2, 9, 14], "texture": "#2_0"},
				"west": {"uv": [9, 2, 10, 14], "texture": "#2_0"},
				"up": {"uv": [7, 9, 9, 10], "texture": "#2_0"},
				"down": {"uv": [7, 6, 9, 7], "texture": "#2_0"}
			}
		},
		{
			"from": [2, 7, 9],
			"to": [14, 9, 10],
			"faces": {
				"north": {"uv": [0, 0, 2, 12], "texture": "#2_0"},
				"east": {"uv": [6, 7, 7, 9], "texture": "#2_0"},
				"south": {"uv": [2, 7, 14, 9], "texture": "#2_0"},
				"west": {"uv": [9, 7, 10, 9], "texture": "#2_0"},
				"up": {"uv": [2, 9, 14, 10], "texture": "#2_0"},
				"down": {"uv": [2, 6, 14, 7], "texture": "#2_0"}
			}
		},
		{
			"from": [9, 7, 2],
			"to": [10, 9, 14],
			"faces": {
				"north": {"uv": [6, 7, 7, 9], "texture": "#2_0"},
				"east": {"uv": [2, 7, 14, 9], "texture": "#2_0"},
				"south": {"uv": [9, 7, 10, 9], "texture": "#2_0"},
				"west": {"uv": [0, 0, 2, 12], "rotation": 90, "texture": "#2_0"},
				"up": {"uv": [9, 2, 10, 14], "texture": "#2_0"},
				"down": {"uv": [9, 2, 10, 14], "texture": "#2_0"}
			}
		},
		{
			"from": [7, 3, 4],
			"to": [9, 13, 12],
			"faces": {
				"north": {"uv": [7, 3, 9, 13], "texture": "#2_0"},
				"east": {"uv": [4, 3, 12, 13], "texture": "#2_0"},
				"south": {"uv": [7, 3, 9, 13], "texture": "#2_0"},
				"west": {"uv": [4, 3, 12, 13], "texture": "#2_0"},
				"up": {"uv": [7, 4, 9, 12], "texture": "#2_0"},
				"down": {"uv": [7, 4, 9, 12], "texture": "#2_0"}
			}
		},
		{
			"from": [6, 4, 4],
			"to": [10, 12, 12],
			"faces": {
				"north": {"uv": [6, 4, 10, 12], "texture": "#2_0"},
				"east": {"uv": [4, 4, 12, 12], "texture": "#2_0"},
				"south": {"uv": [6, 4, 10, 12], "texture": "#2_0"},
				"west": {"uv": [4, 4, 12, 12], "texture": "#2_0"},
				"up": {"uv": [6, 4, 10, 12], "texture": "#2_0"},
				"down": {"uv": [6, 4, 10, 12], "texture": "#2_0"}
			}
		},
		{
			"from": [6, 4, 4],
			"to": [10, 12, 12],
			"faces": {
				"north": {"uv": [0, 0, 4, 8], "texture": "#2_0"},
				"east": {"uv": [0, 0, 8, 8], "rotation": 90, "texture": "#2_0"},
				"south": {"uv": [0, 0, 4, 8], "texture": "#2_0"},
				"west": {"uv": [0, 0, 8, 8], "rotation": 270, "texture": "#2_0"},
				"up": {"uv": [0, 0, 4, 8], "texture": "#2_0"},
				"down": {"uv": [0, 0, 4, 8], "rotation": 180, "texture": "#2_0"}
			}
		},
		{
			"from": [4, 6, 4],
			"to": [12, 10, 12],
			"faces": {
				"north": {"uv": [4, 6, 12, 10], "texture": "#2_0"},
				"east": {"uv": [4, 6, 12, 10], "texture": "#2_0"},
				"south": {"uv": [4, 6, 12, 10], "texture": "#2_0"},
				"west": {"uv": [4, 6, 12, 10], "texture": "#2_0"},
				"up": {"uv": [4, 4, 12, 12], "texture": "#2_0"},
				"down": {"uv": [4, 4, 12, 12], "texture": "#2_0"}
			}
		},
		{
			"from": [4, 4, 6],
			"to": [12, 12, 10],
			"faces": {
				"north": {"uv": [4, 4, 12, 12], "texture": "#2_0"},
				"east": {"uv": [6, 4, 10, 12], "texture": "#2_0"},
				"south": {"uv": [4, 4, 12, 12], "texture": "#2_0"},
				"west": {"uv": [6, 4, 10, 12], "texture": "#2_0"},
				"up": {"uv": [4, 6, 12, 10], "texture": "#2_0"},
				"down": {"uv": [4, 6, 12, 10], "texture": "#2_0"}
			}
		},
		{
			"from": [6, 6, 3],
			"to": [7, 7, 13],
			"faces": {
				"north": {"uv": [9, 9, 10, 10], "texture": "#2_0"},
				"east": {"uv": [0, 0, 10, 1], "texture": "#2_0"},
				"south": {"uv": [6, 9, 7, 10], "texture": "#2_0"},
				"west": {"uv": [0, 0, 10, 1], "texture": "#2_0"},
				"up": {"uv": [0, 0, 1, 10], "texture": "#2_0"},
				"down": {"uv": [0, 0, 1, 10], "texture": "#2_0"}
			}
		},
		{
			"from": [3, 6, 9],
			"to": [13, 7, 10],
			"faces": {
				"north": {"uv": [0, 0, 10, 1], "texture": "#2_0"},
				"east": {"uv": [6, 9, 7, 10], "rotation": 180, "texture": "#2_0"},
				"south": {"uv": [0, 0, 10, 1], "texture": "#2_0"},
				"west": {"uv": [9, 9, 10, 10], "texture": "#2_0"},
				"up": {"uv": [0, 0, 1, 10], "rotation": 270, "texture": "#2_0"},
				"down": {"uv": [0, 0, 1, 10], "rotation": 90, "texture": "#2_0"}
			}
		},
		{
			"from": [9, 3, 9],
			"to": [10, 13, 10],
			"faces": {
				"north": {"uv": [0, 0, 10, 1], "texture": "#2_0"},
				"east": {"uv": [0, 0, 1, 10], "texture": "#2_0"},
				"south": {"uv": [0, 0, 10, 1], "rotation": 270, "texture": "#2_0"},
				"west": {"uv": [0, 0, 1, 10], "rotation": 180, "texture": "#2_0"},
				"up": {"uv": [9, 9, 10, 10], "rotation": 270, "texture": "#2_0"},
				"down": {"uv": [9, 6, 10, 7], "rotation": 270, "texture": "#2_0"}
			}
		},
		{
			"from": [6, 9, 3],
			"to": [7, 10, 13],
			"faces": {
				"north": {"uv": [9, 6, 10, 7], "texture": "#2_0"},
				"east": {"uv": [0, 0, 10, 1], "texture": "#2_0"},
				"south": {"uv": [6, 6, 7, 7], "texture": "#2_0"},
				"west": {"uv": [0, 0, 10, 1], "texture": "#2_0"},
				"up": {"uv": [0, 0, 1, 10], "texture": "#2_0"},
				"down": {"uv": [0, 0, 1, 10], "texture": "#2_0"}
			}
		},
		{
			"from": [3, 9, 9],
			"to": [13, 10, 10],
			"faces": {
				"north": {"uv": [0, 0, 10, 1], "texture": "#2_0"},
				"east": {"uv": [6, 6, 7, 7], "rotation": 180, "texture": "#2_0"},
				"south": {"uv": [0, 0, 10, 1], "texture": "#2_0"},
				"west": {"uv": [9, 6, 10, 7], "texture": "#2_0"},
				"up": {"uv": [0, 0, 1, 10], "rotation": 270, "texture": "#2_0"},
				"down": {"uv": [0, 0, 1, 10], "rotation": 90, "texture": "#2_0"}
			}
		},
		{
			"from": [3, 10, 9],
			"to": [13, 11, 10],
			"faces": {
				"north": {"uv": [0, 0, 10, 1], "texture": "#2_0"},
				"east": {"uv": [6, 5, 7, 6], "texture": "#2_0"},
				"south": {"uv": [3, 5, 13, 6], "texture": "#2_0"},
				"west": {"uv": [9, 5, 10, 6], "texture": "#2_0"},
				"up": {"uv": [3, 9, 13, 10], "texture": "#2_0"},
				"down": {"uv": [0, 0, 1, 10], "rotation": 90, "texture": "#2_0"}
			}
		},
		{
			"from": [9, 10, 3],
			"to": [10, 11, 13],
			"faces": {
				"north": {"uv": [6, 5, 7, 6], "texture": "#2_0"},
				"east": {"uv": [3, 5, 13, 6], "texture": "#2_0"},
				"south": {"uv": [9, 5, 10, 6], "texture": "#2_0"},
				"west": {"uv": [0, 0, 10, 1], "texture": "#2_0"},
				"up": {"uv": [9, 3, 10, 13], "texture": "#2_0"},
				"down": {"uv": [0, 0, 1, 10], "rotation": 180, "texture": "#2_0"}
			}
		},
		{
			"from": [9, 3, 10],
			"to": [10, 13, 11],
			"faces": {
				"north": {"uv": [0, 0, 1, 10], "texture": "#2_0"},
				"east": {"uv": [5, 3, 6, 13], "texture": "#2_0"},
				"south": {"uv": [9, 3, 10, 13], "texture": "#2_0"},
				"west": {"uv": [0, 0, 10, 1], "rotation": 90, "texture": "#2_0"},
				"up": {"uv": [9, 10, 10, 11], "rotation": 180, "texture": "#2_0"},
				"down": {"uv": [9, 5, 10, 6], "texture": "#2_0"}
			}
		},
		{
			"from": [3, 6, 10],
			"to": [13, 7, 11],
			"faces": {
				"north": {"uv": [0, 0, 1, 10], "texture": "#2_0"},
				"east": {"uv": [5, 9, 6, 10], "rotation": 270, "texture": "#2_0"},
				"south": {"uv": [3, 9, 13, 10], "texture": "#2_0"},
				"west": {"uv": [10, 9, 11, 10], "rotation": 90, "texture": "#2_0"},
				"up": {"uv": [0, 0, 10, 1], "rotation": 180, "texture": "#2_0"},
				"down": {"uv": [3, 5, 13, 6], "texture": "#2_0"}
			}
		},
		{
			"from": [10, 6, 3],
			"to": [11, 7, 13],
			"faces": {
				"north": {"uv": [5, 9, 6, 10], "texture": "#2_0"},
				"east": {"uv": [3, 9, 13, 10], "texture": "#2_0"},
				"south": {"uv": [10, 9, 11, 10], "texture": "#2_0"},
				"west": {"uv": [0, 0, 1, 10], "rotation": 270, "texture": "#2_0"},
				"up": {"uv": [0, 0, 10, 1], "rotation": 90, "texture": "#2_0"},
				"down": {"uv": [10, 3, 11, 13], "texture": "#2_0"}
			}
		},
		{
			"from": [10, 3, 6],
			"to": [11, 13, 7],
			"faces": {
				"north": {"uv": [5, 3, 6, 13], "texture": "#2_0"},
				"east": {"uv": [9, 3, 10, 13], "texture": "#2_0"},
				"south": {"uv": [0, 0, 10, 1], "rotation": 90, "texture": "#2_0"},
				"west": {"uv": [0, 0, 1, 10], "texture": "#2_0"},
				"up": {"uv": [10, 6, 11, 7], "rotation": 90, "texture": "#2_0"},
				"down": {"uv": [10, 9, 11, 10], "rotation": 90, "texture": "#2_0"}
			}
		},
		{
			"from": [3, 5, 9],
			"to": [13, 6, 10],
			"faces": {
				"north": {"uv": [0, 0, 10, 1], "texture": "#2_0"},
				"east": {"uv": [6, 10, 7, 11], "texture": "#2_0"},
				"south": {"uv": [3, 10, 13, 11], "texture": "#2_0"},
				"west": {"uv": [9, 10, 10, 11], "texture": "#2_0"},
				"up": {"uv": [0, 0, 1, 10], "rotation": 270, "texture": "#2_0"},
				"down": {"uv": [3, 6, 13, 7], "texture": "#2_0"}
			}
		},
		{
			"from": [9, 5, 3],
			"to": [10, 6, 13],
			"faces": {
				"north": {"uv": [6, 10, 7, 11], "texture": "#2_0"},
				"east": {"uv": [3, 10, 13, 11], "texture": "#2_0"},
				"south": {"uv": [9, 10, 10, 11], "texture": "#2_0"},
				"west": {"uv": [0, 0, 10, 1], "texture": "#2_0"},
				"up": {"uv": [0, 0, 1, 10], "rotation": 180, "texture": "#2_0"},
				"down": {"uv": [9, 3, 10, 13], "texture": "#2_0"}
			}
		},
		{
			"from": [9, 3, 5],
			"to": [10, 13, 6],
			"faces": {
				"north": {"uv": [6, 3, 7, 13], "texture": "#2_0"},
				"east": {"uv": [10, 3, 11, 13], "texture": "#2_0"},
				"south": {"uv": [0, 0, 1, 10], "rotation": 180, "texture": "#2_0"},
				"west": {"uv": [0, 0, 10, 1], "rotation": 90, "texture": "#2_0"},
				"up": {"uv": [9, 5, 10, 6], "rotation": 180, "texture": "#2_0"},
				"down": {"uv": [9, 10, 10, 11], "texture": "#2_0"}
			}
		},
		{
			"from": [3, 6, 5],
			"to": [13, 7, 6],
			"faces": {
				"north": {"uv": [3, 9, 13, 10], "texture": "#2_0"},
				"east": {"uv": [10, 9, 11, 10], "rotation": 270, "texture": "#2_0"},
				"south": {"uv": [0, 0, 1, 10], "rotation": 270, "texture": "#2_0"},
				"west": {"uv": [5, 9, 6, 10], "rotation": 90, "texture": "#2_0"},
				"up": {"uv": [0, 0, 10, 1], "rotation": 180, "texture": "#2_0"},
				"down": {"uv": [3, 10, 13, 11], "texture": "#2_0"}
			}
		},
		{
			"from": [5, 6, 3],
			"to": [6, 7, 13],
			"faces": {
				"north": {"uv": [10, 9, 11, 10], "texture": "#2_0"},
				"east": {"uv": [0, 0, 1, 10], "rotation": 270, "texture": "#2_0"},
				"south": {"uv": [5, 9, 6, 10], "rotation": 90, "texture": "#2_0"},
				"west": {"uv": [3, 9, 13, 10], "texture": "#2_0"},
				"up": {"uv": [0, 0, 10, 1], "rotation": 90, "texture": "#2_0"},
				"down": {"uv": [5, 3, 6, 13], "texture": "#2_0"}
			}
		},
		{
			"from": [5, 3, 6],
			"to": [6, 13, 7],
			"faces": {
				"north": {"uv": [10, 3, 11, 13], "texture": "#2_0"},
				"east": {"uv": [0, 0, 1, 10], "rotation": 180, "texture": "#2_0"},
				"south": {"uv": [0, 0, 10, 1], "rotation": 90, "texture": "#2_0"},
				"west": {"uv": [6, 3, 7, 13], "texture": "#2_0"},
				"up": {"uv": [5, 6, 6, 7], "rotation": 90, "texture": "#2_0"},
				"down": {"uv": [5, 9, 6, 10], "rotation": 90, "texture": "#2_0"}
			}
		},
		{
			"from": [6, 3, 9],
			"to": [7, 13, 10],
			"faces": {
				"north": {"uv": [0, 0, 10, 1], "texture": "#2_0"},
				"east": {"uv": [0, 0, 1, 10], "texture": "#2_0"},
				"south": {"uv": [0, 0, 10, 1], "rotation": 270, "texture": "#2_0"},
				"west": {"uv": [0, 0, 1, 10], "rotation": 180, "texture": "#2_0"},
				"up": {"uv": [6, 9, 7, 10], "rotation": 270, "texture": "#2_0"},
				"down": {"uv": [6, 6, 7, 7], "rotation": 270, "texture": "#2_0"}
			}
		},
		{
			"from": [9, 6, 3],
			"to": [10, 7, 13],
			"faces": {
				"north": {"uv": [6, 9, 7, 10], "texture": "#2_0"},
				"east": {"uv": [0, 0, 10, 1], "texture": "#2_0"},
				"south": {"uv": [9, 8, 10, 9], "texture": "#2_0"},
				"west": {"uv": [0, 0, 10, 1], "texture": "#2_0"},
				"up": {"uv": [0, 0, 1, 10], "texture": "#2_0"},
				"down": {"uv": [0, 0, 1, 10], "texture": "#2_0"}
			}
		},
		{
			"from": [3, 6, 6],
			"to": [13, 7, 7],
			"faces": {
				"north": {"uv": [0, 0, 10, 1], "texture": "#2_0"},
				"east": {"uv": [9, 9, 10, 10], "rotation": 180, "texture": "#2_0"},
				"south": {"uv": [0, 0, 10, 1], "texture": "#2_0"},
				"west": {"uv": [6, 9, 7, 10], "texture": "#2_0"},
				"up": {"uv": [0, 0, 1, 10], "rotation": 270, "texture": "#2_0"},
				"down": {"uv": [0, 0, 1, 10], "rotation": 90, "texture": "#2_0"}
			}
		},
		{
			"from": [9, 3, 6],
			"to": [10, 13, 7],
			"faces": {
				"north": {"uv": [0, 0, 10, 1], "texture": "#2_0"},
				"east": {"uv": [0, 0, 1, 10], "texture": "#2_0"},
				"south": {"uv": [0, 0, 10, 1], "rotation": 270, "texture": "#2_0"},
				"west": {"uv": [0, 0, 1, 10], "rotation": 180, "texture": "#2_0"},
				"up": {"uv": [9, 6, 10, 7], "rotation": 270, "texture": "#2_0"},
				"down": {"uv": [9, 9, 10, 10], "rotation": 270, "texture": "#2_0"}
			}
		},
		{
			"from": [9, 9, 3],
			"to": [10, 10, 13],
			"faces": {
				"north": {"uv": [6, 6, 7, 7], "texture": "#2_0"},
				"east": {"uv": [0, 0, 10, 1], "texture": "#2_0"},
				"south": {"uv": [9, 6, 10, 7], "texture": "#2_0"},
				"west": {"uv": [0, 0, 10, 1], "texture": "#2_0"},
				"up": {"uv": [0, 0, 1, 10], "texture": "#2_0"},
				"down": {"uv": [0, 0, 1, 10], "texture": "#2_0"}
			}
		},
		{
			"from": [3, 9, 6],
			"to": [13, 10, 7],
			"faces": {
				"north": {"uv": [0, 0, 10, 1], "texture": "#2_0"},
				"east": {"uv": [9, 6, 10, 7], "rotation": 180, "texture": "#2_0"},
				"south": {"uv": [0, 0, 10, 1], "texture": "#2_0"},
				"west": {"uv": [6, 6, 7, 7], "texture": "#2_0"},
				"up": {"uv": [0, 0, 1, 10], "rotation": 270, "texture": "#2_0"},
				"down": {"uv": [0, 0, 1, 10], "rotation": 90, "texture": "#2_0"}
			}
		},
		{
			"from": [3, 10, 6],
			"to": [13, 11, 7],
			"faces": {
				"north": {"uv": [3, 5, 13, 6], "texture": "#2_0"},
				"east": {"uv": [9, 5, 10, 6], "texture": "#2_0"},
				"south": {"uv": [0, 0, 10, 1], "texture": "#2_0"},
				"west": {"uv": [6, 5, 7, 6], "texture": "#2_0"},
				"up": {"uv": [3, 6, 13, 7], "texture": "#2_0"},
				"down": {"uv": [0, 0, 1, 10], "rotation": 90, "texture": "#2_0"}
			}
		},
		{
			"from": [6, 10, 3],
			"to": [7, 11, 13],
			"faces": {
				"north": {"uv": [9, 5, 10, 6], "texture": "#2_0"},
				"east": {"uv": [0, 0, 10, 1], "texture": "#2_0"},
				"south": {"uv": [6, 5, 7, 6], "texture": "#2_0"},
				"west": {"uv": [3, 5, 13, 6], "texture": "#2_0"},
				"up": {"uv": [6, 3, 7, 13], "texture": "#2_0"},
				"down": {"uv": [0, 0, 1, 10], "rotation": 180, "texture": "#2_0"}
			}
		},
		{
			"from": [6, 3, 10],
			"to": [7, 13, 11],
			"faces": {
				"north": {"uv": [0, 0, 1, 10], "texture": "#2_0"},
				"east": {"uv": [0, 0, 10, 1], "rotation": 270, "texture": "#2_0"},
				"south": {"uv": [6, 3, 7, 13], "texture": "#2_0"},
				"west": {"uv": [10, 3, 11, 13], "texture": "#2_0"},
				"up": {"uv": [6, 10, 7, 11], "rotation": 180, "texture": "#2_0"},
				"down": {"uv": [6, 5, 7, 6], "texture": "#2_0"}
			}
		},
		{
			"from": [3, 9, 10],
			"to": [13, 10, 11],
			"faces": {
				"north": {"uv": [0, 0, 1, 10], "texture": "#2_0"},
				"east": {"uv": [5, 6, 6, 7], "texture": "#2_0"},
				"south": {"uv": [3, 6, 13, 7], "texture": "#2_0"},
				"west": {"uv": [10, 6, 11, 7], "rotation": 90, "texture": "#2_0"},
				"up": {"uv": [3, 10, 13, 11], "texture": "#2_0"},
				"down": {"uv": [0, 0, 10, 1], "texture": "#2_0"}
			}
		},
		{
			"from": [10, 10, 4],
			"to": [11, 11, 12],
			"faces": {
				"north": {"uv": [5, 5, 6, 6], "texture": "#2_0"},
				"east": {"uv": [4, 5, 12, 6], "texture": "#2_0"},
				"south": {"uv": [10, 5, 11, 6], "rotation": 90, "texture": "#2_0"},
				"west": {"uv": [0, 0, 1, 8], "rotation": 270, "texture": "#2_0"},
				"up": {"uv": [10, 4, 11, 12], "texture": "#2_0"},
				"down": {"uv": [0, 0, 8, 1], "rotation": 90, "texture": "#2_0"}
			}
		},
		{
			"from": [4, 10, 5],
			"to": [12, 11, 6],
			"faces": {
				"north": {"uv": [4, 5, 12, 6], "texture": "#2_0"},
				"east": {"uv": [10, 5, 11, 6], "rotation": 90, "texture": "#2_0"},
				"south": {"uv": [0, 0, 1, 8], "rotation": 270, "texture": "#2_0"},
				"west": {"uv": [5, 5, 6, 6], "rotation": 270, "texture": "#2_0"},
				"up": {"uv": [4, 5, 12, 6], "texture": "#2_0"},
				"down": {"uv": [0, 0, 8, 1], "rotation": 180, "texture": "#2_0"}
			}
		},
		{
			"from": [10, 4, 5],
			"to": [11, 12, 6],
			"faces": {
				"north": {"uv": [5, 4, 6, 12], "texture": "#2_0"},
				"east": {"uv": [10, 4, 11, 12], "texture": "#2_0"},
				"south": {"uv": [0, 0, 1, 8], "texture": "#2_0"},
				"west": {"uv": [0, 0, 8, 1], "rotation": 270, "texture": "#2_0"},
				"up": {"uv": [10, 5, 11, 6], "texture": "#2_0"},
				"down": {"uv": [10, 10, 11, 11], "rotation": 180, "texture": "#2_0"}
			}
		},
		{
			"from": [10, 5, 4],
			"to": [11, 6, 12],
			"faces": {
				"north": {"uv": [5, 10, 6, 11], "texture": "#2_0"},
				"east": {"uv": [4, 10, 12, 11], "texture": "#2_0"},
				"south": {"uv": [10, 10, 11, 11], "texture": "#2_0"},
				"west": {"uv": [0, 0, 1, 8], "rotation": 270, "texture": "#2_0"},
				"up": {"uv": [0, 0, 8, 1], "rotation": 90, "texture": "#2_0"},
				"down": {"uv": [10, 4, 11, 12], "texture": "#2_0"}
			}
		},
		{
			"from": [4, 5, 5],
			"to": [12, 6, 6],
			"faces": {
				"north": {"uv": [4, 10, 12, 11], "texture": "#2_0"},
				"east": {"uv": [10, 10, 11, 11], "rotation": 90, "texture": "#2_0"},
				"south": {"uv": [0, 0, 1, 8], "rotation": 270, "texture": "#2_0"},
				"west": {"uv": [5, 10, 6, 11], "rotation": 270, "texture": "#2_0"},
				"up": {"uv": [0, 0, 8, 1], "texture": "#2_0"},
				"down": {"uv": [4, 10, 12, 11], "texture": "#2_0"}
			}
		},
		{
			"from": [5, 4, 5],
			"to": [6, 12, 6],
			"faces": {
				"north": {"uv": [10, 4, 11, 12], "texture": "#2_0"},
				"east": {"uv": [0, 0, 8, 1], "rotation": 90, "texture": "#2_0"},
				"south": {"uv": [0, 0, 1, 8], "texture": "#2_0"},
				"west": {"uv": [5, 4, 6, 12], "texture": "#2_0"},
				"up": {"uv": [5, 5, 6, 6], "texture": "#2_0"},
				"down": {"uv": [5, 10, 6, 11], "rotation": 180, "texture": "#2_0"}
			}
		},
		{
			"from": [10, 9, 3],
			"to": [11, 10, 13],
			"faces": {
				"north": {"uv": [5, 6, 6, 7], "texture": "#2_0"},
				"east": {"uv": [3, 6, 13, 7], "texture": "#2_0"},
				"south": {"uv": [10, 6, 11, 7], "rotation": 90, "texture": "#2_0"},
				"west": {"uv": [0, 0, 1, 10], "rotation": 270, "texture": "#2_0"},
				"up": {"uv": [10, 3, 11, 13], "texture": "#2_0"},
				"down": {"uv": [0, 0, 10, 1], "rotation": 90, "texture": "#2_0"}
			}
		},
		{
			"from": [10, 3, 9],
			"to": [11, 13, 10],
			"faces": {
				"north": {"uv": [0, 0, 10, 1], "texture": "#2_0"},
				"east": {"uv": [6, 3, 7, 13], "texture": "#2_0"},
				"south": {"uv": [10, 3, 11, 13], "texture": "#2_0"},
				"west": {"uv": [0, 0, 1, 10], "texture": "#2_0"},
				"up": {"uv": [10, 9, 11, 10], "rotation": 90, "texture": "#2_0"},
				"down": {"uv": [10, 6, 11, 7], "rotation": 90, "texture": "#2_0"}
			}
		},
		{
			"from": [3, 5, 6],
			"to": [13, 6, 7],
			"faces": {
				"north": {"uv": [3, 10, 13, 11], "texture": "#2_0"},
				"east": {"uv": [9, 10, 10, 11], "texture": "#2_0"},
				"south": {"uv": [0, 0, 10, 1], "texture": "#2_0"},
				"west": {"uv": [6, 10, 7, 11], "texture": "#2_0"},
				"up": {"uv": [0, 0, 1, 10], "rotation": 270, "texture": "#2_0"},
				"down": {"uv": [3, 9, 13, 10], "texture": "#2_0"}
			}
		},
		{
			"from": [6, 5, 3],
			"to": [7, 6, 13],
			"faces": {
				"north": {"uv": [9, 10, 10, 11], "texture": "#2_0"},
				"east": {"uv": [0, 0, 10, 1], "texture": "#2_0"},
				"south": {"uv": [6, 10, 7, 11], "texture": "#2_0"},
				"west": {"uv": [3, 10, 13, 11], "texture": "#2_0"},
				"up": {"uv": [0, 0, 1, 10], "rotation": 180, "texture": "#2_0"},
				"down": {"uv": [6, 3, 7, 13], "texture": "#2_0"}
			}
		},
		{
			"from": [6, 3, 5],
			"to": [7, 13, 6],
			"faces": {
				"north": {"uv": [9, 3, 10, 13], "texture": "#2_0"},
				"east": {"uv": [0, 0, 10, 1], "rotation": 270, "texture": "#2_0"},
				"south": {"uv": [0, 0, 1, 10], "rotation": 180, "texture": "#2_0"},
				"west": {"uv": [5, 3, 6, 13], "texture": "#2_0"},
				"up": {"uv": [6, 5, 7, 6], "rotation": 180, "texture": "#2_0"},
				"down": {"uv": [6, 10, 7, 11], "texture": "#2_0"}
			}
		},
		{
			"from": [3, 9, 5],
			"to": [13, 10, 6],
			"faces": {
				"north": {"uv": [3, 6, 13, 7], "texture": "#2_0"},
				"east": {"uv": [10, 6, 11, 7], "rotation": 270, "texture": "#2_0"},
				"south": {"uv": [0, 0, 1, 10], "rotation": 270, "texture": "#2_0"},
				"west": {"uv": [5, 6, 6, 7], "rotation": 90, "texture": "#2_0"},
				"up": {"uv": [3, 5, 13, 6], "texture": "#2_0"},
				"down": {"uv": [0, 0, 10, 1], "texture": "#2_0"}
			}
		},
		{
			"from": [5, 10, 4],
			"to": [6, 11, 12],
			"faces": {
				"north": {"uv": [10, 5, 11, 6], "texture": "#2_0"},
				"east": {"uv": [0, 0, 1, 8], "rotation": 270, "texture": "#2_0"},
				"south": {"uv": [5, 5, 6, 6], "rotation": 90, "texture": "#2_0"},
				"west": {"uv": [4, 5, 12, 6], "texture": "#2_0"},
				"up": {"uv": [5, 4, 6, 12], "texture": "#2_0"},
				"down": {"uv": [0, 0, 8, 1], "rotation": 90, "texture": "#2_0"}
			}
		},
		{
			"from": [4, 10, 10],
			"to": [12, 11, 11],
			"faces": {
				"north": {"uv": [0, 0, 1, 8], "texture": "#2_0"},
				"east": {"uv": [5, 5, 6, 6], "rotation": 90, "texture": "#2_0"},
				"south": {"uv": [4, 5, 12, 6], "texture": "#2_0"},
				"west": {"uv": [10, 5, 11, 6], "rotation": 270, "texture": "#2_0"},
				"up": {"uv": [4, 10, 12, 11], "texture": "#2_0"},
				"down": {"uv": [0, 0, 8, 1], "rotation": 180, "texture": "#2_0"}
			}
		},
		{
			"from": [10, 4, 10],
			"to": [11, 12, 11],
			"faces": {
				"north": {"uv": [0, 0, 1, 8], "texture": "#2_0"},
				"east": {"uv": [5, 4, 6, 12], "texture": "#2_0"},
				"south": {"uv": [10, 4, 11, 12], "texture": "#2_0"},
				"west": {"uv": [0, 0, 8, 1], "rotation": 270, "texture": "#2_0"},
				"up": {"uv": [10, 10, 11, 11], "texture": "#2_0"},
				"down": {"uv": [10, 5, 11, 6], "texture": "#2_0"}
			}
		},
		{
			"from": [5, 5, 4],
			"to": [6, 6, 12],
			"faces": {
				"north": {"uv": [10, 10, 11, 11], "texture": "#2_0"},
				"east": {"uv": [0, 0, 1, 8], "rotation": 270, "texture": "#2_0"},
				"south": {"uv": [5, 10, 6, 11], "texture": "#2_0"},
				"west": {"uv": [4, 10, 12, 11], "texture": "#2_0"},
				"up": {"uv": [0, 0, 8, 1], "rotation": 90, "texture": "#2_0"},
				"down": {"uv": [5, 4, 6, 12], "texture": "#2_0"}
			}
		},
		{
			"from": [4, 5, 10],
			"to": [12, 6, 11],
			"faces": {
				"north": {"uv": [0, 0, 1, 8], "texture": "#2_0"},
				"east": {"uv": [5, 10, 6, 11], "rotation": 90, "texture": "#2_0"},
				"south": {"uv": [4, 10, 12, 11], "texture": "#2_0"},
				"west": {"uv": [10, 10, 11, 11], "rotation": 270, "texture": "#2_0"},
				"up": {"uv": [0, 0, 8, 1], "texture": "#2_0"},
				"down": {"uv": [4, 5, 12, 6], "texture": "#2_0"}
			}
		},
		{
			"from": [5, 4, 10],
			"to": [6, 12, 11],
			"faces": {
				"north": {"uv": [0, 0, 1, 8], "texture": "#2_0"},
				"east": {"uv": [0, 0, 8, 1], "rotation": 90, "texture": "#2_0"},
				"south": {"uv": [5, 4, 6, 12], "texture": "#2_0"},
				"west": {"uv": [10, 4, 11, 12], "texture": "#2_0"},
				"up": {"uv": [5, 11, 6, 12], "texture": "#2_0"},
				"down": {"uv": [5, 5, 6, 6], "rotation": 180, "texture": "#2_0"}
			}
		},
		{
			"from": [5, 9, 3],
			"to": [6, 10, 13],
			"faces": {
				"north": {"uv": [10, 6, 11, 7], "texture": "#2_0"},
				"east": {"uv": [0, 0, 1, 10], "rotation": 270, "texture": "#2_0"},
				"south": {"uv": [5, 6, 6, 7], "rotation": 90, "texture": "#2_0"},
				"west": {"uv": [3, 6, 13, 7], "texture": "#2_0"},
				"up": {"uv": [5, 3, 6, 13], "texture": "#2_0"},
				"down": {"uv": [0, 0, 10, 1], "rotation": 90, "texture": "#2_0"}
			}
		},
		{
			"from": [5, 3, 9],
			"to": [6, 13, 10],
			"faces": {
				"north": {"uv": [0, 0, 10, 1], "texture": "#2_0"},
				"east": {"uv": [0, 0, 1, 10], "rotation": 180, "texture": "#2_0"},
				"south": {"uv": [5, 3, 6, 13], "texture": "#2_0"},
				"west": {"uv": [9, 3, 10, 13], "texture": "#2_0"},
				"up": {"uv": [5, 9, 6, 10], "rotation": 90, "texture": "#2_0"},
				"down": {"uv": [5, 6, 6, 7], "rotation": 90, "texture": "#2_0"}
			}
		},
		{
			"from": [6, 3, 6],
			"to": [7, 13, 7],
			"faces": {
				"north": {"uv": [0, 0, 10, 1], "texture": "#2_0"},
				"east": {"uv": [0, 0, 1, 10], "texture": "#2_0"},
				"south": {"uv": [0, 0, 10, 1], "rotation": 270, "texture": "#2_0"},
				"west": {"uv": [0, 0, 1, 10], "rotation": 180, "texture": "#2_0"},
				"up": {"uv": [6, 6, 7, 7], "rotation": 270, "texture": "#2_0"},
				"down": {"uv": [6, 9, 7, 10], "rotation": 270, "texture": "#2_0"}
			}
		},
		{
			"from": [4, 3, 7],
			"to": [12, 13, 9],
			"faces": {
				"north": {"uv": [4, 3, 12, 13], "texture": "#2_0"},
				"east": {"uv": [7, 3, 9, 13], "texture": "#2_0"},
				"south": {"uv": [4, 3, 12, 13], "texture": "#2_0"},
				"west": {"uv": [7, 3, 9, 13], "texture": "#2_0"},
				"up": {"uv": [4, 7, 12, 9], "texture": "#2_0"},
				"down": {"uv": [4, 7, 12, 9], "texture": "#2_0"}
			}
		},
		{
			"from": [4, 7, 3],
			"to": [12, 9, 13],
			"faces": {
				"north": {"uv": [4, 7, 12, 9], "texture": "#2_0"},
				"east": {"uv": [3, 7, 13, 9], "texture": "#2_0"},
				"south": {"uv": [4, 7, 12, 9], "texture": "#2_0"},
				"west": {"uv": [3, 7, 13, 9], "texture": "#2_0"},
				"up": {"uv": [4, 3, 12, 13], "texture": "#2_0"},
				"down": {"uv": [4, 3, 12, 13], "texture": "#2_0"}
			}
		},
		{
			"from": [7, 4, 3],
			"to": [9, 12, 13],
			"faces": {
				"north": {"uv": [7, 4, 9, 12], "texture": "#2_0"},
				"east": {"uv": [3, 4, 13, 12], "texture": "#2_0"},
				"south": {"uv": [7, 4, 9, 12], "texture": "#2_0"},
				"west": {"uv": [3, 4, 13, 12], "texture": "#2_0"},
				"up": {"uv": [7, 3, 9, 13], "texture": "#2_0"},
				"down": {"uv": [7, 3, 9, 13], "texture": "#2_0"}
			}
		},
		{
			"from": [3, 4, 7],
			"to": [13, 12, 9],
			"faces": {
				"north": {"uv": [3, 4, 13, 12], "texture": "#2_0"},
				"east": {"uv": [7, 4, 9, 12], "texture": "#2_0"},
				"south": {"uv": [3, 4, 13, 12], "texture": "#2_0"},
				"west": {"uv": [7, 4, 9, 12], "texture": "#2_0"},
				"up": {"uv": [3, 7, 13, 9], "texture": "#2_0"},
				"down": {"uv": [3, 7, 13, 9], "texture": "#2_0"}
			}
		},
		{
			"from": [3, 7, 4],
			"to": [13, 9, 12],
			"faces": {
				"north": {"uv": [3, 7, 13, 9], "texture": "#2_0"},
				"east": {"uv": [4, 7, 12, 9], "texture": "#2_0"},
				"south": {"uv": [3, 7, 13, 9], "texture": "#2_0"},
				"west": {"uv": [4, 7, 12, 9], "texture": "#2_0"},
				"up": {"uv": [3, 4, 13, 12], "texture": "#2_0"},
				"down": {"uv": [3, 4, 13, 12], "texture": "#2_0"}
			}
		},
		{
			"from": [2, 6, 7],
			"to": [14, 10, 9],
			"faces": {
				"north": {"uv": [2, 6, 14, 10], "texture": "#2_0"},
				"east": {"uv": [7, 6, 9, 10], "texture": "#2_0"},
				"south": {"uv": [2, 6, 14, 10], "texture": "#2_0"},
				"west": {"uv": [7, 6, 9, 10], "texture": "#2_0"},
				"up": {"uv": [2, 7, 14, 9], "texture": "#2_0"},
				"down": {"uv": [2, 7, 14, 9], "texture": "#2_0"}
			}
		},
		{
			"from": [7, 6, 2],
			"to": [9, 10, 14],
			"faces": {
				"north": {"uv": [7, 6, 9, 10], "texture": "#2_0"},
				"east": {"uv": [2, 6, 14, 10], "texture": "#2_0"},
				"south": {"uv": [7, 6, 9, 10], "texture": "#2_0"},
				"west": {"uv": [2, 6, 14, 10], "texture": "#2_0"},
				"up": {"uv": [7, 2, 9, 14], "texture": "#2_0"},
				"down": {"uv": [7, 2, 9, 14], "texture": "#2_0"}
			}
		},
		{
			"from": [9, 14, 3],
			"to": [13, 15, 13],
			"faces": {
				"north": {"uv": [0, 0, 4, 1], "texture": "#4"},
				"east": {"uv": [0, 0, 10, 1], "texture": "#4"},
				"south": {"uv": [0, 0, 4, 1], "texture": "#4"},
				"west": {"uv": [0, 0, 10, 1], "texture": "#4"},
				"up": {"uv": [6, 0, 10, 10], "texture": "#4"},
				"down": {"uv": [6, 0, 10, 10], "texture": "#4"}
			}
		},
		{
			"from": [9, 1, 3],
			"to": [13, 2, 13],
			"faces": {
				"north": {"uv": [0, 0, 4, 1], "texture": "#4"},
				"east": {"uv": [0, 0, 10, 1], "texture": "#4"},
				"south": {"uv": [0, 0, 4, 1], "texture": "#4"},
				"west": {"uv": [0, 0, 10, 1], "texture": "#4"},
				"up": {"uv": [6, 0, 10, 10], "texture": "#4"},
				"down": {"uv": [6, 0, 10, 10], "texture": "#4"}
			}
		},
		{
			"from": [3, 14, 3],
			"to": [7, 15, 13],
			"faces": {
				"north": {"uv": [0, 0, 4, 1], "texture": "#4"},
				"east": {"uv": [0, 0, 10, 1], "texture": "#4"},
				"south": {"uv": [0, 0, 4, 1], "texture": "#4"},
				"west": {"uv": [0, 0, 10, 1], "texture": "#4"},
				"up": {"uv": [0, 0, 4, 10], "texture": "#4"},
				"down": {"uv": [0, 0, 4, 10], "texture": "#4"}
			}
		},
		{
			"from": [3, 1, 3],
			"to": [7, 2, 13],
			"faces": {
				"north": {"uv": [0, 0, 4, 1], "texture": "#4"},
				"east": {"uv": [0, 0, 10, 1], "texture": "#4"},
				"south": {"uv": [0, 0, 4, 1], "texture": "#4"},
				"west": {"uv": [0, 0, 10, 1], "texture": "#4"},
				"up": {"uv": [0, 0, 4, 10], "texture": "#4"},
				"down": {"uv": [0, 0, 4, 10], "texture": "#4"}
			}
		},
		{
			"from": [7, 14, 9],
			"to": [9, 15, 13],
			"faces": {
				"north": {"uv": [0, 0, 2, 1], "texture": "#4"},
				"east": {"uv": [0, 0, 4, 1], "texture": "#4"},
				"south": {"uv": [0, 0, 2, 1], "texture": "#4"},
				"west": {"uv": [0, 0, 4, 1], "texture": "#4"},
				"up": {"uv": [4, 6, 6, 10], "texture": "#4"},
				"down": {"uv": [4, 6, 6, 10], "texture": "#4"}
			}
		},
		{
			"from": [7, 1, 9],
			"to": [9, 2, 13],
			"faces": {
				"north": {"uv": [0, 0, 2, 1], "texture": "#4"},
				"east": {"uv": [0, 0, 4, 1], "texture": "#4"},
				"south": {"uv": [0, 0, 2, 1], "texture": "#4"},
				"west": {"uv": [0, 0, 4, 1], "texture": "#4"},
				"up": {"uv": [4, 6, 6, 10], "texture": "#4"},
				"down": {"uv": [4, 6, 6, 10], "texture": "#4"}
			}
		},
		{
			"from": [7, 14, 3],
			"to": [9, 15, 7],
			"faces": {
				"north": {"uv": [0, 0, 2, 1], "texture": "#4"},
				"east": {"uv": [0, 0, 4, 1], "texture": "#4"},
				"south": {"uv": [0, 0, 2, 1], "texture": "#4"},
				"west": {"uv": [0, 0, 4, 1], "texture": "#4"},
				"up": {"uv": [4, 0, 6, 4], "texture": "#4"},
				"down": {"uv": [4, 0, 6, 4], "texture": "#4"}
			}
		},
		{
			"from": [7, 1, 3],
			"to": [9, 2, 7],
			"faces": {
				"north": {"uv": [0, 0, 2, 1], "texture": "#4"},
				"east": {"uv": [0, 0, 4, 1], "texture": "#4"},
				"south": {"uv": [0, 0, 2, 1], "texture": "#4"},
				"west": {"uv": [0, 0, 4, 1], "texture": "#4"},
				"up": {"uv": [4, 0, 6, 4], "texture": "#4"},
				"down": {"uv": [4, 0, 6, 4], "texture": "#4"}
			}
		},
		{
			"from": [7, 14, 7],
			"to": [9, 16, 9],
			"faces": {
				"north": {"uv": [0, 0, 2, 2], "texture": "#0"},
				"east": {"uv": [0, 0, 2, 2], "texture": "#0"},
				"south": {"uv": [0, 0, 2, 2], "texture": "#0"},
				"west": {"uv": [0, 0, 2, 2], "texture": "#0"},
				"up": {"uv": [0, 0, 2, 2], "texture": "#0"},
				"down": {"uv": [0, 0, 2, 2], "texture": "#0"}
			}
		}
	],
	"display": {
		"thirdperson_righthand": {
			"scale": [0.5, 0.5, 0.5]
		},
		"thirdperson_lefthand": {
			"scale": [0.5, 0.5, 0.5]
		},
		"firstperson_righthand": {
			"scale": [0.5, 0.5, 0.5]
		},
		"firstperson_lefthand": {
			"scale": [0.5, 0.5, 0.5]
		},
		"ground": {
			"translation": [0, 5.5, 0],
			"scale": [0.5, 0.5, 0.5]
		},
		"gui": {
			"rotation": [45, 45, 0],
			"translation": [0.25, 0.25, 0],
			"scale": [0.55, 0.55, 0.55]
		},
		"fixed": {
			"scale": [0.7, 0.7, 0.7]
		}
	},
	"groups": [
		{
			"name": "group",
			"origin": [8, 8, 8],
			"children": [0, 1, 2, 3]
		},
		{
			"name": "artron_converter",
			"origin": [8, 8, 8],
			"children": [
				{
					"name": "group",
					"origin": [8, 8, 8],
					"children": [4, 5, 6, 7, 8, 9, 10, 11, 12, 13, 14, 15, 16, 17, 18, 19, 20, 21, 22, 23, 24, 25, 26, 27, 28, 29, 30, 31, 32, 33, 34, 35, 36, 37, 38, 39, 40, 41, 42, 43, 44, 45, 46, 47, 48, 49, 50, 51, 52, 53, 54, 55, 56, 57, 58, 59, 60, 61, 62, 63, 64, 65, 66, 67, 68, 69, 70]
				}
			]
		}, 71, 72, 73, 74, 75, 76, 77, 78, 79]
}