{
	"credit": "Made with Blockbench",
	"textures": {
		"0": "custom/stone",
		"1": "custom/yellow_terracotta",
		"2": "custom/tardis_cons2r",
		"3": "custom/tardis_cons2r1",
		"4": "custom/orange_stained_glass",
		"particle": "custom/stone"
	},
	"elements": [
		{
			"from": [14.9, -0.1, 1.1],
			"to": [31.1, 16.1, 17.1],
			"faces": {
				"north": {"uv": [0, 0, 16, 16], "texture": "#0"},
				"east": {"uv": [0, 0, 16, 16], "texture": "#0"},
				"south": {"uv": [0, 0, 16, 16], "texture": "#0"},
				"west": {"uv": [0, 0, 16, 16], "texture": "#0"},
				"up": {"uv": [0, 0, 16, 16], "texture": "#0"},
				"down": {"uv": [0, 0, 16, 16], "texture": "#0"}
			}
		},
		{
			"from": [-1.1, -0.1, -15.1],
			"to": [14.9, 16.1, 1.1],
			"faces": {
				"north": {"uv": [0, 0, 16, 16], "texture": "#0"},
				"east": {"uv": [0, 0, 16, 16], "texture": "#0"},
				"south": {"uv": [0, 0, 16, 16], "texture": "#0"},
				"west": {"uv": [0, 0, 16, 16], "texture": "#0"},
				"up": {"uv": [0, 0, 16, 16], "rotation": 90, "texture": "#0"},
				"down": {"uv": [0, 0, 16, 16], "rotation": 270, "texture": "#0"}
			}
		},
		{
			"from": [14.9, -0.1, 1.1],
			"to": [31.1, 16.1, 17.1],
			"faces": {
				"north": {"uv": [0, 0, 16, 16], "texture": "#0"},
				"east": {"uv": [0, 0, 16, 16], "texture": "#0"},
				"south": {"uv": [0, 0, 16, 16], "texture": "#0"},
				"west": {"uv": [0, 0, 16, 16], "texture": "#0"},
				"up": {"uv": [0, 0, 16, 16], "texture": "#0"},
				"down": {"uv": [0, 0, 16, 16], "texture": "#0"}
			}
		},
		{
			"from": [-1.1, -0.1, -15.1],
			"to": [14.9, 16.1, 1.1],
			"faces": {
				"north": {"uv": [0, 0, 16, 16], "texture": "#0"},
				"east": {"uv": [0, 0, 16, 16], "texture": "#0"},
				"south": {"uv": [0, 0, 16, 16], "texture": "#0"},
				"west": {"uv": [0, 0, 16, 16], "texture": "#0"},
				"up": {"uv": [0, 0, 16, 16], "rotation": 90, "texture": "#0"},
				"down": {"uv": [0, 0, 16, 16], "rotation": 270, "texture": "#0"}
			}
		},
		{
			"from": [14.9, -0.1, 1.1],
			"to": [31.1, 16.1, 17.1],
			"faces": {
				"north": {"uv": [0, 0, 16, 16], "texture": "#0"},
				"east": {"uv": [0, 0, 16, 16], "texture": "#0"},
				"south": {"uv": [0, 0, 16, 16], "texture": "#0"},
				"west": {"uv": [0, 0, 16, 16], "texture": "#0"},
				"up": {"uv": [0, 0, 16, 16], "texture": "#0"},
				"down": {"uv": [0, 0, 16, 16], "texture": "#0"}
			}
		},
		{
			"from": [-1.1, -0.1, -15.1],
			"to": [14.9, 16.1, 1.1],
			"faces": {
				"north": {"uv": [0, 0, 16, 16], "texture": "#0"},
				"east": {"uv": [0, 0, 16, 16], "texture": "#0"},
				"south": {"uv": [0, 0, 16, 16], "texture": "#0"},
				"west": {"uv": [0, 0, 16, 16], "texture": "#0"},
				"up": {"uv": [0, 0, 16, 16], "rotation": 90, "texture": "#0"},
				"down": {"uv": [0, 0, 16, 16], "rotation": 270, "texture": "#0"}
			}
		},
		{
			"from": [22, 7, 0],
			"to": [24, 9, 1],
			"faces": {
				"north": {"uv": [0, 0, 16, 16], "texture": "#4"},
				"east": {"uv": [0, 0, 1, 2], "texture": "#4"},
				"south": {"uv": [0, 0, 2, 2], "texture": "#4"},
				"west": {"uv": [0, 0, 1, 2], "texture": "#4"},
				"up": {"uv": [0, 0, 2, 1], "texture": "#4"},
				"down": {"uv": [0, 0, 2, 1], "texture": "#4"}
			}
		},
		{
			"from": [15, 7, -8],
			"to": [16, 9, -6],
			"faces": {
				"north": {"uv": [0, 0, 1, 2], "texture": "#4"},
				"east": {"uv": [0, 0, 16, 16], "texture": "#4"},
				"south": {"uv": [0, 0, 1, 2], "texture": "#4"},
				"west": {"uv": [0, 0, 2, 2], "texture": "#4"},
				"up": {"uv": [0, 0, 2, 1], "rotation": 90, "texture": "#4"},
				"down": {"uv": [0, 0, 2, 1], "rotation": 270, "texture": "#4"}
			}
		},
		{
			"from": [22, 7, 0],
			"to": [24, 9, 1],
			"faces": {
				"north": {"uv": [0, 0, 16, 16], "texture": "#4"},
				"east": {"uv": [0, 0, 1, 2], "texture": "#4"},
				"south": {"uv": [0, 0, 2, 2], "texture": "#4"},
				"west": {"uv": [0, 0, 1, 2], "texture": "#4"},
				"up": {"uv": [0, 0, 2, 1], "texture": "#4"},
				"down": {"uv": [0, 0, 2, 1], "texture": "#4"}
			}
		},
		{
			"from": [15, 7, -8],
			"to": [16, 9, -6],
			"faces": {
				"north": {"uv": [0, 0, 1, 2], "texture": "#4"},
				"east": {"uv": [0, 0, 16, 16], "texture": "#4"},
				"south": {"uv": [0, 0, 1, 2], "texture": "#4"},
				"west": {"uv": [0, 0, 2, 2], "texture": "#4"},
				"up": {"uv": [0, 0, 2, 1], "rotation": 90, "texture": "#4"},
				"down": {"uv": [0, 0, 2, 1], "rotation": 270, "texture": "#4"}
			}
		},
		{
			"from": [24, 4.1, 0.6],
			"to": [26.9, 11.9, 1],
			"faces": {
				"north": {"uv": [4, 5, 11.8, 12.8], "texture": "#2"},
				"east": {"uv": [0, 0, 0.4, 7.8], "texture": "#2"},
				"south": {"uv": [0, 0, 7.8, 7.8], "texture": "#2"},
				"west": {"uv": [0, 0, 0.4, 7.8], "texture": "#2"},
				"up": {"uv": [0, 0, 7.8, 0.4], "texture": "#2"},
				"down": {"uv": [0, 0, 7.8, 0.4], "texture": "#2"}
			}
		},
		{
			"from": [15, 4.1, -6],
			"to": [15.4, 11.9, -3.1],
			"faces": {
				"north": {"uv": [0, 0, 0.4, 7.8], "texture": "#2"},
				"east": {"uv": [4, 5, 11.8, 12.8], "texture": "#2"},
				"south": {"uv": [0, 0, 0.4, 7.8], "texture": "#2"},
				"west": {"uv": [0, 0, 7.8, 7.8], "texture": "#2"},
				"up": {"uv": [0, 0, 7.8, 0.4], "rotation": 90, "texture": "#2"},
				"down": {"uv": [0, 0, 7.8, 0.4], "rotation": 270, "texture": "#2"}
			}
		},
		{
			"from": [24, 4.1, 0.6],
			"to": [26.9, 11.9, 1],
			"faces": {
				"north": {"uv": [4, 5, 11.8, 12.8], "texture": "#2"},
				"east": {"uv": [0, 0, 0.4, 7.8], "texture": "#2"},
				"south": {"uv": [0, 0, 7.8, 7.8], "texture": "#2"},
				"west": {"uv": [0, 0, 0.4, 7.8], "texture": "#2"},
				"up": {"uv": [0, 0, 7.8, 0.4], "texture": "#2"},
				"down": {"uv": [0, 0, 7.8, 0.4], "texture": "#2"}
			}
		},
		{
			"from": [15, 4.1, -6],
			"to": [15.4, 11.9, -3.1],
			"faces": {
				"north": {"uv": [0, 0, 0.4, 7.8], "texture": "#2"},
				"east": {"uv": [4, 5, 11.8, 12.8], "texture": "#2"},
				"south": {"uv": [0, 0, 0.4, 7.8], "texture": "#2"},
				"west": {"uv": [0, 0, 7.8, 7.8], "texture": "#2"},
				"up": {"uv": [0, 0, 7.8, 0.4], "rotation": 90, "texture": "#2"},
				"down": {"uv": [0, 0, 7.8, 0.4], "rotation": 270, "texture": "#2"}
			}
		},
		{
			"from": [19.1, 4.1, 0.6],
			"to": [22, 11.9, 1],
			"faces": {
				"north": {"uv": [4, 5, 11.8, 12.8], "texture": "#2"},
				"east": {"uv": [0, 0, 0.4, 7.8], "texture": "#2"},
				"south": {"uv": [0, 0, 7.8, 7.8], "texture": "#2"},
				"west": {"uv": [0, 0, 0.4, 7.8], "texture": "#2"},
				"up": {"uv": [0, 0, 7.8, 0.4], "texture": "#2"},
				"down": {"uv": [0, 0, 7.8, 0.4], "texture": "#2"}
			}
		},
		{
			"from": [15, 4.1, -10.9],
			"to": [15.4, 11.9, -8],
			"faces": {
				"north": {"uv": [0, 0, 0.4, 7.8], "texture": "#2"},
				"east": {"uv": [4, 5, 11.8, 12.8], "texture": "#2"},
				"south": {"uv": [0, 0, 0.4, 7.8], "texture": "#2"},
				"west": {"uv": [0, 0, 7.8, 7.8], "texture": "#2"},
				"up": {"uv": [0, 0, 7.8, 0.4], "rotation": 90, "texture": "#2"},
				"down": {"uv": [0, 0, 7.8, 0.4], "rotation": 270, "texture": "#2"}
			}
		},
		{
			"from": [19.1, 4.1, 0.6],
			"to": [22, 11.9, 1],
			"faces": {
				"north": {"uv": [4, 5, 11.8, 12.8], "texture": "#2"},
				"east": {"uv": [0, 0, 0.4, 7.8], "texture": "#2"},
				"south": {"uv": [0, 0, 7.8, 7.8], "texture": "#2"},
				"west": {"uv": [0, 0, 0.4, 7.8], "texture": "#2"},
				"up": {"uv": [0, 0, 7.8, 0.4], "texture": "#2"},
				"down": {"uv": [0, 0, 7.8, 0.4], "texture": "#2"}
			}
		},
		{
			"from": [15, 4.1, -10.9],
			"to": [15.4, 11.9, -8],
			"faces": {
				"north": {"uv": [0, 0, 0.4, 7.8], "texture": "#2"},
				"east": {"uv": [4, 5, 11.8, 12.8], "texture": "#2"},
				"south": {"uv": [0, 0, 0.4, 7.8], "texture": "#2"},
				"west": {"uv": [0, 0, 7.8, 7.8], "texture": "#2"},
				"up": {"uv": [0, 0, 7.8, 0.4], "rotation": 90, "texture": "#2"},
				"down": {"uv": [0, 0, 7.8, 0.4], "rotation": 270, "texture": "#2"}
			}
		},
		{
			"from": [22, 9, 0.6],
			"to": [24.1, 11.9, 1],
			"faces": {
				"north": {"uv": [4, 5, 11.8, 12.8], "texture": "#2"},
				"east": {"uv": [0, 0, 0.4, 7.8], "texture": "#2"},
				"south": {"uv": [0, 0, 7.8, 7.8], "texture": "#2"},
				"west": {"uv": [0, 0, 0.4, 7.8], "texture": "#2"},
				"up": {"uv": [0, 0, 7.8, 0.4], "texture": "#2"},
				"down": {"uv": [0, 0, 7.8, 0.4], "texture": "#2"}
			}
		},
		{
			"from": [15, 9, -8],
			"to": [15.4, 11.9, -5.9],
			"faces": {
				"north": {"uv": [0, 0, 0.4, 7.8], "texture": "#2"},
				"east": {"uv": [4, 5, 11.8, 12.8], "texture": "#2"},
				"south": {"uv": [0, 0, 0.4, 7.8], "texture": "#2"},
				"west": {"uv": [0, 0, 7.8, 7.8], "texture": "#2"},
				"up": {"uv": [0, 0, 7.8, 0.4], "rotation": 90, "texture": "#2"},
				"down": {"uv": [0, 0, 7.8, 0.4], "rotation": 270, "texture": "#2"}
			}
		},
		{
			"from": [22, 9, 0.6],
			"to": [24.1, 11.9, 1],
			"faces": {
				"north": {"uv": [4, 5, 11.8, 12.8], "texture": "#2"},
				"east": {"uv": [0, 0, 0.4, 7.8], "texture": "#2"},
				"south": {"uv": [0, 0, 7.8, 7.8], "texture": "#2"},
				"west": {"uv": [0, 0, 0.4, 7.8], "texture": "#2"},
				"up": {"uv": [0, 0, 7.8, 0.4], "texture": "#2"},
				"down": {"uv": [0, 0, 7.8, 0.4], "texture": "#2"}
			}
		},
		{
			"from": [15, 9, -8],
			"to": [15.4, 11.9, -5.9],
			"faces": {
				"north": {"uv": [0, 0, 0.4, 7.8], "texture": "#2"},
				"east": {"uv": [4, 5, 11.8, 12.8], "texture": "#2"},
				"south": {"uv": [0, 0, 0.4, 7.8], "texture": "#2"},
				"west": {"uv": [0, 0, 7.8, 7.8], "texture": "#2"},
				"up": {"uv": [0, 0, 7.8, 0.4], "rotation": 90, "texture": "#2"},
				"down": {"uv": [0, 0, 7.8, 0.4], "rotation": 270, "texture": "#2"}
			}
		},
		{
			"from": [22, 4, 0.6],
			"to": [24.1, 7, 1],
			"faces": {
				"north": {"uv": [4, 5, 11.8, 12.8], "texture": "#2"},
				"east": {"uv": [0, 0, 0.4, 7.8], "texture": "#2"},
				"south": {"uv": [0, 0, 7.8, 7.8], "texture": "#2"},
				"west": {"uv": [0, 0, 0.4, 7.8], "texture": "#2"},
				"up": {"uv": [0, 0, 7.8, 0.4], "texture": "#2"},
				"down": {"uv": [0, 0, 7.8, 0.4], "texture": "#2"}
			}
		},
		{
			"from": [15, 4, -8],
			"to": [15.4, 7, -5.9],
			"faces": {
				"north": {"uv": [0, 0, 0.4, 7.8], "texture": "#2"},
				"east": {"uv": [4, 5, 11.8, 12.8], "texture": "#2"},
				"south": {"uv": [0, 0, 0.4, 7.8], "texture": "#2"},
				"west": {"uv": [0, 0, 7.8, 7.8], "texture": "#2"},
				"up": {"uv": [0, 0, 7.8, 0.4], "rotation": 90, "texture": "#2"},
				"down": {"uv": [0, 0, 7.8, 0.4], "rotation": 270, "texture": "#2"}
			}
		},
		{
			"from": [22, 4, 0.6],
			"to": [24.1, 7, 1],
			"faces": {
				"north": {"uv": [4, 5, 11.8, 12.8], "texture": "#2"},
				"east": {"uv": [0, 0, 0.4, 7.8], "texture": "#2"},
				"south": {"uv": [0, 0, 7.8, 7.8], "texture": "#2"},
				"west": {"uv": [0, 0, 0.4, 7.8], "texture": "#2"},
				"up": {"uv": [0, 0, 7.8, 0.4], "texture": "#2"},
				"down": {"uv": [0, 0, 7.8, 0.4], "texture": "#2"}
			}
		},
		{
			"from": [15, 4, -8],
			"to": [15.4, 7, -5.9],
			"faces": {
				"north": {"uv": [0, 0, 0.4, 7.8], "texture": "#2"},
				"east": {"uv": [4, 5, 11.8, 12.8], "texture": "#2"},
				"south": {"uv": [0, 0, 0.4, 7.8], "texture": "#2"},
				"west": {"uv": [0, 0, 7.8, 7.8], "texture": "#2"},
				"up": {"uv": [0, 0, 7.8, 0.4], "rotation": 90, "texture": "#2"},
				"down": {"uv": [0, 0, 7.8, 0.4], "rotation": 270, "texture": "#2"}
			}
		},
		{
			"from": [21, 11.9, 0],
			"to": [25, 12.9, 1],
			"faces": {
				"north": {"uv": [0, 0, 4, 1], "texture": "#3"},
				"east": {"uv": [0, 0, 1, 1], "texture": "#3"},
				"south": {"uv": [0, 0, 4, 1], "texture": "#3"},
				"west": {"uv": [0, 0, 1, 1], "texture": "#3"},
				"up": {"uv": [0, 0, 4, 1], "texture": "#3"},
				"down": {"uv": [0, 0, 4, 1], "texture": "#3"}
			}
		},
		{
			"from": [15, 11.9, -9],
			"to": [16, 12.9, -5],
			"faces": {
				"north": {"uv": [0, 0, 1, 1], "texture": "#3"},
				"east": {"uv": [0, 0, 4, 1], "texture": "#3"},
				"south": {"uv": [0, 0, 1, 1], "texture": "#3"},
				"west": {"uv": [0, 0, 4, 1], "texture": "#3"},
				"up": {"uv": [0, 0, 4, 1], "rotation": 90, "texture": "#3"},
				"down": {"uv": [0, 0, 4, 1], "rotation": 270, "texture": "#3"}
			}
		},
		{
			"from": [21, 11.9, 0],
			"to": [25, 12.9, 1],
			"faces": {
				"north": {"uv": [0, 0, 4, 1], "texture": "#3"},
				"east": {"uv": [0, 0, 1, 1], "texture": "#3"},
				"south": {"uv": [0, 0, 4, 1], "texture": "#3"},
				"west": {"uv": [0, 0, 1, 1], "texture": "#3"},
				"up": {"uv": [0, 0, 4, 1], "texture": "#3"},
				"down": {"uv": [0, 0, 4, 1], "texture": "#3"}
			}
		},
		{
			"from": [15, 11.9, -9],
			"to": [16, 12.9, -5],
			"faces": {
				"north": {"uv": [0, 0, 1, 1], "texture": "#3"},
				"east": {"uv": [0, 0, 4, 1], "texture": "#3"},
				"south": {"uv": [0, 0, 1, 1], "texture": "#3"},
				"west": {"uv": [0, 0, 4, 1], "texture": "#3"},
				"up": {"uv": [0, 0, 4, 1], "rotation": 90, "texture": "#3"},
				"down": {"uv": [0, 0, 4, 1], "rotation": 270, "texture": "#3"}
			}
		},
		{
			"from": [19, 11, 0],
			"to": [21, 12, 1],
			"faces": {
				"north": {"uv": [0, 0, 2, 1], "texture": "#3"},
				"east": {"uv": [0, 0, 1, 1], "texture": "#3"},
				"south": {"uv": [0, 0, 2, 1], "texture": "#3"},
				"west": {"uv": [0, 0, 1, 1], "texture": "#3"},
				"up": {"uv": [0, 0, 2, 1], "texture": "#3"},
				"down": {"uv": [0, 0, 2, 1], "texture": "#3"}
			}
		},
		{
			"from": [15, 11, -11],
			"to": [16, 12, -9],
			"faces": {
				"north": {"uv": [0, 0, 1, 1], "texture": "#3"},
				"east": {"uv": [0, 0, 2, 1], "texture": "#3"},
				"south": {"uv": [0, 0, 1, 1], "texture": "#3"},
				"west": {"uv": [0, 0, 2, 1], "texture": "#3"},
				"up": {"uv": [0, 0, 2, 1], "rotation": 90, "texture": "#3"},
				"down": {"uv": [0, 0, 2, 1], "rotation": 270, "texture": "#3"}
			}
		},
		{
			"from": [19, 11, 0],
			"to": [21, 12, 1],
			"faces": {
				"north": {"uv": [0, 0, 2, 1], "texture": "#3"},
				"east": {"uv": [0, 0, 1, 1], "texture": "#3"},
				"south": {"uv": [0, 0, 2, 1], "texture": "#3"},
				"west": {"uv": [0, 0, 1, 1], "texture": "#3"},
				"up": {"uv": [0, 0, 2, 1], "texture": "#3"},
				"down": {"uv": [0, 0, 2, 1], "texture": "#3"}
			}
		},
		{
			"from": [15, 11, -11],
			"to": [16, 12, -9],
			"faces": {
				"north": {"uv": [0, 0, 1, 1], "texture": "#3"},
				"east": {"uv": [0, 0, 2, 1], "texture": "#3"},
				"south": {"uv": [0, 0, 1, 1], "texture": "#3"},
				"west": {"uv": [0, 0, 2, 1], "texture": "#3"},
				"up": {"uv": [0, 0, 2, 1], "rotation": 90, "texture": "#3"},
				"down": {"uv": [0, 0, 2, 1], "rotation": 270, "texture": "#3"}
			}
		},
		{
			"from": [19, 10, 0],
			"to": [20, 11, 1],
			"faces": {
				"north": {"uv": [0, 0, 1, 1], "texture": "#3"},
				"east": {"uv": [0, 0, 1, 1], "texture": "#3"},
				"south": {"uv": [0, 0, 1, 1], "texture": "#3"},
				"west": {"uv": [0, 0, 1, 1], "texture": "#3"},
				"up": {"uv": [0, 0, 1, 1], "texture": "#3"},
				"down": {"uv": [0, 0, 1, 1], "texture": "#3"}
			}
		},
		{
			"from": [15, 10, -11],
			"to": [16, 11, -10],
			"faces": {
				"north": {"uv": [0, 0, 1, 1], "texture": "#3"},
				"east": {"uv": [0, 0, 1, 1], "texture": "#3"},
				"south": {"uv": [0, 0, 1, 1], "texture": "#3"},
				"west": {"uv": [0, 0, 1, 1], "texture": "#3"},
				"up": {"uv": [0, 0, 1, 1], "rotation": 90, "texture": "#3"},
				"down": {"uv": [0, 0, 1, 1], "rotation": 270, "texture": "#3"}
			}
		},
		{
			"from": [19, 10, 0],
			"to": [20, 11, 1],
			"faces": {
				"north": {"uv": [0, 0, 1, 1], "texture": "#3"},
				"east": {"uv": [0, 0, 1, 1], "texture": "#3"},
				"south": {"uv": [0, 0, 1, 1], "texture": "#3"},
				"west": {"uv": [0, 0, 1, 1], "texture": "#3"},
				"up": {"uv": [0, 0, 1, 1], "texture": "#3"},
				"down": {"uv": [0, 0, 1, 1], "texture": "#3"}
			}
		},
		{
			"from": [15, 10, -11],
			"to": [16, 11, -10],
			"faces": {
				"north": {"uv": [0, 0, 1, 1], "texture": "#3"},
				"east": {"uv": [0, 0, 1, 1], "texture": "#3"},
				"south": {"uv": [0, 0, 1, 1], "texture": "#3"},
				"west": {"uv": [0, 0, 1, 1], "texture": "#3"},
				"up": {"uv": [0, 0, 1, 1], "rotation": 90, "texture": "#3"},
				"down": {"uv": [0, 0, 1, 1], "rotation": 270, "texture": "#3"}
			}
		},
		{
			"from": [18.1, 6, 0],
			"to": [19.1, 10, 1],
			"faces": {
				"north": {"uv": [0, 0, 1, 4], "texture": "#3"},
				"east": {"uv": [0, 0, 1, 4], "texture": "#3"},
				"south": {"uv": [0, 0, 1, 4], "texture": "#3"},
				"west": {"uv": [0, 0, 1, 4], "texture": "#3"},
				"up": {"uv": [0, 0, 1, 1], "texture": "#3"},
				"down": {"uv": [0, 0, 1, 1], "texture": "#3"}
			}
		},
		{
			"from": [15, 6, -11.9],
			"to": [16, 10, -10.9],
			"faces": {
				"north": {"uv": [0, 0, 1, 4], "texture": "#3"},
				"east": {"uv": [0, 0, 1, 4], "texture": "#3"},
				"south": {"uv": [0, 0, 1, 4], "texture": "#3"},
				"west": {"uv": [0, 0, 1, 4], "texture": "#3"},
				"up": {"uv": [0, 0, 1, 1], "rotation": 90, "texture": "#3"},
				"down": {"uv": [0, 0, 1, 1], "rotation": 270, "texture": "#3"}
			}
		},
		{
			"from": [18.1, 6, 0],
			"to": [19.1, 10, 1],
			"faces": {
				"north": {"uv": [0, 0, 1, 4], "texture": "#3"},
				"east": {"uv": [0, 0, 1, 4], "texture": "#3"},
				"south": {"uv": [0, 0, 1, 4], "texture": "#3"},
				"west": {"uv": [0, 0, 1, 4], "texture": "#3"},
				"up": {"uv": [0, 0, 1, 1], "texture": "#3"},
				"down": {"uv": [0, 0, 1, 1], "texture": "#3"}
			}
		},
		{
			"from": [15, 6, -11.9],
			"to": [16, 10, -10.9],
			"faces": {
				"north": {"uv": [0, 0, 1, 4], "texture": "#3"},
				"east": {"uv": [0, 0, 1, 4], "texture": "#3"},
				"south": {"uv": [0, 0, 1, 4], "texture": "#3"},
				"west": {"uv": [0, 0, 1, 4], "texture": "#3"},
				"up": {"uv": [0, 0, 1, 1], "rotation": 90, "texture": "#3"},
				"down": {"uv": [0, 0, 1, 1], "rotation": 270, "texture": "#3"}
			}
		},
		{
			"from": [19, 5, 0],
			"to": [20, 6, 1],
			"faces": {
				"north": {"uv": [0, 0, 1, 1], "texture": "#3"},
				"east": {"uv": [0, 0, 1, 1], "texture": "#3"},
				"south": {"uv": [0, 0, 1, 1], "texture": "#3"},
				"west": {"uv": [0, 0, 1, 1], "texture": "#3"},
				"up": {"uv": [0, 0, 1, 1], "texture": "#3"},
				"down": {"uv": [0, 0, 1, 1], "texture": "#3"}
			}
		},
		{
			"from": [15, 5, -11],
			"to": [16, 6, -10],
			"faces": {
				"north": {"uv": [0, 0, 1, 1], "texture": "#3"},
				"east": {"uv": [0, 0, 1, 1], "texture": "#3"},
				"south": {"uv": [0, 0, 1, 1], "texture": "#3"},
				"west": {"uv": [0, 0, 1, 1], "texture": "#3"},
				"up": {"uv": [0, 0, 1, 1], "rotation": 90, "texture": "#3"},
				"down": {"uv": [0, 0, 1, 1], "rotation": 270, "texture": "#3"}
			}
		},
		{
			"from": [19, 5, 0],
			"to": [20, 6, 1],
			"faces": {
				"north": {"uv": [0, 0, 1, 1], "texture": "#3"},
				"east": {"uv": [0, 0, 1, 1], "texture": "#3"},
				"south": {"uv": [0, 0, 1, 1], "texture": "#3"},
				"west": {"uv": [0, 0, 1, 1], "texture": "#3"},
				"up": {"uv": [0, 0, 1, 1], "texture": "#3"},
				"down": {"uv": [0, 0, 1, 1], "texture": "#3"}
			}
		},
		{
			"from": [15, 5, -11],
			"to": [16, 6, -10],
			"faces": {
				"north": {"uv": [0, 0, 1, 1], "texture": "#3"},
				"east": {"uv": [0, 0, 1, 1], "texture": "#3"},
				"south": {"uv": [0, 0, 1, 1], "texture": "#3"},
				"west": {"uv": [0, 0, 1, 1], "texture": "#3"},
				"up": {"uv": [0, 0, 1, 1], "rotation": 90, "texture": "#3"},
				"down": {"uv": [0, 0, 1, 1], "rotation": 270, "texture": "#3"}
			}
		},
		{
			"from": [19, 4, 0],
			"to": [21, 5, 1],
			"faces": {
				"north": {"uv": [0, 0, 2, 1], "texture": "#3"},
				"east": {"uv": [0, 0, 1, 1], "texture": "#3"},
				"south": {"uv": [0, 0, 2, 1], "texture": "#3"},
				"west": {"uv": [0, 0, 1, 1], "texture": "#3"},
				"up": {"uv": [0, 0, 2, 1], "texture": "#3"},
				"down": {"uv": [0, 0, 2, 1], "texture": "#3"}
			}
		},
		{
			"from": [15, 4, -11],
			"to": [16, 5, -9],
			"faces": {
				"north": {"uv": [0, 0, 1, 1], "texture": "#3"},
				"east": {"uv": [0, 0, 2, 1], "texture": "#3"},
				"south": {"uv": [0, 0, 1, 1], "texture": "#3"},
				"west": {"uv": [0, 0, 2, 1], "texture": "#3"},
				"up": {"uv": [0, 0, 2, 1], "rotation": 90, "texture": "#3"},
				"down": {"uv": [0, 0, 2, 1], "rotation": 270, "texture": "#3"}
			}
		},
		{
			"from": [19, 4, 0],
			"to": [21, 5, 1],
			"faces": {
				"north": {"uv": [0, 0, 2, 1], "texture": "#3"},
				"east": {"uv": [0, 0, 1, 1], "texture": "#3"},
				"south": {"uv": [0, 0, 2, 1], "texture": "#3"},
				"west": {"uv": [0, 0, 1, 1], "texture": "#3"},
				"up": {"uv": [0, 0, 2, 1], "texture": "#3"},
				"down": {"uv": [0, 0, 2, 1], "texture": "#3"}
			}
		},
		{
			"from": [15, 4, -11],
			"to": [16, 5, -9],
			"faces": {
				"north": {"uv": [0, 0, 1, 1], "texture": "#3"},
				"east": {"uv": [0, 0, 2, 1], "texture": "#3"},
				"south": {"uv": [0, 0, 1, 1], "texture": "#3"},
				"west": {"uv": [0, 0, 2, 1], "texture": "#3"},
				"up": {"uv": [0, 0, 2, 1], "rotation": 90, "texture": "#3"},
				"down": {"uv": [0, 0, 2, 1], "rotation": 270, "texture": "#3"}
			}
		},
		{
			"from": [21, 3.1, 0],
			"to": [25, 4.1, 1],
			"faces": {
				"north": {"uv": [0, 0, 4, 1], "texture": "#3"},
				"east": {"uv": [0, 0, 1, 1], "texture": "#3"},
				"south": {"uv": [0, 0, 4, 1], "texture": "#3"},
				"west": {"uv": [0, 0, 1, 1], "texture": "#3"},
				"up": {"uv": [0, 0, 4, 1], "texture": "#3"},
				"down": {"uv": [0, 0, 4, 1], "texture": "#3"}
			}
		},
		{
			"from": [15, 3.1, -9],
			"to": [16, 4.1, -5],
			"faces": {
				"north": {"uv": [0, 0, 1, 1], "texture": "#3"},
				"east": {"uv": [0, 0, 4, 1], "texture": "#3"},
				"south": {"uv": [0, 0, 1, 1], "texture": "#3"},
				"west": {"uv": [0, 0, 4, 1], "texture": "#3"},
				"up": {"uv": [0, 0, 4, 1], "rotation": 90, "texture": "#3"},
				"down": {"uv": [0, 0, 4, 1], "rotation": 270, "texture": "#3"}
			}
		},
		{
			"from": [21, 3.1, 0],
			"to": [25, 4.1, 1],
			"faces": {
				"north": {"uv": [0, 0, 4, 1], "texture": "#3"},
				"east": {"uv": [0, 0, 1, 1], "texture": "#3"},
				"south": {"uv": [0, 0, 4, 1], "texture": "#3"},
				"west": {"uv": [0, 0, 1, 1], "texture": "#3"},
				"up": {"uv": [0, 0, 4, 1], "texture": "#3"},
				"down": {"uv": [0, 0, 4, 1], "texture": "#3"}
			}
		},
		{
			"from": [15, 3.1, -9],
			"to": [16, 4.1, -5],
			"faces": {
				"north": {"uv": [0, 0, 1, 1], "texture": "#3"},
				"east": {"uv": [0, 0, 4, 1], "texture": "#3"},
				"south": {"uv": [0, 0, 1, 1], "texture": "#3"},
				"west": {"uv": [0, 0, 4, 1], "texture": "#3"},
				"up": {"uv": [0, 0, 4, 1], "rotation": 90, "texture": "#3"},
				"down": {"uv": [0, 0, 4, 1], "rotation": 270, "texture": "#3"}
			}
		},
		{
			"from": [25, 4, 0],
			"to": [27, 5, 1],
			"faces": {
				"north": {"uv": [0, 0, 2, 1], "texture": "#3"},
				"east": {"uv": [0, 0, 1, 1], "texture": "#3"},
				"south": {"uv": [0, 0, 2, 1], "texture": "#3"},
				"west": {"uv": [0, 0, 1, 1], "texture": "#3"},
				"up": {"uv": [0, 0, 2, 1], "texture": "#3"},
				"down": {"uv": [0, 0, 2, 1], "texture": "#3"}
			}
		},
		{
			"from": [15, 4, -5],
			"to": [16, 5, -3],
			"faces": {
				"north": {"uv": [0, 0, 1, 1], "texture": "#3"},
				"east": {"uv": [0, 0, 2, 1], "texture": "#3"},
				"south": {"uv": [0, 0, 1, 1], "texture": "#3"},
				"west": {"uv": [0, 0, 2, 1], "texture": "#3"},
				"up": {"uv": [0, 0, 2, 1], "rotation": 90, "texture": "#3"},
				"down": {"uv": [0, 0, 2, 1], "rotation": 270, "texture": "#3"}
			}
		},
		{
			"from": [25, 4, 0],
			"to": [27, 5, 1],
			"faces": {
				"north": {"uv": [0, 0, 2, 1], "texture": "#3"},
				"east": {"uv": [0, 0, 1, 1], "texture": "#3"},
				"south": {"uv": [0, 0, 2, 1], "texture": "#3"},
				"west": {"uv": [0, 0, 1, 1], "texture": "#3"},
				"up": {"uv": [0, 0, 2, 1], "texture": "#3"},
				"down": {"uv": [0, 0, 2, 1], "texture": "#3"}
			}
		},
		{
			"from": [15, 4, -5],
			"to": [16, 5, -3],
			"faces": {
				"north": {"uv": [0, 0, 1, 1], "texture": "#3"},
				"east": {"uv": [0, 0, 2, 1], "texture": "#3"},
				"south": {"uv": [0, 0, 1, 1], "texture": "#3"},
				"west": {"uv": [0, 0, 2, 1], "texture": "#3"},
				"up": {"uv": [0, 0, 2, 1], "rotation": 90, "texture": "#3"},
				"down": {"uv": [0, 0, 2, 1], "rotation": 270, "texture": "#3"}
			}
		},
		{
			"from": [26, 5, 0],
			"to": [27, 6, 1],
			"faces": {
				"north": {"uv": [0, 0, 1, 1], "texture": "#3"},
				"east": {"uv": [0, 0, 1, 1], "texture": "#3"},
				"south": {"uv": [0, 0, 1, 1], "texture": "#3"},
				"west": {"uv": [0, 0, 1, 1], "texture": "#3"},
				"up": {"uv": [0, 0, 1, 1], "texture": "#3"},
				"down": {"uv": [0, 0, 1, 1], "texture": "#3"}
			}
		},
		{
			"from": [15, 5, -4],
			"to": [16, 6, -3],
			"faces": {
				"north": {"uv": [0, 0, 1, 1], "texture": "#3"},
				"east": {"uv": [0, 0, 1, 1], "texture": "#3"},
				"south": {"uv": [0, 0, 1, 1], "texture": "#3"},
				"west": {"uv": [0, 0, 1, 1], "texture": "#3"},
				"up": {"uv": [0, 0, 1, 1], "rotation": 90, "texture": "#3"},
				"down": {"uv": [0, 0, 1, 1], "rotation": 270, "texture": "#3"}
			}
		},
		{
			"from": [26, 5, 0],
			"to": [27, 6, 1],
			"faces": {
				"north": {"uv": [0, 0, 1, 1], "texture": "#3"},
				"east": {"uv": [0, 0, 1, 1], "texture": "#3"},
				"south": {"uv": [0, 0, 1, 1], "texture": "#3"},
				"west": {"uv": [0, 0, 1, 1], "texture": "#3"},
				"up": {"uv": [0, 0, 1, 1], "texture": "#3"},
				"down": {"uv": [0, 0, 1, 1], "texture": "#3"}
			}
		},
		{
			"from": [15, 5, -4],
			"to": [16, 6, -3],
			"faces": {
				"north": {"uv": [0, 0, 1, 1], "texture": "#3"},
				"east": {"uv": [0, 0, 1, 1], "texture": "#3"},
				"south": {"uv": [0, 0, 1, 1], "texture": "#3"},
				"west": {"uv": [0, 0, 1, 1], "texture": "#3"},
				"up": {"uv": [0, 0, 1, 1], "rotation": 90, "texture": "#3"},
				"down": {"uv": [0, 0, 1, 1], "rotation": 270, "texture": "#3"}
			}
		},
		{
			"from": [26.9, 6, 0],
			"to": [27.9, 10, 1],
			"faces": {
				"north": {"uv": [0, 0, 1, 4], "texture": "#3"},
				"east": {"uv": [0, 0, 1, 4], "texture": "#3"},
				"south": {"uv": [0, 0, 1, 4], "texture": "#3"},
				"west": {"uv": [0, 0, 1, 4], "texture": "#3"},
				"up": {"uv": [0, 0, 1, 1], "texture": "#3"},
				"down": {"uv": [0, 0, 1, 1], "texture": "#3"}
			}
		},
		{
			"from": [15, 6, -3.1],
			"to": [16, 10, -2.1],
			"faces": {
				"north": {"uv": [0, 0, 1, 4], "texture": "#3"},
				"east": {"uv": [0, 0, 1, 4], "texture": "#3"},
				"south": {"uv": [0, 0, 1, 4], "texture": "#3"},
				"west": {"uv": [0, 0, 1, 4], "texture": "#3"},
				"up": {"uv": [0, 0, 1, 1], "rotation": 90, "texture": "#3"},
				"down": {"uv": [0, 0, 1, 1], "rotation": 270, "texture": "#3"}
			}
		},
		{
			"from": [26.9, 6, 0],
			"to": [27.9, 10, 1],
			"faces": {
				"north": {"uv": [0, 0, 1, 4], "texture": "#3"},
				"east": {"uv": [0, 0, 1, 4], "texture": "#3"},
				"south": {"uv": [0, 0, 1, 4], "texture": "#3"},
				"west": {"uv": [0, 0, 1, 4], "texture": "#3"},
				"up": {"uv": [0, 0, 1, 1], "texture": "#3"},
				"down": {"uv": [0, 0, 1, 1], "texture": "#3"}
			}
		},
		{
			"from": [15, 6, -3.1],
			"to": [16, 10, -2.1],
			"faces": {
				"north": {"uv": [0, 0, 1, 4], "texture": "#3"},
				"east": {"uv": [0, 0, 1, 4], "texture": "#3"},
				"south": {"uv": [0, 0, 1, 4], "texture": "#3"},
				"west": {"uv": [0, 0, 1, 4], "texture": "#3"},
				"up": {"uv": [0, 0, 1, 1], "rotation": 90, "texture": "#3"},
				"down": {"uv": [0, 0, 1, 1], "rotation": 270, "texture": "#3"}
			}
		},
		{
			"from": [26, 10, 0],
			"to": [27, 11, 1],
			"faces": {
				"north": {"uv": [0, 0, 1, 1], "texture": "#3"},
				"east": {"uv": [0, 0, 1, 1], "texture": "#3"},
				"south": {"uv": [0, 0, 1, 1], "texture": "#3"},
				"west": {"uv": [0, 0, 1, 1], "texture": "#3"},
				"up": {"uv": [0, 0, 1, 1], "texture": "#3"},
				"down": {"uv": [0, 0, 1, 1], "texture": "#3"}
			}
		},
		{
			"from": [15, 10, -4],
			"to": [16, 11, -3],
			"faces": {
				"north": {"uv": [0, 0, 1, 1], "texture": "#3"},
				"east": {"uv": [0, 0, 1, 1], "texture": "#3"},
				"south": {"uv": [0, 0, 1, 1], "texture": "#3"},
				"west": {"uv": [0, 0, 1, 1], "texture": "#3"},
				"up": {"uv": [0, 0, 1, 1], "rotation": 90, "texture": "#3"},
				"down": {"uv": [0, 0, 1, 1], "rotation": 270, "texture": "#3"}
			}
		},
		{
			"from": [26, 10, 0],
			"to": [27, 11, 1],
			"faces": {
				"north": {"uv": [0, 0, 1, 1], "texture": "#3"},
				"east": {"uv": [0, 0, 1, 1], "texture": "#3"},
				"south": {"uv": [0, 0, 1, 1], "texture": "#3"},
				"west": {"uv": [0, 0, 1, 1], "texture": "#3"},
				"up": {"uv": [0, 0, 1, 1], "texture": "#3"},
				"down": {"uv": [0, 0, 1, 1], "texture": "#3"}
			}
		},
		{
			"from": [15, 10, -4],
			"to": [16, 11, -3],
			"faces": {
				"north": {"uv": [0, 0, 1, 1], "texture": "#3"},
				"east": {"uv": [0, 0, 1, 1], "texture": "#3"},
				"south": {"uv": [0, 0, 1, 1], "texture": "#3"},
				"west": {"uv": [0, 0, 1, 1], "texture": "#3"},
				"up": {"uv": [0, 0, 1, 1], "rotation": 90, "texture": "#3"},
				"down": {"uv": [0, 0, 1, 1], "rotation": 270, "texture": "#3"}
			}
		},
		{
			"from": [25, 11, 0],
			"to": [27, 12, 1],
			"faces": {
				"north": {"uv": [0, 0, 2, 1], "texture": "#3"},
				"east": {"uv": [0, 0, 1, 1], "texture": "#3"},
				"south": {"uv": [0, 0, 2, 1], "texture": "#3"},
				"west": {"uv": [0, 0, 1, 1], "texture": "#3"},
				"up": {"uv": [0, 0, 2, 1], "texture": "#3"},
				"down": {"uv": [0, 0, 2, 1], "texture": "#3"}
			}
		},
		{
			"from": [15, 11, -5],
			"to": [16, 12, -3],
			"faces": {
				"north": {"uv": [0, 0, 1, 1], "texture": "#3"},
				"east": {"uv": [0, 0, 2, 1], "texture": "#3"},
				"south": {"uv": [0, 0, 1, 1], "texture": "#3"},
				"west": {"uv": [0, 0, 2, 1], "texture": "#3"},
				"up": {"uv": [0, 0, 2, 1], "rotation": 90, "texture": "#3"},
				"down": {"uv": [0, 0, 2, 1], "rotation": 270, "texture": "#3"}
			}
		},
		{
			"from": [25, 11, 0],
			"to": [27, 12, 1],
			"faces": {
				"north": {"uv": [0, 0, 2, 1], "texture": "#3"},
				"east": {"uv": [0, 0, 1, 1], "texture": "#3"},
				"south": {"uv": [0, 0, 2, 1], "texture": "#3"},
				"west": {"uv": [0, 0, 1, 1], "texture": "#3"},
				"up": {"uv": [0, 0, 2, 1], "texture": "#3"},
				"down": {"uv": [0, 0, 2, 1], "texture": "#3"}
			}
		},
		{
			"from": [15, 11, -5],
			"to": [16, 12, -3],
			"faces": {
				"north": {"uv": [0, 0, 1, 1], "texture": "#3"},
				"east": {"uv": [0, 0, 2, 1], "texture": "#3"},
				"south": {"uv": [0, 0, 1, 1], "texture": "#3"},
				"west": {"uv": [0, 0, 2, 1], "texture": "#3"},
				"up": {"uv": [0, 0, 2, 1], "rotation": 90, "texture": "#3"},
				"down": {"uv": [0, 0, 2, 1], "rotation": 270, "texture": "#3"}
			}
		},
		{
			"from": [24, 10, 0],
			"to": [25, 11, 1],
			"faces": {
				"north": {"uv": [5, 3, 6, 4], "texture": "#1"},
				"east": {"uv": [0, 0, 1, 1], "texture": "#1"},
				"south": {"uv": [0, 0, 1, 1], "texture": "#1"},
				"west": {"uv": [0, 0, 1, 1], "texture": "#1"},
				"up": {"uv": [0, 0, 1, 1], "texture": "#1"},
				"down": {"uv": [0, 0, 1, 1], "texture": "#1"}
			}
		},
		{
			"from": [15, 10, -6],
			"to": [16, 11, -5],
			"faces": {
				"north": {"uv": [0, 0, 1, 1], "texture": "#1"},
				"east": {"uv": [5, 3, 6, 4], "texture": "#1"},
				"south": {"uv": [0, 0, 1, 1], "texture": "#1"},
				"west": {"uv": [0, 0, 1, 1], "texture": "#1"},
				"up": {"uv": [0, 0, 1, 1], "rotation": 90, "texture": "#1"},
				"down": {"uv": [0, 0, 1, 1], "rotation": 270, "texture": "#1"}
			}
		},
		{
			"from": [24, 10, 0],
			"to": [25, 11, 1],
			"faces": {
				"north": {"uv": [5, 3, 6, 4], "texture": "#1"},
				"east": {"uv": [0, 0, 1, 1], "texture": "#1"},
				"south": {"uv": [0, 0, 1, 1], "texture": "#1"},
				"west": {"uv": [0, 0, 1, 1], "texture": "#1"},
				"up": {"uv": [0, 0, 1, 1], "texture": "#1"},
				"down": {"uv": [0, 0, 1, 1], "texture": "#1"}
			}
		},
		{
			"from": [15, 10, -6],
			"to": [16, 11, -5],
			"faces": {
				"north": {"uv": [0, 0, 1, 1], "texture": "#1"},
				"east": {"uv": [5, 3, 6, 4], "texture": "#1"},
				"south": {"uv": [0, 0, 1, 1], "texture": "#1"},
				"west": {"uv": [0, 0, 1, 1], "texture": "#1"},
				"up": {"uv": [0, 0, 1, 1], "rotation": 90, "texture": "#1"},
				"down": {"uv": [0, 0, 1, 1], "rotation": 270, "texture": "#1"}
			}
		},
		{
			"from": [21, 10, 0],
			"to": [22, 11, 1],
			"faces": {
				"north": {"uv": [8, 3, 9, 4], "texture": "#1"},
				"east": {"uv": [0, 0, 1, 1], "texture": "#1"},
				"south": {"uv": [0, 0, 1, 1], "texture": "#1"},
				"west": {"uv": [0, 0, 1, 1], "texture": "#1"},
				"up": {"uv": [0, 0, 1, 1], "texture": "#1"},
				"down": {"uv": [0, 0, 1, 1], "texture": "#1"}
			}
		},
		{
			"from": [15, 10, -9],
			"to": [16, 11, -8],
			"faces": {
				"north": {"uv": [0, 0, 1, 1], "texture": "#1"},
				"east": {"uv": [8, 3, 9, 4], "texture": "#1"},
				"south": {"uv": [0, 0, 1, 1], "texture": "#1"},
				"west": {"uv": [0, 0, 1, 1], "texture": "#1"},
				"up": {"uv": [0, 0, 1, 1], "rotation": 90, "texture": "#1"},
				"down": {"uv": [0, 0, 1, 1], "rotation": 270, "texture": "#1"}
			}
		},
		{
			"from": [21, 10, 0],
			"to": [22, 11, 1],
			"faces": {
				"north": {"uv": [8, 3, 9, 4], "texture": "#1"},
				"east": {"uv": [0, 0, 1, 1], "texture": "#1"},
				"south": {"uv": [0, 0, 1, 1], "texture": "#1"},
				"west": {"uv": [0, 0, 1, 1], "texture": "#1"},
				"up": {"uv": [0, 0, 1, 1], "texture": "#1"},
				"down": {"uv": [0, 0, 1, 1], "texture": "#1"}
			}
		},
		{
			"from": [15, 10, -9],
			"to": [16, 11, -8],
			"faces": {
				"north": {"uv": [0, 0, 1, 1], "texture": "#1"},
				"east": {"uv": [8, 3, 9, 4], "texture": "#1"},
				"south": {"uv": [0, 0, 1, 1], "texture": "#1"},
				"west": {"uv": [0, 0, 1, 1], "texture": "#1"},
				"up": {"uv": [0, 0, 1, 1], "rotation": 90, "texture": "#1"},
				"down": {"uv": [0, 0, 1, 1], "rotation": 270, "texture": "#1"}
			}
		},
		{
			"from": [20, 7, 0],
			"to": [21, 10, 1],
			"faces": {
				"north": {"uv": [9, 4, 10, 7], "texture": "#1"},
				"east": {"uv": [0, 0, 1, 3], "texture": "#1"},
				"south": {"uv": [0, 0, 1, 3], "texture": "#1"},
				"west": {"uv": [0, 0, 1, 3], "texture": "#1"},
				"up": {"uv": [0, 0, 1, 1], "texture": "#1"},
				"down": {"uv": [0, 0, 1, 1], "texture": "#1"}
			}
		},
		{
			"from": [15, 7, -10],
			"to": [16, 10, -9],
			"faces": {
				"north": {"uv": [0, 0, 1, 3], "texture": "#1"},
				"east": {"uv": [9, 4, 10, 7], "texture": "#1"},
				"south": {"uv": [0, 0, 1, 3], "texture": "#1"},
				"west": {"uv": [0, 0, 1, 3], "texture": "#1"},
				"up": {"uv": [0, 0, 1, 1], "rotation": 90, "texture": "#1"},
				"down": {"uv": [0, 0, 1, 1], "rotation": 270, "texture": "#1"}
			}
		},
		{
			"from": [20, 7, 0],
			"to": [21, 10, 1],
			"faces": {
				"north": {"uv": [9, 4, 10, 7], "texture": "#1"},
				"east": {"uv": [0, 0, 1, 3], "texture": "#1"},
				"south": {"uv": [0, 0, 1, 3], "texture": "#1"},
				"west": {"uv": [0, 0, 1, 3], "texture": "#1"},
				"up": {"uv": [0, 0, 1, 1], "texture": "#1"},
				"down": {"uv": [0, 0, 1, 1], "texture": "#1"}
			}
		},
		{
			"from": [15, 7, -10],
			"to": [16, 10, -9],
			"faces": {
				"north": {"uv": [0, 0, 1, 3], "texture": "#1"},
				"east": {"uv": [9, 4, 10, 7], "texture": "#1"},
				"south": {"uv": [0, 0, 1, 3], "texture": "#1"},
				"west": {"uv": [0, 0, 1, 3], "texture": "#1"},
				"up": {"uv": [0, 0, 1, 1], "rotation": 90, "texture": "#1"},
				"down": {"uv": [0, 0, 1, 1], "rotation": 270, "texture": "#1"}
			}
		},
		{
			"from": [21, 5, 0],
			"to": [25, 6, 1],
			"faces": {
				"north": {"uv": [5, 8, 9, 9], "texture": "#1"},
				"east": {"uv": [0, 0, 1, 1], "texture": "#1"},
				"south": {"uv": [0, 0, 4, 1], "texture": "#1"},
				"west": {"uv": [0, 0, 1, 1], "texture": "#1"},
				"up": {"uv": [0, 0, 4, 1], "texture": "#1"},
				"down": {"uv": [0, 0, 4, 1], "texture": "#1"}
			}
		},
		{
			"from": [15, 5, -9],
			"to": [16, 6, -5],
			"faces": {
				"north": {"uv": [0, 0, 1, 1], "texture": "#1"},
				"east": {"uv": [5, 8, 9, 9], "texture": "#1"},
				"south": {"uv": [0, 0, 1, 1], "texture": "#1"},
				"west": {"uv": [0, 0, 4, 1], "texture": "#1"},
				"up": {"uv": [0, 0, 4, 1], "rotation": 90, "texture": "#1"},
				"down": {"uv": [0, 0, 4, 1], "rotation": 270, "texture": "#1"}
			}
		},
		{
			"from": [21, 5, 0],
			"to": [25, 6, 1],
			"faces": {
				"north": {"uv": [5, 8, 9, 9], "texture": "#1"},
				"east": {"uv": [0, 0, 1, 1], "texture": "#1"},
				"south": {"uv": [0, 0, 4, 1], "texture": "#1"},
				"west": {"uv": [0, 0, 1, 1], "texture": "#1"},
				"up": {"uv": [0, 0, 4, 1], "texture": "#1"},
				"down": {"uv": [0, 0, 4, 1], "texture": "#1"}
			}
		},
		{
			"from": [15, 5, -9],
			"to": [16, 6, -5],
			"faces": {
				"north": {"uv": [0, 0, 1, 1], "texture": "#1"},
				"east": {"uv": [5, 8, 9, 9], "texture": "#1"},
				"south": {"uv": [0, 0, 1, 1], "texture": "#1"},
				"west": {"uv": [0, 0, 4, 1], "texture": "#1"},
				"up": {"uv": [0, 0, 4, 1], "rotation": 90, "texture": "#1"},
				"down": {"uv": [0, 0, 4, 1], "rotation": 270, "texture": "#1"}
			}
		},
		{
			"from": [25, 7, 0],
			"to": [26, 10, 1],
			"faces": {
				"north": {"uv": [4, 4, 5, 7], "texture": "#1"},
				"east": {"uv": [0, 0, 1, 3], "texture": "#1"},
				"south": {"uv": [0, 0, 1, 3], "texture": "#1"},
				"west": {"uv": [0, 0, 1, 3], "texture": "#1"},
				"up": {"uv": [0, 0, 1, 1], "texture": "#1"},
				"down": {"uv": [0, 0, 1, 1], "texture": "#1"}
			}
		},
		{
			"from": [15, 7, -5],
			"to": [16, 10, -4],
			"faces": {
				"north": {"uv": [0, 0, 1, 3], "texture": "#1"},
				"east": {"uv": [4, 4, 5, 7], "texture": "#1"},
				"south": {"uv": [0, 0, 1, 3], "texture": "#1"},
				"west": {"uv": [0, 0, 1, 3], "texture": "#1"},
				"up": {"uv": [0, 0, 1, 1], "rotation": 90, "texture": "#1"},
				"down": {"uv": [0, 0, 1, 1], "rotation": 270, "texture": "#1"}
			}
		},
		{
			"from": [25, 7, 0],
			"to": [26, 10, 1],
			"faces": {
				"north": {"uv": [4, 4, 5, 7], "texture": "#1"},
				"east": {"uv": [0, 0, 1, 3], "texture": "#1"},
				"south": {"uv": [0, 0, 1, 3], "texture": "#1"},
				"west": {"uv": [0, 0, 1, 3], "texture": "#1"},
				"up": {"uv": [0, 0, 1, 1], "texture": "#1"},
				"down": {"uv": [0, 0, 1, 1], "texture": "#1"}
			}
		},
		{
			"from": [15, 7, -5],
			"to": [16, 10, -4],
			"faces": {
				"north": {"uv": [0, 0, 1, 3], "texture": "#1"},
				"east": {"uv": [4, 4, 5, 7], "texture": "#1"},
				"south": {"uv": [0, 0, 1, 3], "texture": "#1"},
				"west": {"uv": [0, 0, 1, 3], "texture": "#1"},
				"up": {"uv": [0, 0, 1, 1], "rotation": 90, "texture": "#1"},
				"down": {"uv": [0, 0, 1, 1], "rotation": 270, "texture": "#1"}
			}
		},
		{
			"from": [22, -0.1, 0.9],
			"to": [24, 7, 1.1],
			"faces": {
				"north": {"uv": [7, 9, 9, 16], "texture": "#0"},
				"east": {"uv": [0, 0, 0.1, 7], "texture": "#0"},
				"south": {"uv": [0, 0, 2, 7], "texture": "#0"},
				"west": {"uv": [0, 0, 0.1, 7], "texture": "#0"},
				"up": {"uv": [0, 0, 2, 0.1], "texture": "#0"},
				"down": {"uv": [0, 0, 2, 0.1], "texture": "#0"}
			}
		},
		{
			"from": [14.9, -0.1, -8],
			"to": [15.1, 7, -6],
			"faces": {
				"north": {"uv": [0, 0, 0.1, 7], "texture": "#0"},
				"east": {"uv": [7, 9, 9, 16], "texture": "#0"},
				"south": {"uv": [0, 0, 0.1, 7], "texture": "#0"},
				"west": {"uv": [0, 0, 2, 7], "texture": "#0"},
				"up": {"uv": [0, 0, 2, 0.1], "rotation": 90, "texture": "#0"},
				"down": {"uv": [0, 0, 2, 0.1], "rotation": 270, "texture": "#0"}
			}
		},
		{
			"from": [22, -0.1, 0.9],
			"to": [24, 7, 1.1],
			"faces": {
				"north": {"uv": [7, 9, 9, 16], "texture": "#0"},
				"east": {"uv": [0, 0, 0.1, 7], "texture": "#0"},
				"south": {"uv": [0, 0, 2, 7], "texture": "#0"},
				"west": {"uv": [0, 0, 0.1, 7], "texture": "#0"},
				"up": {"uv": [0, 0, 2, 0.1], "texture": "#0"},
				"down": {"uv": [0, 0, 2, 0.1], "texture": "#0"}
			}
		},
		{
			"from": [14.9, -0.1, -8],
			"to": [15.1, 7, -6],
			"faces": {
				"north": {"uv": [0, 0, 0.1, 7], "texture": "#0"},
				"east": {"uv": [7, 9, 9, 16], "texture": "#0"},
				"south": {"uv": [0, 0, 0.1, 7], "texture": "#0"},
				"west": {"uv": [0, 0, 2, 7], "texture": "#0"},
				"up": {"uv": [0, 0, 2, 0.1], "rotation": 90, "texture": "#0"},
				"down": {"uv": [0, 0, 2, 0.1], "rotation": 270, "texture": "#0"}
			}
		},
		{
			"from": [14.9, -0.1, 0.9],
			"to": [22, 16.1, 1.1],
			"faces": {
				"north": {"uv": [9, 0, 16, 16], "texture": "#0"},
				"east": {"uv": [0, 0, 0.1, 16], "texture": "#0"},
				"south": {"uv": [0, 0, 7, 16], "texture": "#0"},
				"west": {"uv": [0, 0, 0.1, 16], "texture": "#0"},
				"up": {"uv": [0, 0, 7, 0.1], "texture": "#0"},
				"down": {"uv": [0, 0, 7, 0.1], "texture": "#0"}
			}
		},
		{
			"from": [14.9, -0.1, -15.1],
			"to": [15.1, 16.1, -8],
			"faces": {
				"north": {"uv": [0, 0, 0.1, 16], "texture": "#0"},
				"east": {"uv": [9, 0, 16, 16], "texture": "#0"},
				"south": {"uv": [0, 0, 0.1, 16], "texture": "#0"},
				"west": {"uv": [0, 0, 7, 16], "texture": "#0"},
				"up": {"uv": [0, 0, 7, 0.1], "rotation": 90, "texture": "#0"},
				"down": {"uv": [0, 0, 7, 0.1], "rotation": 270, "texture": "#0"}
			}
		},
		{
			"from": [14.9, -0.1, 0.9],
			"to": [22, 16.1, 1.1],
			"faces": {
				"north": {"uv": [9, 0, 16, 16], "texture": "#0"},
				"east": {"uv": [0, 0, 0.1, 16], "texture": "#0"},
				"south": {"uv": [0, 0, 7, 16], "texture": "#0"},
				"west": {"uv": [0, 0, 0.1, 16], "texture": "#0"},
				"up": {"uv": [0, 0, 7, 0.1], "texture": "#0"},
				"down": {"uv": [0, 0, 7, 0.1], "texture": "#0"}
			}
		},
		{
			"from": [14.9, -0.1, -15.1],
			"to": [15.1, 16.1, -8],
			"faces": {
				"north": {"uv": [0, 0, 0.1, 16], "texture": "#0"},
				"east": {"uv": [9, 0, 16, 16], "texture": "#0"},
				"south": {"uv": [0, 0, 0.1, 16], "texture": "#0"},
				"west": {"uv": [0, 0, 7, 16], "texture": "#0"},
				"up": {"uv": [0, 0, 7, 0.1], "rotation": 90, "texture": "#0"},
				"down": {"uv": [0, 0, 7, 0.1], "rotation": 270, "texture": "#0"}
			}
		},
		{
			"from": [22, 9, 0.9],
			"to": [24, 16.1, 1.1],
			"faces": {
				"north": {"uv": [7, 0, 9, 7], "texture": "#0"},
				"east": {"uv": [0, 0, 0.1, 7], "texture": "#0"},
				"south": {"uv": [0, 0, 2, 7], "texture": "#0"},
				"west": {"uv": [0, 0, 0.1, 7], "texture": "#0"},
				"up": {"uv": [0, 0, 2, 0.1], "texture": "#0"},
				"down": {"uv": [0, 0, 2, 0.1], "texture": "#0"}
			}
		},
		{
			"from": [14.9, 9, -8],
			"to": [15.1, 16.1, -6],
			"faces": {
				"north": {"uv": [0, 0, 0.1, 7], "texture": "#0"},
				"east": {"uv": [7, 0, 9, 7], "texture": "#0"},
				"south": {"uv": [0, 0, 0.1, 7], "texture": "#0"},
				"west": {"uv": [0, 0, 2, 7], "texture": "#0"},
				"up": {"uv": [0, 0, 2, 0.1], "rotation": 90, "texture": "#0"},
				"down": {"uv": [0, 0, 2, 0.1], "rotation": 270, "texture": "#0"}
			}
		},
		{
			"from": [22, 9, 0.9],
			"to": [24, 16.1, 1.1],
			"faces": {
				"north": {"uv": [7, 0, 9, 7], "texture": "#0"},
				"east": {"uv": [0, 0, 0.1, 7], "texture": "#0"},
				"south": {"uv": [0, 0, 2, 7], "texture": "#0"},
				"west": {"uv": [0, 0, 0.1, 7], "texture": "#0"},
				"up": {"uv": [0, 0, 2, 0.1], "texture": "#0"},
				"down": {"uv": [0, 0, 2, 0.1], "texture": "#0"}
			}
		},
		{
			"from": [14.9, 9, -8],
			"to": [15.1, 16.1, -6],
			"faces": {
				"north": {"uv": [0, 0, 0.1, 7], "texture": "#0"},
				"east": {"uv": [7, 0, 9, 7], "texture": "#0"},
				"south": {"uv": [0, 0, 0.1, 7], "texture": "#0"},
				"west": {"uv": [0, 0, 2, 7], "texture": "#0"},
				"up": {"uv": [0, 0, 2, 0.1], "rotation": 90, "texture": "#0"},
				"down": {"uv": [0, 0, 2, 0.1], "rotation": 270, "texture": "#0"}
			}
		},
		{
			"from": [24, -0.1, 0.9],
			"to": [31.1, 16.1, 1.1],
			"faces": {
				"north": {"uv": [0, 0, 7.1, 16], "texture": "#0"},
				"east": {"uv": [0, 0, 0.2, 16], "texture": "#0"},
				"south": {"uv": [0, 0, 7.1, 16], "texture": "#0"},
				"west": {"uv": [0, 0, 0.2, 16], "texture": "#0"},
				"up": {"uv": [0, 0, 7.1, 0.2], "texture": "#0"},
				"down": {"uv": [0, 0, 7.1, 0.2], "texture": "#0"}
			}
		},
		{
			"from": [14.9, -0.1, -6],
			"to": [15.1, 16.1, 1.1],
			"faces": {
				"north": {"uv": [0, 0, 0.2, 16], "texture": "#0"},
				"east": {"uv": [0, 0, 7.1, 16], "texture": "#0"},
				"south": {"uv": [0, 0, 0.2, 16], "texture": "#0"},
				"west": {"uv": [0, 0, 7.1, 16], "texture": "#0"},
				"up": {"uv": [0, 0, 7.1, 0.2], "rotation": 90, "texture": "#0"},
				"down": {"uv": [0, 0, 7.1, 0.2], "rotation": 270, "texture": "#0"}
			}
		},
		{
			"from": [24, -0.1, 0.9],
			"to": [31.1, 16.1, 1.1],
			"faces": {
				"north": {"uv": [0, 0, 7.1, 16], "texture": "#0"},
				"east": {"uv": [0, 0, 0.2, 16], "texture": "#0"},
				"south": {"uv": [0, 0, 7.1, 16], "texture": "#0"},
				"west": {"uv": [0, 0, 0.2, 16], "texture": "#0"},
				"up": {"uv": [0, 0, 7.1, 0.2], "texture": "#0"},
				"down": {"uv": [0, 0, 7.1, 0.2], "texture": "#0"}
			}
		},
		{
			"from": [14.9, -0.1, -6],
			"to": [15.1, 16.1, 1.1],
			"faces": {
				"north": {"uv": [0, 0, 0.2, 16], "texture": "#0"},
				"east": {"uv": [0, 0, 7.1, 16], "texture": "#0"},
				"south": {"uv": [0, 0, 0.2, 16], "texture": "#0"},
				"west": {"uv": [0, 0, 7.1, 16], "texture": "#0"},
				"up": {"uv": [0, 0, 7.1, 0.2], "rotation": 90, "texture": "#0"},
				"down": {"uv": [0, 0, 7.1, 0.2], "rotation": 270, "texture": "#0"}
			}
		}
	],
	"display": {
		"thirdperson_righthand": {
			"translation": [0, 0, 9.5]
		},
		"head": {
			"translation": [0, -2.25, 0],
			"scale": [1.63, 1.63, 1.63]
		}
	},
	"groups": [0, 1, 2, 3, 4, 5, 6, 7, 8, 9, 10, 11, 12, 13, 14, 15, 16, 17, 18, 19, 20, 21, 22, 23, 24, 25,
		{
			"name": "group",
			"origin": [8, 8, 8],
			"children": [26, 27, 28, 29, 30, 31, 32, 33, 34, 35, 36, 37, 38, 39, 40, 41, 42, 43, 44, 45, 46, 47, 48, 49, 50, 51, 52, 53, 54, 55, 56, 57, 58, 59, 60, 61, 62, 63, 64, 65, 66, 67, 68, 69, 70, 71, 72, 73]
		},
		{
			"name": "group",
			"origin": [8, 8, 8],
			"children": [74, 75, 76, 77, 78, 79, 80, 81, 82, 83, 84, 85, 86, 87, 88, 89, 90, 91, 92, 93]
		},
		{
			"name": "group",
			"origin": [8, 8, 8],
			"children": [94, 95, 96, 97, 98, 99, 100, 101, 102, 103, 104, 105, 106, 107, 108, 109]
		}
	]
}