{
	"credit": "Made with Blockbench",
	"textures": {
		"0": "custom/tardis_S_C",
		"1": "custom/tardis_S_CB",
		"2": "custom/tardis_S_CB1",
		"3": "custom/tardis_S_C2",
		"4": "custom/tardis_S_C1",
		"particle": "custom/tardis_S_C"
	},
	"elements": [
		{
			"from": [10, 0, 10],
			"to": [14, 1, 14],
			"faces": {
				"north": {"uv": [0, 0, 4, 1], "texture": "#1"},
				"east": {"uv": [0, 0, 4, 1], "texture": "#1"},
				"south": {"uv": [0, 0, 4, 1], "texture": "#1"},
				"west": {"uv": [0, 0, 4, 1], "texture": "#1"},
				"up": {"uv": [0, 0, 4, 4], "texture": "#1"},
				"down": {"uv": [0, 0, 4, 4], "texture": "#1"}
			}
		},
		{
			"from": [10, 0, 2],
			"to": [14, 1, 6],
			"faces": {
				"north": {"uv": [0, 0, 4, 1], "texture": "#1"},
				"east": {"uv": [0, 0, 4, 1], "texture": "#1"},
				"south": {"uv": [0, 0, 4, 1], "texture": "#1"},
				"west": {"uv": [0, 0, 4, 1], "texture": "#1"},
				"up": {"uv": [0, 0, 4, 4], "texture": "#1"},
				"down": {"uv": [0, 0, 4, 4], "texture": "#1"}
			}
		},
		{
			"from": [2, 9, 2],
			"to": [6, 10, 6],
			"faces": {
				"north": {"uv": [0, 0, 4, 1], "texture": "#1"},
				"east": {"uv": [0, 0, 4, 1], "texture": "#1"},
				"south": {"uv": [0, 0, 4, 1], "texture": "#1"},
				"west": {"uv": [0, 0, 4, 1], "texture": "#1"},
				"up": {"uv": [0, 0, 4, 4], "texture": "#1"},
				"down": {"uv": [0, 0, 4, 4], "texture": "#1"}
			}
		},
		{
			"from": [2, 9, 10],
			"to": [6, 10, 14],
			"faces": {
				"north": {"uv": [0, 0, 4, 1], "texture": "#1"},
				"east": {"uv": [0, 0, 4, 1], "texture": "#1"},
				"south": {"uv": [0, 0, 4, 1], "texture": "#1"},
				"west": {"uv": [0, 0, 4, 1], "texture": "#1"},
				"up": {"uv": [0, 0, 4, 4], "texture": "#1"},
				"down": {"uv": [0, 0, 4, 4], "texture": "#1"}
			}
		},
		{
			"from": [10, 9, 2],
			"to": [14, 10, 6],
			"faces": {
				"north": {"uv": [0, 0, 4, 1], "texture": "#1"},
				"east": {"uv": [0, 0, 4, 1], "texture": "#1"},
				"south": {"uv": [0, 0, 4, 1], "texture": "#1"},
				"west": {"uv": [0, 0, 4, 1], "texture": "#1"},
				"up": {"uv": [0, 0, 4, 4], "texture": "#1"},
				"down": {"uv": [0, 0, 4, 4], "texture": "#1"}
			}
		},
		{
			"from": [10, 9, 10],
			"to": [14, 10, 14],
			"faces": {
				"north": {"uv": [0, 0, 4, 1], "texture": "#1"},
				"east": {"uv": [0, 0, 4, 1], "texture": "#1"},
				"south": {"uv": [0, 0, 4, 1], "texture": "#1"},
				"west": {"uv": [0, 0, 4, 1], "texture": "#1"},
				"up": {"uv": [0, 0, 4, 4], "texture": "#1"},
				"down": {"uv": [0, 0, 4, 4], "texture": "#1"}
			}
		},
		{
			"from": [2, 0, 10],
			"to": [6, 1, 14],
			"faces": {
				"north": {"uv": [0, 0, 4, 1], "texture": "#1"},
				"east": {"uv": [0, 0, 4, 1], "texture": "#1"},
				"south": {"uv": [0, 0, 4, 1], "texture": "#1"},
				"west": {"uv": [0, 0, 4, 1], "texture": "#1"},
				"up": {"uv": [0, 0, 4, 4], "texture": "#1"},
				"down": {"uv": [0, 0, 4, 4], "texture": "#1"}
			}
		},
		{
			"from": [2, 0, 2],
			"to": [6, 1, 6],
			"faces": {
				"north": {"uv": [0, 0, 4, 1], "texture": "#1"},
				"east": {"uv": [0, 0, 4, 1], "texture": "#1"},
				"south": {"uv": [0, 0, 4, 1], "texture": "#1"},
				"west": {"uv": [0, 0, 4, 1], "texture": "#1"},
				"up": {"uv": [0, 0, 4, 4], "texture": "#1"},
				"down": {"uv": [0, 0, 4, 4], "texture": "#1"}
			}
		},
		{
			"from": [5, 9.25, 5],
			"to": [11, 9.75, 11],
			"faces": {
				"north": {"uv": [0, 0, 6, 0.5], "texture": "#2"},
				"east": {"uv": [0, 0, 6, 0.5], "texture": "#2"},
				"south": {"uv": [0, 0, 6, 0.5], "texture": "#2"},
				"west": {"uv": [0, 0, 6, 0.5], "texture": "#2"},
				"up": {"uv": [0, 0, 6, 6], "texture": "#2"},
				"down": {"uv": [0, 0, 6, 6], "texture": "#2"}
			}
		},
		{
			"from": [5, 0.25, 5],
			"to": [11, 0.75, 11],
			"faces": {
				"north": {"uv": [0, 0, 6, 0.5], "texture": "#2"},
				"east": {"uv": [0, 0, 6, 0.5], "texture": "#2"},
				"south": {"uv": [0, 0, 6, 0.5], "texture": "#2"},
				"west": {"uv": [0, 0, 6, 0.5], "texture": "#2"},
				"up": {"uv": [0, 0, 6, 6], "texture": "#2"},
				"down": {"uv": [0, 0, 6, 6], "texture": "#2"}
			}
		},
		{
			"from": [3, 1, 11],
			"to": [5, 9, 13],
			"faces": {
				"north": {"uv": [0, 0, 2, 8], "texture": "#0"},
				"east": {"uv": [0, 0, 2, 8], "texture": "#0"},
				"south": {"uv": [0, 0, 2, 8], "texture": "#0"},
				"west": {"uv": [0, 0, 2, 8], "texture": "#0"},
				"up": {"uv": [0, 0, 2, 2], "texture": "#0"},
				"down": {"uv": [0, 0, 2, 2], "texture": "#0"}
			}
		},
		{
			"from": [11, 1, 3],
			"to": [13, 9, 5],
			"faces": {
				"north": {"uv": [0, 0, 2, 8], "texture": "#0"},
				"east": {"uv": [0, 0, 2, 8], "texture": "#0"},
				"south": {"uv": [0, 0, 2, 8], "texture": "#0"},
				"west": {"uv": [0, 0, 2, 8], "texture": "#0"},
				"up": {"uv": [0, 0, 2, 2], "texture": "#0"},
				"down": {"uv": [0, 0, 2, 2], "texture": "#0"}
			}
		},
		{
			"from": [11, 1, 11],
			"to": [13, 9, 13],
			"faces": {
				"north": {"uv": [0, 0, 2, 8], "texture": "#0"},
				"east": {"uv": [0, 0, 2, 8], "texture": "#0"},
				"south": {"uv": [0, 0, 2, 8], "texture": "#0"},
				"west": {"uv": [0, 0, 2, 8], "texture": "#0"},
				"up": {"uv": [0, 0, 2, 2], "texture": "#0"},
				"down": {"uv": [0, 0, 2, 2], "texture": "#0"}
			}
		},
		{
			"from": [3, 1, 3],
			"to": [5, 9, 5],
			"faces": {
				"north": {"uv": [0, 0, 2, 8], "texture": "#0"},
				"east": {"uv": [0, 0, 2, 8], "texture": "#0"},
				"south": {"uv": [0, 0, 2, 8], "texture": "#0"},
				"west": {"uv": [0, 0, 2, 8], "texture": "#0"},
				"up": {"uv": [0, 0, 2, 2], "texture": "#0"},
				"down": {"uv": [0, 0, 2, 2], "texture": "#0"}
			}
		},
		{
			"from": [5.52274, 8.19304, 13.4375],
			"to": [6.77274, 8.25554, 13.5625],
			"rotation": {"angle": -22.5, "axis": "z", "origin": [8, 8, 8]},
			"faces": {
				"north": {"uv": [0, 0, 1.25, 0.0625], "texture": "#3"},
				"east": {"uv": [0, 0, 0.125, 0.0625], "texture": "#3"},
				"south": {"uv": [0, 0, 1.25, 0.0625], "texture": "#3"},
				"west": {"uv": [0, 0, 0.125, 0.0625], "texture": "#3"},
				"up": {"uv": [0, 0, 1.25, 0.125], "texture": "#3"},
				"down": {"uv": [0, 0, 1.25, 0.125], "texture": "#3"}
			}
		},
		{
			"from": [5.52274, 8.19304, 3.4375],
			"to": [6.77274, 8.25554, 3.5625],
			"rotation": {"angle": -22.5, "axis": "z", "origin": [8, 8, 8]},
			"faces": {
				"north": {"uv": [0, 0, 1.25, 0.0625], "texture": "#3"},
				"east": {"uv": [0, 0, 0.125, 0.0625], "texture": "#3"},
				"south": {"uv": [0, 0, 1.25, 0.0625], "texture": "#3"},
				"west": {"uv": [0, 0, 0.125, 0.0625], "texture": "#3"},
				"up": {"uv": [0, 0, 1.25, 0.125], "texture": "#3"},
				"down": {"uv": [0, 0, 1.25, 0.125], "texture": "#3"}
			}
		},
		{
			"from": [6.95281, 8.62832, 3.4375],
			"to": [7.76531, 8.69082, 3.5625],
			"faces": {
				"north": {"uv": [0, 0, 0.8125, 0.0625], "texture": "#3"},
				"east": {"uv": [0, 0, 0.125, 0.0625], "texture": "#3"},
				"south": {"uv": [0, 0, 0.8125, 0.0625], "texture": "#3"},
				"west": {"uv": [0, 0, 0.125, 0.0625], "texture": "#3"},
				"up": {"uv": [0, 0, 0.8125, 0.125], "texture": "#3"},
				"down": {"uv": [0, 0, 0.8125, 0.125], "texture": "#3"}
			}
		},
		{
			"from": [7.76531, 8.62832, 3.4375],
			"to": [9.01531, 8.69082, 3.5625],
			"faces": {
				"north": {"uv": [0, 0, 1.25, 0.0625], "texture": "#3"},
				"east": {"uv": [0, 0, 0.125, 0.0625], "texture": "#3"},
				"south": {"uv": [0, 0, 1.25, 0.0625], "texture": "#3"},
				"west": {"uv": [0, 0, 0.125, 0.0625], "texture": "#3"},
				"up": {"uv": [0, 0, 1.25, 0.125], "texture": "#3"},
				"down": {"uv": [0, 0, 1.25, 0.125], "texture": "#3"}
			}
		},
		{
			"from": [3.57781, 8.62832, 7.9375],
			"to": [4.82781, 8.69082, 8.0625],
			"faces": {
				"north": {"uv": [0, 0, 1.25, 0.0625], "texture": "#3"},
				"east": {"uv": [0, 0, 0.125, 0.0625], "texture": "#3"},
				"south": {"uv": [0, 0, 1.25, 0.0625], "texture": "#3"},
				"west": {"uv": [0, 0, 0.125, 0.0625], "texture": "#3"},
				"up": {"uv": [0, 0, 1.25, 0.125], "texture": "#3"},
				"down": {"uv": [0, 0, 1.25, 0.125], "texture": "#3"}
			}
		},
		{
			"from": [9.18919, 8.18314, 3.4375],
			"to": [10.37669, 8.24564, 3.5625],
			"rotation": {"angle": 22.5, "axis": "z", "origin": [8, 8, 8]},
			"faces": {
				"north": {"uv": [0, 0, 1.1875, 0.0625], "texture": "#3"},
				"east": {"uv": [0, 0, 0.125, 0.0625], "texture": "#3"},
				"south": {"uv": [0, 0, 1.1875, 0.0625], "texture": "#3"},
				"west": {"uv": [0, 0, 0.125, 0.0625], "texture": "#3"},
				"up": {"uv": [0, 0, 1.1875, 0.125], "texture": "#3"},
				"down": {"uv": [0, 0, 1.1875, 0.125], "texture": "#3"}
			}
		},
		{
			"from": [5.32045, 9.78562, 7.9375],
			"to": [6.50795, 9.84812, 8.0625],
			"rotation": {"angle": 22.5, "axis": "z", "origin": [8, 8, 8]},
			"faces": {
				"north": {"uv": [0, 0, 1.1875, 0.0625], "texture": "#3"},
				"east": {"uv": [0, 0, 0.125, 0.0625], "texture": "#3"},
				"south": {"uv": [0, 0, 1.1875, 0.0625], "texture": "#3"},
				"west": {"uv": [0, 0, 0.125, 0.0625], "texture": "#3"},
				"up": {"uv": [0, 0, 1.1875, 0.125], "texture": "#3"},
				"down": {"uv": [0, 0, 1.1875, 0.125], "texture": "#3"}
			}
		},
		{
			"from": [6.95281, 8.62832, 13.4375],
			"to": [7.76531, 8.69082, 13.5625],
			"faces": {
				"north": {"uv": [0, 0, 0.8125, 0.0625], "texture": "#3"},
				"east": {"uv": [0, 0, 0.125, 0.0625], "texture": "#3"},
				"south": {"uv": [0, 0, 0.8125, 0.0625], "texture": "#3"},
				"west": {"uv": [0, 0, 0.125, 0.0625], "texture": "#3"},
				"up": {"uv": [0, 0, 0.8125, 0.125], "texture": "#3"},
				"down": {"uv": [0, 0, 0.8125, 0.125], "texture": "#3"}
			}
		},
		{
			"from": [3.4375, 8.18314, 9.18919],
			"to": [3.5625, 8.24564, 10.37669],
			"rotation": {"angle": -22.5, "axis": "x", "origin": [8, 8, 8]},
			"faces": {
				"north": {"uv": [0, 0, 0.125, 0.0625], "texture": "#3"},
				"east": {"uv": [0, 0, 1.1875, 0.0625], "texture": "#3"},
				"south": {"uv": [0, 0, 0.125, 0.0625], "texture": "#3"},
				"west": {"uv": [0, 0, 1.1875, 0.0625], "texture": "#3"},
				"up": {"uv": [0, 0, 1.1875, 0.125], "rotation": 90, "texture": "#3"},
				"down": {"uv": [0, 0, 1.1875, 0.125], "rotation": 270, "texture": "#3"}
			}
		},
		{
			"from": [3.4375, 8.62832, 7.76531],
			"to": [3.5625, 8.69082, 9.01531],
			"faces": {
				"north": {"uv": [0, 0, 0.125, 0.0625], "texture": "#3"},
				"east": {"uv": [0, 0, 1.25, 0.0625], "texture": "#3"},
				"south": {"uv": [0, 0, 0.125, 0.0625], "texture": "#3"},
				"west": {"uv": [0, 0, 1.25, 0.0625], "texture": "#3"},
				"up": {"uv": [0, 0, 1.25, 0.125], "rotation": 90, "texture": "#3"},
				"down": {"uv": [0, 0, 1.25, 0.125], "rotation": 270, "texture": "#3"}
			}
		},
		{
			"from": [3.4375, 8.62832, 6.95281],
			"to": [3.5625, 8.69082, 7.76531],
			"faces": {
				"north": {"uv": [0, 0, 0.125, 0.0625], "texture": "#3"},
				"east": {"uv": [0, 0, 0.8125, 0.0625], "texture": "#3"},
				"south": {"uv": [0, 0, 0.125, 0.0625], "texture": "#3"},
				"west": {"uv": [0, 0, 0.8125, 0.0625], "texture": "#3"},
				"up": {"uv": [0, 0, 0.8125, 0.125], "rotation": 90, "texture": "#3"},
				"down": {"uv": [0, 0, 0.8125, 0.125], "rotation": 270, "texture": "#3"}
			}
		},
		{
			"from": [3.4375, 8.19304, 5.52274],
			"to": [3.5625, 8.25554, 6.77274],
			"rotation": {"angle": 22.5, "axis": "x", "origin": [8, 8, 8]},
			"faces": {
				"north": {"uv": [0, 0, 0.125, 0.0625], "texture": "#3"},
				"east": {"uv": [0, 0, 1.25, 0.0625], "texture": "#3"},
				"south": {"uv": [0, 0, 0.125, 0.0625], "texture": "#3"},
				"west": {"uv": [0, 0, 1.25, 0.0625], "texture": "#3"},
				"up": {"uv": [0, 0, 1.25, 0.125], "rotation": 90, "texture": "#3"},
				"down": {"uv": [0, 0, 1.25, 0.125], "rotation": 270, "texture": "#3"}
			}
		},
		{
			"from": [7.76531, 8.62832, 13.4375],
			"to": [9.01531, 8.69082, 13.5625],
			"faces": {
				"north": {"uv": [0, 0, 1.25, 0.0625], "texture": "#3"},
				"east": {"uv": [0, 0, 0.125, 0.0625], "texture": "#3"},
				"south": {"uv": [0, 0, 1.25, 0.0625], "texture": "#3"},
				"west": {"uv": [0, 0, 0.125, 0.0625], "texture": "#3"},
				"up": {"uv": [0, 0, 1.25, 0.125], "texture": "#3"},
				"down": {"uv": [0, 0, 1.25, 0.125], "texture": "#3"}
			}
		},
		{
			"from": [9.18919, 8.18314, 13.4375],
			"to": [10.37669, 8.24564, 13.5625],
			"rotation": {"angle": 22.5, "axis": "z", "origin": [8, 8, 8]},
			"faces": {
				"north": {"uv": [0, 0, 1.1875, 0.0625], "texture": "#3"},
				"east": {"uv": [0, 0, 0.125, 0.0625], "texture": "#3"},
				"south": {"uv": [0, 0, 1.1875, 0.0625], "texture": "#3"},
				"west": {"uv": [0, 0, 0.125, 0.0625], "texture": "#3"},
				"up": {"uv": [0, 0, 1.1875, 0.125], "texture": "#3"},
				"down": {"uv": [0, 0, 1.1875, 0.125], "texture": "#3"}
			}
		},
		{
			"from": [7, 0, 7],
			"to": [9, 10, 9],
			"faces": {
				"north": {"uv": [0, 0, 2, 10], "texture": "#4"},
				"east": {"uv": [0, 0, 2, 10], "texture": "#4"},
				"south": {"uv": [0, 0, 2, 10], "texture": "#4"},
				"west": {"uv": [0, 0, 2, 10], "texture": "#4"},
				"up": {"uv": [0, 0, 2, 2], "texture": "#4"},
				"down": {"uv": [0, 0, 2, 2], "texture": "#4"}
			}
		}
	],
	"display": {
		"thirdperson_righthand": {
			"rotation": [41, 54, 0],
			"translation": [0, 1, 0],
			"scale": [0.25, 0.25, 0.25]
		},
		"thirdperson_lefthand": {
			"rotation": [61, 39, 0],
			"translation": [-0.25, 1, 0],
			"scale": [0.25, 0.25, 0.25]
		},
		"firstperson_righthand": {
			"rotation": [0, 30, 0]
		},
		"firstperson_lefthand": {
			"rotation": [0, 30, 0]
		},
		"ground": {
			"translation": [0, 2.25, 0],
			"scale": [0.25, 0.25, 0.25]
		},
		"gui": {
			"rotation": [34, 45, 0],
			"translation": [0, 2.25, 0],
			"scale": [0.85, 0.85, 0.85]
		},
		"head": {
			"translation": [0, -10.5, 0],
			"scale": [0.3, 0.3, 0.3]
		},
		"fixed": {
			"translation": [0, 2.25, -1.75],
			"scale": [0.7, 0.7, 0.7]
		}
	},
	"groups": [
		{
			"name": "group",
			"origin": [8, 8, 8],
			"children": [0, 1, 2, 3, 4, 5, 6, 7]
		},
		{
			"name": "group",
			"origin": [8, 8, 8],
			"children": [8, 9]
		},
		{
			"name": "group",
			"origin": [8, 8, 8],
			"children": [10, 11, 12, 13]
		},
		{
			"name": "group",
			"origin": [8, 8, 8],
			"children": [14, 15, 16, 17, 18, 19, 20, 21, 22, 23, 24, 25, 26, 27]
		}, 28]
}