{
	"credit": "Made with Blockbench",
	"textures": {
		"1": "custom/gallifrey_workbench",
		"2": "custom/tardis_ny",
		"particle": "custom/stone"
	},
	"elements": [
		{
			"from": [4.5, 7, 3.5],
			"to": [12.5, 7.5, 12.5],
			"faces": {
				"north": {"uv": [0, 0, 7, 1], "texture": "#2"},
				"east": {"uv": [0, 0, 9, 1], "texture": "#2"},
				"south": {"uv": [0, 0, 7, 1], "texture": "#2"},
				"west": {"uv": [0, 0, 9, 1], "texture": "#2"},
				"up": {"uv": [3, 7, 11, 16], "texture": "#2"},
				"down": {"uv": [0, 0, 7, 9], "texture": "#2"}
			}
		},
		{
			"from": [4.5, 7, 2.5],
			"to": [12.5, 8, 3.5],
			"faces": {
				"north": {"uv": [0, 0, 8, 1], "texture": "#1"},
				"east": {"uv": [0, 0, 1, 1], "texture": "#1"},
				"south": {"uv": [0, 0, 8, 1], "texture": "#1"},
				"west": {"uv": [0, 0, 1, 1], "texture": "#1"},
				"up": {"uv": [0, 0, 8, 1], "texture": "#1"},
				"down": {"uv": [0, 0, 8, 1], "texture": "#1"}
			}
		},
		{
			"from": [4.5, 7, 12.5],
			"to": [12.5, 8, 13.5],
			"faces": {
				"north": {"uv": [0, 0, 8, 1], "texture": "#1"},
				"east": {"uv": [0, 0, 1, 1], "texture": "#1"},
				"south": {"uv": [0, 0, 8, 1], "texture": "#1"},
				"west": {"uv": [0, 0, 1, 1], "texture": "#1"},
				"up": {"uv": [0, 0, 8, 1], "texture": "#1"},
				"down": {"uv": [0, 0, 8, 1], "texture": "#1"}
			}
		},
		{
			"from": [12.5, 7, 2.5],
			"to": [13.5, 8, 13.5],
			"faces": {
				"north": {"uv": [0, 0, 1, 1], "texture": "#1"},
				"east": {"uv": [0, 0, 11, 1], "texture": "#1"},
				"south": {"uv": [0, 0, 1, 1], "texture": "#1"},
				"west": {"uv": [0, 0, 11, 1], "texture": "#1"},
				"up": {"uv": [0, 0, 1, 11], "texture": "#1"},
				"down": {"uv": [0, 0, 1, 11], "texture": "#1"}
			}
		}
	],
	"display": {
		"head": {
			"scale": [0.5, 0.5, 0.5]
		}
	}
}