{
	"credit": "Made with Blockbench",
	"texture_size": [48, 48],
	"textures": {
		"0": "custom/iron_door_bottom",
		"1": "custom/iron_door_top",
		"2": "custom/iron_door_top2",
		"3": "custom/iron_door_bottom2",
		"4": "custom/tardis_int_door_cons2",
		"particle": "custom/iron_door_bottom"
	},
	"elements": [
		{
			"from": [-8, 0, 0],
			"to": [8, 16, 2],
			"faces": {
				"north": {"uv": [0, 0, 16, 16], "texture": "#2"},
				"east": {"uv": [0, 0, 2, 16], "texture": "#1"},
				"south": {"uv": [0, 0, 16, 16], "texture": "#1"},
				"west": {"uv": [0, 0, 2, 16], "texture": "#1"},
				"up": {"uv": [0, 0, 16, 2], "texture": "#1"},
				"down": {"uv": [0, 0, 16, 2], "texture": "#1"}
			}
		},
		{
			"from": [-8, -16, 0],
			"to": [8, 0, 2],
			"faces": {
				"north": {"uv": [0, 0, 16, 16], "texture": "#3"},
				"east": {"uv": [0, 0, 2, 16], "texture": "#0"},
				"south": {"uv": [0, 0, 16, 16], "texture": "#0"},
				"west": {"uv": [0, 0, 2, 16], "texture": "#0"},
				"up": {"uv": [0, 0, 16, 2], "texture": "#0"},
				"down": {"uv": [0, 0, 16, 2], "texture": "#0"}
			}
		},
		{
			"from": [8, 0, 0],
			"to": [24, 16, 2],
			"faces": {
				"north": {"uv": [0, 0, 16, 16], "texture": "#1"},
				"east": {"uv": [0, 0, 2, 16], "texture": "#1"},
				"south": {"uv": [0, 0, 16, 16], "texture": "#2"},
				"west": {"uv": [0, 0, 2, 16], "texture": "#1"},
				"up": {"uv": [0, 0, 16, 2], "rotation": 180, "texture": "#1"},
				"down": {"uv": [0, 0, 16, 2], "rotation": 180, "texture": "#1"}
			}
		},
		{
			"from": [8, -16, 0],
			"to": [24, 0, 2],
			"faces": {
				"north": {"uv": [0, 0, 16, 16], "texture": "#0"},
				"east": {"uv": [0, 0, 2, 16], "texture": "#0"},
				"south": {"uv": [0, 0, 16, 16], "texture": "#3"},
				"west": {"uv": [0, 0, 2, 16], "texture": "#0"},
				"up": {"uv": [0, 0, 16, 2], "rotation": 180, "texture": "#0"},
				"down": {"uv": [0, 0, 16, 2], "rotation": 180, "texture": "#0"}
			}
		},
		{
			"from": [-16, -16, 0],
			"to": [-8, 32, 2],
			"faces": {
				"north": {"uv": [13.333, 0, 15.99933, 16], "texture": "#4"},
				"east": {"uv": [0, 0, 2, 16], "texture": "#4"},
				"south": {"uv": [0, 0, 2.66667, 16], "texture": "#4"},
				"west": {"uv": [0, 0, 0.66667, 16], "texture": "#4"},
				"up": {"uv": [0, 0, 3, 0.66567], "texture": "#4"},
				"down": {"uv": [13, 0.333, 16, 0.99933], "texture": "#4"}
			}
		},
		{
			"from": [24, -16, 0],
			"to": [32, 32, 2],
			"faces": {
				"north": {"uv": [0, 0, 3, 16], "texture": "#4"},
				"east": {"uv": [15.333, 0, 15.99933, 16], "texture": "#4"},
				"south": {"uv": [13.333, 0, 15.99933, 16], "texture": "#4"},
				"west": {"uv": [0, 0, 2, 16], "texture": "#4"},
				"up": {"uv": [13, 0, 16, 0.66667], "texture": "#4"},
				"down": {"uv": [0, 0, 3, 0.66667], "texture": "#4"}
			}
		},
		{
			"from": [-8, 16, 0],
			"to": [24, 32, 2],
			"faces": {
				"north": {"uv": [3, 0, 13.332, 5.66567], "texture": "#4"},
				"east": {"uv": [0, 0, 2, 16], "texture": "#4"},
				"south": {"uv": [2.99933, 0, 13.33133, 5.66567], "texture": "#4"},
				"west": {"uv": [0, 0, 2, 16], "texture": "#4"},
				"up": {"uv": [0, 0, 16, 0.66667], "texture": "#4"},
				"down": {"uv": [0, 0, 16, 2], "texture": "#4"}
			}
		}
	],
	"display": {
		"head": {
			"translation": [0, -30, 0],
			"scale": [1.61, 1.61, 1.61]
		}
	},
	"groups": [
		{
			"name": "group",
			"origin": [8, 8, 8],
			"children": [0, 1]
		},
		{
			"name": "group",
			"origin": [8, 8, 8],
			"children": [2, 3, 4, 5, 6]
		}
	]
}